ACCACGTGGT__1.0	-0.032	-0.246	0.04	-0.033	-0.033	0.04	-0.246	-0.032
ACCACGTGTT__0.9081799395289919	-0.032	-0.246	0.04	-0.033	-0.033	0.04	-0.006	-0.205
GCCACGTGGT__0.7578054602565134	0.107	-0.246	0.04	-0.033	-0.033	0.04	-0.246	-0.032
ACCACGTGGC__0.7416330668068698	-0.032	-0.246	0.04	-0.033	-0.033	0.04	-0.246	0.107
AACACGTGTT__0.6737481863490776	-0.205	-0.006	0.04	-0.033	-0.033	0.04	-0.006	-0.205
GCCACGTGTT__0.6413587554146974	0.107	-0.246	0.04	-0.033	-0.033	0.04	-0.006	-0.205
ACCACGTGCT__0.6245979820293881	-0.032	-0.246	0.04	-0.033	-0.033	0.04	0.076	0.017
ACCACGTGGG__0.5853998502968454	-0.032	-0.246	0.04	-0.033	-0.033	0.04	-0.246	-0.012
ACCACGTGGA__0.5430641771764522	-0.032	-0.246	0.04	-0.033	-0.033	0.04	-0.246	0.013
CCCACGTGGT__0.5324563618066818	-0.012	-0.246	0.04	-0.033	-0.033	0.04	-0.246	-0.032
AACACGTGCT__0.5242830966566672	-0.205	-0.006	0.04	-0.033	-0.033	0.04	0.076	0.017
ACCACGTGTC__0.5051991208556869	-0.032	-0.246	0.04	-0.033	-0.033	0.04	-0.006	-0.013
CCCACGTGTT__0.47655927151787697	-0.012	-0.246	0.04	-0.033	-0.033	0.04	-0.006	-0.205
TCCACGTGGT__0.4738689161354707	0.013	-0.246	0.04	-0.033	-0.033	0.04	-0.246	-0.032
GCCACGTGGC__0.4271352660806389	0.107	-0.246	0.04	-0.033	-0.033	0.04	-0.246	0.107
ACCACGTGAC__0.42696533254684677	-0.032	-0.246	0.04	-0.033	-0.033	0.04	0.194	-0.013
GCCACGTGCT__0.42322687323959757	0.107	-0.246	0.04	-0.033	-0.033	0.04	0.076	0.017
TCCACGTGTT__0.42169407276673737	0.013	-0.246	0.04	-0.033	-0.033	0.04	-0.006	-0.205
ACCACGTGAT__0.4181439918035593	-0.032	-0.246	0.04	-0.033	-0.033	0.04	0.194	-0.11
ACCACGTGTA__0.41450691232181974	-0.032	-0.246	0.04	-0.033	-0.033	0.04	-0.006	0.025
GCCACGTGGG__0.395344469627418	0.107	-0.246	0.04	-0.033	-0.033	0.04	-0.246	-0.012
GACACGTGTT__0.37932574535251407	-0.013	-0.006	0.04	-0.033	-0.033	0.04	-0.006	-0.205
AACACGTGTC__0.37471186122863565	-0.205	-0.006	0.04	-0.033	-0.033	0.04	-0.006	-0.013
ACCACGTGTG__0.3624670488956846	-0.032	-0.246	0.04	-0.033	-0.033	0.04	-0.006	0.04
AACACGTGAC__0.35166515791303166	-0.205	-0.006	0.04	-0.033	-0.033	0.04	0.194	-0.013
GCCACGTGGA__0.3483922052079138	0.107	-0.246	0.04	-0.033	-0.033	0.04	-0.246	0.013
AACACGTGAT__0.33164537460368265	-0.205	-0.006	0.04	-0.033	-0.033	0.04	0.194	-0.11
ACCACGTGCG__0.32962042640152134	-0.032	-0.246	0.04	-0.033	-0.033	0.04	0.076	-0.077
ACCACGTGCA__0.32467792852722255	-0.032	-0.246	0.04	-0.033	-0.033	0.04	0.076	0.076
AACACGTGTA__0.3181283195736174	-0.205	-0.006	0.04	-0.033	-0.033	0.04	-0.006	0.025
AGCACGTGCT__0.310103052796597	0.017	0.076	0.04	-0.033	-0.033	0.04	0.076	0.017
GCCACGTGTC__0.30911062934657324	0.107	-0.246	0.04	-0.033	-0.033	0.04	-0.006	-0.013
CCCACGTGCT__0.3083654570590965	-0.012	-0.246	0.04	-0.033	-0.033	0.04	0.076	0.017
CCCACGTGGC__0.30744769360172447	-0.012	-0.246	0.04	-0.033	-0.033	0.04	-0.246	0.107
TCCACGTGGC__0.2971064961228989	0.013	-0.246	0.04	-0.033	-0.033	0.04	-0.246	0.107
TACACGTGTT__0.27555973075829254	0.025	-0.006	0.04	-0.033	-0.033	0.04	-0.006	-0.205
GCCACGTGAT__0.272814531945486	0.107	-0.246	0.04	-0.033	-0.033	0.04	0.194	-0.11
AACACGTGTG__0.2700243863310106	-0.205	-0.006	0.04	-0.033	-0.033	0.04	-0.006	0.04
AACACGTGCG__0.26990491406408534	-0.205	-0.006	0.04	-0.033	-0.033	0.04	0.076	-0.077
ACCACGTGCC__0.2688031875227774	-0.032	-0.246	0.04	-0.033	-0.033	0.04	0.076	0.107
GCCACGTGAC__0.2672520919229126	0.107	-0.246	0.04	-0.033	-0.033	0.04	0.194	-0.013
GACACGTGCT__0.26666684436453375	-0.013	-0.006	0.04	-0.033	-0.033	0.04	0.076	0.017
AACACGTGCA__0.26233165521155805	-0.205	-0.006	0.04	-0.033	-0.033	0.04	0.076	0.076
TCCACGTGCT__0.2568596355671948	0.013	-0.246	0.04	-0.033	-0.033	0.04	0.076	0.017
GCCACGTGTA__0.25388519238529883	0.107	-0.246	0.04	-0.033	-0.033	0.04	-0.006	0.025
CCCACGTGGG__0.24671309714800216	-0.012	-0.246	0.04	-0.033	-0.033	0.04	-0.246	-0.012
CCCACGTGTC__0.24054120982115879	-0.012	-0.246	0.04	-0.033	-0.033	0.04	-0.006	-0.013
CACACGTGTT__0.23770726029983466	0.04	-0.006	0.04	-0.033	-0.033	0.04	-0.006	-0.205
CCCACGTGGA__0.22840978941064674	-0.012	-0.246	0.04	-0.033	-0.033	0.04	-0.246	0.013
GCCACGTGCG__0.22283460052562226	0.107	-0.246	0.04	-0.033	-0.033	0.04	0.076	-0.077
GCCACGTGTG__0.22229495509796013	0.107	-0.246	0.04	-0.033	-0.033	0.04	-0.006	0.04
AACACACGTG__0.21534352247964655	-0.205	-0.006	0.04	-0.006	0.04	-0.033	-0.033	0.04
AACACGTGCC__0.21240803827326332	-0.205	-0.006	0.04	-0.033	-0.033	0.04	0.076	0.107
TCCACGTGGG__0.20742942350775395	0.013	-0.246	0.04	-0.033	-0.033	0.04	-0.246	-0.012
GTCACGTGCT__0.20551251761877964	-0.013	0.194	0.04	-0.033	-0.033	0.04	0.076	0.017
TCCACGTGTC__0.2028192463448798	0.013	-0.246	0.04	-0.033	-0.033	0.04	-0.006	-0.013
TACACGTGCT__0.2009273291132459	0.025	-0.006	0.04	-0.033	-0.033	0.04	0.076	0.017
ATCACGTGCT__0.19900255743824488	-0.11	0.194	0.04	-0.033	-0.033	0.04	0.076	0.017
GCCACGTGCA__0.19826163599971208	0.107	-0.246	0.04	-0.033	-0.033	0.04	0.076	0.076
CACACGTGCT__0.18484490032281772	0.04	-0.006	0.04	-0.033	-0.033	0.04	0.076	0.017
CCCACGTGAC__0.18434228219835558	-0.012	-0.246	0.04	-0.033	-0.033	0.04	0.194	-0.013
AGCACGTGCG__0.18329257941012864	0.017	0.076	0.04	-0.033	-0.033	0.04	0.076	-0.077
CGCACGTGCT__0.1823399461871293	-0.077	0.076	0.04	-0.033	-0.033	0.04	0.076	0.017
CCCACGTGAT__0.18216037387731857	-0.012	-0.246	0.04	-0.033	-0.033	0.04	0.194	-0.11
CCCACGTGTA__0.17135190117585503	-0.012	-0.246	0.04	-0.033	-0.033	0.04	-0.006	0.025
AGCACGTGCA__0.17074561356258441	0.017	0.076	0.04	-0.033	-0.033	0.04	0.076	0.076
GACACGTGAC__0.17031726601018185	-0.013	-0.006	0.04	-0.033	-0.033	0.04	0.194	-0.013
ACCACGTGAG__0.16823668789795304	-0.032	-0.246	0.04	-0.033	-0.033	0.04	0.194	0.031
GACACGTGAT__0.16811632348840994	-0.013	-0.006	0.04	-0.033	-0.033	0.04	0.194	-0.11
GCCACGTGCC__0.1654530359104997	0.107	-0.246	0.04	-0.033	-0.033	0.04	0.076	0.107
TCCACGTGGA__0.1635186847163216	0.013	-0.246	0.04	-0.033	-0.033	0.04	-0.246	0.013
CCCACGTGTG__0.1573960885931919	-0.012	-0.246	0.04	-0.033	-0.033	0.04	-0.006	0.04
TACACGCACG__0.15704556065408237	0.025	-0.006	0.04	-0.033	-0.077	0.076	0.04	-0.033
CACGTGTGCT__0.1566315476322936	0.04	-0.033	-0.033	0.04	-0.006	0.04	0.076	0.017
GACACGTGTC__0.15467140230306395	-0.013	-0.006	0.04	-0.033	-0.033	0.04	-0.006	-0.013
GACACACGTG__0.15435695692655713	-0.013	-0.006	0.04	-0.006	0.04	-0.033	-0.033	0.04
CCCACGTGCG__0.15419600036016484	-0.012	-0.246	0.04	-0.033	-0.033	0.04	0.076	-0.077
AACACGCACG__0.1538685285384709	-0.205	-0.006	0.04	-0.033	-0.077	0.076	0.04	-0.033
TCCACGCACG__0.151194224827719	0.013	-0.246	0.04	-0.033	-0.077	0.076	0.04	-0.033
TACACACGTG__0.15112892262179	0.025	-0.006	0.04	-0.006	0.04	-0.033	-0.033	0.04
CACGTGTGCA__0.15059864499553158	0.04	-0.033	-0.033	0.04	-0.006	0.04	0.076	0.076
CACGTGTGCG__0.1490666079984317	0.04	-0.033	-0.033	0.04	-0.006	0.04	0.076	-0.077
TCCACGTGAC__0.14575343598094698	0.013	-0.246	0.04	-0.033	-0.033	0.04	0.194	-0.013
CACACACGTG__0.14574640749475296	0.04	-0.006	0.04	-0.006	0.04	-0.033	-0.033	0.04
GACACGTGCG__0.14116569058972425	-0.013	-0.006	0.04	-0.033	-0.033	0.04	0.076	-0.077
AGCACGTGCC__0.13818587377278035	0.017	0.076	0.04	-0.033	-0.033	0.04	0.076	0.107
GACACGTGTA__0.13740086212766087	-0.013	-0.006	0.04	-0.033	-0.033	0.04	-0.006	0.025
TCCACGTGAT__0.13690281135527924	0.013	-0.246	0.04	-0.033	-0.033	0.04	0.194	-0.11
TGCACGTGCT__0.13607010224034727	0.076	0.076	0.04	-0.033	-0.033	0.04	0.076	0.017
TCCACGTGTA__0.13589913980430016	0.013	-0.246	0.04	-0.033	-0.033	0.04	-0.006	0.025
GACACGCACG__0.1335559456589383	-0.013	-0.006	0.04	-0.033	-0.077	0.076	0.04	-0.033
TCCACGTGTG__0.13353529898796393	0.013	-0.246	0.04	-0.033	-0.033	0.04	-0.006	0.04
TCCACGTGCG__0.13273467609563733	0.013	-0.246	0.04	-0.033	-0.033	0.04	0.076	-0.077
CCCACGCACG__0.13155926672251878	-0.012	-0.246	0.04	-0.033	-0.077	0.076	0.04	-0.033
CCCACGTGCA__0.13112814850499102	-0.012	-0.246	0.04	-0.033	-0.033	0.04	0.076	0.076
AACACGTGAG__0.13094380631038885	-0.205	-0.006	0.04	-0.033	-0.033	0.04	0.194	0.031
CACGTGCGCG__0.13048988438163137	0.04	-0.033	-0.033	0.04	0.076	-0.077	-0.077	-0.077
ATCACACGTG__0.12842980701796425	-0.11	0.194	0.04	-0.006	0.04	-0.033	-0.033	0.04
ACCACGCACG__0.12556383275162133	-0.032	-0.246	0.04	-0.033	-0.077	0.076	0.04	-0.033
GCCACGCACG__0.12479362805233261	0.107	-0.246	0.04	-0.033	-0.077	0.076	0.04	-0.033
CACACGTGAC__0.12447160538019476	0.04	-0.006	0.04	-0.033	-0.033	0.04	0.194	-0.013
CACACGTGTC__0.12433610091223365	0.04	-0.006	0.04	-0.033	-0.033	0.04	-0.006	-0.013
ACCACGCGGT__0.12364678271217928	-0.032	-0.246	0.04	-0.033	-0.077	-0.077	-0.136	-0.032
GTCACGTGCG__0.12030920004073851	-0.013	0.194	0.04	-0.033	-0.033	0.04	0.076	-0.077
TACACGTGAC__0.1202336066807334	0.025	-0.006	0.04	-0.033	-0.033	0.04	0.194	-0.013
CACACGCACG__0.1200883204223069	0.04	-0.006	0.04	-0.033	-0.077	0.076	0.04	-0.033
CACACGTGAT__0.1195550852367741	0.04	-0.006	0.04	-0.033	-0.033	0.04	0.194	-0.11
CACGTGTGCC__0.11903793422676738	0.04	-0.033	-0.033	0.04	-0.006	0.04	0.076	0.107
GACACGTGTG__0.11784116152071418	-0.013	-0.006	0.04	-0.033	-0.033	0.04	-0.006	0.04
TACACGTGTC__0.11762538798147204	0.025	-0.006	0.04	-0.033	-0.033	0.04	-0.006	-0.013
GACACGTGCA__0.11657871363222301	-0.013	-0.006	0.04	-0.033	-0.033	0.04	0.076	0.076
TACACGTGAT__0.10956966058343776	0.025	-0.006	0.04	-0.033	-0.033	0.04	0.194	-0.11
ATCACGTGCG__0.10956379930042978	-0.11	0.194	0.04	-0.033	-0.033	0.04	0.076	-0.077
TTCACACGTG__0.10819735595729252	-0.037	0.194	0.04	-0.006	0.04	-0.033	-0.033	0.04
CCCACGTGCC__0.10706667931357636	-0.012	-0.246	0.04	-0.033	-0.033	0.04	0.076	0.107
GGCACGTGCT__0.1069908387032775	0.107	0.076	0.04	-0.033	-0.033	0.04	0.076	0.017
CCAGCGTGGT__0.10688456746976749	-0.246	0.175	0.017	-0.077	-0.033	0.04	-0.246	-0.032
CGCACGTGCC__0.10646559411686592	-0.077	0.076	0.04	-0.033	-0.033	0.04	0.076	0.107
CGCACGTGCG__0.10634199584621631	-0.077	0.076	0.04	-0.033	-0.033	0.04	0.076	-0.077
GCCACGTGAG__0.10600453851430636	0.107	-0.246	0.04	-0.033	-0.033	0.04	0.194	0.031
GTCACACGTG__0.10227999591582597	-0.013	0.194	0.04	-0.006	0.04	-0.033	-0.033	0.04
TCCACGTGCA__0.10191745281330186	0.013	-0.246	0.04	-0.033	-0.033	0.04	0.076	0.076
ACCATGTGCT__0.10179817932054133	-0.032	-0.246	0.134	0.134	-0.006	0.04	0.076	0.017
CGCACGTGCA__0.10165914613735202	-0.077	0.076	0.04	-0.033	-0.033	0.04	0.076	0.076
CTCACACGTG__0.0985567026554842	0.031	0.194	0.04	-0.006	0.04	-0.033	-0.033	0.04
ACCACGTGAA__0.09774078369614783	-0.032	-0.246	0.04	-0.033	-0.033	0.04	0.194	-0.037
TACACGTGCG__0.09723540604378945	0.025	-0.006	0.04	-0.033	-0.033	0.04	0.076	-0.077
GACACGTGCC__0.09702775377100509	-0.013	-0.006	0.04	-0.033	-0.033	0.04	0.076	0.107
CACACGTGCG__0.0967066809501665	0.04	-0.006	0.04	-0.033	-0.033	0.04	0.076	-0.077
GTCACGTGAT__0.09466359282774367	-0.013	0.194	0.04	-0.033	-0.033	0.04	0.194	-0.11
ATCACGTGAC__0.09147113904338262	-0.11	0.194	0.04	-0.033	-0.033	0.04	0.194	-0.013
CACACGTGTA__0.0914054712935817	0.04	-0.006	0.04	-0.033	-0.033	0.04	-0.006	0.025
GCCACGCGGT__0.08873383157843404	0.107	-0.246	0.04	-0.033	-0.077	-0.077	-0.136	-0.032
ACCGCGTGTT__0.08851959790217463	-0.032	-0.136	-0.077	-0.077	-0.033	0.04	-0.006	-0.205
GTCACGTGCA__0.0869242895677707	-0.013	0.194	0.04	-0.033	-0.033	0.04	0.076	0.076
ATCACGTGAT__0.0867692325955473	-0.11	0.194	0.04	-0.033	-0.033	0.04	0.194	-0.11
TCCACGTGCC__0.08594824604327171	0.013	-0.246	0.04	-0.033	-0.033	0.04	0.076	0.107
GCCATGTGCT__0.08537303812963548	0.107	-0.246	0.134	0.134	-0.006	0.04	0.076	0.017
ACCTCGTGGT__0.084758613780691	-0.032	-0.057	0.031	-0.003	-0.033	0.04	-0.246	-0.032
GTCACGTGAC__0.08392428163889716	-0.013	0.194	0.04	-0.033	-0.033	0.04	0.194	-0.013
ATCACGTGCA__0.08218878417430833	-0.11	0.194	0.04	-0.033	-0.033	0.04	0.076	0.076
CTCACGTGCT__0.0821402588150421	0.031	0.194	0.04	-0.033	-0.033	0.04	0.076	0.017
TACACGTGTA__0.08042392469656715	0.025	-0.006	0.04	-0.033	-0.033	0.04	-0.006	0.025
AACACGTGAA__0.07754570117817176	-0.205	-0.006	0.04	-0.033	-0.033	0.04	0.194	-0.037
TACACGTGTG__0.07702937556110744	0.025	-0.006	0.04	-0.033	-0.033	0.04	-0.006	0.04
GCCACACGTG__0.07687570802693583	0.107	-0.246	0.04	-0.006	0.04	-0.033	-0.033	0.04
TACACGTGCA__0.07636907326132315	0.025	-0.006	0.04	-0.033	-0.033	0.04	0.076	0.076
CACACGTGCA__0.0754075862129603	0.04	-0.006	0.04	-0.033	-0.033	0.04	0.076	0.076
ATCACGTGCC__0.07524840394791145	-0.11	0.194	0.04	-0.033	-0.033	0.04	0.076	0.107
CACACGTGTG__0.0744194497075502	0.04	-0.006	0.04	-0.033	-0.033	0.04	-0.006	0.04
CCAGCGTGGC__0.07337179925961233	-0.246	0.175	0.017	-0.077	-0.033	0.04	-0.246	0.107
ACCATGTGCG__0.07334372958242734	-0.032	-0.246	0.134	0.134	-0.006	0.04	0.076	-0.077
GTCACGTGCC__0.07236042107841398	-0.013	0.194	0.04	-0.033	-0.033	0.04	0.076	0.107
ACCACGCGGC__0.07229292813079692	-0.032	-0.246	0.04	-0.033	-0.077	-0.077	-0.136	0.107
ACCACATGGT__0.07225350602434555	-0.032	-0.246	0.04	-0.006	0.134	0.134	-0.246	-0.032
ACAACGTGGT__0.07224700158391649	-0.006	0.015	-0.205	-0.033	-0.033	0.04	-0.246	-0.032
ACCACACGTG__0.07146936916732664	-0.032	-0.246	0.04	-0.006	0.04	-0.033	-0.033	0.04
GCCGCGTGTT__0.07050589164050992	0.107	-0.136	-0.077	-0.077	-0.033	0.04	-0.006	-0.205
TGCACGTGCG__0.0704557405782863	0.076	0.076	0.04	-0.033	-0.033	0.04	0.076	-0.077
ACCACGCGGG__0.07018275857610877	-0.032	-0.246	0.04	-0.033	-0.077	-0.077	-0.136	-0.012
AACATGTGCT__0.07003903575995456	-0.205	-0.006	0.134	0.134	-0.006	0.04	0.076	0.017
TGCACGTGCA__0.06987491588243645	0.076	0.076	0.04	-0.033	-0.033	0.04	0.076	0.076
ACCGCGTGCT__0.0698631129808779	-0.032	-0.136	-0.077	-0.077	-0.033	0.04	0.076	0.017
AACACGCGTG__0.0678801942973468	-0.205	-0.006	0.04	-0.033	-0.077	-0.077	-0.033	0.04
CCCACGTGAG__0.06721079273720759	-0.012	-0.246	0.04	-0.033	-0.033	0.04	0.194	0.031
GACACGTGAG__0.06717066839628234	-0.013	-0.006	0.04	-0.033	-0.033	0.04	0.194	0.031
TCCACACGTG__0.06658289468410118	0.013	-0.246	0.04	-0.006	0.04	-0.033	-0.033	0.04
GCCACGTGAA__0.06561287927085367	0.107	-0.246	0.04	-0.033	-0.033	0.04	0.194	-0.037
CTCACGTGAT__0.06524259969204789	0.031	0.194	0.04	-0.033	-0.033	0.04	0.194	-0.11
ACCATGTGAC__0.06514241472623432	-0.032	-0.246	0.134	0.134	-0.006	0.04	0.194	-0.013
TCCACGTGAG__0.06478743698487358	0.013	-0.246	0.04	-0.033	-0.033	0.04	0.194	0.031
CCAGCGTGGG__0.06386388408784689	-0.246	0.175	0.017	-0.077	-0.033	0.04	-0.246	-0.012
GGCACGTGCG__0.06294710538591192	0.107	0.076	0.04	-0.033	-0.033	0.04	0.076	-0.077
GCCATGTGCG__0.06241708516542418	0.107	-0.246	0.134	0.134	-0.006	0.04	0.076	-0.077
GCCATGTGAC__0.06141941879496166	0.107	-0.246	0.134	0.134	-0.006	0.04	0.194	-0.013
ACCTCGTGTT__0.060582080786722	-0.032	-0.057	0.031	-0.003	-0.033	0.04	-0.006	-0.205
TACACGTGCC__0.06024139276398569	0.025	-0.006	0.04	-0.033	-0.033	0.04	0.076	0.107
ACCATGTGAT__0.06010766891468106	-0.032	-0.246	0.134	0.134	-0.006	0.04	0.194	-0.11
ACCGCGTGAC__0.0587895651844041	-0.032	-0.136	-0.077	-0.077	-0.033	0.04	0.194	-0.013
CCCACACGTG__0.05765992683552768	-0.012	-0.246	0.04	-0.006	0.04	-0.033	-0.033	0.04
ACCTCGTGGC__0.05755734725890219	-0.032	-0.057	0.031	-0.003	-0.033	0.04	-0.246	0.107
TTCACGTGCT__0.05744754067213711	-0.037	0.194	0.04	-0.033	-0.033	0.04	0.076	0.017
CACACGTGCC__0.05726957383590977	0.04	-0.006	0.04	-0.033	-0.033	0.04	0.076	0.107
CACACGTGAG__0.05637363249019686	0.04	-0.006	0.04	-0.033	-0.033	0.04	0.194	0.031
ACCATGTGTT__0.05630934151810133	-0.032	-0.246	0.134	0.134	-0.006	0.04	-0.006	-0.205
AACATGTGCG__0.056138552168823595	-0.205	-0.006	0.134	0.134	-0.006	0.04	0.076	-0.077
ACAGCGTGGC__0.05551765386268816	-0.006	0.175	0.017	-0.077	-0.033	0.04	-0.246	0.107
ACCACGCGTG__0.05521766383362126	-0.032	-0.246	0.04	-0.033	-0.077	-0.077	-0.033	0.04
ACCGCATGGT__0.05500861743975963	-0.032	-0.136	-0.077	0.076	0.134	0.134	-0.246	-0.032
ACCACGAGTT__0.05486456616991085	-0.032	-0.246	0.04	-0.033	-0.003	0.031	-0.183	-0.205
ACAACGTGGC__0.0547164139272522	-0.006	0.015	-0.205	-0.033	-0.033	0.04	-0.246	0.107
GGCACGTGCA__0.054331509497750306	0.107	0.076	0.04	-0.033	-0.033	0.04	0.076	0.076
GCCACATGGT__0.053992325693566934	0.107	-0.246	0.04	-0.006	0.134	0.134	-0.246	-0.032
GTCACATGTT__0.053765930415875525	-0.013	0.194	0.04	-0.006	0.134	0.134	-0.006	-0.205
ACAACGTGTT__0.0537003942902136	-0.006	0.015	-0.205	-0.033	-0.033	0.04	-0.006	-0.205
ACCACATGGC__0.05344442754974391	-0.032	-0.246	0.04	-0.006	0.134	0.134	-0.246	0.107
GCAGCGTGGC__0.05255732237921166	0.076	0.175	0.017	-0.077	-0.033	0.04	-0.246	0.107
GACATGTGCT__0.05200856120489528	-0.013	-0.006	0.134	0.134	-0.006	0.04	0.076	0.017
ACCACGTTTT__0.051673965932135524	-0.032	-0.246	0.04	-0.033	-0.033	-0.205	-0.274	-0.274
CCCACGCGGT__0.05151448759168573	-0.012	-0.246	0.04	-0.033	-0.077	-0.077	-0.136	-0.032
ACCGCGTGTC__0.050914534516765586	-0.032	-0.136	-0.077	-0.077	-0.033	0.04	-0.006	-0.013
CACATGTGCT__0.05015732958604748	0.04	-0.006	0.134	0.134	-0.006	0.04	0.076	0.017
GACACGTGAA__0.04977153887040709	-0.013	-0.006	0.04	-0.033	-0.033	0.04	0.194	-0.037
GCCTCGTGTT__0.04912349932177814	0.107	-0.057	0.031	-0.003	-0.033	0.04	-0.006	-0.205
GCAACGTGGT__0.047535737932567525	0.076	0.015	-0.205	-0.033	-0.033	0.04	-0.246	-0.032
GCCATGTGAT__0.047074963215104786	0.107	-0.246	0.134	0.134	-0.006	0.04	0.194	-0.11
AACACGCGTT__0.046824597235907844	-0.205	-0.006	0.04	-0.033	-0.077	-0.077	-0.033	-0.205
GCCATGTGTT__0.04613183234057858	0.107	-0.246	0.134	0.134	-0.006	0.04	-0.006	-0.205
GTCACGTGAG__0.04530359525429736	-0.013	0.194	0.04	-0.033	-0.033	0.04	0.194	0.031
CACATGTGCG__0.04502574806548166	0.04	-0.006	0.134	0.134	-0.006	0.04	0.076	-0.077
ACAGCGTGGT__0.044542254333130894	-0.006	0.175	0.017	-0.077	-0.033	0.04	-0.246	-0.032
CCCGCGTGTT__0.04442409167519958	-0.012	-0.136	-0.077	-0.077	-0.033	0.04	-0.006	-0.205
GCAACGTGGC__0.044369871761354734	0.076	0.015	-0.205	-0.033	-0.033	0.04	-0.246	0.107
ACCACGCGTT__0.044328891339200746	-0.032	-0.246	0.04	-0.033	-0.077	-0.077	-0.033	-0.205
ACAACGTGGA__0.04296554649285593	-0.006	0.015	-0.205	-0.033	-0.033	0.04	-0.246	0.013
CCCTCGTGGT__0.0426155560499794	-0.012	-0.057	0.031	-0.003	-0.033	0.04	-0.246	-0.032
GCAGCGTGGT__0.04239294812976995	0.076	0.175	0.017	-0.077	-0.033	0.04	-0.246	-0.032
GCCACATGGC__0.042246185951711486	0.107	-0.246	0.04	-0.006	0.134	0.134	-0.246	0.107
AACGCGTGCT__0.04196906263949287	-0.205	-0.033	-0.077	-0.077	-0.033	0.04	0.076	0.017
ACCACATGTT__0.040265597498481534	-0.032	-0.246	0.04	-0.006	0.134	0.134	-0.006	-0.205
AACTCGTGTT__0.03975210182768769	-0.205	-0.183	0.031	-0.003	-0.033	0.04	-0.006	-0.205
ATCACATGTT__0.039719845593491634	-0.11	0.194	0.04	-0.006	0.134	0.134	-0.006	-0.205
ATCACATGTG__0.038204684577179404	-0.11	0.194	0.04	-0.006	0.134	0.134	-0.006	0.04
TACACGTGAG__0.038147896068957826	0.025	-0.006	0.04	-0.033	-0.033	0.04	0.194	0.031
GTCACATGTC__0.03792900097508159	-0.013	0.194	0.04	-0.006	0.134	0.134	-0.006	-0.013
TCCATGTGCT__0.03741479484516779	0.013	-0.246	0.134	0.134	-0.006	0.04	0.076	0.017
ACCACGCGTC__0.03733532149733614	-0.032	-0.246	0.04	-0.033	-0.077	-0.077	-0.033	-0.013
ACCGCATGGC__0.037294952534077296	-0.032	-0.136	-0.077	0.076	0.134	0.134	-0.246	0.107
GTCACATGTG__0.036845958604670784	-0.013	0.194	0.04	-0.006	0.134	0.134	-0.006	0.04
GCAACGTGTT__0.03657223137204761	0.076	0.015	-0.205	-0.033	-0.033	0.04	-0.006	-0.205
ACCATGTGTC__0.036520052755612674	-0.032	-0.246	0.134	0.134	-0.006	0.04	-0.006	-0.013
AACACATGTG__0.03574503711241469	-0.205	-0.006	0.04	-0.006	0.134	0.134	-0.006	0.04
ATCACGTGAG__0.035048900445050914	-0.11	0.194	0.04	-0.033	-0.033	0.04	0.194	0.031
GCCACGTTTT__0.03310583085313759	0.107	-0.246	0.04	-0.033	-0.033	-0.205	-0.274	-0.274
ACCACGCGCT__0.032984550722233774	-0.032	-0.246	0.04	-0.033	-0.077	-0.077	-0.077	0.017
CCCATGTGCT__0.03289938439531302	-0.012	-0.246	0.134	0.134	-0.006	0.04	0.076	0.017
AACACATGTT__0.03270220396044521	-0.205	-0.006	0.04	-0.006	0.134	0.134	-0.006	-0.205
AAAACGTGTT__0.03214374996708143	-0.274	-0.274	-0.205	-0.033	-0.033	0.04	-0.006	-0.205
AGCACATGCT__0.031859922549409884	0.017	0.076	0.04	-0.006	0.134	0.134	0.076	0.017
ACAGCGTGGG__0.03127293127629499	-0.006	0.175	0.017	-0.077	-0.033	0.04	-0.246	-0.012
ACCACGTTTA__0.02970341581161962	-0.032	-0.246	0.04	-0.033	-0.033	-0.205	-0.274	0.068
TCCACATGGT__0.028653080209605688	0.013	-0.246	0.04	-0.006	0.134	0.134	-0.246	-0.032
CCCACATGGT__0.028393833276433165	-0.012	-0.246	0.04	-0.006	0.134	0.134	-0.246	-0.032
ACAACGTGGG__0.02822832031950863	-0.006	0.015	-0.205	-0.033	-0.033	0.04	-0.246	-0.012
GCCACATGTT__0.02727286762081834	0.107	-0.246	0.04	-0.006	0.134	0.134	-0.006	-0.205
GCAGCGTGGG__0.02686209119742625	0.076	0.175	0.017	-0.077	-0.033	0.04	-0.246	-0.012
AACATGTGCA__0.026169997842314552	-0.205	-0.006	0.134	0.134	-0.006	0.04	0.076	0.076
CCCATGTGTT__0.025109909754469393	-0.012	-0.246	0.134	0.134	-0.006	0.04	-0.006	-0.205
ACCCCGTGTT__0.023773045114646448	-0.032	-0.012	-0.012	-0.136	-0.033	0.04	-0.006	-0.205
ACCACATGTG__0.023527739992842803	-0.032	-0.246	0.04	-0.006	0.134	0.134	-0.006	0.04
ACCATGTGCA__0.022977314035786657	-0.032	-0.246	0.134	0.134	-0.006	0.04	0.076	0.076
TACATGTGCT__0.02110756699039134	0.025	-0.006	0.134	0.134	-0.006	0.04	0.076	0.017
ACCACGTTTC__0.02102267728132654	-0.032	-0.246	0.04	-0.033	-0.033	-0.205	-0.274	-0.037
GACATGTGCG__0.020874380133621483	-0.013	-0.006	0.134	0.134	-0.006	0.04	0.076	-0.077
CCCACGTGAA__0.020802872022897444	-0.012	-0.246	0.04	-0.033	-0.033	0.04	0.194	-0.037
AACATGTGCC__0.02039198254243466	-0.205	-0.006	0.134	0.134	-0.006	0.04	0.076	0.107
ACCTCGTGTC__0.020281562561989118	-0.032	-0.057	0.031	-0.003	-0.033	0.04	-0.006	-0.013
CCCTCGTGTT__0.020119402528815108	-0.012	-0.057	0.031	-0.003	-0.033	0.04	-0.006	-0.205
GCAACGTGGG__0.019603926890589665	0.076	0.015	-0.205	-0.033	-0.033	0.04	-0.246	-0.012
AAAACGTGAT__0.018692620295428126	-0.274	-0.274	-0.205	-0.033	-0.033	0.04	0.194	-0.11
ATCACATGTC__0.018507084163118463	-0.11	0.194	0.04	-0.006	0.134	0.134	-0.006	-0.013
TCAGCGTGGT__0.018425977293044786	0.194	0.175	0.017	-0.077	-0.033	0.04	-0.246	-0.032
CGCACATGCT__0.01775303358737347	-0.077	0.076	0.04	-0.006	0.134	0.134	0.076	0.017
ACCATGTGCC__0.016385452883037926	-0.032	-0.246	0.134	0.134	-0.006	0.04	0.076	0.107
GAAACGTGTT__0.014708036563068655	-0.037	-0.274	-0.205	-0.033	-0.033	0.04	-0.006	-0.205
CCCACATGTG__0.014552611695695203	-0.012	-0.246	0.04	-0.006	0.134	0.134	-0.006	0.04
AACACATGCT__0.014413895590339619	-0.205	-0.006	0.04	-0.006	0.134	0.134	0.076	0.017
CCCACGTTTT__0.014117708365865208	-0.012	-0.246	0.04	-0.033	-0.033	-0.205	-0.274	-0.274
CCCATGTGAC__0.014071650960635477	-0.012	-0.246	0.134	0.134	-0.006	0.04	0.194	-0.013
CCCACATGTT__0.013258054140342654	-0.012	-0.246	0.04	-0.006	0.134	0.134	-0.006	-0.205
TCCACGTTTT__0.013122097142712962	0.013	-0.246	0.04	-0.033	-0.033	-0.205	-0.274	-0.274
AACACGTTCT__0.012107384571802443	-0.205	-0.006	0.04	-0.033	-0.033	-0.205	-0.037	0.027
TCCACATGTT__0.012047460043355478	0.013	-0.246	0.04	-0.006	0.134	0.134	-0.006	-0.205
ACCACATGTC__0.00914326402243928	-0.032	-0.246	0.04	-0.006	0.134	0.134	-0.006	-0.013
ACCACATGCT__0.008293958680957508	-0.032	-0.246	0.04	-0.006	0.134	0.134	0.076	0.017
TAAACGTGTT__0.007205383065296675	0.068	-0.274	-0.205	-0.033	-0.033	0.04	-0.006	-0.205
ATCACATGCT__0.0047055221984650215	-0.11	0.194	0.04	-0.006	0.134	0.134	0.076	0.017
ACCACGTTCT__0.0033905380909220978	-0.032	-0.246	0.04	-0.033	-0.033	-0.205	-0.037	0.027
AACACATGTC__0.0	-0.205	-0.006	0.04	-0.006	0.134	0.134	-0.006	-0.013
