actual	predicted	model	tf
3.405655476510732	3.4153355956451303	1mer_Flex	Mad
3.3897973823239567	3.385442923689042	1mer_Flex	Mad
3.389021943312709	3.384995964285518	1mer_Flex	Mad
3.387984376644204	3.3658868719448463	1mer_Flex	Mad
3.3733082271921937	3.3367853826679656	1mer_Flex	Mad
3.3720221214644215	3.3371988753080304	1mer_Flex	Mad
3.362892429384294	3.3212668977900197	1mer_Flex	Mad
3.3612551073605705	3.3475596910824432	1mer_Flex	Mad
3.360931173103078	3.311347360688789	1mer_Flex	Mad
3.3601934774082034	3.3468181004328916	1mer_Flex	Mad
3.3573655789403936	3.312010741844602	1mer_Flex	Mad
3.3563284715328963	3.3192962776669575	1mer_Flex	Mad
3.3526596470108028	3.3109311077423675	1mer_Flex	Mad
3.3521359157130024	3.323012588692595	1mer_Flex	Mad
3.345706978209927	3.2926052929649643	1mer_Flex	Mad
3.3439743326885214	3.292713554605961	1mer_Flex	Mad
3.326660139587886	3.3552046289919564	1mer_Flex	Mad
3.3109046304123755	3.2964916182495347	1mer_Flex	Mad
3.310573371333481	3.29984309129894	1mer_Flex	Mad
3.30871735580804	3.3039061265989202	1mer_Flex	Mad
3.3064760601956977	3.3040772904246913	1mer_Flex	Mad
3.3035069327457953	3.2830830231953314	1mer_Flex	Mad
3.302816275106438	3.3115695587113203	1mer_Flex	Mad
3.302031843400203	3.306800539846838	1mer_Flex	Mad
3.3009871155239665	3.271049725045621	1mer_Flex	Mad
3.298796084726533	3.2912805874941897	1mer_Flex	Mad
3.2944316190566734	3.3048018416254834	1mer_Flex	Mad
3.2922036329829645	3.3061223403141944	1mer_Flex	Mad
3.2896517504800555	3.2970719245221307	1mer_Flex	Mad
3.2886952699625938	3.2763877115372515	1mer_Flex	Mad
3.288510193072663	3.2667886005524265	1mer_Flex	Mad
3.288011602750556	3.2914760257777993	1mer_Flex	Mad
3.286816328423963	3.2716340656549523	1mer_Flex	Mad
3.2833532946075823	3.2913985288669636	1mer_Flex	Mad
3.2822491526562807	3.2811139149033246	1mer_Flex	Mad
3.281745276536658	3.2779288556324406	1mer_Flex	Mad
3.2797243847149615	3.268116505657276	1mer_Flex	Mad
3.2790713372350253	3.2629662454148103	1mer_Flex	Mad
3.278818859984672	3.2783356377684894	1mer_Flex	Mad
3.2785061167075535	3.272133123788638	1mer_Flex	Mad
3.278308847504387	3.2967397095555833	1mer_Flex	Mad
3.2779971850481524	3.2659525864828214	1mer_Flex	Mad
3.274866066752476	3.2734191433703206	1mer_Flex	Mad
3.2711735593001006	3.279193421592557	1mer_Flex	Mad
3.2681050786771113	3.262702519902253	1mer_Flex	Mad
3.267812980730338	3.2647350874708154	1mer_Flex	Mad
3.2676000960949723	3.2629174246503525	1mer_Flex	Mad
3.2633875946533695	3.2896259608396	1mer_Flex	Mad
3.2591281922937303	3.295976705431283	1mer_Flex	Mad
3.2583316849873745	3.2593543458910794	1mer_Flex	Mad
3.2555371933738337	3.252222536319278	1mer_Flex	Mad
3.248520854620333	3.243558666436015	1mer_Flex	Mad
3.2477958290626443	3.2529047800891857	1mer_Flex	Mad
3.2474375306232357	3.256552098507112	1mer_Flex	Mad
3.246309906289751	3.24831029621154	1mer_Flex	Mad
3.2459361099398123	3.2499655381129635	1mer_Flex	Mad
3.2416626241115134	3.229755798238116	1mer_Flex	Mad
3.2391537411482414	3.193208292124084	1mer_Flex	Mad
3.2341058214233125	3.1991096284798983	1mer_Flex	Mad
3.233322689353738	3.242193268611471	1mer_Flex	Mad
3.2246748387170583	3.1864767652995765	1mer_Flex	Mad
3.2173555449285085	3.1909599827546153	1mer_Flex	Mad
3.2162688275787743	3.2236722197104255	1mer_Flex	Mad
3.214215246939403	3.2010844780855794	1mer_Flex	Mad
3.1928439695025452	3.1909793962884376	1mer_Flex	Mad
3.1925477956744492	3.196419087184999	1mer_Flex	Mad
3.177180184596397	3.16876852022553	1mer_Flex	Mad
3.1657945915304193	3.1653344449738916	1mer_Flex	Mad
3.1561347528788724	3.1515644733680066	1mer_Flex	Mad
3.1542036483796183	3.1147518421067204	1mer_Flex	Mad
3.1362546343477313	3.1293120812761446	1mer_Flex	Mad
3.1361777834339915	3.118700144633184	1mer_Flex	Mad
3.132420885321895	3.074755457274698	1mer_Flex	Mad
3.130618705991645	3.116192157849815	1mer_Flex	Mad
3.129725388873688	3.12194441125383	1mer_Flex	Mad
3.129566526983621	3.125470766743505	1mer_Flex	Mad
3.1264601114407915	3.1217890755481243	1mer_Flex	Mad
3.1247362467096287	3.1736497110644284	1mer_Flex	Mad
3.124582010440007	3.1076907189081586	1mer_Flex	Mad
3.1233005313710858	3.116305162862172	1mer_Flex	Mad
3.1232462480115495	3.1053668210383214	1mer_Flex	Mad
3.1150990450084284	3.118587139620827	1mer_Flex	Mad
3.113656207940491	3.0892450562296228	1mer_Flex	Mad
3.1120626889286123	3.0946871681660673	1mer_Flex	Mad
3.111828298536622	3.098788004523325	1mer_Flex	Mad
3.111305589683633	3.0872456682162555	1mer_Flex	Mad
3.1106589920414596	3.0959526804127777	1mer_Flex	Mad
3.110334278822656	3.121710285000394	1mer_Flex	Mad
3.109740394811147	3.1246973992605906	1mer_Flex	Mad
3.107769393157933	3.130085448759059	1mer_Flex	Mad
3.1076376369397343	3.0761946499983117	1mer_Flex	Mad
3.1071864387202073	3.080620027436164	1mer_Flex	Mad
3.106461376893891	3.104933607238635	1mer_Flex	Mad
3.1060294453576587	3.0984200070764993	1mer_Flex	Mad
3.1050032354411683	3.1149563152579702	1mer_Flex	Mad
3.105001178627122	3.102447668394168	1mer_Flex	Mad
3.1037936912942996	3.084485653128997	1mer_Flex	Mad
3.101547867973518	3.1220232018015603	1mer_Flex	Mad
3.1005625404420654	3.0740144311354007	1mer_Flex	Mad
3.100036742617243	3.083060998565612	1mer_Flex	Mad
3.0996602273157006	3.0974175890886166	1mer_Flex	Mad
3.098407849730431	3.1201325389986074	1mer_Flex	Mad
3.0955819192635907	3.0779625983729906	1mer_Flex	Mad
3.095578773223221	3.101250642452996	1mer_Flex	Mad
3.0942863077311014	3.0709521645904814	1mer_Flex	Mad
3.0941189177921538	3.0729694932311507	1mer_Flex	Mad
3.0936465295257953	3.091160544931486	1mer_Flex	Mad
3.0920124847869292	3.0930154450709315	1mer_Flex	Mad
3.090648967472767	3.096624518805981	1mer_Flex	Mad
3.090268698573576	3.046364760395174	1mer_Flex	Mad
3.0899096268823194	3.0917660412091594	1mer_Flex	Mad
3.089567752150345	3.069354910370411	1mer_Flex	Mad
3.088200575655553	3.05948068273088	1mer_Flex	Mad
3.087920849538588	3.0659593137225913	1mer_Flex	Mad
3.085963765457259	3.078966717223449	1mer_Flex	Mad
3.0857121943695858	3.0462926355452304	1mer_Flex	Mad
3.0850569611776857	3.1130374709817343	1mer_Flex	Mad
3.0845739690520357	3.101514147904224	1mer_Flex	Mad
3.0835732683582666	3.0950215927525306	1mer_Flex	Mad
3.083040534811688	3.0768808218682007	1mer_Flex	Mad
3.0826522599364288	3.073540565368715	1mer_Flex	Mad
3.0822163550080837	3.1016091055250388	1mer_Flex	Mad
3.081948621428606	3.1122720308199883	1mer_Flex	Mad
3.081933617192097	3.0997190921835722	1mer_Flex	Mad
3.0814546852838895	3.1062143435135643	1mer_Flex	Mad
3.0806152679918983	3.092409948793258	1mer_Flex	Mad
3.080235821774135	3.110203617829222	1mer_Flex	Mad
3.0795940132894026	3.0825922127590837	1mer_Flex	Mad
3.0794423019242276	3.1249763193016715	1mer_Flex	Mad
3.07897068998877	3.0749581700653947	1mer_Flex	Mad
3.0778161798323938	3.0556730397280614	1mer_Flex	Mad
3.0777003922913853	3.0724777299037105	1mer_Flex	Mad
3.0770923797126306	3.072650990997209	1mer_Flex	Mad
3.0770756841874065	3.098704006435346	1mer_Flex	Mad
3.076507710549253	3.0839902250812044	1mer_Flex	Mad
3.076129326573642	3.043521626867698	1mer_Flex	Mad
3.0758244090759823	3.0674799373784305	1mer_Flex	Mad
3.0753622158221976	3.0862270968739214	1mer_Flex	Mad
3.0749437867580864	3.107372852877228	1mer_Flex	Mad
3.0716970874904552	3.1160849871216074	1mer_Flex	Mad
3.0715047477320763	3.046863377104254	1mer_Flex	Mad
3.070192199641764	3.0584863306291235	1mer_Flex	Mad
3.068859514973663	3.0693973262512246	1mer_Flex	Mad
3.068172844374677	3.09713358972977	1mer_Flex	Mad
3.066444332054303	3.0918585881143312	1mer_Flex	Mad
3.066432902962153	3.0601968575010616	1mer_Flex	Mad
3.066357763707521	3.053436195768115	1mer_Flex	Mad
3.064998767529832	3.063930753769927	1mer_Flex	Mad
3.064619211042045	3.0557520926906903	1mer_Flex	Mad
3.064289016323894	3.066158273443494	1mer_Flex	Mad
3.064150472675969	3.063442992189582	1mer_Flex	Mad
3.063927350216334	3.0360452467685177	1mer_Flex	Mad
3.0634209337528304	3.0824712164499766	1mer_Flex	Mad
3.06281248176	3.0344234316345857	1mer_Flex	Mad
3.061872407359764	3.0339258639169273	1mer_Flex	Mad
3.0595736948832144	3.0548944430853777	1mer_Flex	Mad
3.0585214919312547	3.0370451729233165	1mer_Flex	Mad
3.056865448143476	3.0649326941806145	1mer_Flex	Mad
3.0565039644703855	3.057007098412854	1mer_Flex	Mad
3.054925374790012	3.050356137107449	1mer_Flex	Mad
3.0527134715407405	3.052679226968422	1mer_Flex	Mad
3.0475048675514826	3.057961520931041	1mer_Flex	Mad
3.0465593120676364	3.0591412514219405	1mer_Flex	Mad
3.0460966813974037	3.063195358507065	1mer_Flex	Mad
3.046059948246847	3.0496631722968166	1mer_Flex	Mad
3.045581447782113	3.0517280157310287	1mer_Flex	Mad
3.04549733932841	3.070268547903869	1mer_Flex	Mad
3.0454835799735216	3.041493227534233	1mer_Flex	Mad
3.0443166164038966	3.0528629437081523	1mer_Flex	Mad
3.04318393075714	3.0357366973300066	1mer_Flex	Mad
3.042187737894485	3.09292827951926	1mer_Flex	Mad
3.041624330314514	3.0433262475166867	1mer_Flex	Mad
3.0411256789001637	3.0646845191299663	1mer_Flex	Mad
3.04031635156874	3.029515661960759	1mer_Flex	Mad
3.0383998605174294	3.056021781709203	1mer_Flex	Mad
3.0374191918154834	3.055207735407714	1mer_Flex	Mad
3.0371916178952523	3.0259646537953833	1mer_Flex	Mad
3.0359108289804397	3.0597073427687427	1mer_Flex	Mad
3.0341651076558573	3.070322079072889	1mer_Flex	Mad
3.034084280886608	3.0532457591032034	1mer_Flex	Mad
3.0339526846037432	3.0508658200332026	1mer_Flex	Mad
3.0336391762275814	3.0284184469919007	1mer_Flex	Mad
3.0333856255475173	3.030079707781292	1mer_Flex	Mad
3.0332528567525876	3.0343589748897255	1mer_Flex	Mad
3.0324932723188684	3.0710036661992066	1mer_Flex	Mad
3.032347440649642	3.032543878243849	1mer_Flex	Mad
3.031437410414996	3.0623225625384984	1mer_Flex	Mad
3.0307052170519007	3.037432981434393	1mer_Flex	Mad
3.030668798613073	3.050265497302426	1mer_Flex	Mad
3.0283699812564304	3.073379413874436	1mer_Flex	Mad
3.02768345693461	3.076282378137936	1mer_Flex	Mad
3.0270963085236895	3.0282821436060687	1mer_Flex	Mad
3.026931992941991	3.036317580171842	1mer_Flex	Mad
3.025925877323497	3.0302301692863844	1mer_Flex	Mad
3.0246488319545235	3.03258255242869	1mer_Flex	Mad
3.02227289082524	3.0766957139127546	1mer_Flex	Mad
3.015245802597332	3.00270201537159	1mer_Flex	Mad
3.0150207508474076	3.038946322415817	1mer_Flex	Mad
3.012312025407454	3.0416062629426155	1mer_Flex	Mad
3.0115182489353627	3.039868233545299	1mer_Flex	Mad
3.011351339476738	2.957508608225564	1mer_Flex	Mad
3.010690292993801	3.0287028726947702	1mer_Flex	Mad
3.0088940916966833	3.0471128069947033	1mer_Flex	Mad
3.0081751026342083	3.0225068528769077	1mer_Flex	Mad
3.0078728908759342	3.027529377616976	1mer_Flex	Mad
3.0054222659294267	3.004331713085669	1mer_Flex	Mad
3.0053976321343776	3.0267801252074946	1mer_Flex	Mad
3.0037302407646225	3.017549045336191	1mer_Flex	Mad
3.0032267084101845	3.055690849026187	1mer_Flex	Mad
3.0020653912849666	3.0097598758652215	1mer_Flex	Mad
3.001863791283392	3.0580084244883188	1mer_Flex	Mad
3.0009904604663817	3.0541107813106603	1mer_Flex	Mad
2.998726863141962	2.9792935161176444	1mer_Flex	Mad
2.9982243362906025	3.026057206240564	1mer_Flex	Mad
2.9981905019074904	3.048982093272456	1mer_Flex	Mad
2.997059071039278	2.9632357897616823	1mer_Flex	Mad
2.996150265589858	2.9833895993526203	1mer_Flex	Mad
2.996109894456492	2.977068750173519	1mer_Flex	Mad
2.9954088444248392	2.959680342340176	1mer_Flex	Mad
2.9947630676270403	3.0547426707172427	1mer_Flex	Mad
2.9946560165205804	3.039137058209623	1mer_Flex	Mad
2.9938978171995636	2.984725188117383	1mer_Flex	Mad
2.993697007913277	2.9896877740038503	1mer_Flex	Mad
2.993244729395637	3.0460178300110092	1mer_Flex	Mad
2.993011901673279	2.962633484106632	1mer_Flex	Mad
2.9925250129763854	3.0302921087120325	1mer_Flex	Mad
2.992494624876845	2.996038753036905	1mer_Flex	Mad
2.99245780890388	3.024079338514956	1mer_Flex	Mad
2.992227163636448	2.9709379571059986	1mer_Flex	Mad
2.991454164708708	2.9609076160223475	1mer_Flex	Mad
2.990681000147903	2.9814838966020436	1mer_Flex	Mad
2.990629737943939	2.929617253385342	1mer_Flex	Mad
2.99032319941223	3.010732976989919	1mer_Flex	Mad
2.990229683959268	2.9988069461559594	1mer_Flex	Mad
2.9893737763052903	2.989667476259229	1mer_Flex	Mad
2.9891654847583298	2.9619638680665044	1mer_Flex	Mad
2.9887321923096684	2.9634425024162665	1mer_Flex	Mad
2.9886957956337423	2.9614675123425154	1mer_Flex	Mad
2.988297462911081	2.998953675809528	1mer_Flex	Mad
2.987394588695944	2.9921618303510433	1mer_Flex	Mad
2.9873337523621846	2.9730746408256725	1mer_Flex	Mad
2.987128231342419	3.001235644321495	1mer_Flex	Mad
2.985562295274504	3.02537890296617	1mer_Flex	Mad
2.9851363594628717	3.0196306906410526	1mer_Flex	Mad
2.9841963494590136	2.9849010973645407	1mer_Flex	Mad
2.980652102773985	2.9562441083224225	1mer_Flex	Mad
2.9803079500982714	2.9845792641523885	1mer_Flex	Mad
2.979412762103178	2.991790829680562	1mer_Flex	Mad
2.9782388494359493	2.964990138262249	1mer_Flex	Mad
2.9771712945336617	2.985623183674954	1mer_Flex	Mad
2.976594155516244	2.970583664413715	1mer_Flex	Mad
2.972940149089595	2.982507108764209	1mer_Flex	Mad
2.9707699723545433	2.983212375709341	1mer_Flex	Mad
2.9697320344110367	2.954186172141955	1mer_Flex	Mad
2.96912532901747	2.9771122622089017	1mer_Flex	Mad
2.9690585997606616	2.9910607993141647	1mer_Flex	Mad
2.9672263945777333	3.0301051224867193	1mer_Flex	Mad
2.962223097507909	2.938938670369381	1mer_Flex	Mad
2.959040220930591	2.9503226646753884	1mer_Flex	Mad
2.957607254339739	2.971918436217982	1mer_Flex	Mad
2.955885568102657	2.9400687739110287	1mer_Flex	Mad
2.953051707475328	2.936356199599118	1mer_Flex	Mad
2.9419753256495236	2.9494546803051747	1mer_Flex	Mad
2.9330851920275367	2.9297697326293015	1mer_Flex	Mad
2.929034225391104	2.9374863975578007	1mer_Flex	Mad
2.928441372725035	2.904770806127005	1mer_Flex	Mad
2.9280436656722344	2.9302418910250605	1mer_Flex	Mad
2.9239467231382466	2.961682821654499	1mer_Flex	Mad
2.9206636207382006	2.907002165661263	1mer_Flex	Mad
2.915809084708077	2.9476691399028407	1mer_Flex	Mad
