fileid,pos,features,r2_test,mse_test,mae_test,best_alpha,sample_size
Max,all,"('1mer',)",0.7847093770263638,0.010003277522759549,0.0780553972795913,24.9879939969985,8568
Max,all,"('1mer',)",0.7974549045869559,0.009458482337111159,0.07616002245244172,15.492746373186593,8568
Max,all,"('1mer',)",0.7717934932717591,0.010568663548047232,0.08075788638418993,21.48974487243622,8568
Max,all,"('1mer',)",0.7813269318675663,0.009791156533035207,0.0768372464285864,20.98999499749875,8568
Max,all,"('1mer',)",0.7809170295590071,0.01012396789010925,0.08001891539788411,20.98999499749875,8568
Max,all,"('1mer',)",0.7854777620009554,0.009879982692032493,0.07856389423511267,25.48774387193597,8568
Max,all,"('1mer',)",0.7889470835497734,0.009900605672362324,0.07817716536665727,25.987493746873437,8568
Max,all,"('1mer',)",0.7854653318176302,0.009821735797310204,0.07767044766648601,16.49224612306153,8568
Max,all,"('1mer',)",0.7879765395533294,0.00919194199006716,0.07453863975022537,15.492746373186593,8568
Max,all,"('1mer',)",0.7847411009656645,0.010005592174454686,0.07786102970544326,27.98649324662331,8568
Max,all,"('1mer', '2mer')",0.8649508156604848,0.006274934093789648,0.061860189650443854,172.91395697848924,8568
Max,all,"('1mer', '2mer')",0.8712156354526128,0.00601399226618399,0.061441985932830505,200.8999499749875,8568
Max,all,"('1mer', '2mer')",0.8536540307948586,0.006777551316640949,0.065152289660239,203.39869934967484,8568
Max,all,"('1mer', '2mer')",0.8674207629977224,0.005936277720919477,0.05952224790040242,159.4207103551776,8568
Max,all,"('1mer', '2mer')",0.8711860583946197,0.005952576806797141,0.0609337218102356,190.90495247623812,8568
Max,all,"('1mer', '2mer')",0.8532255469534451,0.006759807604370403,0.06501971783216547,189.40570285142573,8568
Max,all,"('1mer', '2mer')",0.8696908308414777,0.006112873117467421,0.06148709076522152,177.41170585292647,8568
Max,all,"('1mer', '2mer')",0.8682574062140985,0.006031383926804517,0.0608988002025667,155.42271135567785,8568
Max,all,"('1mer', '2mer')",0.8624616311441087,0.005962758579962915,0.060205243015494736,172.41420710355177,8568
Max,all,"('1mer', '2mer')",0.8750020620428396,0.005810112359850185,0.06040167472269228,191.90445222611305,8568
Max,all,"('1mer', '2mer', '3mer')",0.9273497659935312,0.003375625202910602,0.04528385399386286,650.6748374187093,8568
Max,all,"('1mer', '2mer', '3mer')",0.9263213812329572,0.0034406555873874875,0.04570433590869071,597.2016008004002,8568
Max,all,"('1mer', '2mer', '3mer')",0.9313444883852987,0.003179563165737871,0.04521817571833659,555.7223611805903,8568
Max,all,"('1mer', '2mer', '3mer')",0.9269790308607185,0.0032695372372222847,0.04490845999595342,587.7063531765883,8568
Max,all,"('1mer', '2mer', '3mer')",0.9297907928062084,0.0032444135561482024,0.04537592412897039,605.6973486743371,8568
Max,all,"('1mer', '2mer', '3mer')",0.9236579512740388,0.0035159903566275353,0.047176257318274295,582.7088544272136,8568
Max,all,"('1mer', '2mer', '3mer')",0.9274965285993745,0.0034011767867907225,0.04529636762690958,557.2216108054027,8568
Max,all,"('1mer', '2mer', '3mer')",0.919680435777792,0.0036771564513527217,0.04688406669900403,580.7098549274638,8568
Max,all,"('1mer', '2mer', '3mer')",0.9265835339542603,0.003182854838735709,0.044606099706678524,573.2136068034017,8568
Max,all,"('1mer', '2mer', '3mer')",0.9271722889727032,0.003385153314483587,0.046530908829844675,599.7003501750876,8568
Max,all,"('1mer', 'DNaseI', 'twistDisp', 'NPP', 'stiffness', 'trxDi')",0.9197270722078619,0.003729806543258168,0.04788741585576382,1.0,8568
Max,all,"('1mer', 'DNaseI', 'twistDisp', 'NPP', 'stiffness', 'trxDi')",0.9217761975088388,0.0036529072831682683,0.04678157284586485,1.0,8568
Max,all,"('1mer', 'DNaseI', 'twistDisp', 'NPP', 'stiffness', 'trxDi')",0.9200262479689543,0.0037037317209259266,0.0484027711468412,1.0,8568
Max,all,"('1mer', 'DNaseI', 'twistDisp', 'NPP', 'stiffness', 'trxDi')",0.9221604805525564,0.0034852893677084587,0.04612118616849856,1.0,8568
Max,all,"('1mer', 'DNaseI', 'twistDisp', 'NPP', 'stiffness', 'trxDi')",0.9246474896199856,0.0034820889729165797,0.04708626947150046,1.0,8568
Max,all,"('1mer', 'DNaseI', 'twistDisp', 'NPP', 'stiffness', 'trxDi')",0.9114151989316337,0.0040798395052008465,0.050143925813052825,1.0,8568
Max,all,"('1mer', 'DNaseI', 'twistDisp', 'NPP', 'stiffness', 'trxDi')",0.927174874528808,0.0034162657520092642,0.045745939564396806,1.0,8568
Max,all,"('1mer', 'DNaseI', 'twistDisp', 'NPP', 'stiffness', 'trxDi')",0.9181677467275389,0.0037464097441699024,0.047561794953848636,1.0,8568
Max,all,"('1mer', 'DNaseI', 'twistDisp', 'NPP', 'stiffness', 'trxDi')",0.9197061677135606,0.0034810121813042116,0.04671519583079832,1.0,8568
Max,all,"('1mer', 'DNaseI', 'twistDisp', 'NPP', 'stiffness', 'trxDi')",0.9258387526381087,0.0034471383045287206,0.04617162851434488,1.0,8568
Max,all,"('1mer',)",0.8074538254597505,0.010044579575540587,0.07852623265230291,34.982991495747875,4284
Max,all,"('1mer',)",0.803753675067374,0.009110624166623494,0.07551915880296824,14.493246623311656,4284
Max,all,"('1mer',)",0.7934744782258762,0.009528167383050078,0.07770721315793794,7.496748374187094,4284
Max,all,"('1mer',)",0.7550012643078968,0.010594158572367656,0.08134283969622991,21.989494747373687,4284
Max,all,"('1mer',)",0.7835943300651922,0.009637726080242989,0.07616963216473534,14.493246623311656,4284
Max,all,"('1mer',)",0.7584594851072345,0.011076836988098027,0.08154642729541248,21.989494747373687,4284
Max,all,"('1mer',)",0.8127910492666305,0.008967997799161735,0.07491931138134517,16.991995997999,4284
Max,all,"('1mer',)",0.8256325802656969,0.008541699482083845,0.07143774806591056,25.48774387193597,4284
Max,all,"('1mer',)",0.7465034325479158,0.010135216918017779,0.07663696723953788,6.996998499249625,4284
Max,all,"('1mer',)",0.8044167571636146,0.009114900082091905,0.0753597795943835,19.490745372686344,4284
Max,all,"('1mer', '2mer')",0.8755282235734007,0.006493334215604065,0.06331356987143141,201.39969984992496,4284
Max,all,"('1mer', '2mer')",0.8629694813068017,0.0063615639966751415,0.06333257879271977,159.4207103551776,4284
Max,all,"('1mer', '2mer')",0.8607490728202419,0.0064244173360073886,0.06345831565409138,173.9134567283642,4284
Max,all,"('1mer', '2mer')",0.8269601120724112,0.007482536621549968,0.06804122887126178,158.42121060530266,4284
Max,all,"('1mer', '2mer')",0.860033169905446,0.00623348717793576,0.061695460196444105,140.92996498249124,4284
Max,all,"('1mer', '2mer')",0.8465423211625452,0.0070374350812700825,0.06532993920489519,188.40620310155077,4284
Max,all,"('1mer', '2mer')",0.8705847273768235,0.006199467896786248,0.06191963548157684,184.40820410205103,4284
Max,all,"('1mer', '2mer')",0.8855140699549559,0.005608297759190037,0.059015756296863627,195.90245122561282,4284
Max,all,"('1mer', '2mer')",0.8500684741076034,0.00599451327109615,0.06009919918850747,189.9054527263632,4284
Max,all,"('1mer', '2mer')",0.8699857720986316,0.006059142283281715,0.06145934254189982,168.9159579789895,4284
Max,all,"('1mer', '2mer', '3mer')",0.923617681237805,0.003984645661245244,0.04943150505401761,511.7443721860931,4284
Max,all,"('1mer', '2mer', '3mer')",0.916871569170309,0.003859190184124375,0.04905712423551331,517.7413706853426,4284
Max,all,"('1mer', '2mer', '3mer')",0.9112773199285137,0.00409326914723157,0.05051925485786202,545.727363681841,4284
Max,all,"('1mer', '2mer', '3mer')",0.899816539266608,0.004332101822239455,0.053291063832772094,531.2346173086544,4284
Max,all,"('1mer', '2mer', '3mer')",0.8998130569862453,0.004461871603800219,0.052218543060633935,563.2186093046523,4284
Max,all,"('1mer', '2mer', '3mer')",0.9074868049112023,0.0042425743014652155,0.05038106993136765,513.2436218109054,4284
Max,all,"('1mer', '2mer', '3mer')",0.9134663643006898,0.004145279653910002,0.0513885155217543,527.2366183091546,4284
Max,all,"('1mer', '2mer', '3mer')",0.921591430969016,0.003840983794469339,0.04865809481088362,533.7333666833417,4284
Max,all,"('1mer', '2mer', '3mer')",0.9079456264499466,0.003680487880209201,0.04833759434767412,540.7298649324663,4284
Max,all,"('1mer', '2mer', '3mer')",0.9205825354587154,0.003701146599110477,0.048514365460512236,564.2181090545273,4284
Max,all,"('1mer', 'DNaseI', 'twistDisp', 'NPP', 'stiffness', 'trxDi')",0.9234840744686573,0.0039916155417309964,0.04998844878117489,1.4997498749374687,4284
Max,all,"('1mer', 'DNaseI', 'twistDisp', 'NPP', 'stiffness', 'trxDi')",0.9251185574375247,0.003476328438127596,0.0474361979329771,2.499249624812406,4284
Max,all,"('1mer', 'DNaseI', 'twistDisp', 'NPP', 'stiffness', 'trxDi')",0.9079535191130919,0.004246614507384659,0.050441805376252175,1.0,4284
Max,all,"('1mer', 'DNaseI', 'twistDisp', 'NPP', 'stiffness', 'trxDi')",0.9113921136457369,0.003831554461485542,0.04869812740833607,1.0,4284
Max,all,"('1mer', 'DNaseI', 'twistDisp', 'NPP', 'stiffness', 'trxDi')",0.9126237237681004,0.0038913426643968196,0.04913027733912786,1.0,4284
Max,all,"('1mer', 'DNaseI', 'twistDisp', 'NPP', 'stiffness', 'trxDi')",0.9190318776921539,0.0037131273502276434,0.04835614065415378,1.0,4284
Max,all,"('1mer', 'DNaseI', 'twistDisp', 'NPP', 'stiffness', 'trxDi')",0.9077196669548276,0.004420567608616511,0.05272546945950181,1.0,4284
Max,all,"('1mer', 'DNaseI', 'twistDisp', 'NPP', 'stiffness', 'trxDi')",0.9237457834983921,0.0037354489880677875,0.04887851840062527,1.0,4284
Max,all,"('1mer', 'DNaseI', 'twistDisp', 'NPP', 'stiffness', 'trxDi')",0.9113092355890438,0.0035460051588263137,0.047058623898171746,1.4997498749374687,4284
Max,all,"('1mer', 'DNaseI', 'twistDisp', 'NPP', 'stiffness', 'trxDi')",0.9200583113938647,0.003725577372945939,0.048489631407698866,1.0,4284
Max,all,"('1mer',)",0.7385960895471142,0.011452102918522552,0.08271961459456581,20.49024512256128,2142
Max,all,"('1mer',)",0.8053475382560645,0.00902232868113344,0.07602426764738367,16.991995997999,2142
Max,all,"('1mer',)",0.7937581627995675,0.009593838507420438,0.07568783550255176,23.488744372186094,2142
Max,all,"('1mer',)",0.7720875355953575,0.00994771959876684,0.07979066412936084,21.989494747373687,2142
Max,all,"('1mer',)",0.7812840823968117,0.009847784774968628,0.079263761296578,20.98999499749875,2142
Max,all,"('1mer',)",0.7839059873520602,0.009601566161333043,0.0738446051181555,17.49174587293647,2142
Max,all,"('1mer',)",0.8018545177844099,0.00945451508573224,0.07824949779890981,21.989494747373687,2142
Max,all,"('1mer',)",0.7884618702106629,0.009445044706438362,0.07577133175937865,23.988494247123562,2142
Max,all,"('1mer',)",0.8473654550059582,0.007979523655401706,0.07346247951071144,16.991995997999,2142
Max,all,"('1mer',)",0.778459016542574,0.010413317366647894,0.07993758791421103,28.98599299649825,2142
Max,all,"('1mer', '2mer')",0.8382571603404929,0.007085952321469253,0.06820157708032427,167.91645822911457,2142
Max,all,"('1mer', '2mer')",0.868986032768081,0.006072623297929845,0.06079562551251542,164.91795897948975,2142
Max,all,"('1mer', '2mer')",0.8438137740481954,0.0072653805319280295,0.0664202110410763,142.92896448224113,2142
Max,all,"('1mer', '2mer')",0.8401595422299291,0.006976573477842705,0.06751977662803206,154.42321160580292,2142
Max,all,"('1mer', '2mer')",0.8449305938154557,0.006982071328060125,0.06749014924324669,159.4207103551776,2142
Max,all,"('1mer', '2mer')",0.8481669529145434,0.006746300044152128,0.06417920162116214,162.91895947973987,2142
Max,all,"('1mer', '2mer')",0.8583026596960357,0.006761091025302007,0.06534149747095187,175.4127063531766,2142
Max,all,"('1mer', '2mer')",0.8529296180572709,0.006566600233373443,0.06502432186370478,171.41470735367685,2142
Max,all,"('1mer', '2mer')",0.8750664609509996,0.006531353241387567,0.06603126823825176,158.92096048024013,2142
Max,all,"('1mer', '2mer')",0.844313589818311,0.007317887523992152,0.06717409318971274,147.92646323161583,2142
Max,all,"('1mer', '2mer', '3mer')",0.8760658371820491,0.005429554535940706,0.05798022411524245,397.3016508254127,2142
Max,all,"('1mer', '2mer', '3mer')",0.8804168553168621,0.005542793686699518,0.058644919619518156,400.799899949975,2142
Max,all,"('1mer', '2mer', '3mer')",0.8622059932434197,0.0064098219161434974,0.0622943908185156,397.3016508254127,2142
Max,all,"('1mer', '2mer', '3mer')",0.8778458018751911,0.005331677290805759,0.060122068220883,426.2871435717859,2142
Max,all,"('1mer', '2mer', '3mer')",0.8937240634395361,0.004785122918691541,0.05552655413740531,434.2831415707854,2142
Max,all,"('1mer', '2mer', '3mer')",0.8845071466649748,0.0051316196079158275,0.057844504751235676,417.79139569784894,2142
Max,all,"('1mer', '2mer', '3mer')",0.8665215073525947,0.006368928568265895,0.06438255711934619,379.3106553276638,2142
Max,all,"('1mer', '2mer', '3mer')",0.8751888230780842,0.005572740701946513,0.05818463404384385,397.3016508254127,2142
Max,all,"('1mer', '2mer', '3mer')",0.900059176645662,0.005224768509169355,0.058460850228817536,384.3081540770385,2142
Max,all,"('1mer', '2mer', '3mer')",0.8782550098892418,0.0057225042519790225,0.05963628217495805,426.78689344672335,2142
Max,all,"('1mer', 'DNaseI', 'twistDisp', 'NPP', 'stiffness', 'trxDi')",0.8977131878558211,0.004481184301540304,0.05272673837677422,9.995497748874438,2142
Max,all,"('1mer', 'DNaseI', 'twistDisp', 'NPP', 'stiffness', 'trxDi')",0.9224350225359969,0.0035952112526866004,0.04711645586180789,8.9959979989995,2142
Max,all,"('1mer', 'DNaseI', 'twistDisp', 'NPP', 'stiffness', 'trxDi')",0.915998689674308,0.003907524373404426,0.04817011640445494,5.997498749374688,2142
Max,all,"('1mer', 'DNaseI', 'twistDisp', 'NPP', 'stiffness', 'trxDi')",0.8935922313345713,0.004644391207734977,0.05468515403191599,7.996498249124563,2142
Max,all,"('1mer', 'DNaseI', 'twistDisp', 'NPP', 'stiffness', 'trxDi')",0.8973681919912456,0.004621044354758846,0.055173348908301834,9.995497748874438,2142
Max,all,"('1mer', 'DNaseI', 'twistDisp', 'NPP', 'stiffness', 'trxDi')",0.9117564830770007,0.003920867383888469,0.05003488563182872,5.997498749374688,2142
Max,all,"('1mer', 'DNaseI', 'twistDisp', 'NPP', 'stiffness', 'trxDi')",0.903118853122803,0.004622685586527246,0.053422714502354515,8.9959979989995,2142
Max,all,"('1mer', 'DNaseI', 'twistDisp', 'NPP', 'stiffness', 'trxDi')",0.9056233094612485,0.004213859989553233,0.05157578434217777,5.497748874437219,2142
Max,all,"('1mer', 'DNaseI', 'twistDisp', 'NPP', 'stiffness', 'trxDi')",0.930716266430218,0.003622058106021842,0.04773604306050508,10.495247623811906,2142
Max,all,"('1mer', 'DNaseI', 'twistDisp', 'NPP', 'stiffness', 'trxDi')",0.9073829255748386,0.004353375048301142,0.05176106223105547,8.496248124062031,2142
Max,all,"('1mer',)",0.826692259463563,0.009205990145932211,0.07605491432920217,24.48824412206103,1071
Max,all,"('1mer',)",0.8028647849010137,0.007990203872657088,0.06973090497459683,19.990495247623812,1071
Max,all,"('1mer',)",0.7912377328159735,0.009640531384808181,0.07349235589450052,24.9879939969985,1071
Max,all,"('1mer',)",0.8252901297940083,0.009218169015667356,0.07673652481470981,25.987493746873437,1071
Max,all,"('1mer',)",0.7283680112246813,0.011526092960394719,0.08065150663056579,21.48974487243622,1071
Max,all,"('1mer',)",0.7566773029906776,0.012338392820779464,0.08410790296848457,18.491245622811405,1071
Max,all,"('1mer',)",0.8178676088554767,0.007742925225437441,0.07152670166115693,23.988494247123562,1071
Max,all,"('1mer',)",0.7811537315680968,0.009122685622255015,0.07683909014836471,17.991495747873937,1071
Max,all,"('1mer',)",0.7468509068719446,0.010085392446371317,0.08380173312206228,21.989494747373687,1071
Max,all,"('1mer',)",0.8263061471592846,0.008939786242038198,0.07638376223746397,23.488744372186094,1071
Max,all,"('1mer', '2mer')",0.8313706886893426,0.008957475144711517,0.07779950530782741,176.911955977989,1071
Max,all,"('1mer', '2mer')",0.8175632808921306,0.007394450447620947,0.06803801463564066,160.42021010505252,1071
Max,all,"('1mer', '2mer')",0.8522067679658962,0.006825013500313408,0.0673515656500682,182.40920460230114,1071
Max,all,"('1mer', '2mer')",0.7990761415301209,0.010601290496476215,0.08669296268022902,155.42271135567785,1071
Max,all,"('1mer', '2mer')",0.7949061268636898,0.008702697565314539,0.07698713111019996,194.90295147573786,1071
Max,all,"('1mer', '2mer')",0.8383146758885365,0.008198729780501532,0.07438919999636392,172.41420710355177,1071
Max,all,"('1mer', '2mer')",0.838532984451072,0.0068643859552572975,0.06902717038686758,201.89944972486245,1071
Max,all,"('1mer', '2mer')",0.8364572764391053,0.006817337410153922,0.06591747753329034,167.91645822911457,1071
Max,all,"('1mer', '2mer')",0.7264064116653968,0.01089989569020356,0.084587462180127,158.42121060530266,1071
Max,all,"('1mer', '2mer')",0.8303874893531703,0.008729725113234698,0.07526206519282282,179.91045522761382,1071
Max,all,"('1mer', '2mer', '3mer')",0.8295520650893151,0.009054079202263652,0.07700769207479882,226.8869434717359,1071
Max,all,"('1mer', '2mer', '3mer')",0.8279738077761034,0.0069724952318420096,0.06333465672492324,172.41420710355177,1071
Max,all,"('1mer', '2mer', '3mer')",0.7792789401594477,0.0101927821219015,0.08027957367630435,155.9224612306153,1071
Max,all,"('1mer', '2mer', '3mer')",0.803460450239556,0.010369962417228122,0.0819104866343513,187.9064532266133,1071
Max,all,"('1mer', '2mer', '3mer')",0.7831475269644655,0.009201647325000801,0.07639717809554705,163.91845922961483,1071
Max,all,"('1mer', '2mer', '3mer')",0.8350619970308575,0.008363666426195335,0.07430292891004492,189.40570285142573,1071
Max,all,"('1mer', '2mer', '3mer')",0.782461936270746,0.00924811314757017,0.07597825690166958,198.90095047523764,1071
Max,all,"('1mer', '2mer', '3mer')",0.8163802729710614,0.007654254540102056,0.0688601710327506,178.91095547773887,1071
Max,all,"('1mer', '2mer', '3mer')",0.7514866058869472,0.009900707432287902,0.08085022252440366,174.41320660330166,1071
Max,all,"('1mer', '2mer', '3mer')",0.8413533888290952,0.008165325189672942,0.07350179748749629,238.88094047023512,1071
Max,all,"('1mer', 'DNaseI', 'twistDisp', 'NPP', 'stiffness', 'trxDi')",0.8940243590732191,0.005629354482731128,0.05726329986925565,19.490745372686344,1071
Max,all,"('1mer', 'DNaseI', 'twistDisp', 'NPP', 'stiffness', 'trxDi')",0.8809377154083232,0.004825783799987888,0.05539950889468274,14.493246623311656,1071
Max,all,"('1mer', 'DNaseI', 'twistDisp', 'NPP', 'stiffness', 'trxDi')",0.8861026188827921,0.005259720983677449,0.057233513872231793,18.491245622811405,1071
Max,all,"('1mer', 'DNaseI', 'twistDisp', 'NPP', 'stiffness', 'trxDi')",0.88507280075739,0.006063872326540846,0.06175929323568669,17.991495747873937,1071
Max,all,"('1mer', 'DNaseI', 'twistDisp', 'NPP', 'stiffness', 'trxDi')",0.883695447906144,0.004935122277736164,0.05432799493073973,18.990995497748877,1071
Max,all,"('1mer', 'DNaseI', 'twistDisp', 'NPP', 'stiffness', 'trxDi')",0.8713298017455173,0.006524600745858717,0.06478520691800538,24.48824412206103,1071
Max,all,"('1mer', 'DNaseI', 'twistDisp', 'NPP', 'stiffness', 'trxDi')",0.8667719658142898,0.005663872857263567,0.060181416627795484,21.48974487243622,1071
Max,all,"('1mer', 'DNaseI', 'twistDisp', 'NPP', 'stiffness', 'trxDi')",0.8633385445986036,0.005696782052716135,0.057872011890670164,15.492746373186593,1071
Max,all,"('1mer', 'DNaseI', 'twistDisp', 'NPP', 'stiffness', 'trxDi')",0.827804590936436,0.006860219234484866,0.06851357705766978,16.991995997999,1071
Max,all,"('1mer', 'DNaseI', 'twistDisp', 'NPP', 'stiffness', 'trxDi')",0.8857933865588286,0.0058780589807484055,0.061119237004876786,17.49174587293647,1071
Max,all,"('1mer',)",0.7922731080915935,0.010603465618419794,0.07660009865901225,23.488744372186094,536
Max,all,"('1mer',)",0.6200322673760792,0.014203234987633364,0.09204046348264923,11.494747373686844,536
Max,all,"('1mer',)",0.841659689397819,0.008669196603496824,0.07136196035186365,23.488744372186094,536
Max,all,"('1mer',)",0.7369225070869955,0.01200439554322573,0.08071930350885055,22.489244622311155,536
Max,all,"('1mer',)",0.7293054600096954,0.013022767569374628,0.08187722718462946,14.493246623311656,536
Max,all,"('1mer',)",0.8610462861184702,0.0073529261122481605,0.06935836985514181,18.491245622811405,536
Max,all,"('1mer',)",0.7320887872285802,0.010182213129459378,0.08052567431378727,22.489244622311155,536
Max,all,"('1mer',)",0.6337008721003983,0.009885499072744056,0.08455090396369497,20.98999499749875,536
Max,all,"('1mer',)",0.7059178060930429,0.011160023281982148,0.08232251203066542,21.48974487243622,536
Max,all,"('1mer',)",0.8299157772403938,0.008820440163862067,0.07434675392524337,16.991995997999,536
Max,all,"('1mer', '2mer')",0.785647938917668,0.010941648859436602,0.08684368303415904,127.93646823411706,536
Max,all,"('1mer', '2mer')",0.6470777903742851,0.013192270409524927,0.09041989759029852,129.93546773386694,536
Max,all,"('1mer', '2mer')",0.7787869382734118,0.012111505377726959,0.09366153076865144,164.4182091045523,536
Max,all,"('1mer', '2mer')",0.7725865950655171,0.01037702022486602,0.0807374316809511,150.42521260630315,536
Max,all,"('1mer', '2mer')",0.7792319029967469,0.010620870351169591,0.08334153232778807,148.92596298149076,536
Max,all,"('1mer', '2mer')",0.7680587260260092,0.012273490231182349,0.0936955493741187,156.92196098049024,536
Max,all,"('1mer', '2mer')",0.6724237655809937,0.01244983739387517,0.08479161705047536,119.4407203601801,536
Max,all,"('1mer', '2mer')",0.5517129883452934,0.01209814738966684,0.09246670600980371,155.9224612306153,536
Max,all,"('1mer', '2mer')",0.5418503652493043,0.017386161747919494,0.1071599663835578,122.43921960980491,536
Max,all,"('1mer', '2mer')",0.8015358802501698,0.010292200325959186,0.07834461349918267,154.42321160580292,536
Max,all,"('1mer', '2mer', '3mer')",0.7218950317139047,0.014195930254584436,0.10162707661882932,1.0,536
Max,all,"('1mer', '2mer', '3mer')",0.6598686277830075,0.01271414752222042,0.08891427709505975,1.0,536
Max,all,"('1mer', '2mer', '3mer')",0.7895221438659027,0.011523748491900939,0.08850153493603516,1.0,536
Max,all,"('1mer', '2mer', '3mer')",0.7096227365632237,0.013250101665699007,0.08736609297653704,1.0,536
Max,all,"('1mer', '2mer', '3mer')",0.7580746292826436,0.01163871968788054,0.08585779440336712,1.0,536
Max,all,"('1mer', '2mer', '3mer')",0.7316550934144244,0.014199838317413609,0.10148345094674117,1.0,536
Max,all,"('1mer', '2mer', '3mer')",0.6187737613394017,0.014488855365289339,0.09746193258164701,1.0,536
Max,all,"('1mer', '2mer', '3mer')",0.4642604996069515,0.014458271753842207,0.10175568599808156,1.0,536
Max,all,"('1mer', '2mer', '3mer')",0.5795713363041692,0.01595470168704802,0.10638982146305999,1.0,536
Max,all,"('1mer', '2mer', '3mer')",0.7188173126784317,0.014581923169553675,0.09412747908883493,1.0,536
Max,all,"('1mer', 'DNaseI', 'twistDisp', 'NPP', 'stiffness', 'trxDi')",0.8748595286622747,0.006387823324711857,0.06357370513648893,25.48774387193597,536
Max,all,"('1mer', 'DNaseI', 'twistDisp', 'NPP', 'stiffness', 'trxDi')",0.7327624552807265,0.009989368357556863,0.07516806753351345,26.487243621810908,536
Max,all,"('1mer', 'DNaseI', 'twistDisp', 'NPP', 'stiffness', 'trxDi')",0.8826806946559245,0.006423279830293934,0.06488341023752964,28.98599299649825,536
Max,all,"('1mer', 'DNaseI', 'twistDisp', 'NPP', 'stiffness', 'trxDi')",0.7608064194004587,0.010914557232255722,0.08326794547122918,22.489244622311155,536
Max,all,"('1mer', 'DNaseI', 'twistDisp', 'NPP', 'stiffness', 'trxDi')",0.841689289154885,0.007616125508672063,0.07290079344182115,28.486243121560783,536
Max,all,"('1mer', 'DNaseI', 'twistDisp', 'NPP', 'stiffness', 'trxDi')",0.8621938670455865,0.00729220029550529,0.07206369711291696,36.98199099549775,536
Max,all,"('1mer', 'DNaseI', 'twistDisp', 'NPP', 'stiffness', 'trxDi')",0.7839298280976611,0.008211946482081841,0.07311366460427134,46.976988494247124,536
Max,all,"('1mer', 'DNaseI', 'twistDisp', 'NPP', 'stiffness', 'trxDi')",0.6602183654807694,0.00916985812179152,0.07425844671433632,24.48824412206103,536
Max,all,"('1mer', 'DNaseI', 'twistDisp', 'NPP', 'stiffness', 'trxDi')",0.7665350170950194,0.00885968174452438,0.07627072175811897,32.48424212106053,536
Max,all,"('1mer', 'DNaseI', 'twistDisp', 'NPP', 'stiffness', 'trxDi')",0.856675920648039,0.00743267920712059,0.06977236386493241,27.486743371685844,536
