TATTACGTAATA__1__225	14	0	5	14	4	43	4	14	5	0	14
CATTACGTAATG__0.972538832390287__153	42	0	5	14	4	43	4	14	5	0	42
GATTACGTAATC__0.90437870939099__175	22	0	5	14	4	43	4	14	5	0	22
CATTACGTAATA__0.835362866497626__456	42	0	5	14	4	43	4	14	5	0	14
TATTACGTAATC__0.777997319423213__436	14	0	5	14	4	43	4	14	5	0	22
CATTACGTAATC__0.773637639287129__377	42	0	5	14	4	43	4	14	5	0	22
TGTTACGTAACA__0.753962768147422__167	42	4	5	14	4	43	4	14	5	4	42
TATTACGTAATT__0.744902653748404__349	14	0	5	14	4	43	4	14	5	0	5
AATTACGTAATT__0.744377165186609__80	5	0	5	14	4	43	4	14	5	0	5
CATTACGTAATT__0.71353068840499__261	42	0	5	14	4	43	4	14	5	0	5
CATTACGTAACA__0.71103333324254__405	42	0	5	14	4	43	4	14	5	4	42
CGTTACGTAACG__0.708289155040746__77	43	4	5	14	4	43	4	14	5	4	43
TATTACGTAACA__0.698961224025348__424	14	0	5	14	4	43	4	14	5	4	42
TATTACATAATA__0.677483945482546__296	14	0	5	14	4	42	0	14	5	0	14
TATTACGTAACG__0.674211957964932__272	14	0	5	14	4	43	4	14	5	4	43
AATTACGTAATC__0.660339800595345__253	5	0	5	14	4	43	4	14	5	0	22
TGTTACGTAATT__0.656619198174461__344	42	4	5	14	4	43	4	14	5	0	5
GATTACGTAACG__0.65623987540223__256	22	0	5	14	4	43	4	14	5	4	43
CATTACATAATC__0.654577901495552__234	42	0	5	14	4	42	0	14	5	0	22
CATTACATAATA__0.654569110258973__246	42	0	5	14	4	42	0	14	5	0	14
TATTACATAATC__0.64562363819137__244	14	0	5	14	4	42	0	14	5	0	22
CATTACGTAACG__0.645036436829164__210	42	0	5	14	4	43	4	14	5	4	43
TATTACGTCATA__0.636578538959731__232	14	0	5	14	4	43	4	22	42	0	14
TATTACATAATG__0.636387340622077__194	14	0	5	14	4	42	0	14	5	0	42
TATTACATAACG__0.632755169282734__249	14	0	5	14	4	42	0	14	5	4	43
TATTACATAACA__0.631568647895211__320	14	0	5	14	4	42	0	14	5	4	42
AATTACGTAACG__0.630861012145927__212	5	0	5	14	4	43	4	14	5	4	43
CATTACATAACA__0.630019618148345__301	42	0	5	14	4	42	0	14	5	4	42
TGTTACGTAATC__0.62477378959423__304	42	4	5	14	4	43	4	14	5	0	22
AGTTACGTAATA__0.62321015035765__238	9	4	5	14	4	43	4	14	5	0	14
TATTACGTAACC__0.620803427374145__334	14	0	5	14	4	43	4	14	5	4	42
GATTACATAATA__0.618460831480861__224	22	0	5	14	4	42	0	14	5	0	14
TATGACGTAATC__0.616350641072716__217	14	0	42	22	4	43	4	14	5	0	22
CATGACGTAATA__0.614622331981379__170	42	0	42	22	4	43	4	14	5	0	14
CATTACGTAACC__0.612518042453401__295	42	0	5	14	4	43	4	14	5	4	42
TATTACGTAAGA__0.611895639734594__165	14	0	5	14	4	43	4	14	5	9	22
TATTACATAACT__0.611651562720895__246	14	0	5	14	4	42	0	14	5	4	9
CATTACATAATG__0.611434554547093__156	42	0	5	14	4	42	0	14	5	0	42
TCTTACGTAAGA__0.607092526618585__32	22	9	5	14	4	43	4	14	5	9	22
AGTTACGTAACT__0.606810748491531__58	9	4	5	14	4	43	4	14	5	4	9
GATGACGTAATG__0.605247394661984__165	22	0	42	22	4	43	4	14	5	0	42
GATGACGTAATC__0.605052989982052__195	22	0	42	22	4	43	4	14	5	0	22
AGTTACGTAATG__0.604671295727237__194	9	4	5	14	4	43	4	14	5	0	42
GATTACATAATG__0.6032871312782__166	22	0	5	14	4	42	0	14	5	0	42
GATTACATAATC__0.602069984181451__197	22	0	5	14	4	42	0	14	5	0	22
TATTACGTAAGT__0.601189146434011__149	14	0	5	14	4	43	4	14	5	9	4
TGTTATATAACA__0.596298477953794__47	42	4	5	14	0	14	0	14	5	4	42
GATTACATAATT__0.592126399926385__168	22	0	5	14	4	42	0	14	5	0	5
TATTACGTCATC__0.59023804307917__176	14	0	5	14	4	43	4	22	42	0	22
GATGACGTAATT__0.588832005073557__164	22	0	42	22	4	43	4	14	5	0	5
TGTTACGTAACG__0.587514772538854__241	42	4	5	14	4	43	4	14	5	4	43
CATTACGTCATA__0.587475376819537__158	42	0	5	14	4	43	4	22	42	0	14
AGTTACGTAATC__0.587399199179901__202	9	4	5	14	4	43	4	14	5	0	22
TATTACGTAAGG__0.586830802777024__123	14	0	5	14	4	43	4	14	5	9	42
AATTACATAATA__0.586703399474136__191	5	0	5	14	4	42	0	14	5	0	14
TATTACGTCATT__0.5848239621746__162	14	0	5	14	4	43	4	22	42	0	5
CATTACGTAAGA__0.582239847776008__122	42	0	5	14	4	43	4	14	5	9	22
CATTACATAATT__0.582094141080389__146	42	0	5	14	4	42	0	14	5	0	5
AGTTACGTAATT__0.580301153437971__185	9	4	5	14	4	43	4	14	5	0	5
TATTACATAATT__0.578802195953738__157	14	0	5	14	4	42	0	14	5	0	5
CATGACGTAATC__0.577833907322797__148	42	0	42	22	4	43	4	14	5	0	22
TATTACGCAATA__0.577502106995476__222	14	0	5	14	4	43	25	42	5	0	14
GATTACGTAAGT__0.576261788130486__137	22	0	5	14	4	43	4	14	5	9	4
GATTATATAATC__0.574118320780701__34	22	0	5	14	0	14	0	14	5	0	22
GATTACATAACA__0.570814272390427__231	22	0	5	14	4	42	0	14	5	4	42
TCTTACGTAATC__0.568403859205437__137	22	9	5	14	4	43	4	14	5	0	22
GGTTACGTAATT__0.566014653518145__251	42	4	5	14	4	43	4	14	5	0	5
TGTTACATAATG__0.563999054958903__182	42	4	5	14	4	42	0	14	5	0	42
AGTTACGTAACA__0.558213196879358__223	9	4	5	14	4	43	4	14	5	4	42
AATTACATAATC__0.556450670050509__155	5	0	5	14	4	42	0	14	5	0	22
CATTACATAACG__0.552026746751767__152	42	0	5	14	4	42	0	14	5	4	43
GATTACATAACT__0.551836285511848__179	22	0	5	14	4	42	0	14	5	4	9
TATGACGTAACA__0.551108927168574__209	14	0	42	22	4	43	4	14	5	4	42
CATTACGTAAGG__0.549678184540324__84	42	0	5	14	4	43	4	14	5	9	42
CCTTACGTAATC__0.548815024941078__106	42	9	5	14	4	43	4	14	5	0	22
TATTGCGTAATG__0.546519628906178__170	14	0	5	42	25	43	4	14	5	0	42
GGTTACGTAACC__0.545313393443579__74	42	4	5	14	4	43	4	14	5	4	42
GATTACGTAAGC__0.544260402913533__149	22	0	5	14	4	43	4	14	5	9	25
CATGACGTAATG__0.543966830400252__99	42	0	42	22	4	43	4	14	5	0	42
CATTACATAACT__0.541137516440556__158	42	0	5	14	4	42	0	14	5	4	9
TGTTACGTAAGG__0.54107050414435__145	42	4	5	14	4	43	4	14	5	9	42
CATTACATAACC__0.539654355771537__241	42	0	5	14	4	42	0	14	5	4	42
TATTACATCATA__0.537966074680512__134	14	0	5	14	4	42	0	22	42	0	14
CATTACGTCATT__0.537547408995154__107	42	0	5	14	4	43	4	22	42	0	5
TATTACATAACC__0.536030712870109__248	14	0	5	14	4	42	0	14	5	4	42
AATTACATAATG__0.535453326504374__113	5	0	5	14	4	42	0	14	5	0	42
GATTACGTCATT__0.534877246911235__129	22	0	5	14	4	43	4	22	42	0	5
GATTACATAACG__0.53389787919855__149	22	0	5	14	4	42	0	14	5	4	43
TATTACGTAAGC__0.53341473056__137	14	0	5	14	4	43	4	14	5	9	25
GGTTACGTAATC__0.533394253720306__211	42	4	5	14	4	43	4	14	5	0	22
AATTACGTAAGT__0.53331537720882__95	5	0	5	14	4	43	4	14	5	9	4
GGTTACGTAACG__0.532689559836601__200	42	4	5	14	4	43	4	14	5	4	43
TGTTACATAATA__0.532153415087444__187	42	4	5	14	4	42	0	14	5	0	14
TATTACGCAATC__0.529848118645236__179	14	0	5	14	4	43	25	42	5	0	22
AATTACATAACA__0.526206249529589__189	5	0	5	14	4	42	0	14	5	4	42
TATTACATAAGT__0.525968247317231__104	14	0	5	14	4	42	0	14	5	9	4
CGTTACATAATA__0.525315872159608__142	43	4	5	14	4	42	0	14	5	0	14
TATTACGCAACA__0.52311640476792__231	14	0	5	14	4	43	25	42	5	4	42
AGTTACATAATA__0.522891494090978__149	9	4	5	14	4	42	0	14	5	0	14
GATTACGCAATA__0.520945244445494__164	22	0	5	14	4	43	25	42	5	0	14
CATTATATAATG__0.520451831920269__19	42	0	5	14	0	14	0	14	5	0	42
TCTTACGTAATT__0.518455355727527__93	22	9	5	14	4	43	4	14	5	0	5
CCTTACGTAATT__0.518117699296555__76	42	9	5	14	4	43	4	14	5	0	5
TATTATATAATA__0.516330269045196__27	14	0	5	14	0	14	0	14	5	0	14
AATTACATAATT__0.514944646464217__109	5	0	5	14	4	42	0	14	5	0	5
TATTACGTCACA__0.512530627246291__155	14	0	5	14	4	43	4	22	42	4	42
CATTACGTAAGT__0.512367554588133__78	42	0	5	14	4	43	4	14	5	9	4
AGTTACGTAACG__0.512255734672177__128	9	4	5	14	4	43	4	14	5	4	43
AGTTACGTAAGA__0.511576406203361__107	9	4	5	14	4	43	4	14	5	9	22
CGTTACATAATC__0.508855092883161__123	43	4	5	14	4	42	0	14	5	0	22
TCTTACGTAACA__0.50848284631721__134	22	9	5	14	4	43	4	14	5	4	42
AATTACATAACG__0.508362055375437__128	5	0	5	14	4	42	0	14	5	4	43
TGTTACGTAAGT__0.508126497499152__131	42	4	5	14	4	43	4	14	5	9	4
GATTACATAACC__0.507382043992788__205	22	0	5	14	4	42	0	14	5	4	42
GATTACATAAGT__0.50668680959551__94	22	0	5	14	4	42	0	14	5	9	4
TATTACATCATC__0.505603471127457__123	14	0	5	14	4	42	0	22	42	0	22
TGTTACATAACA__0.504567242395081__200	42	4	5	14	4	42	0	14	5	4	42
AATTACATAACT__0.504462934882564__138	5	0	5	14	4	42	0	14	5	4	9
GGTTACGTAACA__0.50148875676419__214	42	4	5	14	4	43	4	14	5	4	42
GATGACGTAACA__0.499438080715631__147	22	0	42	22	4	43	4	14	5	4	42
TGTTACATAATT__0.49861956681278__133	42	4	5	14	4	42	0	14	5	0	5
AATGACGTAACA__0.497921387721369__144	5	0	42	22	4	43	4	14	5	4	42
CATTACGTAAGC__0.496747237460417__97	42	0	5	14	4	43	4	14	5	9	25
CCTTACATAACA__0.495636148120259__139	42	9	5	14	4	42	0	14	5	4	42
GATTACATCATA__0.495631516112068__105	22	0	5	14	4	42	0	22	42	0	14
AGTTACATAATG__0.495508569844498__102	9	4	5	14	4	42	0	14	5	0	42
GATTACATCATC__0.493559728497294__114	22	0	5	14	4	42	0	22	42	0	22
CATTACGCAATC__0.493147418978951__130	42	0	5	14	4	43	25	42	5	0	22
GATGACGTAACG__0.492817610336681__101	22	0	42	22	4	43	4	14	5	4	43
CATTATATAATC__0.492706973321198__75	42	0	5	14	0	14	0	14	5	0	22
CATGACGTAACA__0.492540282979985__129	42	0	42	22	4	43	4	14	5	4	42
TATTACATAAGG__0.490213673880199__76	14	0	5	14	4	42	0	14	5	9	42
TATTACATAAGA__0.489691702821906__89	14	0	5	14	4	42	0	14	5	9	22
CATGACGTAATT__0.489664955144164__78	42	0	42	22	4	43	4	14	5	0	5
GATTACATAAGA__0.489384139486419__89	22	0	5	14	4	42	0	14	5	9	22
AATGACGTAATT__0.489032766771138__87	5	0	42	22	4	43	4	14	5	0	5
AATTACATAACC__0.488816066303148__193	5	0	5	14	4	42	0	14	5	4	42
AGTTACGTAACC__0.48760353882644__164	9	4	5	14	4	43	4	14	5	4	42
GATTATATAATA__0.487491418674362__87	22	0	5	14	0	14	0	14	5	0	14
CGTTACGTAAGA__0.483597791564138__81	43	4	5	14	4	43	4	14	5	9	22
TATGACGTAATT__0.483363645850788__95	14	0	42	22	4	43	4	14	5	0	5
CGTTACATAACA__0.482332792894309__145	43	4	5	14	4	42	0	14	5	4	42
TATTACATCATT__0.481860733624744__84	14	0	5	14	4	42	0	22	42	0	5
TGTGACGTAATT__0.481855738670417__125	42	4	42	22	4	43	4	14	5	0	5
TCTTACATAATA__0.480758250038186__98	22	9	5	14	4	42	0	14	5	0	14
CATTACATCATT__0.479229898367365__74	42	0	5	14	4	42	0	22	42	0	5
CGTTACGTAAGG__0.479220773644816__68	43	4	5	14	4	43	4	14	5	9	42
GGTTACATAATG__0.479157648584576__121	42	4	5	14	4	42	0	14	5	0	42
CATTACATAAGT__0.478048701834362__70	42	0	5	14	4	42	0	14	5	9	4
CATTACGTCACA__0.477830316126165__113	42	0	5	14	4	43	4	22	42	4	42
TATTGCATAACA__0.477722409377461__165	14	0	5	42	25	42	0	14	5	4	42
TGTTACATAATC__0.47743900138575__129	42	4	5	14	4	42	0	14	5	0	22
TATGACGTAACG__0.476250421216277__96	14	0	42	22	4	43	4	14	5	4	43
GGTTACGTAAGG__0.476101807177894__114	42	4	5	14	4	43	4	14	5	9	42
CATTACGCAACA__0.47605386958029__164	42	0	5	14	4	43	25	42	5	4	42
TATTGCATAATC__0.475287733545617__121	14	0	5	42	25	42	0	14	5	0	22
CATTACATCATA__0.47506455626503__84	42	0	5	14	4	42	0	22	42	0	14
CATGACGTAACG__0.474760045637837__79	42	0	42	22	4	43	4	14	5	4	43
GATGACGTAACT__0.474728021750248__100	22	0	42	22	4	43	4	14	5	4	9
TATTACGTCACT__0.474364677153126__105	14	0	5	14	4	43	4	22	42	4	9
CGTTACATAATG__0.473952365920837__83	43	4	5	14	4	42	0	14	5	0	42
CCTTACATAATA__0.473531116575504__86	42	9	5	14	4	42	0	14	5	0	14
ACTTACATAACA__0.473159975747067__128	4	9	5	14	4	42	0	14	5	4	42
CGTTACATAATT__0.472198673476937__88	43	4	5	14	4	42	0	14	5	0	5
CATTATATAATA__0.472008417039513__69	42	0	5	14	0	14	0	14	5	0	14
CATTGCATAATA__0.471239774252114__118	42	0	5	42	25	42	0	14	5	0	14
GGTTACATAATA__0.470373686646759__138	42	4	5	14	4	42	0	14	5	0	14
TATGACGTAAGA__0.468768993455387__74	14	0	42	22	4	43	4	14	5	9	22
CATTACATAAGA__0.468584629281334__71	42	0	5	14	4	42	0	14	5	9	22
AATTACATAAGA__0.467417365192567__76	5	0	5	14	4	42	0	14	5	9	22
TGTTACATAACT__0.467268591072469__141	42	4	5	14	4	42	0	14	5	4	9
TCTTACATAACA__0.4668404374933__122	22	9	5	14	4	42	0	14	5	4	42
AATGACGTAACC__0.466578786820201__135	5	0	42	22	4	43	4	14	5	4	42
AATGACGTAACG__0.466032584800868__82	5	0	42	22	4	43	4	14	5	4	43
GATTATATAACA__0.465127671789238__85	22	0	5	14	0	14	0	14	5	4	42
TATTACATAAGC__0.463933426628205__107	14	0	5	14	4	42	0	14	5	9	25
AATTGCGTAATG__0.463205940915045__93	5	0	5	42	25	43	4	14	5	0	42
GATTATATAATT__0.462707165117236__65	22	0	5	14	0	14	0	14	5	0	5
TCTTATATAAGA__0.461738725510866__10	22	9	5	14	0	14	0	14	5	9	22
GATTACGCAATC__0.461176454153502__119	22	0	5	14	4	43	25	42	5	0	22
GGTTACATAATT__0.460818145073356__113	42	4	5	14	4	42	0	14	5	0	5
CATTATATAACA__0.458826739712618__74	42	0	5	14	0	14	0	14	5	4	42
AGTTACATAATC__0.458783867358284__96	9	4	5	14	4	42	0	14	5	0	22
CATTACATAAGG__0.458101958986134__55	42	0	5	14	4	42	0	14	5	9	42
CATTACATCATC__0.457961027785509__84	42	0	5	14	4	42	0	22	42	0	22
CGTTACGTAAGC__0.457959944751249__85	43	4	5	14	4	43	4	14	5	9	25
GGTTACGTAAGT__0.457075656654088__109	42	4	5	14	4	43	4	14	5	9	4
TATGACGTAACT__0.456770947571365__94	14	0	42	22	4	43	4	14	5	4	9
CATGACGTAACC__0.456704359444046__118	42	0	42	22	4	43	4	14	5	4	42
ACTTACGTCATA__0.456654474639407__65	4	9	5	14	4	43	4	22	42	0	14
TATTGCGTAACA__0.456493339188076__139	14	0	5	42	25	43	4	14	5	4	42
ACTTACGTAAGT__0.456473036477734__12	4	9	5	14	4	43	4	14	5	9	4
TATTGCGTAATT__0.455270098781977__106	14	0	5	42	25	43	4	14	5	0	5
AGTTACGTAAGT__0.455097632001226__73	9	4	5	14	4	43	4	14	5	9	4
AGTTACATAACA__0.454997349014657__127	9	4	5	14	4	42	0	14	5	4	42
TATTACGTCACG__0.45444486430281__88	14	0	5	14	4	43	4	22	42	4	43
GATTACGTCACA__0.454429854611487__109	22	0	5	14	4	43	4	22	42	4	42
CATTGCATAATT__0.453899760484556__90	42	0	5	42	25	42	0	14	5	0	5
TGTTACATAACG__0.453400866857953__120	42	4	5	14	4	42	0	14	5	4	43
TCTTACGTAAGG__0.452626133731906__44	22	9	5	14	4	43	4	14	5	9	42
TCTTACATAATT__0.452186982803083__69	22	9	5	14	4	42	0	14	5	0	5
CATTACGTCACT__0.451813812317695__79	42	0	5	14	4	43	4	22	42	4	9
TGTTGCATAATA__0.45175073323911__135	42	4	5	42	25	42	0	14	5	0	14
TATTGCGTAACG__0.451728726107976__102	14	0	5	42	25	43	4	14	5	4	43
TATTACGCAATT__0.451217946020376__97	14	0	5	14	4	43	25	42	5	0	5
TATGACGTAACC__0.450957623181358__129	14	0	42	22	4	43	4	14	5	4	42
TGTTACGTAAGC__0.450716378835244__112	42	4	5	14	4	43	4	14	5	9	25
GGTTACATAATC__0.450556498383533__116	42	4	5	14	4	42	0	14	5	0	22
TATTACGTCACC__0.450046792843101__116	14	0	5	14	4	43	4	22	42	4	42
CCTTACATAATC__0.449768610964196__70	42	9	5	14	4	42	0	14	5	0	22
CGTTACATAACT__0.449191380636507__100	43	4	5	14	4	42	0	14	5	4	9
TATGACATAATA__0.448864854542279__89	14	0	42	22	4	42	0	14	5	0	14
TGTTACATCATA__0.448783949930119__104	42	4	5	14	4	42	0	22	42	0	14
AATGACATAATA__0.448649518976136__84	5	0	42	22	4	42	0	14	5	0	14
TATTACGCAATG__0.448140533904726__93	14	0	5	14	4	43	25	42	5	0	42
AGTTACATAACG__0.448003803701032__97	9	4	5	14	4	42	0	14	5	4	43
AGTTACATAATT__0.447294722826856__80	9	4	5	14	4	42	0	14	5	0	5
TATTACGTCAGA__0.44506925554901__67	14	0	5	14	4	43	4	22	42	9	22
GATTACGTCACG__0.444845821643647__85	22	0	5	14	4	43	4	22	42	4	43
CATTACGCAATG__0.443285498250132__80	42	0	5	14	4	43	25	42	5	0	42
CCTTACATAATG__0.443261177069687__54	42	9	5	14	4	42	0	14	5	0	42
AATTATATAATT__0.443214115206281__13	5	0	5	14	0	14	0	14	5	0	5
ACTTACATAATA__0.443150289214175__76	4	9	5	14	4	42	0	14	5	0	14
TATTGCATAATG__0.442980878453329__83	14	0	5	42	25	42	0	14	5	0	42
TATGACGTAAGG__0.441469115213836__52	14	0	42	22	4	43	4	14	5	9	42
AATGACGTAACT__0.441148340224285__78	5	0	42	22	4	43	4	14	5	4	9
CATTGCATAATG__0.440971521764525__77	42	0	5	42	25	42	0	14	5	0	42
CGTTACGTAAGT__0.440882007534686__59	43	4	5	14	4	43	4	14	5	9	4
CCTTACATAACG__0.440183404102551__71	42	9	5	14	4	42	0	14	5	4	43
AATTACGTAAGC__0.438480867669872__72	5	0	5	14	4	43	4	14	5	9	25
CATTACGTCACC__0.436910210036707__96	42	0	5	14	4	43	4	22	42	4	42
TATTATATAACA__0.436255404689728__73	14	0	5	14	0	14	0	14	5	4	42
TCTTACATAATC__0.434824221774008__69	22	9	5	14	4	42	0	14	5	0	22
TGTTACATAAGA__0.434363584708825__83	42	4	5	14	4	42	0	14	5	9	22
GATTGCATAATC__0.433515245207068__97	22	0	5	42	25	42	0	14	5	0	22
TGTGACGTAACA__0.433416471887386__120	42	4	42	22	4	43	4	14	5	4	42
CATTGCGTAATT__0.432198333137344__80	42	0	5	42	25	43	4	14	5	0	5
AATTACATCATC__0.431946444799024__76	5	0	5	14	4	42	0	22	42	0	22
GATTACGTCACC__0.431734927748529__103	22	0	5	14	4	43	4	22	42	4	42
AGTTACATAACT__0.431659824587591__94	9	4	5	14	4	42	0	14	5	4	9
CATGACGTAACT__0.43158710988409__67	42	0	42	22	4	43	4	14	5	4	9
TATTATATAATT__0.431189330197848__55	14	0	5	14	0	14	0	14	5	0	5
TATGACATAATC__0.430919717667959__75	14	0	42	22	4	42	0	14	5	0	22
AGTTACGTAAGG__0.430587276017862__56	9	4	5	14	4	43	4	14	5	9	42
TATTACATCATG__0.429772360164766__55	14	0	5	14	4	42	0	22	42	0	42
AGTTACGTAAGC__0.428962196655084__77	9	4	5	14	4	43	4	14	5	9	25
CCTTACATAACT__0.428689153798553__73	42	9	5	14	4	42	0	14	5	4	9
AGTTACGCAATA__0.428223609639511__94	9	4	5	14	4	43	25	42	5	0	14
TATTACGCAACC__0.427004823467384__158	14	0	5	14	4	43	25	42	5	4	42
GCTTACATAATA__0.426979835017305__81	25	9	5	14	4	42	0	14	5	0	14
TATTGCATAACT__0.425774986866036__102	14	0	5	42	25	42	0	14	5	4	9
TGTTACATAAGG__0.425654912892781__70	42	4	5	14	4	42	0	14	5	9	42
AATTACGCAATC__0.425382156462094__90	5	0	5	14	4	43	25	42	5	0	22
TATTACATCACA__0.424917359354485__106	14	0	5	14	4	42	0	22	42	4	42
CATGACGTAAGA__0.42469930752186__44	42	0	42	22	4	43	4	14	5	9	22
CGTTACATAAGA__0.424625405755627__60	43	4	5	14	4	42	0	14	5	9	22
CATGACATAATC__0.424383037206426__63	42	0	42	22	4	42	0	14	5	0	22
GGTTACGTAAGA__0.423920917451334__88	42	4	5	14	4	43	4	14	5	9	22
TATTACGTCAGG__0.423735314122709__51	14	0	5	14	4	43	4	22	42	9	42
CGTTACATAACG__0.423695880124716__77	43	4	5	14	4	42	0	14	5	4	43
CATTACATCATG__0.423557554763662__47	42	0	5	14	4	42	0	22	42	0	42
TATTACGTAAAC__0.423556476647546__85	14	0	5	14	4	43	4	14	5	5	4
TCTTACGTAAGT__0.423436585079633__41	22	9	5	14	4	43	4	14	5	9	4
AATGACATAACA__0.422470637114529__96	5	0	42	22	4	42	0	14	5	4	42
GATTACGCAATT__0.422433278635783__81	22	0	5	14	4	43	25	42	5	0	5
AATTACATCATA__0.420892199637312__63	5	0	5	14	4	42	0	22	42	0	14
GATTACGCAACA__0.420798530318834__118	22	0	5	14	4	43	25	42	5	4	42
GCTTACATAACA__0.420267193753013__102	25	9	5	14	4	42	0	14	5	4	42
AATTACGTCACC__0.420028120330518__92	5	0	5	14	4	43	4	22	42	4	42
TATTGCATAATA__0.419208160220993__87	14	0	5	42	25	42	0	14	5	0	14
AGTTATATAATA__0.419189510082095__59	9	4	5	14	0	14	0	14	5	0	14
ACTTACATAATC__0.418820877242666__61	4	9	5	14	4	42	0	14	5	0	22
AATTGCGTAATT__0.418487040301695__74	5	0	5	42	25	43	4	14	5	0	5
GATTACATAAGC__0.417694329456649__77	22	0	5	14	4	42	0	14	5	9	25
TATTGCATAATT__0.417690603861978__74	14	0	5	42	25	42	0	14	5	0	5
TGTTACATAACC__0.417531112739722__142	42	4	5	14	4	42	0	14	5	4	42
TATTACGTCAGC__0.417513407708429__62	14	0	5	14	4	43	4	22	42	9	25
TATTACGCAACG__0.417261763931789__87	14	0	5	14	4	43	25	42	5	4	43
AGTTATATAACA__0.417096317655833__63	9	4	5	14	0	14	0	14	5	4	42
CATGACATAATA__0.415059815054514__62	42	0	42	22	4	42	0	14	5	0	14
AATTACGCAACA__0.414882410933851__117	5	0	5	14	4	43	25	42	5	4	42
CCTTACATAACC__0.414421433177529__104	42	9	5	14	4	42	0	14	5	4	42
TATTACGTAAAG__0.414343205486262__51	14	0	5	14	4	43	4	14	5	5	9
GATTACATCATT__0.414276385881963__54	22	0	5	14	4	42	0	22	42	0	5
GATTGCATAATT__0.413943984493866__76	22	0	5	42	25	42	0	14	5	0	5
CGTTACGCAATC__0.413743814208784__82	43	4	5	14	4	43	25	42	5	0	22
GCTTACATAATC__0.413288848325333__70	25	9	5	14	4	42	0	14	5	0	22
GATTACGCAATG__0.413080240875__74	22	0	5	14	4	43	25	42	5	0	42
AATTACATAAGC__0.412875996554498__76	5	0	5	14	4	42	0	14	5	9	25
AGTGACGTAATT__0.412728303213735__65	9	4	42	22	4	43	4	14	5	0	5
CATTACGCAACT__0.412710610695514__90	42	0	5	14	4	43	25	42	5	4	9
GATGACATAATC__0.412407996014309__62	22	0	42	22	4	42	0	14	5	0	22
TATTACGCAACT__0.412054929727252__96	14	0	5	14	4	43	25	42	5	4	9
GATTGCATAATA__0.411571089628967__87	22	0	5	42	25	42	0	14	5	0	14
TCTTACATAATG__0.411282614410739__48	22	9	5	14	4	42	0	14	5	0	42
AATTACATAAGT__0.41103259315404__48	5	0	5	14	4	42	0	14	5	9	4
GATTATATAACT__0.410250024472713__53	22	0	5	14	0	14	0	14	5	4	9
TGTTACGCAATC__0.410149813020844__106	42	4	5	14	4	43	25	42	5	0	22
CATTACATAAGC__0.409917480583477__69	42	0	5	14	4	42	0	14	5	9	25
GATGACGTAAGA__0.409375373655888__47	22	0	42	22	4	43	4	14	5	9	22
GATTGCATAATG__0.409342057306846__69	22	0	5	42	25	42	0	14	5	0	42
CGTTACATCATA__0.409242440634149__61	43	4	5	14	4	42	0	22	42	0	14
AGTTACATAACC__0.40868948606506__116	9	4	5	14	4	42	0	14	5	4	42
ACTTACATAATG__0.408235420955545__46	4	9	5	14	4	42	0	14	5	0	42
GATGACGTAACC__0.407879540488709__90	22	0	42	22	4	43	4	14	5	4	42
TATGACATAACT__0.407085222635594__75	14	0	42	22	4	42	0	14	5	4	9
CATTGCATAATC__0.406149722511951__72	42	0	5	42	25	42	0	14	5	0	22
TATGACATAACA__0.405996536382641__88	14	0	42	22	4	42	0	14	5	4	42
CATTATATAATT__0.405787885390164__38	42	0	5	14	0	14	0	14	5	0	5
TTTTACGTAATC__0.405612878523313__65	5	5	5	14	4	43	4	14	5	0	22
TGTTACGCAACA__0.405598448508309__123	42	4	5	14	4	43	25	42	5	4	42
CGTTACATAACC__0.405514243815617__109	43	4	5	14	4	42	0	14	5	4	42
TATGACATAATT__0.403572547390629__55	14	0	42	22	4	42	0	14	5	0	5
CGTTATATAACA__0.403441883346677__55	43	4	5	14	0	14	0	14	5	4	42
AATGACATAATC__0.403197037389812__58	5	0	42	22	4	42	0	14	5	0	22
TGTTGCATAATG__0.403006503959403__80	42	4	5	42	25	42	0	14	5	0	42
AGTGACGTAATC__0.402661903932803__66	9	4	42	22	4	43	4	14	5	0	22
GATGACGTAAGC__0.402574089161745__56	22	0	42	22	4	43	4	14	5	9	25
TGTTATATAATT__0.402017961399172__51	42	4	5	14	0	14	0	14	5	0	5
TATGACATAACG__0.401991407126002__66	14	0	42	22	4	42	0	14	5	4	43
TATTACATCACC__0.401894533228908__106	14	0	5	14	4	42	0	22	42	4	42
CCTTACATAATT__0.401815605653104__44	42	9	5	14	4	42	0	14	5	0	5
CATTGCATAACA__0.401258825714211__96	42	0	5	42	25	42	0	14	5	4	42
GATGACATAATT__0.401160430078276__51	22	0	42	22	4	42	0	14	5	0	5
AATTGCATAATA__0.400852020419998__75	5	0	5	42	25	42	0	14	5	0	14
TATGACATAATG__0.400624597228615__50	14	0	42	22	4	42	0	14	5	0	42
AGTTACATAAGA__0.400522911237837__54	9	4	5	14	4	42	0	14	5	9	22
TGTGACGTAACG__0.400095019994687__71	42	4	42	22	4	43	4	14	5	4	43
CATTACGTCACG__0.399844329369682__52	42	0	5	14	4	43	4	22	42	4	43
CATTGCATAACT__0.399562793847388__81	42	0	5	42	25	42	0	14	5	4	9
CATTGCGTAACG__0.399523548351119__64	42	0	5	42	25	43	4	14	5	4	43
TATTGCATAACG__0.399505601969__78	14	0	5	42	25	42	0	14	5	4	43
CATTACATCACA__0.399499432052316__84	42	0	5	14	4	42	0	22	42	4	42
GCTTACGTAAGT__0.398504591337909__44	25	9	5	14	4	43	4	14	5	9	4
CATTGCGTAACA__0.398444970492983__86	42	0	5	42	25	43	4	14	5	4	42
TGTTACATAAGT__0.397787956298664__62	42	4	5	14	4	42	0	14	5	9	4
AATTGCATAACA__0.397771037563911__97	5	0	5	42	25	42	0	14	5	4	42
TATTACGTAAAT__0.397366554469615__52	14	0	5	14	4	43	4	14	5	5	0
TCTTACGTCATT__0.396857620593307__40	22	9	5	14	4	43	4	22	42	0	5
GGTTACATAAGT__0.396118044056649__67	42	4	5	14	4	42	0	14	5	9	4
AATGACATAATG__0.395971413919526__45	5	0	42	22	4	42	0	14	5	0	42
GGTTACATAACA__0.395483589690371__100	42	4	5	14	4	42	0	14	5	4	42
AGTTACATCATA__0.395374565696016__59	9	4	5	14	4	42	0	22	42	0	14
TATTACATCACT__0.395282727922028__61	14	0	5	14	4	42	0	22	42	4	9
CATTACGTAAAA__0.395014352041959__53	42	0	5	14	4	43	4	14	5	5	5
AATTGCGTAACA__0.394757969417552__86	5	0	5	42	25	43	4	14	5	4	42
ACTTACATAACT__0.394352325231476__61	4	9	5	14	4	42	0	14	5	4	9
ACTTACATAACG__0.394036677421072__55	4	9	5	14	4	42	0	14	5	4	43
AATTACATCATT__0.392920333825007__44	5	0	5	14	4	42	0	22	42	0	5
AGTTACGCAATG__0.3918347988157__66	9	4	5	14	4	43	25	42	5	0	42
GGTTACGTAAGC__0.391424481182821__82	42	4	5	14	4	43	4	14	5	9	25
AATTACATAAGG__0.391352862522601__37	5	0	5	14	4	42	0	14	5	9	42
AATGACATAATT__0.391116464511732__47	5	0	42	22	4	42	0	14	5	0	5
CATTATATAAGA__0.39110037431862__28	42	0	5	14	0	14	0	14	5	9	22
CATGACATAACA__0.391051338834914__72	42	0	42	22	4	42	0	14	5	4	42
TATTATATAACG__0.390890109701387__45	14	0	5	14	0	14	0	14	5	4	43
GATTATATAACG__0.390634732670019__43	22	0	5	14	0	14	0	14	5	4	43
GGTTACATAACG__0.390338855689432__82	42	4	5	14	4	42	0	14	5	4	43
GATTACATAAGG__0.390230228271424__39	22	0	5	14	4	42	0	14	5	9	42
TATTATATAACC__0.390163291584877__65	14	0	5	14	0	14	0	14	5	4	42
CCTTACGTAAGT__0.390078910497598__26	42	9	5	14	4	43	4	14	5	9	4
TGTTGCATAATC__0.389803996306941__83	42	4	5	42	25	42	0	14	5	0	22
AATTATATAACC__0.389632815077475__58	5	0	5	14	0	14	0	14	5	4	42
CATTACGTAAAC__0.389080442934187__60	42	0	5	14	4	43	4	14	5	5	4
CATGACATAACT__0.388592801722177__58	42	0	42	22	4	42	0	14	5	4	9
AATTGCATAATT__0.3880418559696__58	5	0	5	42	25	42	0	14	5	0	5
TCTTACGCAATC__0.386988363318942__57	22	9	5	14	4	43	25	42	5	0	22
GGTTACATAACT__0.386901191255483__85	42	4	5	14	4	42	0	14	5	4	9
GGTTACATAAGA__0.386157097104935__63	42	4	5	14	4	42	0	14	5	9	22
GATGACATAATG__0.38514155807419__42	22	0	42	22	4	42	0	14	5	0	42
AGTTACATAAGT__0.385104780943433__46	9	4	5	14	4	42	0	14	5	9	4
GTTTACGTAATC__0.385100174387148__64	4	5	5	14	4	43	4	14	5	0	22
GATTATATAACC__0.384914349424366__60	22	0	5	14	0	14	0	14	5	4	42
CATTATATAACG__0.384722565475727__36	42	0	5	14	0	14	0	14	5	4	43
TGTTATATAAGA__0.384593574147046__38	42	4	5	14	0	14	0	14	5	9	22
AGTTACGCAATT__0.384571989598574__64	9	4	5	14	4	43	25	42	5	0	5
CGTTACGCAACA__0.383934611840675__85	43	4	5	14	4	43	25	42	5	4	42
TATGACGTAAGC__0.383652652142263__51	14	0	42	22	4	43	4	14	5	9	25
CGTGACGTAACA__0.383081047089651__73	43	4	42	22	4	43	4	14	5	4	42
TGTTGCATAACA__0.382968303531465__99	42	4	5	42	25	42	0	14	5	4	42
CATTACATCACT__0.382912167239304__52	42	0	5	14	4	42	0	22	42	4	9
CATTACCTAATA__0.382547852392309__45	42	0	5	14	4	42	9	14	5	0	14
GGTTACATAACC__0.381691512228243__112	42	4	5	14	4	42	0	14	5	4	42
GCTTACATAATG__0.381623095279403__46	25	9	5	14	4	42	0	14	5	0	42
GATTACGCAACG__0.381540937314354__66	22	0	5	14	4	43	25	42	5	4	43
CGTGACGTAACT__0.381475695561317__57	43	4	42	22	4	43	4	14	5	4	9
ACTTACATAAGA__0.3814683721169__38	4	9	5	14	4	42	0	14	5	9	22
AGTGACGTAACA__0.381384681817493__75	9	4	42	22	4	43	4	14	5	4	42
TATTGCATAAGT__0.381243907619775__51	14	0	5	42	25	42	0	14	5	9	4
CGTTATATAACG__0.381031270150386__10	43	4	5	14	0	14	0	14	5	4	43
TCTTACGTAAGC__0.380517742618898__40	22	9	5	14	4	43	4	14	5	9	25
CGTTACATAAGG__0.380065230021152__37	43	4	5	14	4	42	0	14	5	9	42
AATGACATAACT__0.380033919452767__58	5	0	42	22	4	42	0	14	5	4	9
TGTGACGTAACT__0.380022191884733__66	42	4	42	22	4	43	4	14	5	4	9
CATTACGCAACC__0.379583065686062__106	42	0	5	14	4	43	25	42	5	4	42
TCTTACATAAGA__0.379246251746976__38	22	9	5	14	4	42	0	14	5	9	22
AGTTATATAACT__0.378885464639979__11	9	4	5	14	0	14	0	14	5	4	9
AATTACGCAACT__0.378775458275709__75	5	0	5	14	4	43	25	42	5	4	9
AATTGCATAATG__0.378102908137239__50	5	0	5	42	25	42	0	14	5	0	42
TGTTACATCATT__0.378017723938636__56	42	4	5	14	4	42	0	22	42	0	5
GATGACATAATA__0.377714237512526__50	22	0	42	22	4	42	0	14	5	0	14
ACTTACATAACC__0.377600602143663__83	4	9	5	14	4	42	0	14	5	4	42
GGTTACATCATT__0.377329623870391__61	42	4	5	14	4	42	0	22	42	0	5
CATGACATAATT__0.376755831287648__39	42	0	42	22	4	42	0	14	5	0	5
AATGACGTAAGG__0.376732249204884__28	5	0	42	22	4	43	4	14	5	9	42
GCTTACGTAAGC__0.376112715046881__12	25	9	5	14	4	43	4	14	5	9	25
CATTGCATAACG__0.376096352608345__62	42	0	5	42	25	42	0	14	5	4	43
CGTTATATAATT__0.375714622766175__35	43	4	5	14	0	14	0	14	5	0	5
AATTACGTCAGA__0.375431750225141__36	5	0	5	14	4	43	4	22	42	9	22
GATTACGCAACC__0.374857191210205__104	22	0	5	14	4	43	25	42	5	4	42
GATGACATAACT__0.37451515808729__55	22	0	42	22	4	42	0	14	5	4	9
CGTTACATAAGT__0.374326794139773__39	43	4	5	14	4	42	0	14	5	9	4
TGTTACATAAGC__0.374288119609547__71	42	4	5	14	4	42	0	14	5	9	25
TATTAGATAATA__0.374263110328107__35	14	0	5	14	9	22	0	14	5	0	14
CATTACGCAACG__0.37406944034252__58	42	0	5	14	4	43	25	42	5	4	43
AATTGCATAATC__0.373907558154583__58	5	0	5	42	25	42	0	14	5	0	22
GATGACATAACG__0.373670989883682__50	22	0	42	22	4	42	0	14	5	4	43
TCTTACATAACT__0.373204252432598__52	22	9	5	14	4	42	0	14	5	4	9
GATGACGTAAGG__0.372747416056462__30	22	0	42	22	4	43	4	14	5	9	42
ACTTACATAATT__0.372491847510626__38	4	9	5	14	4	42	0	14	5	0	5
CATTACGTAAAG__0.372047707167629__32	42	0	5	14	4	43	4	14	5	5	9
CTTTACGTAATC__0.371908758230442__38	9	5	5	14	4	43	4	14	5	0	22
GATTACATCACA__0.371518409226912__69	22	0	5	14	4	42	0	22	42	4	42
GATTACATCATG__0.37149508511457__36	22	0	5	14	4	42	0	22	42	0	42
TGTTGCATAACG__0.371282018569635__78	42	4	5	42	25	42	0	14	5	4	43
CGTTGCATAACT__0.371016825712202__69	43	4	5	42	25	42	0	14	5	4	9
TCTTACGTCACC__0.370435725766336__53	22	9	5	14	4	43	4	22	42	4	42
CATTACGTCAGA__0.370407919012073__32	42	0	5	14	4	43	4	22	42	9	22
TCTTACATAACG__0.369851272541584__46	22	9	5	14	4	42	0	14	5	4	43
ACTTACGTCATC__0.369820835727972__33	4	9	5	14	4	43	4	22	42	0	22
GCTTACATAACG__0.368939817448434__54	25	9	5	14	4	42	0	14	5	4	43
TGTTATATAAGG__0.368580151209745__33	42	4	5	14	0	14	0	14	5	9	42
GGTTACATAAGG__0.368195242138219__50	42	4	5	14	4	42	0	14	5	9	42
CATGACGTAAGG__0.36809920236673__23	42	0	42	22	4	43	4	14	5	9	42
TATTGCATAAGG__0.368041904434983__42	14	0	5	42	25	42	0	14	5	9	42
TATTGCGTAAGA__0.367912534667415__47	14	0	5	42	25	43	4	14	5	9	22
ACTTATATAATC__0.36774848330033__27	4	9	5	14	0	14	0	14	5	0	22
TGTTACGTCACC__0.367699571161579__80	42	4	5	14	4	43	4	22	42	4	42
CGTTGCATAATT__0.367687128666389__52	43	4	5	42	25	42	0	14	5	0	5
CGTTGCATAATA__0.367223704781132__60	43	4	5	42	25	42	0	14	5	0	14
TCTTACGCAACA__0.36705482087331__67	22	9	5	14	4	43	25	42	5	4	42
AATTACATCATG__0.367053561745485__33	5	0	5	14	4	42	0	22	42	0	42
TATTACCTAATA__0.366269371650859__42	14	0	5	14	4	42	9	14	5	0	14
TATTACGTAAAA__0.365587105295503__47	14	0	5	14	4	43	4	14	5	5	5
GATTACGCAACT__0.365236079289722__66	22	0	5	14	4	43	25	42	5	4	9
AATTGCGTAACG__0.36508344918926__50	5	0	5	42	25	43	4	14	5	4	43
GATTACGTCAGA__0.365023194808624__39	22	0	5	14	4	43	4	22	42	9	22
GATGACATAACA__0.365008596691792__60	22	0	42	22	4	42	0	14	5	4	42
AATTACATCACA__0.364943573291194__69	5	0	5	14	4	42	0	22	42	4	42
TATTACATCACG__0.363507646523467__45	14	0	5	14	4	42	0	22	42	4	43
TCTTACATAACC__0.363082225639037__73	22	9	5	14	4	42	0	14	5	4	42
TGTTGCATAATT__0.362631455153643__61	42	4	5	42	25	42	0	14	5	0	5
TTTTACGTAATT__0.361982212028607__44	5	5	5	14	4	43	4	14	5	0	5
ACTTACATAAGT__0.361967755892047__30	4	9	5	14	4	42	0	14	5	9	4
TATTATATAAGA__0.361733579604057__27	14	0	5	14	0	14	0	14	5	9	22
GATTGCATAACT__0.361406739523002__66	22	0	5	42	25	42	0	14	5	4	9
AATTGCGTAACC__0.361079170615481__73	5	0	5	42	25	43	4	14	5	4	42
ACTTATATAATT__0.360967791096063__23	4	9	5	14	0	14	0	14	5	0	5
CATTATATAACC__0.360527965483683__45	42	0	5	14	0	14	0	14	5	4	42
CATTGCATAACC__0.360437376232073__88	42	0	5	42	25	42	0	14	5	4	42
TCTTACATCATA__0.360308653801836__37	22	9	5	14	4	42	0	22	42	0	14
CGTGACGTAATT__0.360094696977606__41	43	4	42	22	4	43	4	14	5	0	5
ACTTACGCAATA__0.359949087360497__43	4	9	5	14	4	43	25	42	5	0	14
AATTATATAAGA__0.359729949273596__23	5	0	5	14	0	14	0	14	5	9	22
CATTACGTCAGC__0.359708371026538__34	42	0	5	14	4	43	4	22	42	9	25
GATTACGTCAGC__0.35944975697515__41	22	0	5	14	4	43	4	22	42	9	25
ACTTATATAACA__0.359404002730719__32	4	9	5	14	0	14	0	14	5	4	42
CATTACGCAAGA__0.359362645507068__40	42	0	5	14	4	43	25	42	5	9	22
TATTGCATAACC__0.358867512891809__88	14	0	5	42	25	42	0	14	5	4	42
TATGACATAACC__0.358777477468054__77	14	0	42	22	4	42	0	14	5	4	42
AGTTGCATAATA__0.358676418644411__61	9	4	5	42	25	42	0	14	5	0	14
GATTATATAAGA__0.357958522153817__25	22	0	5	14	0	14	0	14	5	9	22
GGTTACGCAATC__0.357676422944248__77	42	4	5	14	4	43	25	42	5	0	22
TGTTACATCATG__0.357554955207943__44	42	4	5	14	4	42	0	22	42	0	42
TATTACTTAATA__0.357269971652988__34	14	0	5	14	4	9	5	14	5	0	14
GGTTATATAACC__0.357260573419802__15	42	4	5	14	0	14	0	14	5	4	42
GGTTGCATAATG__0.356839850903221__65	42	4	5	42	25	42	0	14	5	0	42
TGTTACGCAACG__0.356612590907148__65	42	4	5	14	4	43	25	42	5	4	43
AATTAGGTAATA__0.356429830527815__34	5	0	5	14	9	42	4	14	5	0	14
GATTATATAAGG__0.356420603876172__23	22	0	5	14	0	14	0	14	5	9	42
TGTTATATAACC__0.356413860961097__49	42	4	5	14	0	14	0	14	5	4	42
GCTTACATAACT__0.356240132211882__53	25	9	5	14	4	42	0	14	5	4	9
CATTGCGTAACC__0.356186974716859__68	42	0	5	42	25	43	4	14	5	4	42
AATGACGTAAGC__0.356105825427726__37	5	0	42	22	4	43	4	14	5	9	25
TATTGCGTAACC__0.355950599846851__72	14	0	5	42	25	43	4	14	5	4	42
CCTTACGCAATA__0.355934482870581__38	42	9	5	14	4	43	25	42	5	0	14
GCTTACATAATT__0.355860830236526__40	25	9	5	14	4	42	0	14	5	0	5
TGTGACATAATA__0.355792521886525__51	42	4	42	22	4	42	0	14	5	0	14
GGTTGCGTAACA__0.355164111431475__100	42	4	5	42	25	43	4	14	5	4	42
CTTTACGTAATT__0.354964758243355__30	9	5	5	14	4	43	4	14	5	0	5
CCTTACGCAACA__0.354554365092447__57	42	9	5	14	4	43	25	42	5	4	42
TATTGCATAAGC__0.3544583189783__58	14	0	5	42	25	42	0	14	5	9	25
GATTGCATAACC__0.352882074684249__89	22	0	5	42	25	42	0	14	5	4	42
CGTTACATCATC__0.352667566987404__43	43	4	5	14	4	42	0	22	42	0	22
CGTTATATAAGA__0.352113138863046__24	43	4	5	14	0	14	0	14	5	9	22
GGTTGCGTAATT__0.351891696117882__91	42	4	5	42	25	43	4	14	5	0	5
GATTACATCACC__0.351850527060695__69	22	0	5	14	4	42	0	22	42	4	42
AGTTACATAAGG__0.351799441175213__32	9	4	5	14	4	42	0	14	5	9	42
CATTACATCACC__0.351432640848394__68	42	0	5	14	4	42	0	22	42	4	42
CCTTACATCATA__0.35135359733679__31	42	9	5	14	4	42	0	22	42	0	14
CGTTGCATAATC__0.350916859078371__50	43	4	5	42	25	42	0	14	5	0	22
CGTTGCATAACA__0.35082861605127__66	43	4	5	42	25	42	0	14	5	4	42
GCTTACATAACC__0.350717506809056__75	25	9	5	14	4	42	0	14	5	4	42
AGTTACATCATC__0.350520439974845__45	9	4	5	14	4	42	0	22	42	0	22
CATGACGTAAGT__0.350470199290917__23	42	0	42	22	4	43	4	14	5	9	4
CATGACGTAAGC__0.350322127100137__32	42	0	42	22	4	43	4	14	5	9	25
AGTGACGTAACC__0.349835349832411__65	9	4	42	22	4	43	4	14	5	4	42
GATTAGGTAATA__0.349774847503178__39	22	0	5	14	9	42	4	14	5	0	14
TATTATATAAGC__0.349554907373667__31	14	0	5	14	0	14	0	14	5	9	25
TGTGACGTAAGA__0.349092202283865__40	42	4	42	22	4	43	4	14	5	9	22
AGTTACGTCACC__0.34879821398008__56	9	4	5	14	4	43	4	22	42	4	42
AGTTACATAAGC__0.34878594334306__49	9	4	5	14	4	42	0	14	5	9	25
TCTTGCATAATT__0.348674959409808__35	22	9	5	42	25	42	0	14	5	0	5
AATTATATAAGC__0.348396739071512__27	5	0	5	14	0	14	0	14	5	9	25
AGTTACGCAATC__0.348243480739564__53	9	4	5	14	4	43	25	42	5	0	22
TATTACGCAAGA__0.347800754882015__41	14	0	5	14	4	43	25	42	5	9	22
ATTTACGTAATT__0.347791468956183__33	0	5	5	14	4	43	4	14	5	0	5
AATTACATCACC__0.34777146237362__71	5	0	5	14	4	42	0	22	42	4	42
TGTTGCATAAGG__0.347352840108875__47	42	4	5	42	25	42	0	14	5	9	42
CCTTACGTAAGC__0.347185258496521__26	42	9	5	14	4	43	4	14	5	9	25
TATTGCATAAGA__0.347171797758166__40	14	0	5	42	25	42	0	14	5	9	22
TATTACATAAAT__0.345798303437828__41	14	0	5	14	4	42	0	14	5	5	0
CCTTACATAAGA__0.345642126697677__26	42	9	5	14	4	42	0	14	5	9	22
TATTATATAAGG__0.345639044925714__22	14	0	5	14	0	14	0	14	5	9	42
ATTTACGTAATC__0.345540319958931__35	0	5	5	14	4	43	4	14	5	0	22
CCTTACGCAATC__0.345286573806451__36	42	9	5	14	4	43	25	42	5	0	22
GGTTACATCATC__0.345258290042521__55	42	4	5	14	4	42	0	22	42	0	22
GGTTGCATAATA__0.345254181548375__69	42	4	5	42	25	42	0	14	5	0	14
AGTTGCGTAACA__0.344975108758714__66	9	4	5	42	25	43	4	14	5	4	42
TATGACATAAGA__0.344435309309266__32	14	0	42	22	4	42	0	14	5	9	22
TATTACATAAAC__0.343990539140694__56	14	0	5	14	4	42	0	14	5	5	4
AGTTACGTAAAA__0.343291813401515__41	9	4	5	14	4	43	4	14	5	5	5
TGTGACATAATG__0.343256678506995__38	42	4	42	22	4	42	0	14	5	0	42
TATTACACAATA__0.342898383326506__51	14	0	5	14	4	42	4	42	5	0	14
CGTTACGTCACC__0.342392606029874__49	43	4	5	14	4	43	4	22	42	4	42
GTTTACGTAATT__0.342141220994035__44	4	5	5	14	4	43	4	14	5	0	5
CGTGACGTAAGA__0.342070077132525__30	43	4	42	22	4	43	4	14	5	9	22
CATTACATCACG__0.341971746638416__35	42	0	5	14	4	42	0	22	42	4	43
AATTGCATAACG__0.341703608221845__48	5	0	5	42	25	42	0	14	5	4	43
GGTTACGTCACC__0.341566939903507__70	42	4	5	14	4	43	4	22	42	4	42
TATTACATCAGA__0.341549548870479__29	14	0	5	14	4	42	0	22	42	9	22
GGTTACGCAACA__0.34140682006077__77	42	4	5	14	4	43	25	42	5	4	42
AATGACATAACG__0.340993472694778__38	5	0	42	22	4	42	0	14	5	4	43
TGTTGCATAACT__0.34084358071051__64	42	4	5	42	25	42	0	14	5	4	9
AGTTGCATAATC__0.340762614842362__50	9	4	5	42	25	42	0	14	5	0	22
CCTGACGTAACA__0.340712289731577__42	42	9	42	22	4	43	4	14	5	4	42
AGTTGCATAATG__0.340530504243918__43	9	4	5	42	25	42	0	14	5	0	42
TCTTACATAAGG__0.340467599966912__23	22	9	5	14	4	42	0	14	5	9	42
GTTTACGTAACG__0.340080462063419__42	4	5	5	14	4	43	4	14	5	4	43
TGTTATATAAGC__0.339821091280839__31	42	4	5	14	0	14	0	14	5	9	25
CGTTACATAAGC__0.339774615592561__43	43	4	5	14	4	42	0	14	5	9	25
ATTTACGTAACA__0.339732725128969__44	0	5	5	14	4	43	4	14	5	4	42
GATTGCATAACA__0.339630572383993__63	22	0	5	42	25	42	0	14	5	4	42
ACTGACGTAATA__0.339457939150426__26	4	9	42	22	4	43	4	14	5	0	14
AGTTATATAACG__0.339424733922927__30	9	4	5	14	0	14	0	14	5	4	43
TGTTGCATAAGT__0.339358130314081__47	42	4	5	42	25	42	0	14	5	9	4
TATTACATCAGG__0.339131524373839__23	14	0	5	14	4	42	0	22	42	9	42
CATTACATAAAG__0.338970937880127__29	42	0	5	14	4	42	0	14	5	5	9
AGTTACGCAACT__0.338916596106392__53	9	4	5	14	4	43	25	42	5	4	9
AATGACATAACC__0.338711296351925__63	5	0	42	22	4	42	0	14	5	4	42
CGTTACATCATG__0.338493792108437__28	43	4	5	14	4	42	0	22	42	0	42
GATTGCATAAGA__0.338231559743621__39	22	0	5	42	25	42	0	14	5	9	22
TCTTACATCATC__0.338044310923189__34	22	9	5	14	4	42	0	22	42	0	22
CCTTACGTCACC__0.337989496025696__36	42	9	5	14	4	43	4	22	42	4	42
ACTTACGCAATC__0.337910709084695__37	4	9	5	14	4	43	25	42	5	0	22
CATTACGTAAAT__0.337730973706338__28	42	0	5	14	4	43	4	14	5	5	0
CATTGCATAAGT__0.337712907981429__33	42	0	5	42	25	42	0	14	5	9	4
TCTTACATAAGT__0.337506118600452__25	22	9	5	14	4	42	0	14	5	9	4
CGTTACATCATT__0.337359362897271__30	43	4	5	14	4	42	0	22	42	0	5
ACTTACGTCATT__0.337099539850039__23	4	9	5	14	4	43	4	22	42	0	5
AGTTATATAATT__0.337043196431835__27	9	4	5	14	0	14	0	14	5	0	5
ACTGACGTAATC__0.337012350317199__27	4	9	42	22	4	43	4	14	5	0	22
CATTACATCAGA__0.336943170085027__25	42	0	5	14	4	42	0	22	42	9	22
TGTTACGTAAAG__0.336773242198019__38	42	4	5	14	4	43	4	14	5	5	9
GATTACCTAATA__0.336509581229322__32	22	0	5	14	4	42	9	14	5	0	14
GCTGACGTAACA__0.336473489640289__46	25	9	42	22	4	43	4	14	5	4	42
AGTGACGTAAGA__0.336405767891613__30	9	4	42	22	4	43	4	14	5	9	22
TCTTACATAAGC__0.335927120341396__38	22	9	5	14	4	42	0	14	5	9	25
GGTTGCATAATT__0.335649954373445__56	42	4	5	42	25	42	0	14	5	0	5
TGTGACGTAACC__0.33545278829907__61	42	4	42	22	4	43	4	14	5	4	42
AATTGCGTAAGG__0.335291366761711__28	5	0	5	42	25	43	4	14	5	9	42
GATTACATAAAT__0.334948837040713__37	22	0	5	14	4	42	0	14	5	5	0
CGTTGCATAATG__0.334594907828969__37	43	4	5	42	25	42	0	14	5	0	42
GGTTGCGTAACG__0.334594833369698__70	42	4	5	42	25	43	4	14	5	4	43
CATGACATAATG__0.334181144717729__25	42	0	42	22	4	42	0	14	5	0	42
AATTATATAAGG__0.334126756465569__17	5	0	5	14	0	14	0	14	5	9	42
GATTACGCAAGA__0.334019290166276__37	22	0	5	14	4	43	25	42	5	9	22
TGTGACGTAAGG__0.333649592121648__31	42	4	42	22	4	43	4	14	5	9	42
CATTGCGTAAGA__0.333219785716416__31	42	0	5	42	25	43	4	14	5	9	22
TCTTGCATAATC__0.333013349697092__34	22	9	5	42	25	42	0	14	5	0	22
CATTACATAAAC__0.332829411630965__48	42	0	5	14	4	42	0	14	5	5	4
AATTACGCAACG__0.33271199892966__44	5	0	5	14	4	43	25	42	5	4	43
CATTATATAACT__0.332672480689008__25	42	0	5	14	0	14	0	14	5	4	9
TGTTACGTCAGA__0.331879439232029__42	42	4	5	14	4	43	4	22	42	9	22
CCTTACATCATT__0.331639054740886__22	42	9	5	14	4	42	0	22	42	0	5
TATTACATAAAA__0.331541293698819__42	14	0	5	14	4	42	0	14	5	5	5
GATTACGTCAGG__0.330998487169742__26	22	0	5	14	4	43	4	22	42	9	42
AGTGACGTAACG__0.330576325720245__35	9	4	42	22	4	43	4	14	5	4	43
AATTACATCACT__0.330376187314573__36	5	0	5	14	4	42	0	22	42	4	9
ACTTACGTCACA__0.330269709477275__33	4	9	5	14	4	43	4	22	42	4	42
GATTACATCACT__0.330217828491132__35	22	0	5	14	4	42	0	22	42	4	9
AGTTATATAAGG__0.328850489354838__20	9	4	5	14	0	14	0	14	5	9	42
GCTTACATAAGT__0.32860963447214__28	25	9	5	14	4	42	0	14	5	9	4
AGTTACGCAACA__0.328598367714952__56	9	4	5	14	4	43	25	42	5	4	42
CATTGCATAAGA__0.328523042325955__32	42	0	5	42	25	42	0	14	5	9	22
GATTACACAATA__0.328185153580059__44	22	0	5	14	4	42	4	42	5	0	14
CGTTACGTAAAG__0.328017168484737__25	43	4	5	14	4	43	4	14	5	5	9
CATTACGTCAGG__0.327577871972734__19	42	0	5	14	4	43	4	22	42	9	42
GATGACATAAGA__0.327547992363997__26	22	0	42	22	4	42	0	14	5	9	22
ACTTATATAAGA__0.327507614001662__14	4	9	5	14	0	14	0	14	5	9	22
GCTTACATAAGA__0.326642649203468__29	25	9	5	14	4	42	0	14	5	9	22
GGTTGCATAATC__0.326586055843657__56	42	4	5	42	25	42	0	14	5	0	22
CCTTACATAAGT__0.326352935262145__20	42	9	5	14	4	42	0	14	5	9	4
TATTACGCAAGG__0.326145830869176__29	14	0	5	14	4	43	25	42	5	9	42
CGTGACGTAACG__0.325745443119575__32	43	4	42	22	4	43	4	14	5	4	43
TTTTACGTAACA__0.325279454665543__43	5	5	5	14	4	43	4	14	5	4	42
CTTTACATAATA__0.325264734040846__31	9	5	5	14	4	42	0	14	5	0	14
TCTTGCGTAATT__0.325248757331002__32	22	9	5	42	25	43	4	14	5	0	5
GGTGACATAATT__0.324784126773668__37	42	4	42	22	4	42	0	14	5	0	5
CGTGACATAATA__0.324379430186113__34	43	4	42	22	4	42	0	14	5	0	14
GATTACATCAGA__0.323980460533643__25	22	0	5	14	4	42	0	22	42	9	22
ACTGACGTAATT__0.323925604310208__20	4	9	42	22	4	43	4	14	5	0	5
TGTTACATCACT__0.323600120838965__42	42	4	5	14	4	42	0	22	42	4	9
CATGACATAACC__0.323422162235367__52	42	0	42	22	4	42	0	14	5	4	42
CATGACATAACG__0.322750415756544__30	42	0	42	22	4	42	0	14	5	4	43
CGTTATATAACC__0.322746835136641__35	43	4	5	14	0	14	0	14	5	4	42
TATTACGCAAGT__0.322671057074396__32	14	0	5	14	4	43	25	42	5	9	4
ACTTATATAACT__0.322507865934872__20	4	9	5	14	0	14	0	14	5	4	9
AGTTATATAACC__0.322395761050547__36	9	4	5	14	0	14	0	14	5	4	42
AATTACATAAAA__0.32223436559769__39	5	0	5	14	4	42	0	14	5	5	5
ACTTACGCAATG__0.321861773196814__27	4	9	5	14	4	43	25	42	5	0	42
ACTTACATCATC__0.321825346099446__29	4	9	5	14	4	42	0	22	42	0	22
GATTATATAAGC__0.320988354310104__23	22	0	5	14	0	14	0	14	5	9	25
AGTTGCATAACA__0.320886024159967__54	9	4	5	42	25	42	0	14	5	4	42
ATTTACATAATA__0.320759971166586__33	0	5	5	14	4	42	0	14	5	0	14
GATTAAGTAATG__0.320738133943727__24	22	0	5	14	5	9	4	14	5	0	42
TGTTACATCACC__0.320509916611625__64	42	4	5	14	4	42	0	22	42	4	42
TGTTACATCATC__0.320319128427396__41	42	4	5	14	4	42	0	22	42	0	22
TATTAAGTAACA__0.320279535395432__30	14	0	5	14	5	9	4	14	5	4	42
GCTTACATCATA__0.320118212778182__31	25	9	5	14	4	42	0	22	42	0	14
AATTGCGTAAGA__0.319977141147781__28	5	0	5	42	25	43	4	14	5	9	22
AATTGCATAACT__0.319974204280203__43	5	0	5	42	25	42	0	14	5	4	9
ATTTACATAATC__0.319327445380122__31	0	5	5	14	4	42	0	14	5	0	22
CATTATATAAGC__0.319315731022056__20	42	0	5	14	0	14	0	14	5	9	25
GATTACATCACG__0.318995988394454__30	22	0	5	14	4	42	0	22	42	4	43
ACTTGCATAATA__0.318853434941041__31	4	9	5	42	25	42	0	14	5	0	14
AATTGCATAAGA__0.318300324422481__30	5	0	5	42	25	42	0	14	5	9	22
GGTTACATCATA__0.318060291611819__40	42	4	5	14	4	42	0	22	42	0	14
AGTGACATAACA__0.317740282369901__43	9	4	42	22	4	42	0	14	5	4	42
AGTTACATCACT__0.317658387856337__34	9	4	5	14	4	42	0	22	42	4	9
GATGACATAACC__0.31744675464623__50	22	0	42	22	4	42	0	14	5	4	42
CGTTACGCAACG__0.317026199818067__36	43	4	5	14	4	43	25	42	5	4	43
CGTTGCATAACG__0.316927002467741__40	43	4	5	42	25	42	0	14	5	4	43
CCTTGCATAATC__0.316886322899922__27	42	9	5	42	25	42	0	14	5	0	22
TATTAGATAACA__0.316311646019771__24	14	0	5	14	9	22	0	14	5	4	42
CATTACATAAAT__0.316310296261471__29	42	0	5	14	4	42	0	14	5	5	0
ACTTATATAATA__0.316280393115316__18	4	9	5	14	0	14	0	14	5	0	14
TATTACTTAACA__0.315574197884193__34	14	0	5	14	4	9	5	14	5	4	42
AGTTACGTAAAT__0.315075775879281__28	9	4	5	14	4	43	4	14	5	5	0
ACTGACGTAATG__0.314885040755195__17	4	9	42	22	4	43	4	14	5	0	42
TATTACACAACA__0.313813094196129__59	14	0	5	14	4	42	4	42	5	4	42
ACTTACATCATA__0.313738628068327__24	4	9	5	14	4	42	0	22	42	0	14
AGTGACGTAACT__0.313384328146268__33	9	4	42	22	4	43	4	14	5	4	9
TATTGCGTAAGC__0.313349507078346__35	14	0	5	42	25	43	4	14	5	9	25
CGTTACATCACA__0.313036143676499__43	43	4	5	14	4	42	0	22	42	4	42
AATTACATAAAC__0.312942175442041__43	5	0	5	14	4	42	0	14	5	5	4
CATTATATAAGG__0.312448231469551__13	42	0	5	14	0	14	0	14	5	9	42
GATTACATAAAG__0.312410477455353__25	22	0	5	14	4	42	0	14	5	5	9
GATTTCGTAATA__0.311828268050683__30	22	0	5	5	22	43	4	14	5	0	14
TTTTACGTAAGT__0.311730441892191__23	5	5	5	14	4	43	4	14	5	9	4
AATTGCATAACC__0.311561240993962__59	5	0	5	42	25	42	0	14	5	4	42
TATTACGCAAGC__0.311418262731196__37	14	0	5	14	4	43	25	42	5	9	25
GATTGCATAACG__0.311356104980531__39	22	0	5	42	25	42	0	14	5	4	43
TCTTACGCAACG__0.311282159103497__30	22	9	5	14	4	43	25	42	5	4	43
ACTTACGCAACA__0.311266091313283__41	4	9	5	14	4	43	25	42	5	4	42
TTTTACGTAACG__0.31104676730828__28	5	5	5	14	4	43	4	14	5	4	43
GATGACATAAGT__0.310865737944892__21	22	0	42	22	4	42	0	14	5	9	4
TCTTGCATAATA__0.310826537234663__29	22	9	5	42	25	42	0	14	5	0	14
TATTACTTAATC__0.310645622782206__24	14	0	5	14	4	9	5	14	5	0	22
GATTGCATAAGT__0.310605132528788__29	22	0	5	42	25	42	0	14	5	9	4
GTTTACATAATA__0.310598006495409__35	4	5	5	14	4	42	0	14	5	0	14
TAATACGTAATA__0.310587335795952__27	14	5	0	14	4	43	4	14	5	0	14
TATTAGATAATG__0.310515416493737__17	14	0	5	14	9	22	0	14	5	0	42
GGTGACATAATA__0.310448825401564__37	42	4	42	22	4	42	0	14	5	0	14
TATGACATAAGT__0.310068783386274__22	14	0	42	22	4	42	0	14	5	9	4
TCTTGCATAATG__0.310035798087925__23	22	9	5	42	25	42	0	14	5	0	42
AATTACATCACG__0.309613583097504__28	5	0	5	14	4	42	0	22	42	4	43
CATTGCATAAGG__0.309356545240329__23	42	0	5	42	25	42	0	14	5	9	42
CATTACATAAAA__0.309306450959186__32	42	0	5	14	4	42	0	14	5	5	5
AGTTACGTAAAC__0.309283868225221__34	9	4	5	14	4	43	4	14	5	5	4
CATGACATAAGA__0.308889242241966__20	42	0	42	22	4	42	0	14	5	9	22
TGTTACATCACA__0.308498289444721__49	42	4	5	14	4	42	0	22	42	4	42
TATTACATAAAG__0.308408820357231__24	14	0	5	14	4	42	0	14	5	5	9
AGTTACATCATG__0.308407737970558__23	9	4	5	14	4	42	0	22	42	0	42
ACTTACGTCACT__0.308236378893812__22	4	9	5	14	4	43	4	22	42	4	9
ACTGACGTAACA__0.308155742573461__30	4	9	42	22	4	43	4	14	5	4	42
ACTTATATAACG__0.307573961248823__16	4	9	5	14	0	14	0	14	5	4	43
AATTACGTCAGG__0.307561435792091__17	5	0	5	14	4	43	4	22	42	9	42
GCTTGCATAATA__0.307447226089329__32	25	9	5	42	25	42	0	14	5	0	14
AATTAGATAATG__0.307345958984967__15	5	0	5	14	9	22	0	14	5	0	42
TGTTGCATAAGA__0.306641733888907__35	42	4	5	42	25	42	0	14	5	9	22
TGTTAGATAATC__0.306631426014671__27	42	4	5	14	9	22	0	14	5	0	22
GATTTCATAATA__0.306339372084689__23	22	0	5	5	22	42	0	14	5	0	14
TGTGACATAACT__0.306271130223552__36	42	4	42	22	4	42	0	14	5	4	9
CATTACACAATC__0.306176262047579__33	42	0	5	14	4	42	4	42	5	0	22
TCTTACATCATG__0.305933093065865__18	22	9	5	14	4	42	0	22	42	0	42
AGTTGCATAACT__0.305878532201772__42	9	4	5	42	25	42	0	14	5	4	9
GCTTACGCAATC__0.305779940760263__34	25	9	5	14	4	43	25	42	5	0	22
GATTAGATAATA__0.305642136966165__20	22	0	5	14	9	22	0	14	5	0	14
TATGACATAAGG__0.305589930500521__19	14	0	42	22	4	42	0	14	5	9	42
CTTTACATAACA__0.305216630049687__35	9	5	5	14	4	42	0	14	5	4	42
AATTACACAATT__0.305134063255479__28	5	0	5	14	4	42	4	42	5	0	5
AATTGCATAAGT__0.305004541280995__25	5	0	5	42	25	42	0	14	5	9	4
AGTTACATCATT__0.304878691456034__24	9	4	5	14	4	42	0	22	42	0	5
AGTTACGCAACC__0.304746473624641__55	9	4	5	14	4	43	25	42	5	4	42
CATTATATAAGT__0.304682274064761__13	42	0	5	14	0	14	0	14	5	9	4
TATTACATCAGC__0.304629329970265__28	14	0	5	14	4	42	0	22	42	9	25
AGTTACATCACA__0.30423642639897__41	9	4	5	14	4	42	0	22	42	4	42
CGTGACGTAACC__0.303838960780317__41	43	4	42	22	4	43	4	14	5	4	42
CCTTGCATAATA__0.303813858037986__25	42	9	5	42	25	42	0	14	5	0	14
AGTTGCATAATT__0.303270966514415__32	9	4	5	42	25	42	0	14	5	0	5
GATTACGCAAGG__0.30296439783047__24	22	0	5	14	4	43	25	42	5	9	42
GTTTACATAATT__0.30286777398767__28	4	5	5	14	4	42	0	14	5	0	5
TTTTACATAATA__0.302668578601811__30	5	5	5	14	4	42	0	14	5	0	14
AATCACGTAATA__0.301997782796417__18	5	0	22	42	4	43	4	14	5	0	14
GGTTGCATAACA__0.301931996547693__53	42	4	5	42	25	42	0	14	5	4	42
TATTACACAATT__0.30164661988434__27	14	0	5	14	4	42	4	42	5	0	5
AGTTACGCAACG__0.301609246533674__33	9	4	5	14	4	43	25	42	5	4	43
TCTTGCGTAACG__0.301391401196034__26	22	9	5	42	25	43	4	14	5	4	43
AGTGACATAATC__0.30105706914552__27	9	4	42	22	4	42	0	14	5	0	22
AGTTGCGTAACG__0.300759684341027__35	9	4	5	42	25	43	4	14	5	4	43
GGTGACATAATG__0.300522464995113__28	42	4	42	22	4	42	0	14	5	0	42
AGTTATATAAGA__0.300284255294532__16	9	4	5	14	0	14	0	14	5	9	22
CTTTACATAATG__0.300148518539326__19	9	5	5	14	4	42	0	14	5	0	42
CATTACACAATA__0.299896685905678__32	42	0	5	14	4	42	4	42	5	0	14
TCTTGCATAACA__0.29959155404962__34	22	9	5	42	25	42	0	14	5	4	42
GATTAGGTAATC__0.299486510193073__24	22	0	5	14	9	42	4	14	5	0	22
TGTGACATAACA__0.299330968608752__37	42	4	42	22	4	42	0	14	5	4	42
GGTTACGCAACG__0.299068044937929__41	42	4	5	14	4	43	25	42	5	4	43
AGTTACGTAAAG__0.298942737970316__21	9	4	5	14	4	43	4	14	5	5	9
GGTTACATAAGC__0.298649652436716__38	42	4	5	14	4	42	0	14	5	9	25
TATTAGATAATC__0.298372481530633__17	14	0	5	14	9	22	0	14	5	0	22
TATTAAGTAATG__0.298258509998638__18	14	0	5	14	5	9	4	14	5	0	42
TGTTGCATAACC__0.298068612036703__58	42	4	5	42	25	42	0	14	5	4	42
ACTTATATAACC__0.297989479470563__23	4	9	5	14	0	14	0	14	5	4	42
ACTGACGTAACG__0.297920540612801__18	4	9	42	22	4	43	4	14	5	4	43
TATTACTTAATT__0.297849113137229__18	14	0	5	14	4	9	5	14	5	0	5
TCTGACGTAACC__0.297603282949111__35	22	9	42	22	4	43	4	14	5	4	42
TGTGACATAACG__0.297491011390045__31	42	4	42	22	4	42	0	14	5	4	43
CATTGCGTAAGC__0.297354292096323__27	42	0	5	42	25	43	4	14	5	9	25
AGTGACATAATA__0.29636115982607__27	9	4	42	22	4	42	0	14	5	0	14
GTTTACATAATC__0.296250584051992__29	4	5	5	14	4	42	0	14	5	0	22
AATGACATAAGA__0.296002321723294__19	5	0	42	22	4	42	0	14	5	9	22
GCTTACATCATC__0.29598254508111__27	25	9	5	14	4	42	0	22	42	0	22
AGTTATATAAGC__0.29581458632805__19	9	4	5	14	0	14	0	14	5	9	25
TATGACGTAAAC__0.295359103683957__29	14	0	42	22	4	43	4	14	5	5	4
CTTTACATAATC__0.294988995274639__22	9	5	5	14	4	42	0	14	5	0	22
CCTTACATAAGG__0.294699359068009__13	42	9	5	14	4	42	0	14	5	9	42
GCTTACGCAACA__0.294651052323826__40	25	9	5	14	4	43	25	42	5	4	42
GCTTGCATAACA__0.294583294436__35	25	9	5	42	25	42	0	14	5	4	42
TATTAGATAATT__0.294253498631709__15	14	0	5	14	9	22	0	14	5	0	5
GATTAGATAACA__0.294026161227338__20	22	0	5	14	9	22	0	14	5	4	42
TGTGACATAATT__0.293753100176503__25	42	4	42	22	4	42	0	14	5	0	5
TATTACATCAGT__0.293743447747852__16	14	0	5	14	4	42	0	22	42	9	4
GCTTACATCATT__0.293671765104756__21	25	9	5	14	4	42	0	22	42	0	5
GGTTGCATAACG__0.292915435669947__44	42	4	5	42	25	42	0	14	5	4	43
GTTTACATAACA__0.292579874028801__37	4	5	5	14	4	42	0	14	5	4	42
TATTACACAACT__0.292144793506913__36	14	0	5	14	4	42	4	42	5	4	9
TGTGACATAATC__0.292126039720399__27	42	4	42	22	4	42	0	14	5	0	22
AATTACATAAAG__0.292036406760154__20	5	0	5	14	4	42	0	14	5	5	9
GATTACACAATC__0.291565298768056__30	22	0	5	14	4	42	4	42	5	0	22
GCTGACGTAACG__0.291524616354056__21	25	9	42	22	4	43	4	14	5	4	43
AGTTGCATAACG__0.291467275037119__34	9	4	5	42	25	42	0	14	5	4	43
GATTACATAAAA__0.291209042737398__28	22	0	5	14	4	42	0	14	5	5	5
TCTTGCGTAACA__0.291195634576234__32	22	9	5	42	25	43	4	14	5	4	42
GATTACACAATT__0.291042774500319__24	22	0	5	14	4	42	4	42	5	0	5
CGTGACATAATT__0.29086952660693__21	43	4	42	22	4	42	0	14	5	0	5
TCTTACGCAACT__0.290224765513031__28	22	9	5	14	4	43	25	42	5	4	9
GATTAGGTAATG__0.290117680829162__21	22	0	5	14	9	42	4	14	5	0	42
AATTACATAAAT__0.289615961211942__24	5	0	5	14	4	42	0	14	5	5	0
AATTACCTAATA__0.289404395439156__21	5	0	5	14	4	42	9	14	5	0	14
AATTAGGTAATC__0.289390750260724__18	5	0	5	14	9	42	4	14	5	0	22
GGTGACATAACA__0.289091329550062__36	42	4	42	22	4	42	0	14	5	4	42
AGTTGCGTAACC__0.28864442310748__41	9	4	5	42	25	43	4	14	5	4	42
TGTTACCTAATA__0.288508532714479__27	42	4	5	14	4	42	9	14	5	0	14
CCTTGCATAACA__0.288487263536245__29	42	9	5	42	25	42	0	14	5	4	42
AGTTACGCAAGA__0.288484582662827__25	9	4	5	14	4	43	25	42	5	9	22
AGTGACGTAAGG__0.28829385816751__16	9	4	42	22	4	43	4	14	5	9	42
TATGACGTAAAA__0.287769507884739__23	14	0	42	22	4	43	4	14	5	5	5
TATTAGATAACT__0.287516396698329__17	14	0	5	14	9	22	0	14	5	4	9
TATTTCGTAATA__0.287468505720224__26	14	0	5	5	22	43	4	14	5	0	14
AATTACCTAATC__0.287387578062026__22	5	0	5	14	4	42	9	14	5	0	22
TCTTACGTCAGA__0.287122055145379__14	22	9	5	14	4	43	4	22	42	9	22
GATTACGCAAGT__0.28702558088545__23	22	0	5	14	4	43	25	42	5	9	4
TATTACACAATC__0.28687137955774__29	14	0	5	14	4	42	4	42	5	0	22
TATTAGATAACG__0.286379643123413__16	14	0	5	14	9	22	0	14	5	4	43
CCTTACATAAGC__0.286239922981375__22	42	9	5	14	4	42	0	14	5	9	25
GGTTGCGTAAGA__0.285541706825836__40	42	4	5	42	25	43	4	14	5	9	22
TTTTACATAATC__0.285478293004231__24	5	5	5	14	4	42	0	14	5	0	22
GATTGCATAAGC__0.285156636346585__32	22	0	5	42	25	42	0	14	5	9	25
CATTACACAACA__0.284974615486534__42	42	0	5	14	4	42	4	42	5	4	42
ACTTACATAAGG__0.284777450191471__13	4	9	5	14	4	42	0	14	5	9	42
CGTTATATAAGC__0.284423382470633__16	43	4	5	14	0	14	0	14	5	9	25
TGTTACATCAGA__0.284398477724245__23	42	4	5	14	4	42	0	22	42	9	22
GTTTACGTAACA__0.284328751916977__32	4	5	5	14	4	43	4	14	5	4	42
GGTTGCATAACT__0.284055857754068__42	42	4	5	42	25	42	0	14	5	4	9
GGTGACATAATC__0.283628538388865__27	42	4	42	22	4	42	0	14	5	0	22
AATTACATCAGA__0.283124506647307__16	5	0	5	14	4	42	0	22	42	9	22
GATTGCATAAGG__0.282802963415162__20	22	0	5	42	25	42	0	14	5	9	42
CCTGACGTAACT__0.282490890802761__18	42	9	42	22	4	43	4	14	5	4	9
TGTTAGGTAATC__0.282340693292643__29	42	4	5	14	9	42	4	14	5	0	22
CATTACGCAAGC__0.28199045181404__25	42	0	5	14	4	43	25	42	5	9	25
ATTTACATAATT__0.281856070810863__19	0	5	5	14	4	42	0	14	5	0	5
AGTTGCATAAGG__0.281773342226458__22	9	4	5	42	25	42	0	14	5	9	42
GCTTACGTCACC__0.281489197529419__28	25	9	5	14	4	43	4	22	42	4	42
GATTACATAAAC__0.281398060929979__30	22	0	5	14	4	42	0	14	5	5	4
GCTGACGTAACT__0.281019046928688__21	25	9	42	22	4	43	4	14	5	4	9
ATTTACGTAACG__0.280877744135594__18	0	5	5	14	4	43	4	14	5	4	43
CATCACGTAATA__0.280836908789801__14	42	0	22	42	4	43	4	14	5	0	14
CAATACGTAATA__0.280779912353578__16	42	5	0	14	4	43	4	14	5	0	14
GTTTACGTAAGT__0.280767002064636__20	4	5	5	14	4	43	4	14	5	9	4
CGTGACATAATC__0.280651468022076__21	43	4	42	22	4	42	0	14	5	0	22
CGTTAGGTAATA__0.280508812226423__20	43	4	5	14	9	42	4	14	5	0	14
TCTTACATCATT__0.280097400260474__15	22	9	5	14	4	42	0	22	42	0	5
ACTTGCATAATC__0.279967313569398__20	4	9	5	42	25	42	0	14	5	0	22
GGTTGCATAAGA__0.279942118434463__31	42	4	5	42	25	42	0	14	5	9	22
CATTAGATAATC__0.279763699727281__13	42	0	5	14	9	22	0	14	5	0	22
TATTTCGTAATG__0.279649873088849__22	14	0	5	5	22	43	4	14	5	0	42
TGTTAGGTAATA__0.279377979565193__29	42	4	5	14	9	42	4	14	5	0	14
GGTTACGTAAAA__0.279309353439565__30	42	4	5	14	4	43	4	14	5	5	5
TCTGACATAATC__0.278877738161196__19	22	9	42	22	4	42	0	14	5	0	22
CGTGACATAACA__0.278599290780969__28	43	4	42	22	4	42	0	14	5	4	42
ATTTACATAATG__0.278510437360774__17	0	5	5	14	4	42	0	14	5	0	42
ACTTACGTCACC__0.278419154521882__22	4	9	5	14	4	43	4	22	42	4	42
TCTTATATAACC__0.278007603483084__18	22	9	5	14	0	14	0	14	5	4	42
GATTACACAACA__0.27793951409013__40	22	0	5	14	4	42	4	42	5	4	42
GGTTACGTAAAG__0.277707265602296__24	42	4	5	14	4	43	4	14	5	5	9
GATTACTTAATA__0.277684285106111__16	22	0	5	14	4	9	5	14	5	0	14
TCTTACATCACA__0.27753849734747__28	22	9	5	14	4	42	0	22	42	4	42
AATTGCATAAGG__0.277254620418964__17	5	0	5	42	25	42	0	14	5	9	42
CCTTACGCAACC__0.276790053010741__35	42	9	5	14	4	43	25	42	5	4	42
GATTACACAACT__0.276633764372819__30	22	0	5	14	4	42	4	42	5	4	9
TGTTAGGTAATG__0.276413309331533__27	42	4	5	14	9	42	4	14	5	0	42
TCTGACATAACT__0.276329649113243__22	22	9	42	22	4	42	0	14	5	4	9
TATTACGTCAAC__0.276322297247012__25	14	0	5	14	4	43	4	22	42	5	4
TATTACTTAATG__0.276307770344646__13	14	0	5	14	4	9	5	14	5	0	42
TGTTACATAAAT__0.275972571055984__27	42	4	5	14	4	42	0	14	5	5	0
ATTTACGTAAGA__0.275885193752865__14	0	5	5	14	4	43	4	14	5	9	22
GGTTACATCATG__0.275085573977854__22	42	4	5	14	4	42	0	22	42	0	42
TGTTACATAAAA__0.274877768711995__30	42	4	5	14	4	42	0	14	5	5	5
TCTGACGTAACG__0.27457938589985__16	22	9	42	22	4	43	4	14	5	4	43
GATGACATAAGG__0.274026293638527__13	22	0	42	22	4	42	0	14	5	9	42
TTTTACATAATT__0.273830245797907__19	5	5	5	14	4	42	0	14	5	0	5
GATGACGTAAAG__0.273827074647343__14	22	0	42	22	4	43	4	14	5	5	9
CTTTACATAACT__0.273807824782959__21	9	5	5	14	4	42	0	14	5	4	9
GATTACTTAATT__0.273562973344208__14	22	0	5	14	4	9	5	14	5	0	5
ACTTATATAAGC__0.273350044972259__11	4	9	5	14	0	14	0	14	5	9	25
GGTTGCGTAACC__0.273172149381154__47	42	4	5	42	25	43	4	14	5	4	42
AGTGACATAATG__0.273065003635068__17	9	4	42	22	4	42	0	14	5	0	42
TGTTACGCAAGT__0.272996087699417__26	42	4	5	14	4	43	25	42	5	9	4
GATTACATCAGC__0.272753882682524__20	22	0	5	14	4	42	0	22	42	9	25
CATTACGCAAGT__0.272623605576608__17	42	0	5	14	4	43	25	42	5	9	4
AGTGACATAATT__0.272456160482087__18	9	4	42	22	4	42	0	14	5	0	5
TGTGACGTAAGC__0.272370008934777__23	42	4	42	22	4	43	4	14	5	9	25
GATTACGAAATA__0.272237512216708__22	22	0	5	14	4	43	22	5	5	0	14
TCTGACATAACA__0.27181221881368__25	22	9	42	22	4	42	0	14	5	4	42
CATTACCTAATG__0.271612133983643__14	42	0	5	14	4	42	9	14	5	0	42
CGTGACATAATG__0.271525113376694__16	43	4	42	22	4	42	0	14	5	0	42
TATTACGGAATG__0.271379859160068__12	14	0	5	14	4	43	42	22	5	0	42
ACTTACATAAGC__0.271291517275097__20	4	9	5	14	4	42	0	14	5	9	25
AATTACGCAAGC__0.271261777272874__24	5	0	5	14	4	43	25	42	5	9	25
TATTACACAATG__0.271154646676989__20	14	0	5	14	4	42	4	42	5	0	42
CCTTGCATAATT__0.270831990171275__15	42	9	5	42	25	42	0	14	5	0	5
CCTTACATCATC__0.270828444900443__16	42	9	5	14	4	42	0	22	42	0	22
TATGACATAAGC__0.270740654879758__22	14	0	42	22	4	42	0	14	5	9	25
GATCACGTAATA__0.270633419285735__14	22	0	22	42	4	43	4	14	5	0	14
GATTACGTATTG__0.270485651850323__15	22	0	5	14	4	43	4	14	0	5	42
AGTTGCATAAGT__0.270375053933522__21	9	4	5	42	25	42	0	14	5	9	4
CATTACATCAGC__0.270233494888091__18	42	0	5	14	4	42	0	22	42	9	25
CTTTACATAATT__0.270107607926161__15	9	5	5	14	4	42	0	14	5	0	5
ACTTACATCATT__0.269577563760963__13	4	9	5	14	4	42	0	22	42	0	5
GCTTACATAAGG__0.269537920814131__14	25	9	5	14	4	42	0	14	5	9	42
TCTTACGTAAAC__0.269438767732497__18	22	9	5	14	4	43	4	14	5	5	4
GGTTGCATAACC__0.268780041270171__46	42	4	5	42	25	42	0	14	5	4	42
TCTTGCATAACC__0.268739258122799__31	22	9	5	42	25	42	0	14	5	4	42
AATTGCGTAAGT__0.268732803636495__16	5	0	5	42	25	43	4	14	5	9	4
CATTACGCAAGG__0.268685334089207__14	42	0	5	14	4	43	25	42	5	9	42
CGTTATATAAGG__0.268626871316571__10	43	4	5	14	0	14	0	14	5	9	42
GATTAGATAATT__0.26860586311537__12	22	0	5	14	9	22	0	14	5	0	5
GATTAGATAATC__0.268478260279759__13	22	0	5	14	9	22	0	14	5	0	22
TCTGACGTAACT__0.268448890467987__17	22	9	42	22	4	43	4	14	5	4	9
TCTTGCATAACT__0.268419084672787__21	22	9	5	42	25	42	0	14	5	4	9
ATTTACATAACA__0.268336877065108__26	0	5	5	14	4	42	0	14	5	4	42
AGTGACGTAAGC__0.268110548280314__19	9	4	42	22	4	43	4	14	5	9	25
CCTTACGTAAAC__0.26807288358213__16	42	9	5	14	4	43	4	14	5	5	4
CCTTGCGTAATT__0.2680097651651__15	42	9	5	42	25	43	4	14	5	0	5
GATTACGAAATC__0.267945453334395__19	22	0	5	14	4	43	22	5	5	0	22
TCTTACGTAAAG__0.267796873012396__11	22	9	5	14	4	43	4	14	5	5	9
CCTTATATAACC__0.267723361268554__16	42	9	5	14	0	14	0	14	5	4	42
GATGACATAAGC__0.267693341183218__20	22	0	42	22	4	42	0	14	5	9	25
CATTAGATAACA__0.2676713247485__14	42	0	5	14	9	22	0	14	5	4	42
TTTTACGTAAGA__0.267618214019596__15	5	5	5	14	4	43	4	14	5	9	22
CATTGCGTAAGG__0.267526124738597__14	42	0	5	42	25	43	4	14	5	9	42
TATTAAGTAATT__0.267469801203151__14	14	0	5	14	5	9	4	14	5	0	5
CATTACTTAACT__0.267116176489304__14	42	0	5	14	4	9	5	14	5	4	9
AATTGCGTAAGC__0.267012723459197__20	5	0	5	42	25	43	4	14	5	9	25
AATTACGTCAGC__0.266923861395616__15	5	0	5	14	4	43	4	22	42	9	25
CGTGACGTAAGG__0.266823297014553__12	43	4	42	22	4	43	4	14	5	9	42
GTTTACATAATG__0.266499030124083__18	4	5	5	14	4	42	0	14	5	0	42
AATTACCTAACA__0.266257905002068__26	5	0	5	14	4	42	9	14	5	4	42
CGTTACATCACT__0.266037329546253__19	43	4	5	14	4	42	0	22	42	4	9
CCTTGCGTAACA__0.266007230876505__22	42	9	5	42	25	43	4	14	5	4	42
GATTACATCAGT__0.264972473349276__12	22	0	5	14	4	42	0	22	42	9	4
GGTTACATCACA__0.264951101998922__32	42	4	5	14	4	42	0	22	42	4	42
CATTACACAATT__0.264932229511879__17	42	0	5	14	4	42	4	42	5	0	5
CATTAAGTAATT__0.264854541104491__11	42	0	5	14	5	9	4	14	5	0	5
ATTTACATAACT__0.264762129306468__21	0	5	5	14	4	42	0	14	5	4	9
TTTTACATAATG__0.264441827121778__16	5	5	5	14	4	42	0	14	5	0	42
GATTACGAAATG__0.263818715505035__16	22	0	5	14	4	43	22	5	5	0	42
ACTTGCATAAGA__0.263476944856146__14	4	9	5	42	25	42	0	14	5	9	22
ACTTGCATAACA__0.263296605343417__23	4	9	5	42	25	42	0	14	5	4	42
CATTGCATAAGC__0.263216043487984__23	42	0	5	42	25	42	0	14	5	9	25
AATTTCGTAATG__0.262992031865563__14	5	0	5	5	22	43	4	14	5	0	42
TATGACGTAAAG__0.262813179850244__13	14	0	42	22	4	43	4	14	5	5	9
AGTTGCATAACC__0.26265937028854__37	9	4	5	42	25	42	0	14	5	4	42
ATTTACGTCATA__0.262503703208857__15	0	5	5	14	4	43	4	22	42	0	14
AGTGACATAACT__0.262356377620825__21	9	4	42	22	4	42	0	14	5	4	9
GCTTGCATAATC__0.262348028900247__19	25	9	5	42	25	42	0	14	5	0	22
TATTACGTCAAA__0.262192905321998__18	14	0	5	14	4	43	4	22	42	5	5
TGTTAGATAACA__0.261800952828898__19	42	4	5	14	9	22	0	14	5	4	42
GATTAAGTAACC__0.261624683586335__19	22	0	5	14	5	9	4	14	5	4	42
CATTACTTAACA__0.261561989953096__18	42	0	5	14	4	9	5	14	5	4	42
TATTAAATAATC__0.261305841219698__15	14	0	5	14	5	5	0	14	5	0	22
CCTTGCATAACT__0.26117416155232__18	42	9	5	42	25	42	0	14	5	4	9
AGTTAGATAATC__0.260921381947085__14	9	4	5	14	9	22	0	14	5	0	22
CGTTACATCACG__0.260768947586336__17	43	4	5	14	4	42	0	22	42	4	43
CGTTACATAAAG__0.260749899273634__15	43	4	5	14	4	42	0	14	5	5	9
TGTTACATCACG__0.26066030322301__21	42	4	5	14	4	42	0	22	42	4	43
AATTACGCAAGT__0.260472485464294__16	5	0	5	14	4	43	25	42	5	9	4
TTTTACATAACA__0.260445435178209__25	5	5	5	14	4	42	0	14	5	4	42
GGTGACATAACT__0.260016909180428__24	42	4	42	22	4	42	0	14	5	4	9
CATGACATAAGT__0.260011573466579__11	42	0	42	22	4	42	0	14	5	9	4
GGTTGCATAAGT__0.259732020507862__25	42	4	5	42	25	42	0	14	5	9	4
AGTTGCATAAGA__0.259676339712938__19	9	4	5	42	25	42	0	14	5	9	22
TATTACTTAACT__0.259088393146378__14	14	0	5	14	4	9	5	14	5	4	9
TCTTACATCACC__0.258979649999101__27	22	9	5	14	4	42	0	22	42	4	42
TATTTCATAATT__0.258728130094384__13	14	0	5	5	22	42	0	14	5	0	5
TCTTACATCACT__0.258538330726102__16	22	9	5	14	4	42	0	22	42	4	9
CTTTACATAACG__0.258309353434522__16	9	5	5	14	4	42	0	14	5	4	43
ATTTATATAATA__0.258295100558441__12	0	5	5	14	0	14	0	14	5	0	14
ACTTACGCAACG__0.258270811769423__17	4	9	5	14	4	43	25	42	5	4	43
CGTTACGCAAGT__0.258074930248519__16	43	4	5	14	4	43	25	42	5	9	4
CCTTGCATAATG__0.257990639081836__12	42	9	5	42	25	42	0	14	5	0	42
GATTACGCAAGC__0.257653888671318__21	22	0	5	14	4	43	25	42	5	9	25
AATGACGTAAAG__0.257619868037466__11	5	0	42	22	4	43	4	14	5	5	9
TATTACACAACC__0.25720604147894__38	14	0	5	14	4	42	4	42	5	4	42
CGTTACATAAAA__0.257074343708377__20	43	4	5	14	4	42	0	14	5	5	5
AATTACACAATC__0.256849146509407__21	5	0	5	14	4	42	4	42	5	0	22
TATTAAGTAACG__0.256663261099499__12	14	0	5	14	5	9	4	14	5	4	43
TCTTATATAAGC__0.256309260083804__9	22	9	5	14	0	14	0	14	5	9	25
AGTTACATCACG__0.256236412936363__17	9	4	5	14	4	42	0	22	42	4	43
GATTACTTAACA__0.256201801342938__18	22	0	5	14	4	9	5	14	5	4	42
ACTGACGTAACC__0.256043811283952__20	4	9	42	22	4	43	4	14	5	4	42
ATTTACGTAACC__0.25584649450338__21	0	5	5	14	4	43	4	14	5	4	42
TTTTGCATAATA__0.255747877607157__21	5	5	5	42	25	42	0	14	5	0	14
ACTGACGTAACT__0.255615729811247__13	4	9	42	22	4	43	4	14	5	4	9
CGTTGCATAACC__0.255560730842894__32	43	4	5	42	25	42	0	14	5	4	42
AATTAGATAACA__0.255045509537298__12	5	0	5	14	9	22	0	14	5	4	42
GATTACATCAGG__0.255028736076065__10	22	0	5	14	4	42	0	22	42	9	42
CATTAGATAATT__0.255026863634204__9	42	0	5	14	9	22	0	14	5	0	5
AGTTTCGTAATA__0.254415863662157__19	9	4	5	5	22	43	4	14	5	0	14
TGTTAGATAATA__0.254096744714383__16	42	4	5	14	9	22	0	14	5	0	14
AATTACGAAATC__0.253913407530362__16	5	0	5	14	4	43	22	5	5	0	22
GCTTATATAACC__0.253840597838198__16	25	9	5	14	0	14	0	14	5	4	42
CCTTACGCAACG__0.253836782060715__15	42	9	5	14	4	43	25	42	5	4	43
TCATACGTAATA__0.253730205725956__13	22	42	0	14	4	43	4	14	5	0	14
CCTTACATCATG__0.253414092873581__9	42	9	5	14	4	42	0	22	42	0	42
CGTTGCATAAGA__0.253101789836987__16	43	4	5	42	25	42	0	14	5	9	22
AATGACATAAGT__0.25275519437231__11	5	0	42	22	4	42	0	14	5	9	4
GATTACGGAATA__0.25266282179422__11	22	0	5	14	4	43	42	22	5	0	14
TATTACACAACG__0.252646858474186__21	14	0	5	14	4	42	4	42	5	4	43
CATTAGATAATA__0.252628332654009__10	42	0	5	14	9	22	0	14	5	0	14
TATCACGTAATC__0.252614286321992__12	14	0	22	42	4	43	4	14	5	0	22
TAATACGTAATC__0.252609326682701__15	14	5	0	14	4	43	4	14	5	0	22
GTTTACGTCATT__0.25260412095192__17	4	5	5	14	4	43	4	22	42	0	5
TATTACGCAAAA__0.252572862455059__23	14	0	5	14	4	43	25	42	5	5	5
TCTTGCGTAAGG__0.252559385403242__11	22	9	5	42	25	43	4	14	5	9	42
AATTGCATAAGC__0.252443974115659__21	5	0	5	42	25	42	0	14	5	9	25
TATTACATCAAC__0.25222611236071__20	14	0	5	14	4	42	0	22	42	5	4
TATTAAATAACA__0.252153222300307__17	14	0	5	14	5	5	0	14	5	4	42
ACTTGCATAATT__0.251601233124681__13	4	9	5	42	25	42	0	14	5	0	5
CCTTACATCACA__0.251527066378962__20	42	9	5	14	4	42	0	22	42	4	42
CATTACGGAACA__0.251311175693638__12	42	0	5	14	4	43	42	22	5	4	42
AGTGACATAACG__0.251099329895067__17	9	4	42	22	4	42	0	14	5	4	43
GGTTACATAAAA__0.251096265579626__24	42	4	5	14	4	42	0	14	5	5	5
ACTTACGCAACT__0.250696291643635__18	4	9	5	14	4	43	25	42	5	4	9
CGTTACATCACC__0.250581678737924__26	43	4	5	14	4	42	0	22	42	4	42
AGTTACATAAAC__0.250537705595757__23	9	4	5	14	4	42	0	14	5	5	4
GATTACGAAACA__0.25043115267088__22	22	0	5	14	4	43	22	5	5	4	42
AATTACACAATA__0.250077849865226__20	5	0	5	14	4	42	4	42	5	0	14
TATTACTTAACG__0.249635583424213__12	14	0	5	14	4	9	5	14	5	4	43
GGTGACATAACG__0.249552519516652__20	42	4	42	22	4	42	0	14	5	4	43
TATTTCATAATG__0.249527859316089__11	14	0	5	5	22	42	0	14	5	0	42
TGTTACATAAAG__0.249522814857103__17	42	4	5	14	4	42	0	14	5	5	9
CATTACACAACT__0.249027365296419__21	42	0	5	14	4	42	4	42	5	4	9
AGTTACATAAAG__0.248924868479102__14	9	4	5	14	4	42	0	14	5	5	9
GATTTCATAATG__0.248899529108236__10	22	0	5	5	22	42	0	14	5	0	42
GATTAAGTAACA__0.248015288098349__15	22	0	5	14	5	9	4	14	5	4	42
AATTACATCAGC__0.247993810083602__15	5	0	5	14	4	42	0	22	42	9	25
TGTTTCATAATA__0.247862008573786__16	42	4	5	5	22	42	0	14	5	0	14
ATTTACGTCATC__0.247861994705951__12	0	5	5	14	4	43	4	22	42	0	22
AATTTCGTAATA__0.247826017694884__13	5	0	5	5	22	43	4	14	5	0	14
TTTTACATAACG__0.247671880199552__17	5	5	5	14	4	42	0	14	5	4	43
GCTGACATAATA__0.247189578927188__15	25	9	42	22	4	42	0	14	5	0	14
TGTTACACAATT__0.247106868686023__19	42	4	5	14	4	42	4	42	5	0	5
ACTTGCATAACC__0.246950617080578__24	4	9	5	42	25	42	0	14	5	4	42
GATTAGATAATG__0.246812648227082__9	22	0	5	14	9	22	0	14	5	0	42
ATTGACGTAACA__0.246725656718897__17	0	5	42	22	4	43	4	14	5	4	42
ATTGACGTAATA__0.246648302952117__12	0	5	42	22	4	43	4	14	5	0	14
CATTACTTAACC__0.24622970662041__18	42	0	5	14	4	9	5	14	5	4	42
TATTACGCAAAC__0.246206543751129__25	14	0	5	14	4	43	25	42	5	5	4
TATTACTTAACC__0.245884189370336__19	14	0	5	14	4	9	5	14	5	4	42
TCTTACATCACG__0.24574462340315__13	22	9	5	14	4	42	0	22	42	4	43
TATTACGAAACA__0.245742200751796__21	14	0	5	14	4	43	22	5	5	4	42
GATTACACAACC__0.245426158238497__32	22	0	5	14	4	42	4	42	5	4	42
GATTACCTAATG__0.245398821670553__11	22	0	5	14	4	42	9	14	5	0	42
TATTAAATAATA__0.245342157032071__13	14	0	5	14	5	5	0	14	5	0	14
AATTACGAAATA__0.24524718231814__16	5	0	5	14	4	43	22	5	5	0	14
TTTTACGTAAGC__0.244860078933831__14	5	5	5	14	4	43	4	14	5	9	25
GCTTGCATAATT__0.244808308309066__14	25	9	5	42	25	42	0	14	5	0	5
AGTTGCATAAGC__0.244769375288695__21	9	4	5	42	25	42	0	14	5	9	25
TCTTACATAAAC__0.244649668128613__19	22	9	5	14	4	42	0	14	5	5	4
AGTTACATCACC__0.244592693208228__25	9	4	5	14	4	42	0	22	42	4	42
TATTACCTAATG__0.244561645724302__11	14	0	5	14	4	42	9	14	5	0	42
CGTTGCATAAGT__0.244545753009286__14	43	4	5	42	25	42	0	14	5	9	4
AATTAGATAATA__0.244418536501911__9	5	0	5	14	9	22	0	14	5	0	14
AATTACGAAATG__0.244298661844128__12	5	0	5	14	4	43	22	5	5	0	42
GATTACGTATTC__0.244253651213713__13	22	0	5	14	4	43	4	14	0	5	22
CATTACGTCAAT__0.244243443935261__10	42	0	5	14	4	43	4	22	42	5	0
CGTGACATAACG__0.244148225618839__15	43	4	42	22	4	42	0	14	5	4	43
ATTTACATAACG__0.244065617893249__15	0	5	5	14	4	42	0	14	5	4	43
CCTTACGTAAAA__0.243980374296233__10	42	9	5	14	4	43	4	14	5	5	5
ATTGACGTAATC__0.243767455784448__12	0	5	42	22	4	43	4	14	5	0	22
AGTTACTTAATA__0.24372497039118__11	9	4	5	14	4	9	5	14	5	0	14
ACTTGCATAATG__0.243534315588752__11	4	9	5	42	25	42	0	14	5	0	42
TATTTCATAATC__0.243522243404348__12	14	0	5	5	22	42	0	14	5	0	22
TGTTACATCAGT__0.243431256534889__13	42	4	5	14	4	42	0	22	42	9	4
GGTTACCTAATA__0.243341297087493__17	42	4	5	14	4	42	9	14	5	0	14
ACTTACGCAACC__0.243153548678791__25	4	9	5	14	4	43	25	42	5	4	42
CATTACCTAACT__0.243127917960858__14	42	0	5	14	4	42	9	14	5	4	9
GATTACTTAACC__0.243082729892043__18	22	0	5	14	4	9	5	14	5	4	42
ACATACGTAATA__0.242898252645418__10	4	42	0	14	4	43	4	14	5	0	14
AATTAGGTAATG__0.242832830113511__10	5	0	5	14	9	42	4	14	5	0	42
TGTTACTTAATT__0.242794704561308__12	42	4	5	14	4	9	5	14	5	0	5
TGTTACGAAATA__0.242530768351094__19	42	4	5	14	4	43	22	5	5	0	14
GATGACGTAAAA__0.242258858138073__13	22	0	42	22	4	43	4	14	5	5	5
GGTTACATAAAC__0.242224429851988__25	42	4	5	14	4	42	0	14	5	5	4
TCTTGCATAAGA__0.242122426920169__11	22	9	5	42	25	42	0	14	5	9	22
TGTTAAGTAACA__0.241840295636118__18	42	4	5	14	5	9	4	14	5	4	42
TCTGACATAATA__0.241731916117425__13	22	9	42	22	4	42	0	14	5	0	14
AATTACGAAACA__0.241657634250905__20	5	0	5	14	4	43	22	5	5	4	42
GGTTGCATAAGG__0.24165135883655__19	42	4	5	42	25	42	0	14	5	9	42
TATCACGTAATA__0.241556079826807__10	14	0	22	42	4	43	4	14	5	0	14
CGTGACATAACC__0.241475535493638__23	43	4	42	22	4	42	0	14	5	4	42
GATTACACAATG__0.241362375182789__14	22	0	5	14	4	42	4	42	5	0	42
GATTCCGTAATA__0.241220977716072__9	22	0	5	22	42	43	4	14	5	0	14
CATTAAGTAACA__0.241186819109074__11	42	0	5	14	5	9	4	14	5	4	42
TATCACGTAATT__0.241122837503127__9	14	0	22	42	4	43	4	14	5	0	5
TTTTACATAACT__0.240880083594482__17	5	5	5	14	4	42	0	14	5	4	9
TGTGACATAACC__0.240816517376048__24	42	4	42	22	4	42	0	14	5	4	42
TATTAGATAACC__0.240436009288218__13	14	0	5	14	9	22	0	14	5	4	42
GGTTACGTAAAC__0.240433352631426__21	42	4	5	14	4	43	4	14	5	5	4
TGTTAGATAAGA__0.240368007625011__11	42	4	5	14	9	22	0	14	5	9	22
GTTTACATAACT__0.239929019999191__18	4	5	5	14	4	42	0	14	5	4	9
TATTACGTATTC__0.239824981475783__12	14	0	5	14	4	43	4	14	0	5	22
TATTTCATAATA__0.239797877218806__12	14	0	5	5	22	42	0	14	5	0	14
TGTTAAATAACA__0.239643567923608__17	42	4	5	14	5	5	0	14	5	4	42
TGTTACGCAAGC__0.239584973233208__21	42	4	5	14	4	43	25	42	5	9	25
AGTTACATAAAA__0.239533206954931__17	9	4	5	14	4	42	0	14	5	5	5
GCTTACATAAGC__0.239470042255633__16	25	9	5	14	4	42	0	14	5	9	25
AGTTACGCAAGT__0.239179988652015__14	9	4	5	14	4	43	25	42	5	9	4
CGTTACGCAAGC__0.239134675412642__16	43	4	5	14	4	43	25	42	5	9	25
GGTGACATAAGA__0.239060841854227__14	42	4	42	22	4	42	0	14	5	9	22
TGTTAAGTAACG__0.239008744100993__14	42	4	5	14	5	9	4	14	5	4	43
GTTTACGTAAGC__0.238887565239211__15	4	5	5	14	4	43	4	14	5	9	25
TATTATATAAAC__0.238755449776322__12	14	0	5	14	0	14	0	14	5	5	4
TATTACGTCAAG__0.23873227661499__11	14	0	5	14	4	43	4	22	42	5	9
TGTTACATAAAC__0.238678870734186__23	42	4	5	14	4	42	0	14	5	5	4
TGTTACACAATC__0.238489645681091__21	42	4	5	14	4	42	4	42	5	0	22
TCTTGCATAAGT__0.238386968456683__10	22	9	5	42	25	42	0	14	5	9	4
ACTGACATAATA__0.238124956336267__11	4	9	42	22	4	42	0	14	5	0	14
AATTAAGTAATT__0.238104774226881__9	5	0	5	14	5	9	4	14	5	0	5
ATTGACGTAATT__0.238080887675087__10	0	5	42	22	4	43	4	14	5	0	5
TAATACGTAACG__0.237766983846325__12	14	5	0	14	4	43	4	14	5	4	43
GCTTGCATAACC__0.237703970282845__23	25	9	5	42	25	42	0	14	5	4	42
CTTTACATAACC__0.237526300216174__21	9	5	5	14	4	42	0	14	5	4	42
AATTACACAACA__0.236896794599952__26	5	0	5	14	4	42	4	42	5	4	42
GATTACGCAAAC__0.236613129940413__22	22	0	5	14	4	43	25	42	5	5	4
CGTTACATCAGA__0.2364250360186__10	43	4	5	14	4	42	0	22	42	9	22
AATTAAATAACA__0.23640512935859__13	5	0	5	14	5	5	0	14	5	4	42
TATTAAGTAACC__0.23639594058083__13	14	0	5	14	5	9	4	14	5	4	42
AATGACATAAGC__0.236311885447142__14	5	0	42	22	4	42	0	14	5	9	25
GATGACGTAAAC__0.236157475142269__14	22	0	42	22	4	43	4	14	5	5	4
GCTTGCATAACT__0.235569654019658__16	25	9	5	42	25	42	0	14	5	4	9
AGTTACGCAAGG__0.235330835286195__12	9	4	5	14	4	43	25	42	5	9	42
TCTTGCATAACG__0.235240803828716__13	22	9	5	42	25	42	0	14	5	4	43
GTTTACATCATA__0.234931959552637__14	4	5	5	14	4	42	0	22	42	0	14
AATTACGTCAAC__0.234920379655099__15	5	0	5	14	4	43	4	22	42	5	4
GGTGACATAACC__0.234888933451543__24	42	4	42	22	4	42	0	14	5	4	42
GATTACTTAACG__0.234521004847799__10	22	0	5	14	4	9	5	14	5	4	43
CGTTACATAAAC__0.234249877696025__18	43	4	5	14	4	42	0	14	5	5	4
TCTGACATAATT__0.23406066416329__10	22	9	42	22	4	42	0	14	5	0	5
CATTTCGTAATA__0.234057316270435__11	42	0	5	5	22	43	4	14	5	0	14
AATTAGGTAACA__0.234029964708136__13	5	0	5	14	9	42	4	14	5	4	42
CGTGACGTAAGC__0.233620736418419__12	43	4	42	22	4	43	4	14	5	9	25
GATTAAGTAATT__0.23359999550555__10	22	0	5	14	5	9	4	14	5	0	5
GATTAGGTAACT__0.233424396005934__13	22	0	5	14	9	42	4	14	5	4	9
TGTTACGTATTA__0.233259515750801__16	42	4	5	14	4	43	4	14	0	5	14
CCTTACATCACT__0.232973536345329__11	42	9	5	14	4	42	0	22	42	4	9
GATTACGCAAAA__0.232945025033528__18	22	0	5	14	4	43	25	42	5	5	5
ACTTACGTCACG__0.232864415420105__9	4	9	5	14	4	43	4	22	42	4	43
AGTTAAGTAATT__0.232842307072126__10	9	4	5	14	5	9	4	14	5	0	5
GATTAGATAACG__0.23263350057203__9	22	0	5	14	9	22	0	14	5	4	43
TGTTAGATAACT__0.232570398046917__13	42	4	5	14	9	22	0	14	5	4	9
ACTGACATAACA__0.232148296215451__14	4	9	42	22	4	42	0	14	5	4	42
TCTGACATAATG__0.231852948142966__9	22	9	42	22	4	42	0	14	5	0	42
GATTACTTAACT__0.231556643079998__10	22	0	5	14	4	9	5	14	5	4	9
TATTTCATAACT__0.231179252910092__12	14	0	5	5	22	42	0	14	5	4	9
AATTAAATAATA__0.23082294091518__10	5	0	5	14	5	5	0	14	5	0	14
AGTTACATCAGA__0.230288552003211__10	9	4	5	14	4	42	0	22	42	9	22
GATTACGTATCT__0.23025314018621__11	22	0	5	14	4	43	4	14	0	22	9
GTTTGCATAATT__0.230138614401504__15	4	5	5	42	25	42	0	14	5	0	5
AGTTAGATAATA__0.229949689178445__10	9	4	5	14	9	22	0	14	5	0	14
CATTACGAAATC__0.229806207354044__11	42	0	5	14	4	43	22	5	5	0	22
TGTTGCATAAGC__0.229805866914431__19	42	4	5	42	25	42	0	14	5	9	25
GTTTGCATAATA__0.229298994866581__17	4	5	5	42	25	42	0	14	5	0	14
AGTTTCATAATA__0.229279300508943__11	9	4	5	5	22	42	0	14	5	0	14
ACTTACATAAAT__0.229238299034893__11	4	9	5	14	4	42	0	14	5	5	0
TGTTACGTCAAC__0.22918038020166__18	42	4	5	14	4	43	4	22	42	5	4
GGTTGCATAAGC__0.228834914245274__21	42	4	5	42	25	42	0	14	5	9	25
GCTTACGCAACT__0.228827236872525__16	25	9	5	14	4	43	25	42	5	4	9
CCTTGCATAACG__0.228721300837586__11	42	9	5	42	25	42	0	14	5	4	43
GATTACCTAACT__0.228718361765534__12	22	0	5	14	4	42	9	14	5	4	9
AATTACCTAATG__0.228615728958588__9	5	0	5	14	4	42	9	14	5	0	42
TGTTACGTGATT__0.228416891671438__12	42	4	5	14	4	43	4	42	22	0	5
AGTTACACAACA__0.228219949999273__24	9	4	5	14	4	42	4	42	5	4	42
GATTTCATAATC__0.227569260136192__9	22	0	5	5	22	42	0	14	5	0	22
TATTATATAAAA__0.227523286706063__9	14	0	5	14	0	14	0	14	5	5	5
TGTGACATAAGA__0.227475590924777__11	42	4	42	22	4	42	0	14	5	9	22
GATTACGTCAAC__0.227362269510034__14	22	0	5	14	4	43	4	22	42	5	4
TATTACCTAACT__0.226946021621651__12	14	0	5	14	4	42	9	14	5	4	9
TGTGACATAAGG__0.226901382125158__10	42	4	42	22	4	42	0	14	5	9	42
GGTTAGATAATA__0.226643612098533__13	42	4	5	14	9	22	0	14	5	0	14
CGTGACATAACT__0.226534671859453__13	43	4	42	22	4	42	0	14	5	4	9
GATTAAATAATA__0.226148395219674__11	22	0	5	14	5	5	0	14	5	0	14
TGTTACGAAATC__0.2259387116415__14	42	4	5	14	4	43	22	5	5	0	22
AATTATATAAAC__0.225567235340439__9	5	0	5	14	0	14	0	14	5	5	4
TCTTGCGTAAGA__0.225213186950072__9	22	9	5	42	25	43	4	14	5	9	22
CATTACGAAACA__0.225131253784085__15	42	0	5	14	4	43	22	5	5	4	42
CCTTGCGTAACC__0.224841552438044__15	42	9	5	42	25	43	4	14	5	4	42
TGTCACGTAATA__0.224817092814676__10	42	4	22	42	4	43	4	14	5	0	14
TATTACCTAACC__0.224567157084796__18	14	0	5	14	4	42	9	14	5	4	42
CATTTCATAATA__0.224477474233275__9	42	0	5	5	22	42	0	14	5	0	14
TATTACGCAAAG__0.224152515316025__12	14	0	5	14	4	43	25	42	5	5	9
CCTGACGTAACC__0.224149181486215__14	42	9	42	22	4	43	4	14	5	4	42
AGTGACATAACC__0.224059645618023__19	9	4	42	22	4	42	0	14	5	4	42
CCTTACGCAACT__0.223990131792809__12	42	9	5	14	4	43	25	42	5	4	9
AGTTAAGTAACA__0.223841279704508__11	9	4	5	14	5	9	4	14	5	4	42
GGTTACATCACG__0.223726161472976__14	42	4	5	14	4	42	0	22	42	4	43
CATTACGTCAAC__0.223649385390838__12	42	0	5	14	4	43	4	22	42	5	4
CATTACACAACC__0.223649264284316__24	42	0	5	14	4	42	4	42	5	4	42
ATTTACATAACC__0.223213944587019__19	0	5	5	14	4	42	0	14	5	4	42
CCTGACATAACA__0.223133838141435__13	42	9	42	22	4	42	0	14	5	4	42
TGTTAAGTAATT__0.222842628927876__12	42	4	5	14	5	9	4	14	5	0	5
GCTTGCATAATG__0.222782146589928__10	25	9	5	42	25	42	0	14	5	0	42
TGATACGTAATA__0.222647875525314__11	42	22	0	14	4	43	4	14	5	0	14
AATTTCGTAACA__0.22250525065305__12	5	0	5	5	22	43	4	14	5	4	42
CATGACGTAAAA__0.222463867572054__9	42	0	42	22	4	43	4	14	5	5	5
AATTACGTATTC__0.222159289471286__9	5	0	5	14	4	43	4	14	0	5	22
GCTGACGTAACC__0.22209518488684__15	25	9	42	22	4	43	4	14	5	4	42
TGTTTCATAATC__0.221943372007406__11	42	4	5	5	22	42	0	14	5	0	22
GATTACACAACG__0.221839035563963__14	22	0	5	14	4	42	4	42	5	4	43
CGTTACCTAATA__0.221791124644273__10	43	4	5	14	4	42	9	14	5	0	14
CAATACATAATA__0.221758964829176__9	42	5	0	14	4	42	0	14	5	0	14
TGTTAAATAATA__0.22173671830075__12	42	4	5	14	5	5	0	14	5	0	14
TGTTAGGTAACA__0.221616528410993__18	42	4	5	14	9	42	4	14	5	4	42
TTTTACATAAGT__0.22152630991967__9	5	5	5	14	4	42	0	14	5	9	4
TATTACATCAAA__0.2215029346853__11	14	0	5	14	4	42	0	22	42	5	5
TGTGACATAAGT__0.221433375371435__10	42	4	42	22	4	42	0	14	5	9	4
GTATACGTAATA__0.221402648003404__11	4	14	0	14	4	43	4	14	5	0	14
TAATACATAACA__0.221293651888009__14	14	5	0	14	4	42	0	14	5	4	42
TATTTCGTAACT__0.221127390701195__12	14	0	5	5	22	43	4	14	5	4	9
GATTACGTCAAA__0.22111891556604__11	22	0	5	14	4	43	4	22	42	5	5
CATTACACAACG__0.220058230436368__13	42	0	5	14	4	42	4	42	5	4	43
GATTACGTTATA__0.219847717933806__9	22	0	5	14	4	43	4	5	14	0	14
CGTTAGATAACA__0.219428714415738__9	43	4	5	14	9	22	0	14	5	4	42
TATTACGAAACG__0.219374824556406__11	14	0	5	14	4	43	22	5	5	4	43
AATTTCGTAATC__0.218658591674718__9	5	0	5	5	22	43	4	14	5	0	22
AGTTACCTAATA__0.21816987051652__10	9	4	5	14	4	42	9	14	5	0	14
TGTTTCATAACT__0.218133636603011__12	42	4	5	5	22	42	0	14	5	4	9
TGTTAGATAATT__0.21802989287558__9	42	4	5	14	9	22	0	14	5	0	5
GATTAGATAACC__0.21777828530551__10	22	0	5	14	9	22	0	14	5	4	42
AGTTACACAATA__0.217625841524588__14	9	4	5	14	4	42	4	42	5	0	14
GCTTACGCAACG__0.217284728484516__12	25	9	5	14	4	43	25	42	5	4	43
GCTTACATCACT__0.217260865885446__11	25	9	5	14	4	42	0	22	42	4	9
AATTACACAACT__0.217116144443306__15	5	0	5	14	4	42	4	42	5	4	9
AGTTACATAAAT__0.216619262388196__11	9	4	5	14	4	42	0	14	5	5	0
ACTTACGAAATA__0.215893187238682__9	4	9	5	14	4	43	22	5	5	0	14
GCTTACATCACA__0.21587447292341__15	25	9	5	14	4	42	0	22	42	4	42
TGTTACATCAGC__0.215842846124122__13	42	4	5	14	4	42	0	22	42	9	25
GGTTACATCACC__0.215835005801727__20	42	4	5	14	4	42	0	22	42	4	42
AATTACACAATG__0.215418864113453__10	5	0	5	14	4	42	4	42	5	0	42
GGTTACATCACT__0.21535620577022__13	42	4	5	14	4	42	0	22	42	4	9
AATTACACAACC__0.215085746829963__23	5	0	5	14	4	42	4	42	5	4	42
GTTTACATAACG__0.214778124471242__12	4	5	5	14	4	42	0	14	5	4	43
AATTACACAACG__0.214623917980105__13	5	0	5	14	4	42	4	42	5	4	43
ACTTACATCACA__0.214082527000329__13	4	9	5	14	4	42	0	22	42	4	42
CGTTGCATAAGC__0.214042580525237__13	43	4	5	42	25	42	0	14	5	9	25
GATTTCATAACA__0.214002447440122__10	22	0	5	5	22	42	0	14	5	4	42
CCTTGCATAACC__0.213777898049216__15	42	9	5	42	25	42	0	14	5	4	42
TGTTACACAACG__0.213768690845432__16	42	4	5	14	4	42	4	42	5	4	43
CATTACACAATG__0.213267347724781__9	42	0	5	14	4	42	4	42	5	0	42
GATTACGTATGC__0.212917836900187__9	22	0	5	14	4	43	4	14	0	42	25
ATTTACGTCACA__0.212347540611717__10	0	5	5	14	4	43	4	22	42	4	42
CGTTACACAATC__0.212190886214437__12	43	4	5	14	4	42	4	42	5	0	22
AATTACCTAACT__0.211982091219751__10	5	0	5	14	4	42	9	14	5	4	9
TGTTACGTGATA__0.211862952492646__10	42	4	5	14	4	43	4	42	22	0	14
GCTGACATAATC__0.211772025805774__9	25	9	42	22	4	42	0	14	5	0	22
AGTTTCGTAATG__0.211663845132049__10	9	4	5	5	22	43	4	14	5	0	42
CATTACGAAACG__0.211404134783084__9	42	0	5	14	4	43	22	5	5	4	43
CCTGACATAACT__0.21130342138077__9	42	9	42	22	4	42	0	14	5	4	9
ATTTGCATAATA__0.21087506679495__10	0	5	5	42	25	42	0	14	5	0	14
CCTTACACAATC__0.210124647973478__10	42	9	5	14	4	42	4	42	5	0	22
TCTTACACAATA__0.210109774023181__11	22	9	5	14	4	42	4	42	5	0	14
TGTTAAATAATT__0.210109384786737__9	42	4	5	14	5	5	0	14	5	0	5
GATTAGGTAACA__0.209947698347045__11	22	0	5	14	9	42	4	14	5	4	42
TGTTACACAATG__0.209908842924619__12	42	4	5	14	4	42	4	42	5	0	42
GGTTAAGTAATT__0.209798339923274__12	42	4	5	14	5	9	4	14	5	0	5
TTTTGCATAATT__0.209397636823425__10	5	5	5	42	25	42	0	14	5	0	5
AGTTAGGTAACA__0.208682562936005__12	9	4	5	14	9	42	4	14	5	4	42
GGTTACGCAAGC__0.208362427173475__15	42	4	5	14	4	43	25	42	5	9	25
CATGACATAAGC__0.20825950517195__9	42	0	42	22	4	42	0	14	5	9	25
TCTTGCGTAACC__0.208240494870635__13	22	9	5	42	25	43	4	14	5	4	42
CCTTACACAATA__0.20780043467976__10	42	9	5	14	4	42	4	42	5	0	14
CATTAGGTAACA__0.206750214278801__9	42	0	5	14	9	42	4	14	5	4	42
CGTTACATAAAT__0.206697824609942__9	43	4	5	14	4	42	0	14	5	5	0
TGTTTCATAACA__0.206661172331599__11	42	4	5	5	22	42	0	14	5	4	42
TGTTACACAATA__0.206629100323475__14	42	4	5	14	4	42	4	42	5	0	14
GGTTACATAAAT__0.206189362190159__12	42	4	5	14	4	42	0	14	5	5	0
AATTACGAAACG__0.206152980387495__9	5	0	5	14	4	43	22	5	5	4	43
GCTTGCATAACG__0.206040913432626__10	25	9	5	42	25	42	0	14	5	4	43
AATGACATAAAA__0.205944707487895__10	5	0	42	22	4	42	0	14	5	5	5
GCTTACATAAAC__0.205910537681671__13	25	9	5	14	4	42	0	14	5	5	4
GGTTTCGTAATA__0.205841564220512__15	42	4	5	5	22	43	4	14	5	0	14
GATTAAATAACA__0.205722382669019__10	22	0	5	14	5	5	0	14	5	4	42
GCTTACGCAACC__0.205668493287908__17	25	9	5	14	4	43	25	42	5	4	42
CGTTACGAAATA__0.205457435139302__9	43	4	5	14	4	43	22	5	5	0	14
CCTTACATCACC__0.205268331680591__13	42	9	5	14	4	42	0	22	42	4	42
TATTACGCAAAT__0.205156071267751__10	14	0	5	14	4	43	25	42	5	5	0
GATTACGCAAAT__0.204862192169648__10	22	0	5	14	4	43	25	42	5	5	0
TATTGCATAAAC__0.204272748891488__14	14	0	5	42	25	42	0	14	5	5	4
GGTTACATAAAG__0.203732835079845__10	42	4	5	14	4	42	0	14	5	5	9
ACTTGCGTAACC__0.203508434434554__12	4	9	5	42	25	43	4	14	5	4	42
GGTTAGATAATC__0.203154048404658__9	42	4	5	14	9	22	0	14	5	0	22
ACTTGCATAACT__0.202937826698136__9	4	9	5	42	25	42	0	14	5	4	9
AGTTACTTAACA__0.202601932391944__9	9	4	5	14	4	9	5	14	5	4	42
TGTTAGGTAACT__0.202062443594178__12	42	4	5	14	9	42	4	14	5	4	9
TGTGACATAAGC__0.201746585499215__10	42	4	42	22	4	42	0	14	5	9	25
TATTTCATAACA__0.201369662784487__9	14	0	5	5	22	42	0	14	5	4	42
TATTGCATAAAT__0.201346088437832__10	14	0	5	42	25	42	0	14	5	5	0
CCTTACACAACA__0.20090873507586__14	42	9	5	14	4	42	4	42	5	4	42
CCTTACATAAAC__0.200901825882483__10	42	9	5	14	4	42	0	14	5	5	4
GATTAGGTAACC__0.200394830798707__10	22	0	5	14	9	42	4	14	5	4	42
GTTTACGCAATC__0.200025856527448__11	4	5	5	14	4	43	25	42	5	0	22
AATTACGAAACT__0.19928266378521__9	5	0	5	14	4	43	22	5	5	4	9
CTTGACGTAACA__0.198993384692838__9	9	5	42	22	4	43	4	14	5	4	42
GCTGACATAACA__0.198640120217256__10	25	9	42	22	4	42	0	14	5	4	42
GATTACCTAACC__0.198508950568143__12	22	0	5	14	4	42	9	14	5	4	42
GATTTCATAACC__0.198294997702752__10	22	0	5	5	22	42	0	14	5	4	42
AATTACGCAAAA__0.198251775222749__11	5	0	5	14	4	43	25	42	5	5	5
TTTTACGTCACC__0.198093391630578__10	5	5	5	14	4	43	4	22	42	4	42
CATTACGCAAAC__0.197737242109233__12	42	0	5	14	4	43	25	42	5	5	4
TGTTAGATAACC__0.197725882042776__10	42	4	5	14	9	22	0	14	5	4	42
TATTGCGTAAAA__0.197569112315674__9	14	0	5	42	25	43	4	14	5	5	5
ATTTACGCAACA__0.197253345820779__11	0	5	5	14	4	43	25	42	5	4	42
GGTTACGAAATA__0.19724613795695__11	42	4	5	14	4	43	22	5	5	0	14
GGTTAGATAACA__0.196951348862734__9	42	4	5	14	9	22	0	14	5	4	42
CATTACGCAAAA__0.196940502403304__10	42	0	5	14	4	43	25	42	5	5	5
GTTTGCATAACA__0.196860942357891__13	4	5	5	42	25	42	0	14	5	4	42
ACTTACATCACC__0.196631980418386__12	4	9	5	14	4	42	0	22	42	4	42
GATTGCATAAAA__0.195266826832141__11	22	0	5	42	25	42	0	14	5	5	5
TGTTACGCAAAA__0.195253892943564__13	42	4	5	14	4	43	25	42	5	5	5
GGTTACTTAACA__0.195206383420838__10	42	4	5	14	4	9	5	14	5	4	42
GGTTACACAATC__0.194573366886032__12	42	4	5	14	4	42	4	42	5	0	22
TGTTACACAACA__0.194150120843998__17	42	4	5	14	4	42	4	42	5	4	42
TGTTACGAAACA__0.192715154346698__12	42	4	5	14	4	43	22	5	5	4	42
AGTTACGCAAAC__0.192622125286195__12	9	4	5	14	4	43	25	42	5	5	4
AGTTACGCAAGC__0.192598725293546__9	9	4	5	14	4	43	25	42	5	9	25
GGTTACACAACA__0.191960395932317__17	42	4	5	14	4	42	4	42	5	4	42
TGTTACGAAACT__0.191527102780351__10	42	4	5	14	4	43	22	5	5	4	9
CGTTACACAATA__0.19096693895425__9	43	4	5	14	4	42	4	42	5	0	14
TCTGACATAACC__0.190868319913741__11	22	9	42	22	4	42	0	14	5	4	42
TGTTGCATAAAG__0.189995165245869__9	42	4	5	42	25	42	0	14	5	5	9
GCTTACATCACC__0.18969211213087__12	25	9	5	14	4	42	0	22	42	4	42
AGTTACACAATC__0.189522425694792__9	9	4	5	14	4	42	4	42	5	0	22
TGTTACACAACC__0.189377376881566__18	42	4	5	14	4	42	4	42	5	4	42
GTTGACGTAACC__0.188930765479891__11	4	5	42	22	4	43	4	14	5	4	42
TTTTACATAACC__0.188654558233049__12	5	5	5	14	4	42	0	14	5	4	42
GTTTGCATAATC__0.188245268753151__9	4	5	5	42	25	42	0	14	5	0	22
AATTACCTAACC__0.187991504735683__11	5	0	5	14	4	42	9	14	5	4	42
GGTTACACAATA__0.187593860556415__11	42	4	5	14	4	42	4	42	5	0	14
GATTACGAAACC__0.18694415569967__11	22	0	5	14	4	43	22	5	5	4	42
TATTTCATAACC__0.186672473340344__9	14	0	5	5	22	42	0	14	5	4	42
GTTTACATAACC__0.186364759418429__12	4	5	5	14	4	42	0	14	5	4	42
GGTTAAGTAACA__0.183319214734628__9	42	4	5	14	5	9	4	14	5	4	42
AGTTACACAACT__0.180003448602332__9	9	4	5	14	4	42	4	42	5	4	9
GTTTGCATAACT__0.179439836755876__9	4	5	5	42	25	42	0	14	5	4	9
CGTTACACAACA__0.178332685701342__11	43	4	5	14	4	42	4	42	5	4	42
GGTTAGGTAACA__0.178147872083856__11	42	4	5	14	9	42	4	14	5	4	42
TGTTACACAACT__0.177292444994595__10	42	4	5	14	4	42	4	42	5	4	9
TCTTACACAACA__0.170806503931994__9	22	9	5	14	4	42	4	42	5	4	42
GTTTGCGTAACA__0.165155305852083__9	4	5	5	42	25	43	4	14	5	4	42
CGTTACACAACC__0.158536035318825__9	43	4	5	14	4	42	4	42	5	4	42
GGTTACACAACC__0.154571299190765__10	42	4	5	14	4	42	4	42	5	4	42
