AAATGCTGACGT__1__418	36	30	18	13	25	2	8	8	8	8
AAATGCTGACTC__0.988103311935789__434	36	30	18	13	25	2	8	8	11	8
AACTGCTGACTC__0.985349544490388__343	6	11	2	13	25	2	8	8	11	8
AACTGCTGACGT__0.954346168544811__277	6	11	2	13	25	2	8	8	8	8
AAGTGCTGACGT__0.947562536848313__372	6	11	17	13	25	2	8	8	8	8
AAACGCTGACTC__0.937244597269844__266	36	6	8	25	25	2	8	8	11	8
AAGTGCTGACTC__0.905643094064927__338	6	11	17	13	25	2	8	8	11	8
AAACGCTGACGT__0.898368619955227__206	36	6	8	25	25	2	8	8	8	8
AATTGCTGACGT__0.897425366536694__314	30	30	9	13	25	2	8	8	8	8
AAATGCTGACGC__0.890781379325816__299	36	30	18	13	25	2	8	8	8	25
AAATGCTGAGTC__0.874984179562069__243	36	30	18	13	25	2	8	8	11	8
AATTGCTGACTC__0.87012442493807__302	30	30	9	13	25	2	8	8	11	8
AAATGCTGACTA__0.867249213869831__310	36	30	18	13	25	2	8	8	11	18
AACTGCTGACGC__0.860944802674965__210	6	11	2	13	25	2	8	8	8	25
AACTGCTGACAC__0.85115459874572__294	6	11	2	13	25	2	8	8	6	17
ATATGCTGACGT__0.848306039293681__257	13	13	18	13	25	2	8	8	8	8
AAATGCTGACAC__0.842353671663179__341	36	30	18	13	25	2	8	8	6	17
ATATGCTGACTC__0.834543644486433__262	13	13	18	13	25	2	8	8	11	8
AACTGCTGACTA__0.821077260837386__204	6	11	2	13	25	2	8	8	11	18
AAGTGCTGAGTC__0.814207006426872__206	6	11	17	13	25	2	8	8	11	8
AAACGCTGAGTC__0.808607482337386__126	36	6	8	25	25	2	8	8	11	8
AAGTGCTGACAC__0.803791543213446__304	6	11	17	13	25	2	8	8	6	17
AACTGCTGAGTC__0.799708598933761__131	6	11	2	13	25	2	8	8	11	8
AAGTGCTGACGC__0.797611968348521__211	6	11	17	13	25	2	8	8	8	25
AATTGCTGACTA__0.796453994374294__242	30	30	9	13	25	2	8	8	11	18
AAACGCTGACGC__0.792937926290614__144	36	6	8	25	25	2	8	8	8	25
AAATGCTGACAT__0.790800531282247__227	36	30	18	13	25	2	8	8	6	18
AACTGCTGACAT__0.790532550459362__186	6	11	2	13	25	2	8	8	6	18
AAGTGCTGACTA__0.788065959855488__229	6	11	17	13	25	2	8	8	11	18
AATCGCTGACGT__0.783902123172637__129	30	7	31	25	25	2	8	8	8	8
AAGTGCTGACAT__0.777082643278907__229	6	11	17	13	25	2	8	8	6	18
AATCGCTGACTC__0.773152524777641__133	30	7	31	25	25	2	8	8	11	8
TAATGCTGACTC__0.765833867556764__197	20	30	18	13	25	2	8	8	11	8
AACCGCTGACTC__0.765253155959414__103	6	8	2	25	25	2	8	8	11	8
ATGTGCTGACGT__0.762508633295643__207	18	6	17	13	25	2	8	8	8	8
ATTTGCTGACGT__0.759760047780554__208	30	36	9	13	25	2	8	8	8	8
TAATGCTGACGT__0.759374450338586__175	20	30	18	13	25	2	8	8	8	8
AAACGCTGACTA__0.757711593174664__143	36	6	8	25	25	2	8	8	11	18
AAACGCTGACAC__0.75681977735563__179	36	6	8	25	25	2	8	8	6	17
AATTGCTGACGC__0.75401440491355__175	30	30	9	13	25	2	8	8	8	25
ACATGCTGACTC__0.751325531143674__140	6	18	18	13	25	2	8	8	11	8
AAATGCTGACGA__0.748447851716682__152	36	30	18	13	25	2	8	8	8	31
AATTGCTGACAC__0.746704147304601__226	30	30	9	13	25	2	8	8	6	17
TATTGCTGACGT__0.743801658754054__186	13	30	9	13	25	2	8	8	8	8
AACTGCTGACGA__0.741280225196709__119	6	11	2	13	25	2	8	8	8	31
TTTTGCTGACGT__0.739996297741952__267	36	36	9	13	25	2	8	8	8	8
ATATGCTGACTA__0.739071746062021__185	13	13	18	13	25	2	8	8	11	18
TTATGCTGACGT__0.736211731910413__208	20	13	18	13	25	2	8	8	8	8
ATATGCTGAGTC__0.735656863796866__153	13	13	18	13	25	2	8	8	11	8
ATTTGCTGACTC__0.732979534566177__196	30	36	9	13	25	2	8	8	11	8
AAATGCTGACTT__0.732793603797513__126	36	30	18	13	25	2	8	8	11	6
ATGTGCTGACTC__0.732701035648866__192	18	6	17	13	25	2	8	8	11	8
ATCTGCTGACTC__0.725407205923105__126	7	9	2	13	25	2	8	8	11	8
AATTGCTGAGTC__0.725359892967363__142	30	30	9	13	25	2	8	8	11	8
TTATGCTGACTC__0.725256484676861__213	20	13	18	13	25	2	8	8	11	8
AAGTGCTGACTT__0.720904928949229__130	6	11	17	13	25	2	8	8	11	6
AAGCGCTGACTC__0.719011965933155__93	6	25	25	25	25	2	8	8	11	8
TACTGCTGACTC__0.715438965217503__121	6	11	2	13	25	2	8	8	11	8
ACATGCTGACGT__0.714307266490304__105	6	18	18	13	25	2	8	8	8	8
AGTTGCTGACGT__0.713458622461694__130	11	6	9	13	25	2	8	8	8	8
GAATGCTGACTC__0.710403079700618__117	12	30	18	13	25	2	8	8	11	8
ATATGCTGACGC__0.708399854558157__140	13	13	18	13	25	2	8	8	8	25
AACTGCTGACTT__0.708057172530074__88	6	11	2	13	25	2	8	8	11	6
GAATGCTGACGT__0.706363769190061__105	12	30	18	13	25	2	8	8	8	8
AACAGCTGACGT__0.706363362752928__73	6	6	2	25	25	2	8	8	8	8
ATACGCTGACTC__0.706321007625756__98	13	6	8	25	25	2	8	8	11	8
ATATGCTGACAC__0.704430124471469__185	13	13	18	13	25	2	8	8	6	17
AAATGCTGAATC__0.703867938182976__132	36	30	18	13	25	2	8	12	30	7
ATCTGCTGACGT__0.701196218609543__101	7	9	2	13	25	2	8	8	8	8
TATTGCTGACTC__0.700338140444259__159	13	30	9	13	25	2	8	8	11	8
AAACGCTGACGA__0.700049494344236__91	36	6	8	25	25	2	8	8	8	31
TAATGCTGAGTC__0.699169583099327__134	20	30	18	13	25	2	8	8	11	8
TACTGCTGACGT__0.696811955042036__100	6	11	2	13	25	2	8	8	8	8
AATCGCTGAGTC__0.69301618440541__76	30	7	31	25	25	2	8	8	11	8
AACTGCTGACAA__0.691497311879879__144	6	11	2	13	25	2	8	8	6	9
AAGTGCTGACGA__0.690629192105254__120	6	11	17	13	25	2	8	8	8	31
ACTTGCTGACTC__0.68846720448337__102	11	6	9	13	25	2	8	8	11	8
AGATGCTGACTC__0.688197186533282__93	9	7	18	13	25	2	8	8	11	8
ATGTGCTGAGTC__0.686769407700352__148	18	6	17	13	25	2	8	8	11	8
TTTTGCTGACTC__0.686542627657792__215	36	36	9	13	25	2	8	8	11	8
TTCTGCTGACGT__0.68583679474666__121	12	9	2	13	25	2	8	8	8	8
AAACGCTGAATC__0.682584902167497__90	36	6	8	25	25	2	8	12	30	7
TTGTGCTGACGT__0.682269621199574__188	9	6	17	13	25	2	8	8	8	8
AATTGCTGACAT__0.681673275657437__137	30	30	9	13	25	2	8	8	6	18
AGATGCTGACGT__0.681325761271613__82	9	7	18	13	25	2	8	8	8	8
AATCGCTGACGC__0.681006320238563__84	30	7	31	25	25	2	8	8	8	25
AACCGCTGACGT__0.680351861689088__59	6	8	2	25	25	2	8	8	8	8
AAATGCTGACAA__0.678612606205284__160	36	30	18	13	25	2	8	8	6	9
ATTTGCTGACTA__0.678563596884515__159	30	36	9	13	25	2	8	8	11	18
TATCGCTGACTC__0.678527450063854__87	13	7	31	25	25	2	8	8	11	8
AACTGCTGAGTA__0.678024456138901__88	6	11	2	13	25	2	8	8	11	6
ACCTGCTGACTC__0.677171239873268__76	8	8	2	13	25	2	8	8	11	8
TAGTGCTGACGT__0.674748835175106__118	18	11	17	13	25	2	8	8	8	8
AGTTGCTGACTC__0.674489227810746__113	11	6	9	13	25	2	8	8	11	8
AAACGCTGACAT__0.673772090689996__95	36	6	8	25	25	2	8	8	6	18
ATTCGCTGACTC__0.673661316002781__100	30	12	31	25	25	2	8	8	11	8
AAATGCTGAGTA__0.673480876356494__107	36	30	18	13	25	2	8	8	11	6
TAATGCTGACGC__0.670792126040979__119	20	30	18	13	25	2	8	8	8	25
AACCGCTGAGTC__0.670711379889477__49	6	8	2	25	25	2	8	8	11	8
ATTTGCTGAGTC__0.668332326462855__137	30	36	9	13	25	2	8	8	11	8
AATTGCTGACTT__0.666082461672704__99	30	30	9	13	25	2	8	8	11	6
AAATGCTGATTC__0.665296524425057__93	36	30	18	13	25	2	8	7	30	12
GAATGCTGAGTC__0.66497550087348__82	12	30	18	13	25	2	8	8	11	8
AATAGCTGACGT__0.664218726111889__68	30	13	18	25	25	2	8	8	8	8
GAACGCTGACTC__0.663296258988119__61	12	6	8	25	25	2	8	8	11	8
TTCTGCTGACTC__0.661617094382424__114	12	9	2	13	25	2	8	8	11	8
TTATGCTGACTA__0.661025245789515__158	20	13	18	13	25	2	8	8	11	18
ACATGCTGAGTC__0.660000609829449__75	6	18	18	13	25	2	8	8	11	8
ATACGCTGACGT__0.658599027380906__68	13	6	8	25	25	2	8	8	8	8
AATTGCTGACGA__0.657779513129579__101	30	30	9	13	25	2	8	8	8	31
TAACGCTGACTC__0.655575517719622__75	20	6	8	25	25	2	8	8	11	8
AAATGCTGACGG__0.655570268599723__67	36	30	18	13	25	2	8	8	8	2
AAATGATGACGT__0.655076376140192__84	36	30	18	8	7	18	8	8	8	8
AAATGCTGACTG__0.654892991035098__82	36	30	18	13	25	2	8	8	11	2
ATGTGCTGACTA__0.653863691921045__136	18	6	17	13	25	2	8	8	11	18
ATCTGCTGAGTC__0.653670381587741__76	7	9	2	13	25	2	8	8	11	8
AAGCGCTGACGT__0.652882539525574__58	6	25	25	25	25	2	8	8	8	8
ATGTGCTGACGC__0.65203006008029__123	18	6	17	13	25	2	8	8	8	25
AAGTGCTGACAA__0.650272941877945__144	6	11	17	13	25	2	8	8	6	9
TATTGCTGAGTC__0.649542414565971__120	13	30	9	13	25	2	8	8	11	8
AATTGCTGACAA__0.649509253448994__141	30	30	9	13	25	2	8	8	6	9
AAGTGCTGACGG__0.648148797715577__71	6	11	17	13	25	2	8	8	8	2
TTGTGCTGAGTC__0.647914091190377__176	9	6	17	13	25	2	8	8	11	8
AAGTGCTGATTC__0.647823520169018__93	6	11	17	13	25	2	8	7	30	12
AACAGCTGACTC__0.646940570729207__56	6	6	2	25	25	2	8	8	11	8
ATATGCTGACAT__0.646044384320372__114	13	13	18	13	25	2	8	8	6	18
TAGTGCTGACTC__0.644694181824364__107	18	11	17	13	25	2	8	8	11	8
ACCTGCTGACGT__0.64397633299327__57	8	8	2	13	25	2	8	8	8	8
TTATGCTGAGTC__0.642969142044602__137	20	13	18	13	25	2	8	8	11	8
TAACGCTGAGTC__0.642361012613681__63	20	6	8	25	25	2	8	8	11	8
AACTGCTGACGG__0.642277379827571__49	6	11	2	13	25	2	8	8	8	2
TAACGCTGACGT__0.641161704227578__63	20	6	8	25	25	2	8	8	8	8
AACTGCTGAATC__0.640391043714997__73	6	11	2	13	25	2	8	12	30	7
ACTTGCTGACGT__0.640118121482639__70	11	6	9	13	25	2	8	8	8	8
AAGTGCTGAGTA__0.63804204392709__95	6	11	17	13	25	2	8	8	11	6
TAATGCTGACTA__0.636809628726098__107	20	30	18	13	25	2	8	8	11	18
AAGTGCTGAATC__0.635341803208535__96	6	11	17	13	25	2	8	12	30	7
ATTCGCTGACGT__0.633836748873967__72	30	12	31	25	25	2	8	8	8	8
AAATGCTGATGT__0.633135144772865__71	36	30	18	13	25	2	8	7	18	6
AACTGCTGATTC__0.632331003967649__60	6	11	2	13	25	2	8	7	30	12
AACTGCTGACTG__0.63208059789598__57	6	11	2	13	25	2	8	8	11	2
AAACGCTGAGTA__0.631925897991264__63	36	6	8	25	25	2	8	8	11	6
TTTTGCTGACTA__0.62903600274781__158	36	36	9	13	25	2	8	8	11	18
ATTTGCTGACGC__0.628638980230589__108	30	36	9	13	25	2	8	8	8	25
ATATGCTGAATC__0.627346305193596__97	13	13	18	13	25	2	8	12	30	7
TAATGCTGACAC__0.62661538931279__121	20	30	18	13	25	2	8	8	6	17
ATGTGCTGACAC__0.625102872203128__136	18	6	17	13	25	2	8	8	6	17
ACGTGCTGACTC__0.625046897290461__72	8	8	17	13	25	2	8	8	11	8
TACTGCTGAGTC__0.625032678139696__66	6	11	2	13	25	2	8	8	11	8
AGATGCTGAGTC__0.624629943322858__56	9	7	18	13	25	2	8	8	11	8
AAGCGCTGAGTC__0.624592125681535__45	6	25	25	25	25	2	8	8	11	8
AATTGCTGAGTA__0.624149152688978__91	30	30	9	13	25	2	8	8	11	6
TTGTGCTGACTC__0.624001293421433__143	9	6	17	13	25	2	8	8	11	8
TTATGCTGACGC__0.623978015196793__118	20	13	18	13	25	2	8	8	8	25
ATATGCTGACGA__0.623632643806035__84	13	13	18	13	25	2	8	8	8	31
ATATGCTGACTT__0.623558191325244__78	13	13	18	13	25	2	8	8	11	6
TTTTGCTGAGTC__0.622449014998315__156	36	36	9	13	25	2	8	8	11	8
ATTTGCTGACAC__0.622344473469202__134	30	36	9	13	25	2	8	8	6	17
AAATGCTTACGT__0.622199720527233__63	36	30	18	13	25	6	20	6	8	8
AGTTGCTGAGTC__0.621863698130469__80	11	6	9	13	25	2	8	8	11	8
AGATGCTGACGC__0.621801921972079__65	9	7	18	13	25	2	8	8	8	25
ATACGCTGAGTC__0.619789432013295__52	13	6	8	25	25	2	8	8	11	8
TAGTGCTGAGTC__0.619045768002794__90	18	11	17	13	25	2	8	8	11	8
ACACGCTGACTC__0.616915964478498__48	6	17	8	25	25	2	8	8	11	8
TATTGCTGACGC__0.616447763732713__97	13	30	9	13	25	2	8	8	8	25
TTTCGCTGACTC__0.616087799924304__96	36	12	31	25	25	2	8	8	11	8
AATCGCTGACAC__0.615899347011888__82	30	7	31	25	25	2	8	8	6	17
GACTGCTGACTC__0.615236207971263__50	8	11	2	13	25	2	8	8	11	8
GAATGCTGACGC__0.613857843238902__68	12	30	18	13	25	2	8	8	8	25
AAACGCTGATTC__0.613768663142033__50	36	6	8	25	25	2	8	7	30	12
ACATGCTGACGC__0.613294779164879__65	6	18	18	13	25	2	8	8	8	25
AAGTGCTGATGT__0.61224765975772__69	6	11	17	13	25	2	8	7	18	6
AACCGCTGACTA__0.611861886966649__55	6	8	2	25	25	2	8	8	11	18
AATCGCTGACTA__0.611628406305683__64	30	7	31	25	25	2	8	8	11	18
AACTGCTGACAG__0.611547572484531__61	6	11	2	13	25	2	8	8	6	2
GACTGCTGAGTC__0.611132283833367__42	8	11	2	13	25	2	8	8	11	8
ATCTGCTGACTA__0.610861027103416__76	7	9	2	13	25	2	8	8	11	18
AACTGCTGACCT__0.61032465497818__56	6	11	2	13	25	2	8	8	8	8
TTACGCTGACTC__0.610106031186118__74	20	6	8	25	25	2	8	8	11	8
AAACGCTGACTT__0.609917929571817__46	36	6	8	25	25	2	8	8	11	6
ACATGCTGACAC__0.608938961696535__91	6	18	18	13	25	2	8	8	6	17
TTCTGCTGAGTC__0.608784197342574__82	12	9	2	13	25	2	8	8	11	8
AACCGCTGACGC__0.608493216272018__44	6	8	2	25	25	2	8	8	8	25
ATCTGCTGACGC__0.608483220522136__65	7	9	2	13	25	2	8	8	8	25
ATGTGCTGACAT__0.607887715395322__107	18	6	17	13	25	2	8	8	6	18
TTTTGCTGACAC__0.607220695748362__159	36	36	9	13	25	2	8	8	6	17
AATTGATGACGT__0.606803084073213__76	30	30	9	8	7	18	8	8	8	8
TTTCGCTGACGT__0.606647919915682__83	36	12	31	25	25	2	8	8	8	8
TAGTGCTGACTA__0.605909954693491__94	18	11	17	13	25	2	8	8	11	18
TTATGCTGACAC__0.605697677330098__131	20	13	18	13	25	2	8	8	6	17
AAATGCTGACAG__0.605622288426002__72	36	30	18	13	25	2	8	8	6	2
ATCTGCTGACAC__0.604580727916499__90	7	9	2	13	25	2	8	8	6	17
AACTGCTTACGT__0.604510503561887__48	6	11	2	13	25	6	20	6	8	8
TATTGCTGACTA__0.603374070411617__96	13	30	9	13	25	2	8	8	11	18
GATTGCTGACTC__0.602099744592351__64	7	30	9	13	25	2	8	8	11	8
ACATGCTGACTA__0.601831029916976__70	6	18	18	13	25	2	8	8	11	18
ATTTGCTGACGA__0.601659630028266__89	30	36	9	13	25	2	8	8	8	31
AAATGATGACGC__0.601423513396305__69	36	30	18	8	7	18	8	8	8	25
AAATGCTGACCT__0.601134125443269__65	36	30	18	13	25	2	8	8	8	8
TATCGCTGACGT__0.600470471863549__49	13	7	31	25	25	2	8	8	8	8
AACTGCTGATGT__0.598922195207499__45	6	11	2	13	25	2	8	7	18	6
AATTGCTGAATC__0.598106930151087__78	30	30	9	13	25	2	8	12	30	7
TATTGCTGACAC__0.598093709627945__110	13	30	9	13	25	2	8	8	6	17
AACCGCTGACAC__0.598014151252512__64	6	8	2	25	25	2	8	8	6	17
TTCTGCTGACTA__0.596907301545011__84	12	9	2	13	25	2	8	8	11	18
TACTGCTGACGC__0.59497032122305__60	6	11	2	13	25	2	8	8	8	25
TTATGCTGACAT__0.593772980211227__108	20	13	18	13	25	2	8	8	6	18
ATTTGCTGACAT__0.59363466279859__98	30	36	9	13	25	2	8	8	6	18
AAACGCTGACTG__0.593299245581546__42	36	6	8	25	25	2	8	8	11	2
ACGTGCTGACGT__0.591444643699633__53	8	8	17	13	25	2	8	8	8	8
CAATGCTGACTC__0.590574444593589__57	9	30	18	13	25	2	8	8	11	8
ATCCGCTGACTC__0.590014754467688__48	7	5	2	25	25	2	8	8	11	8
AATTGCTGACTG__0.589502758055201__62	30	30	9	13	25	2	8	8	11	2
AAATGCTGACCA__0.587404802187849__81	36	30	18	13	25	2	8	8	8	8
AAGTGATGACGT__0.586888658762648__60	6	11	17	8	7	18	8	8	8	8
AACTGATGACGT__0.586060411175841__45	6	11	2	8	7	18	8	8	8	8
TACCGCTGACTC__0.585805503890787__41	6	8	2	25	25	2	8	8	11	8
AGACGCTGACTC__0.585722380438995__32	9	8	8	25	25	2	8	8	11	8
TTCCGCTGACTC__0.585490522627296__54	12	5	2	25	25	2	8	8	11	8
TTTTGCTGACGC__0.585391358546587__114	36	36	9	13	25	2	8	8	8	25
AAGTGCTGAGTT__0.583550217448358__58	6	11	17	13	25	2	8	8	11	6
AGGTGCTGACGT__0.583154033518302__61	8	8	17	13	25	2	8	8	8	8
TAATGCTGACAT__0.582505322120788__79	20	30	18	13	25	2	8	8	6	18
ATATGCTGACAA__0.581730623179643__94	13	13	18	13	25	2	8	8	6	9
AAGTGCTGACTG__0.581093671658946__56	6	11	17	13	25	2	8	8	11	2
AAGCGCTGACTA__0.580700216458208__50	6	25	25	25	25	2	8	8	11	18
ATATGCTGACGG__0.579074520144561__49	13	13	18	13	25	2	8	8	8	2
AACAGCTGACGC__0.578551500536062__38	6	6	2	25	25	2	8	8	8	25
ACTTGCTGAGTC__0.578051736243518__47	11	6	9	13	25	2	8	8	11	8
ACTTGCTGACTA__0.577602634807043__60	11	6	9	13	25	2	8	8	11	18
ACCCGCTGACTC__0.57701675389744__34	8	13	2	25	25	2	8	8	11	8
AATTGCTGACGG__0.576448782648024__47	30	30	9	13	25	2	8	8	8	2
TACTGCTGACTA__0.576237923816005__60	6	11	2	13	25	2	8	8	11	18
AAACGCTGACAA__0.575971987802585__68	36	6	8	25	25	2	8	8	6	9
ATATGCTGATTC__0.575461639719629__63	13	13	18	13	25	2	8	7	30	12
AAGTGCTTACGT__0.575412769938502__49	6	11	17	13	25	6	20	6	8	8
TAATGCTGACGA__0.575246867260054__64	20	30	18	13	25	2	8	8	8	31
AGTTGCTGACGC__0.574430711724787__61	11	6	9	13	25	2	8	8	8	25
GAATGCTGACTA__0.574215852476768__60	12	30	18	13	25	2	8	8	11	18
AATTGCTGATTC__0.57408268728562__61	30	30	9	13	25	2	8	7	30	12
TACTGCTGACAC__0.573255229545479__72	6	11	2	13	25	2	8	8	6	17
TATCGCTGAGTC__0.573203890077877__41	13	7	31	25	25	2	8	8	11	8
ATGCGCTGACTC__0.572304701550491__50	18	13	25	25	25	2	8	8	11	8
GAACGCTGACGT__0.572273270019007__31	12	6	8	25	25	2	8	8	8	8
ACTTGCTGACAC__0.572154742583027__71	11	6	9	13	25	2	8	8	6	17
TCCTGCTGACTC__0.570973119386599__46	5	8	2	13	25	2	8	8	11	8
TTGTGCTGACTA__0.570961688278803__106	9	6	17	13	25	2	8	8	11	18
AAGCGCTGACGC__0.570514035254454__39	6	25	25	25	25	2	8	8	8	25
TTTCGCTGAGTC__0.569745575514868__73	36	12	31	25	25	2	8	8	11	8
TAACGCTGACTA__0.56844018000219__51	20	6	8	25	25	2	8	8	11	18
TAATGCTGACTT__0.568299478668392__57	20	30	18	13	25	2	8	8	11	6
CAACGCTGACTC__0.567782266451488__36	9	6	8	25	25	2	8	8	11	8
GACTGCTGACGT__0.566593980239219__33	8	11	2	13	25	2	8	8	8	8
AAATGATGACTC__0.566589509786575__48	36	30	18	8	7	18	8	8	11	8
GAACGCTGAGTC__0.566479471524787__27	12	6	8	25	25	2	8	8	11	8
CAATGCTGACGT__0.565540490737656__44	9	30	18	13	25	2	8	8	8	8
TTACGCTGACGT__0.564952260457458__50	20	6	8	25	25	2	8	8	8	8
AAGTGCTGATGC__0.564617631490116__55	6	11	17	13	25	2	8	7	18	13
ACCTGCTGAGTC__0.564179129599794__30	8	8	2	13	25	2	8	8	11	8
AACAGCTGACTA__0.563090957876205__41	6	6	2	25	25	2	8	8	11	18
AGATGCTGACTA__0.562737508609539__51	9	7	18	13	25	2	8	8	11	18
AGCTGCTGACTC__0.56151991179534__39	25	25	2	13	25	2	8	8	11	8
AAGTGCTGACCT__0.561443508281292__54	6	11	17	13	25	2	8	8	8	8
TTTTGCTGACAT__0.561430068739801__105	36	36	9	13	25	2	8	8	6	18
AGGTGCTGACTC__0.561331937009989__57	8	8	17	13	25	2	8	8	11	8
CACTGCTGACTC__0.560044152184143__36	17	11	2	13	25	2	8	8	11	8
ATACGCTGACTA__0.559388386218054__47	13	6	8	25	25	2	8	8	11	18
AAGTGCTGACAG__0.559387224726432__57	6	11	17	13	25	2	8	8	6	2
CATTGCTGACTC__0.559325595144025__51	18	30	9	13	25	2	8	8	11	8
GAGTGCTGACTC__0.557116877486705__48	8	11	17	13	25	2	8	8	11	8
ACACGCTGACGT__0.555848026073663__29	6	17	8	25	25	2	8	8	8	8
AGTTGCTGACTA__0.555423734183929__59	11	6	9	13	25	2	8	8	11	18
TTCCGCTGACGT__0.554858093833491__40	12	5	2	25	25	2	8	8	8	8
ACGTGCTGAGTC__0.554728746881049__41	8	8	17	13	25	2	8	8	11	8
TAGTGCTGACGC__0.554619597645576__60	18	11	17	13	25	2	8	8	8	25
AATAGCTGACTC__0.554568800165082__36	30	13	18	25	25	2	8	8	11	8
ATTTGCTGACTT__0.5543038488204__61	30	36	9	13	25	2	8	8	11	6
AACTGCTGACCA__0.553984958666893__53	6	11	2	13	25	2	8	8	8	8
GATTGCTGACGT__0.553516444132312__42	7	30	9	13	25	2	8	8	8	8
ATGTGCTGACGA__0.553415129596945__63	18	6	17	13	25	2	8	8	8	31
AATTGCTGACCT__0.552359377379557__52	30	30	9	13	25	2	8	8	8	8
AAAAGCTGACGT__0.552348331024856__28	36	36	6	25	25	2	8	8	8	8
ATGTGCTGACTT__0.552186267437942__59	18	6	17	13	25	2	8	8	11	6
TTATGCTGACGA__0.551729030090749__70	20	13	18	13	25	2	8	8	8	31
AACTGATGACTC__0.551450414288724__36	6	11	2	8	7	18	8	8	11	8
TAACGCTGACGC__0.550889521462665__39	20	6	8	25	25	2	8	8	8	25
TCTTGCTGACTC__0.550644927580608__55	9	6	9	13	25	2	8	8	11	8
TATTGCTGACAT__0.550595833610484__70	13	30	9	13	25	2	8	8	6	18
GTATGCTGACTC__0.55030032303423__50	6	13	18	13	25	2	8	8	11	8
TAGCGCTGACTC__0.549816281288467__40	18	25	25	25	25	2	8	8	11	8
AACTGCTGAGTT__0.549517573912153__32	6	11	2	13	25	2	8	8	11	6
TAATGCTGAATC__0.548821682141521__60	20	30	18	13	25	2	8	12	30	7
AATCGCTGACAT__0.54878414495881__44	30	7	31	25	25	2	8	8	6	18
AAGTGATGACTC__0.548707038921209__47	6	11	17	8	7	18	8	8	11	8
AAGTGATGACGC__0.547822707170242__52	6	11	17	8	7	18	8	8	8	25
ATTTGCTGATTC__0.54773054826309__66	30	36	9	13	25	2	8	7	30	12
AACCGCTGAATC__0.547649407481635__33	6	8	2	25	25	2	8	12	30	7
TTGTGCTGACGC__0.546982025659538__85	9	6	17	13	25	2	8	8	8	25
TTACGCTGAGTC__0.546886483108183__47	20	6	8	25	25	2	8	8	11	8
AATCGCTGACTT__0.546784295347095__32	30	7	31	25	25	2	8	8	11	6
ACTTGCTGACGC__0.546250819790487__42	11	6	9	13	25	2	8	8	8	25
AAGTGCTGACCA__0.545966576789776__65	6	11	17	13	25	2	8	8	8	8
TTCTGCTGACAC__0.545482879229267__70	12	9	2	13	25	2	8	8	6	17
AAACGCTGACGG__0.545393376023331__24	36	6	8	25	25	2	8	8	8	2
AATAGCTGAGTC__0.545387807056806__30	30	13	18	25	25	2	8	8	11	8
AGACGCTGACGT__0.545134443953566__22	9	8	8	25	25	2	8	8	8	8
AGTTGCTGACAC__0.545085859678654__66	11	6	9	13	25	2	8	8	6	17
TTATGCTGACTT__0.544010544100727__64	20	13	18	13	25	2	8	8	11	6
AGACGCTGAGTC__0.543651770553124__18	9	8	8	25	25	2	8	8	11	8
AGATGCTGACAC__0.542860970290494__55	9	7	18	13	25	2	8	8	6	17
ATATGCTGACAG__0.542528633724378__53	13	13	18	13	25	2	8	8	6	2
TTGCGCTGACGT__0.542476186738596__47	9	13	25	25	25	2	8	8	8	8
GAATGCTGACAC__0.542420136653037__59	12	30	18	13	25	2	8	8	6	17
ATTTGCTGAATC__0.54211663917503__67	30	36	9	13	25	2	8	12	30	7
TTTTGCTGACTT__0.541917993912032__79	36	36	9	13	25	2	8	8	11	6
TATTGCTGACTT__0.541408692550095__54	13	30	9	13	25	2	8	8	11	6
AAATGCTGATGC__0.541181685802386__42	36	30	18	13	25	2	8	7	18	13
ATTCGCTGACTA__0.541134646324589__48	30	12	31	25	25	2	8	8	11	18
ATTCGCTGAGTC__0.540940876367712__40	30	12	31	25	25	2	8	8	11	8
ATATGCTGACTG__0.540668797972121__45	13	13	18	13	25	2	8	8	11	2
AACAGCTGACAC__0.540507323275901__44	6	6	2	25	25	2	8	8	6	17
TGATGCTGACTC__0.540312503326069__47	8	7	18	13	25	2	8	8	11	8
GAGTGCTGACGT__0.540280844250867__39	8	11	17	13	25	2	8	8	8	8
TAATGCTGATTC__0.539974755009076__52	20	30	18	13	25	2	8	7	30	12
ATCCGCTGAGTC__0.538621307530289__29	7	5	2	25	25	2	8	8	11	8
AATTGCTGAGTT__0.53801308129674__45	30	30	9	13	25	2	8	8	11	6
AACCGCTGACAT__0.537915661794411__35	6	8	2	25	25	2	8	8	6	18
AACTGCTGAGCA__0.53717097444408__41	6	11	2	13	25	2	8	8	25	13
ATATGCTGAGTA__0.536628206493038__51	13	13	18	13	25	2	8	8	11	6
ATCTGCTGACGA__0.536473357568322__40	7	9	2	13	25	2	8	8	8	31
AATTGCTGACAG__0.535898763558354__49	30	30	9	13	25	2	8	8	6	2
TTTTGCTGATTC__0.535830889370816__88	36	36	9	13	25	2	8	7	30	12
ACTCGCTGACTC__0.534979382299638__29	11	8	31	25	25	2	8	8	11	8
GAATGCTGACAT__0.5325174460334__47	12	30	18	13	25	2	8	8	6	18
ATCTGCTGATTC__0.531786188349187__38	7	9	2	13	25	2	8	7	30	12
ATTCGCTGACGC__0.531740793597514__40	30	12	31	25	25	2	8	8	8	25
ACATGCTGACAT__0.531116426403413__45	6	18	18	13	25	2	8	8	6	18
AATAGCTGACAC__0.530899359477904__46	30	13	18	25	25	2	8	8	6	17
AATTGCTGACCA__0.53087918748486__58	30	30	9	13	25	2	8	8	8	8
ATATGCTTACGT__0.530413055834517__40	13	13	18	13	25	6	20	6	8	8
AAACGATGACGT__0.529871661537369__27	36	6	8	31	7	18	8	8	8	8
GCATGCTGACTC__0.529741503134605__38	13	18	18	13	25	2	8	8	11	8
ACATGCTGACGA__0.529556091114556__37	6	18	18	13	25	2	8	8	8	31
CAATGCTGAGTC__0.529262760148953__33	9	30	18	13	25	2	8	8	11	8
AAATGCTGAGTT__0.52891086162437__35	36	30	18	13	25	2	8	8	11	6
ATTTGCTGACAA__0.528823834039907__75	30	36	9	13	25	2	8	8	6	9
AGTTGCTGACAT__0.528491630157522__51	11	6	9	13	25	2	8	8	6	18
AAGTGCTGAGTG__0.527763157664835__37	6	11	17	13	25	2	8	8	11	17
TTCTGCTGACAT__0.527650763492376__54	12	9	2	13	25	2	8	8	6	18
ATGCGCTGACGT__0.526946117540559__33	18	13	25	25	25	2	8	8	8	8
AACTGATGACGC__0.526723142939316__34	6	11	2	8	7	18	8	8	8	25
CTATGCTGACTC__0.525971713975431__41	18	13	18	13	25	2	8	8	11	8
AAATGATGACTA__0.525760023333554__45	36	30	18	8	7	18	8	8	11	18
GATTGCTGAGTC__0.525733145561611__36	7	30	9	13	25	2	8	8	11	8
TTTTGCTGACAA__0.525505559745535__93	36	36	9	13	25	2	8	8	6	9
TACCGCTGAGTC__0.525327478798463__23	6	8	2	25	25	2	8	8	11	8
ATCTGCTGACAT__0.525274968934409__44	7	9	2	13	25	2	8	8	6	18
ACACGCTGAGTC__0.524924948054059__20	6	17	8	25	25	2	8	8	11	8
ATACGCTGACAC__0.524133835701208__45	13	6	8	25	25	2	8	8	6	17
AATCGCTGATTC__0.524021121542897__29	30	7	31	25	25	2	8	7	30	12
AATAGCTGACGC__0.523700069545035__30	30	13	18	25	25	2	8	8	8	25
ATTTGCTGAGTA__0.523687439437471__58	30	36	9	13	25	2	8	8	11	6
ATACGCTGACGC__0.523675569992409__31	13	6	8	25	25	2	8	8	8	25
TTATGCTGATTC__0.523329870752341__63	20	13	18	13	25	2	8	7	30	12
ACCTGCTGACTA__0.523066331551086__35	8	8	2	13	25	2	8	8	11	18
AACAGCTGAGTC__0.522786014380534__20	6	6	2	25	25	2	8	8	11	8
AGCTGCTGAGTC__0.522767057260963__26	25	25	2	13	25	2	8	8	11	8
TTATGCTGAATC__0.522727657790246__65	20	13	18	13	25	2	8	12	30	7
TAGCGCTGAGTC__0.522565050532941__30	18	25	25	25	25	2	8	8	11	8
TAGTGCTGACTT__0.522464176112732__44	18	11	17	13	25	2	8	8	11	6
ACGTGCTGACTA__0.522292403853238__42	8	8	17	13	25	2	8	8	11	18
AGGTGCTGAGTC__0.521687959623141__41	8	8	17	13	25	2	8	8	11	8
GAGTGCTGAGTC__0.521219721147368__35	8	11	17	13	25	2	8	8	11	8
ATTAGCTGACGT__0.520900779501612__34	30	20	18	25	25	2	8	8	8	8
ATTCGCTGACAC__0.520820453116392__50	30	12	31	25	25	2	8	8	6	17
TTGTGCTGACAC__0.519842276637478__85	9	6	17	13	25	2	8	8	6	17
AATCGCTGAGTA__0.519435766547209__31	30	7	31	25	25	2	8	8	11	6
ATGTGCTGACTG__0.518969840297839__47	18	6	17	13	25	2	8	8	11	2
ACGCGCTGACTC__0.518856841025361__28	8	25	25	25	25	2	8	8	11	8
AACCGCTGAGTA__0.518767209118756__25	6	8	2	25	25	2	8	8	11	6
TTCCGCTGAGTC__0.51868623125091__31	12	5	2	25	25	2	8	8	11	8
AGCTGCTGACGT__0.518383692568415__26	25	25	2	13	25	2	8	8	8	8
TAATGCTGAGTA__0.518233978821398__47	20	30	18	13	25	2	8	8	11	6
GTATGCTGAGTC__0.517999828365047__38	6	13	18	13	25	2	8	8	11	8
GAATGCTGAATC__0.517874067320328__39	12	30	18	13	25	2	8	12	30	7
TAGTGCTGACGA__0.517364530290329__45	18	11	17	13	25	2	8	8	8	31
AAACGCTGACAG__0.517031565622315__30	36	6	8	25	25	2	8	8	6	2
ACGTGCTGACGC__0.516660439635885__35	8	8	17	13	25	2	8	8	8	25
TGTTGCTGAGTC__0.516524635891174__58	6	6	9	13	25	2	8	8	11	8
ATCTGCTGACTT__0.516211374128362__31	7	9	2	13	25	2	8	8	11	6
AATTGCTGATGT__0.516101275710015__37	30	30	9	13	25	2	8	7	18	6
TCTTGCTGACGT__0.516062766884398__39	9	6	9	13	25	2	8	8	8	8
TAGTGCTGACAC__0.515120946053374__59	18	11	17	13	25	2	8	8	6	17
CATCGCTGACTC__0.514702578058668__26	18	7	31	25	25	2	8	8	11	8
TCATGCTGACTC__0.514477184764651__39	8	18	18	13	25	2	8	8	11	8
AAACGCTGACCT__0.513963016694479__27	36	6	8	25	25	2	8	8	8	8
ATGTGCTGAATC__0.513164262372435__53	18	6	17	13	25	2	8	12	30	7
TCTTGCTGAGTC__0.512250823166617__41	9	6	9	13	25	2	8	8	11	8
AACCGCTGACTT__0.512103486644052__20	6	8	2	25	25	2	8	8	11	6
ATGTGCTGAGTA__0.511928975261199__52	18	6	17	13	25	2	8	8	11	6
TATTGCTGACGA__0.511489848543488__45	13	30	9	13	25	2	8	8	8	31
TTTCGCTGACGC__0.511123096493906__46	36	12	31	25	25	2	8	8	8	25
GATCGCTGACTC__0.510778751475536__24	7	7	31	25	25	2	8	8	11	8
TAATGCTGACAA__0.510562631778467__58	20	30	18	13	25	2	8	8	6	9
GATTGCTGACGC__0.51036426222778__34	7	30	9	13	25	2	8	8	8	25
ACGCGCTGACGT__0.510095048739901__24	8	25	25	25	25	2	8	8	8	8
TTATGCTGAGTA__0.509903179168916__59	20	13	18	13	25	2	8	8	11	6
TCCTGCTGAGTC__0.509683658630661__26	5	8	2	13	25	2	8	8	11	8
AGATGCTGACAT__0.508273654982638__36	9	7	18	13	25	2	8	8	6	18
ACATGCTGACTT__0.50750951001174__28	6	18	18	13	25	2	8	8	11	6
ATATGCTGATGT__0.506075078971512__35	13	13	18	13	25	2	8	7	18	6
TACTGCTGACTT__0.506024633044909__29	6	11	2	13	25	2	8	8	11	6
TCCTGCTGACGT__0.505795107847715__26	5	8	2	13	25	2	8	8	8	8
AATCGCTGAATC__0.505735661960062__29	30	7	31	25	25	2	8	12	30	7
TATTGCTGACAA__0.505422194414839__60	13	30	9	13	25	2	8	8	6	9
TTGTGCTGACAT__0.504970370965689__68	9	6	17	13	25	2	8	8	6	18
AACCGCTGACGA__0.504579527634146__22	6	8	2	25	25	2	8	8	8	31
ACTTGCTGACGA__0.504569414497243__31	11	6	9	13	25	2	8	8	8	31
CATTGCTGACGT__0.504440837957879__31	18	30	9	13	25	2	8	8	8	8
TTTTGCTGAATC__0.504309575086708__70	36	36	9	13	25	2	8	12	30	7
TTGCGCTGACTC__0.503682039110588__38	9	13	25	25	25	2	8	8	11	8
ATGTGCTGATTC__0.503400114111531__46	18	6	17	13	25	2	8	7	30	12
AAAAGCTGACTC__0.503027950822401__21	36	36	6	25	25	2	8	8	11	8
TTTTGCTGAGTA__0.502826603928727__70	36	36	9	13	25	2	8	8	11	6
TTACGCTGACGC__0.502825950142036__35	20	6	8	25	25	2	8	8	8	25
AAATGATGACAC__0.502695390429123__46	36	30	18	8	7	18	8	8	6	17
AAGAGCTGACTC__0.50261257067396__19	6	9	8	25	25	2	8	8	11	8
AATTGCTTACGT__0.502294040578716__34	30	30	9	13	25	6	20	6	8	8
TCATGCTGAGTC__0.501706456592806__34	8	18	18	13	25	2	8	8	11	8
TATCGCTGACGC__0.501565784469793__27	13	7	31	25	25	2	8	8	8	25
AAGCGCTGACAC__0.501381204933024__35	6	25	25	25	25	2	8	8	6	17
AGTTGCTGACGA__0.50067605554542__35	11	6	9	13	25	2	8	8	8	31
ACGCGCTGAGTC__0.500609201489181__21	8	25	25	25	25	2	8	8	11	8
TAATGCTGACTG__0.500482699835783__35	20	30	18	13	25	2	8	8	11	2
CAGTGCTGACTC__0.500393682623392__31	2	11	17	13	25	2	8	8	11	8
TACCGCTGACGT__0.500210095057518__20	6	8	2	25	25	2	8	8	8	8
GAACGCTGACAC__0.500206087534544__32	12	6	8	25	25	2	8	8	6	17
TAATGCTGACGG__0.500198781280051__29	20	30	18	13	25	2	8	8	8	2
TTTTGCTGACGA__0.499778868527524__58	36	36	9	13	25	2	8	8	8	31
ACCTGCTGACGC__0.499655435088043__24	8	8	2	13	25	2	8	8	8	25
AAGAGCTGACGT__0.499533724012137__17	6	9	8	25	25	2	8	8	8	8
AATTGCTGATGC__0.498003145005974__35	30	30	9	13	25	2	8	7	18	13
TAGTGCTGACAT__0.497433046071648__45	18	11	17	13	25	2	8	8	6	18
AAACGCTTACGT__0.49691967026583__20	36	6	8	25	25	6	20	6	8	8
TCGTGCTGAGTC__0.496662182013312__35	31	8	17	13	25	2	8	8	11	8
TTGCGCTGAGTC__0.496645125267524__36	9	13	25	25	25	2	8	8	11	8
TCATGCTGACGT__0.496181289154602__31	8	18	18	13	25	2	8	8	8	8
TTTCGCTGACAC__0.495770551299289__51	36	12	31	25	25	2	8	8	6	17
CGATGCTGACTC__0.495695955494203__24	31	7	18	13	25	2	8	8	11	8
TCCCGCTGACTC__0.495508011866322__21	5	13	2	25	25	2	8	8	11	8
GACTGCTGACAC__0.495445849937417__33	8	11	2	13	25	2	8	8	6	17
AATAGCTGACTA__0.495226721951878__28	30	13	18	25	25	2	8	8	11	18
TATTGCTGATTC__0.49505710547361__43	13	30	9	13	25	2	8	7	30	12
AAGTGCTGATTA__0.494726155896763__37	6	11	17	13	25	2	8	7	30	20
TCGTGCTGACTC__0.494506660510368__35	31	8	17	13	25	2	8	8	11	8
TTACGCTGACTA__0.494033429472962__36	20	6	8	25	25	2	8	8	11	18
TCGTGCTGACGT__0.493873761592135__32	31	8	17	13	25	2	8	8	8	8
ATATGCTGACCT__0.493215779630419__34	13	13	18	13	25	2	8	8	8	8
TGTTGCTGACTC__0.493207748451999__46	6	6	9	13	25	2	8	8	11	8
TTATGCTGACAA__0.493174369314098__61	20	13	18	13	25	2	8	8	6	9
CTTTGCTGACTC__0.492422311731661__37	6	36	9	13	25	2	8	8	11	8
AGATGCTGAATC__0.492364130557581__29	9	7	18	13	25	2	8	12	30	7
TTCCGCTGACGC__0.492245206201245__28	12	5	2	25	25	2	8	8	8	25
TTATGCTGACGG__0.492043085817804__37	20	13	18	13	25	2	8	8	8	2
TTTCGCTGACTA__0.491914436805709__42	36	12	31	25	25	2	8	8	11	18
ATTTGATGACGT__0.491736608521164__42	30	36	9	8	7	18	8	8	8	8
AAATGCTGATTA__0.491456273108861__33	36	30	18	13	25	2	8	7	30	20
TACTGCTGACGA__0.49047050610509__28	6	11	2	13	25	2	8	8	8	31
AATCGCTGACAA__0.490393039638602__37	30	7	31	25	25	2	8	8	6	9
ATCCGCTGACGT__0.49027678805594__21	7	5	2	25	25	2	8	8	8	8
CATTGCTGAGTC__0.489967959196049__29	18	30	9	13	25	2	8	8	11	8
CCATGCTGACTC__0.48943580704405__25	8	18	18	13	25	2	8	8	11	8
ATCTGCTGACAA__0.489433356806116__43	7	9	2	13	25	2	8	8	6	9
TATCGCTGACTA__0.489405558013694__28	13	7	31	25	25	2	8	8	11	18
GAATGCTGACGA__0.489404336745953__28	12	30	18	13	25	2	8	8	8	31
TACTGCTGAATC__0.489273061095067__31	6	11	2	13	25	2	8	12	30	7
AAGTGATGACTA__0.489091474833661__36	6	11	17	8	7	18	8	8	11	18
AATCGCTGACGA__0.489077789637012__23	30	7	31	25	25	2	8	8	8	31
ATATGATGACGT__0.488799858454669__31	13	13	18	8	7	18	8	8	8	8
CCTTGCTGACTC__0.488126861649639__26	8	6	9	13	25	2	8	8	11	8
AAACGCTGACCA__0.487668493752497__31	36	6	8	25	25	2	8	8	8	8
TTCTGCTGACTT__0.487509421711574__32	12	9	2	13	25	2	8	8	11	6
AACCGCTGATTC__0.487273123779607__17	6	8	2	25	25	2	8	7	30	12
GGATGCTGACTC__0.48720027868855__26	5	7	18	13	25	2	8	8	11	8
AACTGCTGATGC__0.487189576568172__22	6	11	2	13	25	2	8	7	18	13
AAATGCTGAATA__0.487180049575325__40	36	30	18	13	25	2	8	12	30	13
TAACGCTGACAC__0.487179580521445__34	20	6	8	25	25	2	8	8	6	17
ACTTGCTGACAT__0.486681721196092__32	11	6	9	13	25	2	8	8	6	18
CCCTGCTGACTC__0.486650057693844__21	13	8	2	13	25	2	8	8	11	8
TTCTGCTGACGC__0.486478350967956__34	12	9	2	13	25	2	8	8	8	25
TTCTGCTGAATC__0.485943366500595__38	12	9	2	13	25	2	8	12	30	7
CACCGCTGACTC__0.485620265000109__17	17	8	2	25	25	2	8	8	11	8
TACTGCTGACAT__0.485600839714513__32	6	11	2	13	25	2	8	8	6	18
GTTTGCTGACTC__0.485319310919974__44	6	36	9	13	25	2	8	8	11	8
CAATGCTGACGC__0.484438085585535__27	9	30	18	13	25	2	8	8	8	25
GACTGCTGACTA__0.484235824269048__24	8	11	2	13	25	2	8	8	11	18
AAAAGCTGAGTC__0.484030061491024__15	36	36	6	25	25	2	8	8	11	8
ACCTGCTGATTC__0.483943070735166__20	8	8	2	13	25	2	8	7	30	12
GATTGCTGACAC__0.483525512916304__37	7	30	9	13	25	2	8	8	6	17
TATTGCTGAGTA__0.483500739328733__41	13	30	9	13	25	2	8	8	11	6
CTCTGCTGACTC__0.483471261950106__23	8	9	2	13	25	2	8	8	11	8
TAATGATGACGT__0.483206143828928__31	20	30	18	8	7	18	8	8	8	8
AAGTGATGACAC__0.483116916374166__41	6	11	17	8	7	18	8	8	6	17
GACTGCTGACGC__0.48280278421538__20	8	11	2	13	25	2	8	8	8	25
ATCTGCTGAATC__0.48212134978459__29	7	9	2	13	25	2	8	12	30	7
ACCCGCTGAGTC__0.481981774396029__13	8	13	2	25	25	2	8	8	11	8
ATCTGCTGAGTA__0.481786730357912__28	7	9	2	13	25	2	8	8	11	6
AAATGCTGAGTG__0.481616867849801__23	36	30	18	13	25	2	8	8	11	17
GAACGCTGACGC__0.481541405751756__18	12	6	8	25	25	2	8	8	8	25
AACAGCTGACGA__0.481013464239787__19	6	6	2	25	25	2	8	8	8	31
ATACGCTGAATC__0.48089022095383__25	13	6	8	25	25	2	8	12	30	7
ACCCGCTGACGT__0.48061341549365__15	8	13	2	25	25	2	8	8	8	8
ATGTGCTGACAA__0.479937185587326__51	18	6	17	13	25	2	8	8	6	9
AAGTGATGAGTC__0.479831099721748__23	6	11	17	8	7	18	8	8	11	8
AAACGATGACGC__0.479408906866804__21	36	6	8	31	7	18	8	8	8	25
AAATGCTGACCC__0.478564131073033__33	36	30	18	13	25	2	8	8	8	13
TATTGCTTACGT__0.478471939600807__36	13	30	9	13	25	6	20	6	8	8
AATCGCTGACTG__0.477604512508536__19	30	7	31	25	25	2	8	8	11	2
TAGTGCTGAATC__0.477317202495975__37	18	11	17	13	25	2	8	12	30	7
ACATGCTGAATC__0.477163468113009__27	6	18	18	13	25	2	8	12	30	7
TCGCGCTGAGTC__0.477012175649777__23	31	25	25	25	25	2	8	8	11	8
AAACGCTGATGT__0.476900082345552__17	36	6	8	25	25	2	8	7	18	6
GAATGCTGAGTA__0.476281047097341__27	12	30	18	13	25	2	8	8	11	6
AAGCGCTGACAT__0.476040279180579__24	6	25	25	25	25	2	8	8	6	18
ATGTGCTGAGTT__0.474754972672973__35	18	6	17	13	25	2	8	8	11	6
TCGCGCTGACTC__0.474642674324265__24	31	25	25	25	25	2	8	8	11	8
AACTGCTGAGTG__0.474069964593481__17	6	11	2	13	25	2	8	8	11	17
ACATGCTGATTC__0.473822509985127__23	6	18	18	13	25	2	8	7	30	12
TGTTGCTGACGT__0.473692378755893__36	6	6	9	13	25	2	8	8	8	8
AAGTGCTGCGTC__0.473547821755432__22	6	11	17	13	25	2	13	25	8	8
TTTTGCTGACTG__0.473396155898398__47	36	36	9	13	25	2	8	8	11	2
AACTGCTGATTA__0.473225226874604__23	6	11	2	13	25	2	8	7	30	20
AATTGCTGCGTC__0.47301050317166__24	30	30	9	13	25	2	13	25	8	8
AAGTGCTGACCG__0.472849732482709__25	6	11	17	13	25	2	8	8	8	2
ATGTGCTGACGG__0.472610399667612__27	18	6	17	13	25	2	8	8	8	2
AGCTGCTGACTA__0.472591227037543__24	25	25	2	13	25	2	8	8	11	18
TATTGCTGACTG__0.472540619651246__32	13	30	9	13	25	2	8	8	11	2
ATTTGCTTACGT__0.472462014759031__35	30	36	9	13	25	6	20	6	8	8
AGTTGCTGATTC__0.472210257767752__29	11	6	9	13	25	2	8	7	30	12
TAACGCTGATTC__0.471900343544378__21	20	6	8	25	25	2	8	7	30	12
TAATGCTGACCT__0.471775978574755__30	20	30	18	13	25	2	8	8	8	8
TTGTGCTGACTT__0.47102541079649__44	9	6	17	13	25	2	8	8	11	6
AAACGCTGAGTT__0.470196082043417__16	36	6	8	25	25	2	8	8	11	6
CAACGCTGAGTC__0.470118693422353__14	9	6	8	25	25	2	8	8	11	8
GCATGCTGAGTC__0.469704556853483__22	13	18	18	13	25	2	8	8	11	8
AGCCGCTGACTC__0.46956571324109__15	25	45	2	25	25	2	8	8	11	8
ATGCGCTGAGTC__0.46955982853554__21	18	13	25	25	25	2	8	8	11	8
AATTGCTGAGGT__0.468980907919468__22	30	30	9	13	25	2	8	8	8	8
TTATGCTGACTG__0.468643482224691__36	20	13	18	13	25	2	8	8	11	2
ATCAGCTGACGT__0.468476784017196__18	7	8	2	25	25	2	8	8	8	8
CACTGCTGAGTC__0.468376146355746__15	17	11	2	13	25	2	8	8	11	8
GAATGCTGATTC__0.468021713533535__23	12	30	18	13	25	2	8	7	30	12
TTCCGCTGACTA__0.467692797730067__26	12	5	2	25	25	2	8	8	11	18
CTATGCTGAGTC__0.467382955640828__24	18	13	18	13	25	2	8	8	11	8
AAGCGCTGACTT__0.467247557954405__16	6	25	25	25	25	2	8	8	11	6
GTGTGCTGACTC__0.467192244320953__37	17	6	17	13	25	2	8	8	11	8
AAGCGCTGAGTA__0.467163997219343__19	6	25	25	25	25	2	8	8	11	6
AGTTGCTGAATC__0.467072598429959__30	11	6	9	13	25	2	8	12	30	7
TCACGCTGACTC__0.466594952266887__19	8	17	8	25	25	2	8	8	11	8
TTTCGCTGACGA__0.466510090757102__31	36	12	31	25	25	2	8	8	8	31
AGGTGCTGACGC__0.466483600650348__28	8	8	17	13	25	2	8	8	8	25
ATCTGCTGACTG__0.465978491871268__21	7	9	2	13	25	2	8	8	11	2
AAGCGCTGACGA__0.465418085344341__18	6	25	25	25	25	2	8	8	8	31
AGTCGCTGACTC__0.46541049175331__19	11	8	31	25	25	2	8	8	11	8
TAATGCTGATGC__0.465277788196397__29	20	30	18	13	25	2	8	7	18	13
TTCTGCTGACGA__0.46516636149278__28	12	9	2	13	25	2	8	8	8	31
GAATGCTGACTG__0.464856812073783__21	12	30	18	13	25	2	8	8	11	2
TATCGCTGACAC__0.464737869767823__28	13	7	31	25	25	2	8	8	6	17
ATGTGCTGATGT__0.464734890105922__31	18	6	17	13	25	2	8	7	18	6
TAATGCTGACAG__0.464682958826993__30	20	30	18	13	25	2	8	8	6	2
AACTGCTGACCC__0.464387367234923__24	6	11	2	13	25	2	8	8	8	13
TTTCGCTGACAT__0.464293103015371__35	36	12	31	25	25	2	8	8	6	18
AACTGCTGACCG__0.464222605191438__17	6	11	2	13	25	2	8	8	8	2
ACTTGCTGACAA__0.463916982966943__34	11	6	9	13	25	2	8	8	6	9
TAACGCTGACGA__0.463906148582919__20	20	6	8	25	25	2	8	8	8	31
ATTAGCTGACTA__0.463686110479638__27	30	20	18	25	25	2	8	8	11	18
AACTGATGACAC__0.46348322458188__28	6	11	2	8	7	18	8	8	6	17
CCCTGCTGAGTC__0.463428652430977__14	13	8	2	13	25	2	8	8	11	8
ATAAGCTGACGT__0.463221135447442__17	13	20	6	25	25	2	8	8	8	8
AAACGCTGATGC__0.463188743085251__17	36	6	8	25	25	2	8	7	18	13
TGCTGCTGACTC__0.463059929211674__23	13	25	2	13	25	2	8	8	11	8
TTCTGCTGAGTA__0.462762804406162__31	12	9	2	13	25	2	8	8	11	6
GACCGCTGACTC__0.462644052639532__13	8	8	2	25	25	2	8	8	11	8
CAATGCTGACTA__0.462134193019648__26	9	30	18	13	25	2	8	8	11	18
TATCGCTGAATC__0.462098713697626__22	13	7	31	25	25	2	8	12	30	7
TACTGCTGAGTA__0.461999298871455__24	6	11	2	13	25	2	8	8	11	6
TTTTGCTGATGT__0.461995094460597__45	36	36	9	13	25	2	8	7	18	6
ATTTGCTGACTG__0.461773367090614__30	30	36	9	13	25	2	8	8	11	2
CGGTGCTGACTC__0.461768918051292__25	2	8	17	13	25	2	8	8	11	8
TGATGCTGACGT__0.461583592119849__23	8	7	18	13	25	2	8	8	8	8
AAATGATGAGTC__0.461298941014391__17	36	30	18	8	7	18	8	8	11	8
TTTTGCTGACAG__0.461095619297968__46	36	36	9	13	25	2	8	8	6	2
AGATGCTGACTT__0.460951847708013__18	9	7	18	13	25	2	8	8	11	6
AGTTGCTGAGTA__0.460768082412589__28	11	6	9	13	25	2	8	8	11	6
TTATGCTTACGT__0.460672943630765__33	20	13	18	13	25	6	20	6	8	8
ATCTGCTGACAG__0.460550923799098__24	7	9	2	13	25	2	8	8	6	2
CCATGCTGAGTC__0.460472342533124__17	8	18	18	13	25	2	8	8	11	8
ATACGCTGACGA__0.460415829860176__19	13	6	8	25	25	2	8	8	8	31
CCGTGCTGACTC__0.46036400984831__20	2	8	17	13	25	2	8	8	11	8
AAGTGCTGAGGT__0.460230260779277__19	6	11	17	13	25	2	8	8	8	8
GATTGCTGACTA__0.45991782926262__25	7	30	9	13	25	2	8	8	11	18
GTTTGCTGAGTC__0.459745360516394__37	6	36	9	13	25	2	8	8	11	8
TTATGCTGACAG__0.459687050177766__37	20	13	18	13	25	2	8	8	6	2
ATGTGATGACGT__0.459579057960949__29	18	6	17	8	7	18	8	8	8	8
GAACGCTGACTA__0.459510716218337__18	12	6	8	25	25	2	8	8	11	18
ACTTGCTGAGTA__0.459007116495584__23	11	6	9	13	25	2	8	8	11	6
GATTGCTGAATC__0.458742756200044__25	7	30	9	13	25	2	8	12	30	7
TTGTGCTGACAA__0.458414746292658__54	9	6	17	13	25	2	8	8	6	9
AGATGATGACGT__0.458391015739691__20	9	7	18	8	7	18	8	8	8	8
TTTAGCTGACGT__0.458290472935153__27	36	20	18	25	25	2	8	8	8	8
ATCTGCTGACGG__0.458234433433866__16	7	9	2	13	25	2	8	8	8	2
ATACGCTGATTC__0.458228466266842__18	13	6	8	25	25	2	8	7	30	12
TATTGCTGAATC__0.457564996999108__33	13	30	9	13	25	2	8	12	30	7
AACTGCTGAGGT__0.457354881592662__13	6	11	2	13	25	2	8	8	8	8
ATGTGCTTACGT__0.457347375069182__26	18	6	17	13	25	6	20	6	8	8
TAGTGCTGATTC__0.457168033776423__29	18	11	17	13	25	2	8	7	30	12
AACTGCTGCGTC__0.45688826630646__13	6	11	2	13	25	2	13	25	8	8
AACCGCTGACAA__0.456840282213823__25	6	8	2	25	25	2	8	8	6	9
GAATGATGACGT__0.456194782686329__19	12	30	18	8	7	18	8	8	8	8
GATCGCTGACGT__0.456069844415795__14	7	7	31	25	25	2	8	8	8	8
AAACGCTGATTA__0.455940730106328__19	36	6	8	25	25	2	8	7	30	20
AAGTGCTGAATA__0.455919450877903__33	6	11	17	13	25	2	8	12	30	13
TGATGCTGAGTC__0.45589324038459__23	8	7	18	13	25	2	8	8	11	8
AATTGCTGAGTG__0.455750358476726__22	30	30	9	13	25	2	8	8	11	17
TTATGCTGACCT__0.455611194197546__34	20	13	18	13	25	2	8	8	8	8
AAAAGCTGACGC__0.455544104227545__15	36	36	6	25	25	2	8	8	8	25
AAGCGCTGAATC__0.455213670471693__18	6	25	25	25	25	2	8	12	30	7
GCATGCTGACGT__0.455035586013769__19	13	18	18	13	25	2	8	8	8	8
AATTGATGACGC__0.454492965448136__27	30	30	9	8	7	18	8	8	8	25
ACTCGCTGAGTC__0.454448923553801__13	11	8	31	25	25	2	8	8	11	8
TTGTGCTGACGA__0.454376393198137__39	9	6	17	13	25	2	8	8	8	31
AGATGCTGACGG__0.454318005666692__14	9	7	18	13	25	2	8	8	8	2
ATTTGCTGACCT__0.453927093108257__30	30	36	9	13	25	2	8	8	8	8
ATATGCTGACCA__0.453783782429128__32	13	13	18	13	25	2	8	8	8	8
ATTCGCTGACAT__0.453509876695215__25	30	12	31	25	25	2	8	8	6	18
AAGCGCTGATTC__0.453391549204157__15	6	25	25	25	25	2	8	7	30	12
AAATGCTGAGGT__0.453381998970673__16	36	30	18	13	25	2	8	8	8	8
AAGTGCTTACGC__0.453178893299018__22	6	11	17	13	25	6	20	6	8	25
AAGTGATGACGA__0.453117119555408__25	6	11	17	8	7	18	8	8	8	31
TTGTGCTGAGTA__0.453048891598407__45	9	6	17	13	25	2	8	8	11	6
TACTGCTGACAA__0.452962262496685__31	6	11	2	13	25	2	8	8	6	9
ACCTGCTGACAC__0.452918056090151__25	8	8	2	13	25	2	8	8	6	17
TGTTGCTGACGC__0.452848614215354__33	6	6	9	13	25	2	8	8	8	25
ATATGATGACGC__0.45274716294489__26	13	13	18	8	7	18	8	8	8	25
CAGTGCTGAGTC__0.452651326599166__19	2	11	17	13	25	2	8	8	11	8
TCCTGCTGACGC__0.452396530343383__19	5	8	2	13	25	2	8	8	8	25
AGTTGCTGACAA__0.452233475689292__34	11	6	9	13	25	2	8	8	6	9
TTGTGCTGATTC__0.451454528063573__43	9	6	17	13	25	2	8	7	30	12
AATTGATGACTA__0.451435827901055__28	30	30	9	8	7	18	8	8	11	18
CTTTGCTGACGT__0.451336232826833__24	6	36	9	13	25	2	8	8	8	8
TGCTGCTGAGTC__0.451173713812392__20	13	25	2	13	25	2	8	8	11	8
CGATGCTGAGTC__0.45099637666102__14	31	7	18	13	25	2	8	8	11	8
CGCTGCTGACTC__0.450853679077466__16	25	25	2	13	25	2	8	8	11	8
ATACGCTGACAT__0.450713653713225__21	13	6	8	25	25	2	8	8	6	18
ACTTGCTGAATC__0.450657065290541__22	11	6	9	13	25	2	8	12	30	7
TTACGCTGACAC__0.450603366690894__30	20	6	8	25	25	2	8	8	6	17
ACACGCTGACAC__0.450470084977936__23	6	17	8	25	25	2	8	8	6	17
TAAAGCTGACGT__0.450380624687788__16	20	36	6	25	25	2	8	8	8	8
AAGTGCTGACCC__0.450320942499657__28	6	11	17	13	25	2	8	8	8	13
TAACGCTGACTT__0.450145427333095__16	20	6	8	25	25	2	8	8	11	6
GAATGCTGACGG__0.449879277974145__15	12	30	18	13	25	2	8	8	8	2
ATTCGCTGACTT__0.449845461301171__19	30	12	31	25	25	2	8	8	11	6
AACTGCTGAATA__0.44966243042089__24	6	11	2	13	25	2	8	12	30	13
TGACGCTGCATT__0.449518199307428__17	8	8	8	25	25	2	13	13	18	30
AAGTGCCGACTC__0.44944009049107__10	6	11	17	13	45	2	31	8	11	8
GAGTGCTGACGC__0.449435809310835__21	8	11	17	13	25	2	8	8	8	25
ATCCGCTGACGC__0.449321366989445__17	7	5	2	25	25	2	8	8	8	25
AATAGCTGACAT__0.448645367994__20	30	13	18	25	25	2	8	8	6	18
AAATGCTGATCT__0.448607271945852__18	36	30	18	13	25	2	8	7	7	9
AACTGATGACTA__0.448393857407502__20	6	11	2	8	7	18	8	8	11	18
AGTTGCTGACTT__0.448081157005115__21	11	6	9	13	25	2	8	8	11	6
GCACGCTGACTC__0.447992617432036__14	13	17	8	25	25	2	8	8	11	8
TAACGCTGACTG__0.447898951468734__16	20	6	8	25	25	2	8	8	11	2
AACTGCTGATCA__0.447608348237064__18	6	11	2	13	25	2	8	7	7	8
ATATGCTGAGTT__0.447504634883314__22	13	13	18	13	25	2	8	8	11	6
AGTAGCTGACGT__0.447479738653774__15	11	6	18	25	25	2	8	8	8	8
AGATGCTGAGTA__0.447386423201463__19	9	7	18	13	25	2	8	8	11	6
TGTTGCTGACAC__0.44737282625967__39	6	6	9	13	25	2	8	8	6	17
AACAGCTGACGG__0.446961012615964__10	6	6	2	25	25	2	8	8	8	2
ACTTGCTGATTC__0.44693974255047__19	11	6	9	13	25	2	8	7	30	12
AAATGCTGAGGC__0.44645469519559__17	36	30	18	13	25	2	8	8	8	45
TAACGCTGAATC__0.446157301915941__19	20	6	8	25	25	2	8	12	30	7
AAATGCCGAGTC__0.445929231294168__9	36	30	18	13	45	2	31	8	11	8
TTAAGCTGACGT__0.445854438193562__20	20	20	6	25	25	2	8	8	8	8
ATATGCTGATGC__0.445644975604652__23	13	13	18	13	25	2	8	7	18	13
GTACGCTGACTC__0.445318108924198__17	6	6	8	25	25	2	8	8	11	8
ATATGCTGAATA__0.445311833144395__31	13	13	18	13	25	2	8	12	30	13
TTTAGCTGACTC__0.444538745042417__26	36	20	18	25	25	2	8	8	11	8
CTACGCTGACTC__0.444510189792209__15	18	6	8	25	25	2	8	8	11	8
TATTGCTGACGG__0.444191535453542__21	13	30	9	13	25	2	8	8	8	2
AAATGCCGACTC__0.444163607176533__10	36	30	18	13	45	2	31	8	11	8
ATCCGCTGACAC__0.444139117388598__24	7	5	2	25	25	2	8	8	6	17
TTCTGCTGACAA__0.443681268805971__33	12	9	2	13	25	2	8	8	6	9
TAATGCTGATGT__0.443652195521405__22	20	30	18	13	25	2	8	7	18	6
CACTGCTGACGT__0.443600813108575__13	17	11	2	13	25	2	8	8	8	8
AACCGCTGACGG__0.442978071079237__9	6	8	2	25	25	2	8	8	8	2
CTTTGCTGAGTC__0.442798783631286__24	6	36	9	13	25	2	8	8	11	8
TCATGCTGACGC__0.442586097518491__22	8	18	18	13	25	2	8	8	8	25
TTATGATGACGT__0.44247800974531__28	20	13	18	8	7	18	8	8	8	8
AACAGCTGAGTA__0.442016151347094__14	6	6	2	25	25	2	8	8	11	6
ACCTGCTGACAT__0.442013021815599__19	8	8	2	13	25	2	8	8	6	18
CAATGCTGACAC__0.441982772442854__27	9	30	18	13	25	2	8	8	6	17
AGATGCTGACGA__0.441550260284908__17	9	7	18	13	25	2	8	8	8	31
AACTGCTGAGAC__0.441421973672331__17	6	11	2	13	25	2	8	8	9	8
TTTCGCTGACTT__0.441345581164533__24	36	12	31	25	25	2	8	8	11	6
GGATGCTGACGT__0.440782952577396__16	5	7	18	13	25	2	8	8	8	8
AGGCGCTGAGTC__0.440219749856544__12	8	45	25	25	25	2	8	8	11	8
TATTGCTGACAG__0.43974099202924__27	13	30	9	13	25	2	8	8	6	2
AGATGCTGATTC__0.439530036613485__16	9	7	18	13	25	2	8	7	30	12
AATCGCTGACGG__0.439477515441242__11	30	7	31	25	25	2	8	8	8	2
AAACGCTGACCG__0.439451877928708__13	36	6	8	25	25	2	8	8	8	2
ACATGCTGACGG__0.43925620895919__13	6	18	18	13	25	2	8	8	8	2
AAATGCCGACGT__0.439157517782117__9	36	30	18	13	45	2	31	8	8	8
ATGCGCTGACGC__0.439076585707334__18	18	13	25	25	25	2	8	8	8	25
ACATGCTGACTG__0.439058848237844__16	6	18	18	13	25	2	8	8	11	2
AACCGCTGACTG__0.438907378471591__11	6	8	2	25	25	2	8	8	11	2
ATACGCTGACTT__0.438574448737671__14	13	6	8	25	25	2	8	8	11	6
ATCTGCTGACCA__0.438419097500681__25	7	9	2	13	25	2	8	8	8	8
AACTGCTGATAC__0.438393031663994__18	6	11	2	13	25	2	8	7	13	6
TAGTGCTGAGTA__0.438328580175908__26	18	11	17	13	25	2	8	8	11	6
TTATGCTGACCA__0.438066104364869__36	20	13	18	13	25	2	8	8	8	8
GAGTGCTGACAC__0.438044807611748__26	8	11	17	13	25	2	8	8	6	17
TATCGCTGACAT__0.4379471067952__19	13	7	31	25	25	2	8	8	6	18
AGTCGCTGAGTC__0.437892094228854__13	11	8	31	25	25	2	8	8	11	8
AATTGATGACAC__0.437791517010367__29	30	30	9	8	7	18	8	8	6	17
AGCTGCTGACAC__0.437751985724688__22	25	25	2	13	25	2	8	8	6	17
AAATGCTTACGC__0.437602324027512__18	36	30	18	13	25	6	20	6	8	25
ACACGCTGACGC__0.437439168097308__13	6	17	8	25	25	2	8	8	8	25
AAATGATGACGA__0.436379484196644__20	36	30	18	8	7	18	8	8	8	31
ATCTGCTGACCT__0.436355412863418__18	7	9	2	13	25	2	8	8	8	8
ATGCGCTGACTA__0.43598136765914__20	18	13	25	25	25	2	8	8	11	18
TACTGCTGACCT__0.435868076644119__18	6	11	2	13	25	2	8	8	8	8
TTGTGCTGACGG__0.435795576259398__28	9	6	17	13	25	2	8	8	8	2
TTCCGCTGACAC__0.435570453945446__24	12	5	2	25	25	2	8	8	6	17
AAGTGATGAGTA__0.435508032094519__21	6	11	17	8	7	18	8	8	11	6
TCTTGCTGACGC__0.435501995566977__22	9	6	9	13	25	2	8	8	8	25
AAACGCTTACGC__0.435491188664556__14	36	6	8	25	25	6	20	6	8	25
AAACGATGAGTC__0.435432119323924__10	36	6	8	31	7	18	8	8	11	8
ACATGCTGAGTA__0.435105391261552__18	6	18	18	13	25	2	8	8	11	6
TTTCGCTGATTC__0.434929690113515__26	36	12	31	25	25	2	8	7	30	12
TTTTGCTGACCA__0.434850863321699__42	36	36	9	13	25	2	8	8	8	8
GTTTGCTGACGT__0.434503900135457__26	6	36	9	13	25	2	8	8	8	8
AACTGCTTACGC__0.434440760936176__15	6	11	2	13	25	6	20	6	8	25
TAATGCTGACCA__0.434122328772197__28	20	30	18	13	25	2	8	8	8	8
GATCGCTGAGTC__0.433897366278363__11	7	7	31	25	25	2	8	8	11	8
GGTTGCTGACTC__0.433836157997548__22	8	6	9	13	25	2	8	8	11	8
AAGTGCTGAGCT__0.43375400911648__19	6	11	17	13	25	2	8	8	25	25
ATTTGCTGATGT__0.433434693412999__24	30	36	9	13	25	2	8	7	18	6
AAATGATGAGTA__0.433426308333471__19	36	30	18	8	7	18	8	8	11	6
TTCCGCTGAATC__0.43330135113638__19	12	5	2	25	25	2	8	12	30	7
AAATGCTGACCG__0.432987859258323__16	36	30	18	13	25	2	8	8	8	2
ACATGCTGACAA__0.432981887738376__26	6	18	18	13	25	2	8	8	6	9
TAGCGCTGACGC__0.432885667332715__16	18	25	25	25	25	2	8	8	8	25
CATTGCTGACTA__0.432721187583551__21	18	30	9	13	25	2	8	8	11	18
TATAGCTGACGT__0.432396783551488__16	13	13	18	25	25	2	8	8	8	8
CTCCGCTGACTC__0.432176381795984__13	8	5	2	25	25	2	8	8	11	8
AACCGCTGACCT__0.431923221600672__12	6	8	2	25	25	2	8	8	8	8
GGTTGCTGAGTC__0.431774430914408__22	8	6	9	13	25	2	8	8	11	8
AATTGATGACTC__0.431536403877508__20	30	30	9	8	7	18	8	8	11	8
ATTAGCTGACGC__0.431516356701251__18	30	20	18	25	25	2	8	8	8	25
TATCGCTGACGA__0.431456753736354__15	13	7	31	25	25	2	8	8	8	31
AATCGCTGAGGC__0.431417750902965__12	30	7	31	25	25	2	8	8	8	45
CAACGCTGACGT__0.431368935044275__11	9	6	8	25	25	2	8	8	8	8
ATCCGCTGACTA__0.431002917655445__17	7	5	2	25	25	2	8	8	11	18
TTTTGCTGAGTT__0.430958739038523__36	36	36	9	13	25	2	8	8	11	6
GCTTGCTGACTC__0.430816631556147__17	25	6	9	13	25	2	8	8	11	8
TGACGCTGCAGT__0.430763480174883__12	8	8	8	25	25	2	13	13	2	11
ACCAGCTGACGT__0.430712397634817__10	8	8	2	25	25	2	8	8	8	8
AAACGATGACTC__0.430524457104068__12	36	6	8	31	7	18	8	8	11	8
ACAAGCTGAGTC__0.43028540730474__9	6	9	6	25	25	2	8	8	11	8
CTGTGCTGACTC__0.430249772750032__20	2	6	17	13	25	2	8	8	11	8
CGTTGCTGACTC__0.42991101231257__19	8	6	9	13	25	2	8	8	11	8
CCTTGCTGAGTC__0.429902385474931__14	8	6	9	13	25	2	8	8	11	8
TAGTGCTGACAA__0.429891608265211__31	18	11	17	13	25	2	8	8	6	9
GCGTGCTGAGTC__0.429766314284918__18	25	8	17	13	25	2	8	8	11	8
TTCCGCTGACTT__0.429635715793433__15	12	5	2	25	25	2	8	8	11	6
GACTGCTGACGA__0.429547668934173__13	8	11	2	13	25	2	8	8	8	31
AGACGCTGACGC__0.429543504737237__10	9	8	8	25	25	2	8	8	8	25
AAATGCTTAGTC__0.429529081774012__14	36	30	18	13	25	6	20	18	11	8
GTATGCTGACGT__0.429203986796042__17	6	13	18	13	25	2	8	8	8	8
ATTTGCTGAGTT__0.429197074449342__24	30	36	9	13	25	2	8	8	11	6
ATCTGCTGATGT__0.429159495801348__15	7	9	2	13	25	2	8	7	18	6
AAAAGCTGACAC__0.429021198965421__18	36	36	6	25	25	2	8	8	6	17
ACTCGCTGACGT__0.428975506452302__11	11	8	31	25	25	2	8	8	8	8
ATGTGCTGACAG__0.42893188660615__25	18	6	17	13	25	2	8	8	6	2
AGTTGCTGACTG__0.428926515220355__18	11	6	9	13	25	2	8	8	11	2
TTTTGCTTACGT__0.428899057332858__35	36	36	9	13	25	6	20	6	8	8
AATCGCTGACAG__0.428546151248815__15	30	7	31	25	25	2	8	8	6	2
TGTTGCTGACTA__0.428527361078248__28	6	6	9	13	25	2	8	8	11	18
TTTTGATGACGT__0.428475270167359__34	36	36	9	8	7	18	8	8	8	8
ATTCGCTGAATC__0.428439703226172__19	30	12	31	25	25	2	8	12	30	7
TTCTGCTGATGT__0.428294683797296__20	12	9	2	13	25	2	8	7	18	6
AAATGCTGCGTC__0.428217815687624__13	36	30	18	13	25	2	13	25	8	8
TAATGCTTACGT__0.427817176530063__18	20	30	18	13	25	6	20	6	8	8
ATTTGCTGACAG__0.427813964921212__25	30	36	9	13	25	2	8	8	6	2
ATTTGCTGACCA__0.427618858175502__30	30	36	9	13	25	2	8	8	8	8
AAAAGCTGACTA__0.427338136336594__14	36	36	6	25	25	2	8	8	11	18
ATACGCTGAGTA__0.427237284292429__15	13	6	8	25	25	2	8	8	11	6
AGGTGCTGACTA__0.427168446694993__22	8	8	17	13	25	2	8	8	11	18
GCGTGCTGACTC__0.427013813504682__18	25	8	17	13	25	2	8	8	11	8
GAGCGCTGACTC__0.42697761263128__12	8	25	25	25	25	2	8	8	11	8
AAATGCTGAGCT__0.426935164362551__16	36	30	18	13	25	2	8	8	25	25
TTATGCTGAGTT__0.42656973585028__27	20	13	18	13	25	2	8	8	11	6
ACGTGCTGACAC__0.426381734498037__23	8	8	17	13	25	2	8	8	6	17
CATTGCTGACAC__0.426380770835874__24	18	30	9	13	25	2	8	8	6	17
CAGTGCTGACGT__0.426347240377813__15	2	11	17	13	25	2	8	8	8	8
ACATGCTGATGT__0.426047082127639__14	6	18	18	13	25	2	8	7	18	6
AAATGCTGAGCA__0.425988281215853__20	36	30	18	13	25	2	8	8	25	13
AGTTGATGACGT__0.425841446591417__21	11	6	9	8	7	18	8	8	8	8
GTCTGCTGACTC__0.425835614920096__15	8	9	2	13	25	2	8	8	11	8
TTCTGCTGATTC__0.425481350248755__21	12	9	2	13	25	2	8	7	30	12
AATTGCTGAATA__0.425475111982829__25	30	30	9	13	25	2	8	12	30	13
ATCTGATGACGT__0.425452182143834__15	7	9	2	8	7	18	8	8	8	8
TACCGCTGACGC__0.425287569453648__12	6	8	2	25	25	2	8	8	8	25
AAATGCAGACGT__0.425275512279514__12	36	30	18	13	13	2	9	8	8	8
CCACGCTGACTC__0.425147622465575__11	8	17	8	25	25	2	8	8	11	8
CTATGCTGACGT__0.42465108804495__16	18	13	18	13	25	2	8	8	8	8
AAACGCTGAGGT__0.424509079734064__9	36	6	8	25	25	2	8	8	8	8
AAGTGCTGAGCC__0.424470360597366__18	6	11	17	13	25	2	8	8	25	45
TAATGCTGAGTT__0.424395868697816__19	20	30	18	13	25	2	8	8	11	6
AGGTGCTGACAC__0.424393336713191__26	8	8	17	13	25	2	8	8	6	17
AGGTGCTGACGG__0.424284115693043__15	8	8	17	13	25	2	8	8	8	2
TAGCGCTGACGT__0.424084415222837__13	18	25	25	25	25	2	8	8	8	8
TGACGCTGCACT__0.42405463808598__15	8	8	8	25	25	2	13	13	17	11
AAGTGCTGAATT__0.423995734162691__20	6	11	17	13	25	2	8	12	30	30
AACAGCTGACAT__0.423862556080197__14	6	6	2	25	25	2	8	8	6	18
AGGCGCTGACTC__0.423741297785483__12	8	45	25	25	25	2	8	8	11	8
GGATGCTGAGTC__0.423571426794514__14	5	7	18	13	25	2	8	8	11	8
AAGAGCTGAGTA__0.42350665343789__11	6	9	8	25	25	2	8	8	11	6
TTGTGCTGAATC__0.423182147390388__34	9	6	17	13	25	2	8	12	30	7
AAACGCTGACCC__0.423083341403211__16	36	6	8	25	25	2	8	8	8	13
AACTGATGAGTC__0.423029782392197__10	6	11	2	8	7	18	8	8	11	8
AACTGCTGATGA__0.423008902600724__14	6	11	2	13	25	2	8	7	18	8
ACACGCTGAATC__0.422953886102747__13	6	17	8	25	25	2	8	12	30	7
AAGTGCTTAGTC__0.422910273925771__14	6	11	17	13	25	6	20	18	11	8
ATCAGCTGACTC__0.422711570983212__13	7	8	2	25	25	2	8	8	11	8
TAGTGCTGACGG__0.422491799827324__16	18	11	17	13	25	2	8	8	8	2
AACCGCTGACAG__0.422416404029__12	6	8	2	25	25	2	8	8	6	2
TTTCGCTGAATC__0.422396682852722__24	36	12	31	25	25	2	8	12	30	7
AATTGCTGATCA__0.422274150707929__20	30	30	9	13	25	2	8	7	7	8
AAACGCTTAGTC__0.422215365602268__10	36	6	8	25	25	6	20	18	11	8
CACTGCTGAATC__0.422210743866766__14	17	11	2	13	25	2	8	12	30	7
GAATGCTGACTT__0.422153791293438__14	12	30	18	13	25	2	8	8	11	6
TGGTGCTGAGTC__0.422050340144792__26	8	8	17	13	25	2	8	8	11	8
TCTTGCTGACTT__0.421540655073174__18	9	6	9	13	25	2	8	8	11	6
AATCGCTGACCA__0.421097115850044__18	30	7	31	25	25	2	8	8	8	8
AACTGCTTAGTC__0.42095241888206__11	6	11	2	13	25	6	20	18	11	8
AGTTGCTGATGT__0.420934985095884__17	11	6	9	13	25	2	8	7	18	6
TTACGCTGACAT__0.4209221062959__20	20	6	8	25	25	2	8	8	6	18
GAACGCTGATTC__0.420640541948233__10	12	6	8	25	25	2	8	7	30	12
TTTTGCTGACGG__0.420566864731472__25	36	36	9	13	25	2	8	8	8	2
AACTGCAGAGTC__0.420328615219719__9	6	11	2	13	13	2	9	8	11	8
ACTTGCTTACGT__0.420276388438567__14	11	6	9	13	25	6	20	6	8	8
TTCTGCTGACTG__0.42000475603493__18	12	9	2	13	25	2	8	8	11	2
ACAAGCTGACTC__0.419866623643972__10	6	9	6	25	25	2	8	8	11	8
CCGCGCTGAGTC__0.419801748047412__9	2	25	25	25	25	2	8	8	11	8
AACTGCTGTGTC__0.419785778162988__10	6	11	2	13	25	2	6	17	6	8
GACTGCTGAATC__0.419779755579181__13	8	11	2	13	25	2	8	12	30	7
AACTGATGAGTA__0.419637313725456__14	6	11	2	8	7	18	8	8	11	6
AAACGATGACAC__0.419184365022103__17	36	6	8	31	7	18	8	8	6	17
TTACGCTGAATC__0.419111427093509__19	20	6	8	25	25	2	8	12	30	7
TTATGCTGATGT__0.419080934278468__24	20	13	18	13	25	2	8	7	18	6
AACTGCTTACTC__0.41881756980807__13	6	11	2	13	25	6	20	6	11	8
TTTTGCTGACCT__0.41878433817246__30	36	36	9	13	25	2	8	8	8	8
ATTTGCTGACGG__0.418699841433855__17	30	36	9	13	25	2	8	8	8	2
ATTAGCTGACGA__0.418549299422476__16	30	20	18	25	25	2	8	8	8	31
TTCTGCTTACGT__0.418532887975231__19	12	9	2	13	25	6	20	6	8	8
TCCCGCTGAGTC__0.418344695007793__9	5	13	2	25	25	2	8	8	11	8
ATATGCTGAATT__0.4182113252223__20	13	13	18	13	25	2	8	12	30	30
TAATGCTGATTA__0.417929613458848__21	20	30	18	13	25	2	8	7	30	20
TATTGCTGAGTT__0.417403892996076__21	13	30	9	13	25	2	8	8	11	6
AGATGCTGACAG__0.417283056709396__15	9	7	18	13	25	2	8	8	6	2
GAATGCTGACAA__0.417273484516778__23	12	30	18	13	25	2	8	8	6	9
TATTGCTGATGT__0.416647854028118__20	13	30	9	13	25	2	8	7	18	6
ACGTGCTGACAT__0.416604540133051__18	8	8	17	13	25	2	8	8	6	18
GTATGCTGAATC__0.41640818986698__19	6	13	18	13	25	2	8	12	30	7
AAATGCTGATAC__0.416118145251729__18	36	30	18	13	25	2	8	7	13	6
TCGCGCTGACGT__0.415943907779004__13	31	25	25	25	25	2	8	8	8	8
CAACGCTGACGC__0.415699959192257__11	9	6	8	25	25	2	8	8	8	25
ATTAGCTGACTC__0.415616217676013__15	30	20	18	25	25	2	8	8	11	8
AACCGCTGACCA__0.415614024333247__15	6	8	2	25	25	2	8	8	8	8
TAGTGCTGAGTT__0.415547213523089__19	18	11	17	13	25	2	8	8	11	6
TTGTGCTGACTG__0.414676943750927__27	9	6	17	13	25	2	8	8	11	2
AGATGCTGACAA__0.414627057302041__21	9	7	18	13	25	2	8	8	6	9
AAGTGATGACTG__0.414518881356469__15	6	11	17	8	7	18	8	8	11	2
CAGCGCTGAGTC__0.414455986148542__9	2	25	25	25	25	2	8	8	11	8
TACCGCTGACAC__0.41419665255403__16	6	8	2	25	25	2	8	8	6	17
GCCTGCTGACTC__0.413816547611744__11	45	8	2	13	25	2	8	8	11	8
ACTCGCTGACTA__0.413777117687765__13	11	8	31	25	25	2	8	8	11	18
TTGCGCTGACAC__0.413618795591561__23	9	13	25	25	25	2	8	8	6	17
TATTGCTGACCT__0.413400195255075__20	13	30	9	13	25	2	8	8	8	8
AAGTGCTAACGT__0.413104981394713__18	6	11	17	13	25	18	20	6	8	8
CAGTGCTGACGC__0.413084221531282__15	2	11	17	13	25	2	8	8	8	25
ATATGCTGATTA__0.413001990686647__19	13	13	18	13	25	2	8	7	30	20
GAATGATGACTC__0.412815446118016__13	12	30	18	8	7	18	8	8	11	8
ATCTGCTGAGTT__0.412701565157178__13	7	9	2	13	25	2	8	8	11	6
ACATGCTGACCT__0.412641669453146__14	6	18	18	13	25	2	8	8	8	8
AACTGCTGAGCT__0.412567784459555__11	6	11	2	13	25	2	8	8	25	25
AATGGCTGACGT__0.412248587978553__13	30	18	8	45	25	2	8	8	8	8
ACATGCTGACAG__0.412089712673873__15	6	18	18	13	25	2	8	8	6	2
CTATGCTGACGC__0.412041676806135__16	18	13	18	13	25	2	8	8	8	25
ATATGCTGAGTG__0.41188274051199__15	13	13	18	13	25	2	8	8	11	17
TGACGCTGAGTC__0.411811656381817__9	8	8	8	25	25	2	8	8	11	8
ATATGATGACAC__0.411648127352486__23	13	13	18	8	7	18	8	8	6	17
ATATGCTGCGTC__0.411523454446729__14	13	13	18	13	25	2	13	25	8	8
ATGTGCTGACCT__0.411482751460715__20	18	6	17	13	25	2	8	8	8	8
AATTGCTGCGTA__0.411477010958774__16	30	30	9	13	25	2	13	25	8	6
AAGTGCTGAGCA__0.411423356029397__19	6	11	17	13	25	2	8	8	25	13
ATTTGCTGATTA__0.411358476941709__23	30	36	9	13	25	2	8	7	30	20
TCTTGCTGACAC__0.411356110037456__23	9	6	9	13	25	2	8	8	6	17
AAACGCTGAGTG__0.411177374702623__9	36	6	8	25	25	2	8	8	11	17
AAGAGCTGACAC__0.411143734491512__14	6	9	8	25	25	2	8	8	6	17
GTATGCTGACGC__0.410944814643625__16	6	13	18	13	25	2	8	8	8	25
AACTGCTGATCT__0.410910686346781__10	6	11	2	13	25	2	8	7	7	9
ATCTGCTTACGT__0.410848630017649__13	7	9	2	13	25	6	20	6	8	8
TTGTGCTTACGT__0.410705578014625__24	9	6	17	13	25	6	20	6	8	8
AAGAGCTGACGC__0.410394141713156__9	6	9	8	25	25	2	8	8	8	25
TCTTGCTGACTA__0.410348241223302__19	9	6	9	13	25	2	8	8	11	18
AATTGCTGATTA__0.410330252660567__18	30	30	9	13	25	2	8	7	30	20
AACTGCTGAATT__0.410002024651786__13	6	11	2	13	25	2	8	12	30	30
TAGTGCTGACTG__0.409788139781099__17	18	11	17	13	25	2	8	8	11	2
CCGTGCTGAGTC__0.409613253340372__11	2	8	17	13	25	2	8	8	11	8
AAGTGATGACAT__0.409402669848365__18	6	11	17	8	7	18	8	8	6	18
AACTGCTTACAC__0.409302946526105__17	6	11	2	13	25	6	20	6	6	17
ACACGCTGACTT__0.409145587565921__9	6	17	8	25	25	2	8	8	11	6
ATATGCTGAGGT__0.409014204257528__13	13	13	18	13	25	2	8	8	8	8
GACTGCTGATTC__0.408904525528366__10	8	11	2	13	25	2	8	7	30	12
AAGTGCTGATCA__0.408866996627854__17	6	11	17	13	25	2	8	7	7	8
TATCGCTGATTC__0.408677821872296__12	13	7	31	25	25	2	8	7	30	12
AATTGCTGAGCA__0.40859620325347__19	30	30	9	13	25	2	8	8	25	13
AAATGCTGATGA__0.40837744136483__15	36	30	18	13	25	2	8	7	18	8
ACATGATGACGT__0.408222009669527__12	6	18	18	8	7	18	8	8	8	8
ATCAGCTGAGTC__0.408087551511912__10	7	8	2	25	25	2	8	8	11	8
AGTTGCTGACCT__0.408044332548779__16	11	6	9	13	25	2	8	8	8	8
AAGTGCTGAGAT__0.407890497394621__16	6	11	17	13	25	2	8	8	9	7
ACTAGCTGACTC__0.407589851069373__10	11	18	18	25	25	2	8	8	11	8
TAGTGCTGATGT__0.407561737477829__17	18	11	17	13	25	2	8	7	18	6
TGCCGCTGACTC__0.407474894810959__10	13	45	2	25	25	2	8	8	11	8
AAATGCAGAGTC__0.407267620124985__9	36	30	18	13	13	2	9	8	11	8
TATCGCTGACTG__0.406859449368232__11	13	7	31	25	25	2	8	8	11	2
ATGCGCTGACAT__0.406540862944372__16	18	13	25	25	25	2	8	8	6	18
AAACGCTGCGTA__0.406490318399152__10	36	6	8	25	25	2	13	25	8	6
AAGTGCTGAGGC__0.40646295065108__13	6	11	17	13	25	2	8	8	8	45
TCCTGCTGAATC__0.406120130599636__14	5	8	2	13	25	2	8	12	30	7
TATCGCTGACAG__0.406117103657079__13	13	7	31	25	25	2	8	8	6	2
ATTTGCTGATGC__0.406110186130345__20	30	36	9	13	25	2	8	7	18	13
TATTGATGACGT__0.406109937244904__19	13	30	9	8	7	18	8	8	8	8
AAGTGCTGATGA__0.406001551192579__16	6	11	17	13	25	2	8	7	18	8
GATTGCTGACAT__0.40585574655556__16	7	30	9	13	25	2	8	8	6	18
ATTCGCTGAGTA__0.405825989308436__15	30	12	31	25	25	2	8	8	11	6
CTTTGCTGACAC__0.405759700926335__23	6	36	9	13	25	2	8	8	6	17
TAACGCTGACAT__0.405588565665836__14	20	6	8	25	25	2	8	8	6	18
AGGTGCTGACGA__0.405571374349101__16	8	8	17	13	25	2	8	8	8	31
GATTGCTGAGTA__0.405561771425358__15	7	30	9	13	25	2	8	8	11	6
AAATGCTGAGAC__0.40553465959884__15	36	30	18	13	25	2	8	8	9	8
TATTGATGACGC__0.40551469373323__21	13	30	9	8	7	18	8	8	8	25
TAACGCTGACCT__0.405510086147476__12	20	6	8	25	25	2	8	8	8	8
TACTGCTGACGG__0.405439175408611__10	6	11	2	13	25	2	8	8	8	2
TCATGCTGACAC__0.405424385763728__21	8	18	18	13	25	2	8	8	6	17
TGACGCTGCAAT__0.405331912421249__14	8	8	8	25	25	2	13	13	9	30
CAATGCTGAATC__0.405307479546022__15	9	30	18	13	25	2	8	12	30	7
TTCCGCTGATTC__0.405087720503013__13	12	5	2	25	25	2	8	7	30	12
GAAAGCTGACTC__0.404467550272395__9	12	36	6	25	25	2	8	8	11	8
ATGAGCTGACGT__0.404427731827697__10	18	8	8	25	25	2	8	8	8	8
AATCGCTGACCT__0.404251667020784__11	30	7	31	25	25	2	8	8	8	8
TACTGCTGACTG__0.403804570138192__12	6	11	2	13	25	2	8	8	11	2
TCATGCTGACTA__0.403590836166917__17	8	18	18	13	25	2	8	8	11	18
ACTTGCTGACAG__0.403528294573755__14	11	6	9	13	25	2	8	8	6	2
TTTCGCTGAGTA__0.403367033993689__20	36	12	31	25	25	2	8	8	11	6
TCCTGCTGACTA__0.403210069190506__14	5	8	2	13	25	2	8	8	11	18
AAATGCTTACTC__0.402653384525075__13	36	30	18	13	25	6	20	6	11	8
AAATGCTGTGTC__0.402619658124757__11	36	30	18	13	25	2	6	17	6	8
AGATGCTTACGT__0.402583340668182__10	9	7	18	13	25	6	20	6	8	8
GTGTGCTGAGTC__0.401461798337441__21	17	6	17	13	25	2	8	8	11	8
GAATGCTGACAG__0.401412855948508__14	12	30	18	13	25	2	8	8	6	2
GAATGCTGACCT__0.401215252302295__13	12	30	18	13	25	2	8	8	8	8
TAACGCTGAGTA__0.401057345736832__12	20	6	8	25	25	2	8	8	11	6
AATTGCTTAGTC__0.400586340960687__14	30	30	9	13	25	6	20	18	11	8
ACCTGCTGACTT__0.40057091826971__9	8	8	2	13	25	2	8	8	11	6
GAACGCTGACGA__0.40017088255623__9	12	6	8	25	25	2	8	8	8	31
TTATGCTGATTA__0.40015622985678__23	20	13	18	13	25	2	8	7	30	20
GTATGCTGACTA__0.399937547618843__16	6	13	18	13	25	2	8	8	11	18
AAGCGCTGACCT__0.399769363465561__10	6	25	25	25	25	2	8	8	8	8
AGGTGCTGACTT__0.399700924190948__14	8	8	17	13	25	2	8	8	11	6
CCGCGCTGACTC__0.399061698327882__9	2	25	25	25	25	2	8	8	11	8
GGGTGCTGAGTC__0.398925422209888__19	13	8	17	13	25	2	8	8	11	8
ATTAGCTGACAC__0.398835024974904__18	30	20	18	25	25	2	8	8	6	17
ACGCGCTGATTC__0.398543110285418__10	8	25	25	25	25	2	8	7	30	12
TGGCGCTGACTC__0.398523077948462__12	8	45	25	25	25	2	8	8	11	8
TTATGATGACTC__0.398481095490094__19	20	13	18	8	7	18	8	8	11	8
GTATGCTGACAC__0.39795926361948__19	6	13	18	13	25	2	8	8	6	17
AATTGATGACGA__0.397724221440643__16	30	30	9	8	7	18	8	8	8	31
GTTTGCTGACGC__0.397468207138305__20	6	36	9	13	25	2	8	8	8	25
AGTTGCTGACGG__0.397249569653584__11	11	6	9	13	25	2	8	8	8	2
AATCGCTTAGTC__0.397113411822165__9	30	7	31	25	25	6	20	18	11	8
CTTTGCTGACGC__0.397040752835362__16	6	36	9	13	25	2	8	8	8	25
CAACGCTGACAC__0.396825921679939__14	9	6	8	25	25	2	8	8	6	17
ACATGCTGAGGT__0.396805687804327__9	6	18	18	13	25	2	8	8	8	8
TTGTGCTGAGTT__0.396760836306741__25	9	6	17	13	25	2	8	8	11	6
CGATGCTGACGT__0.396354360321406__9	31	7	18	13	25	2	8	8	8	8
TGATGCTGACGC__0.396262982915738__14	8	7	18	13	25	2	8	8	8	25
AATAGCTGACTT__0.396021368173777__9	30	13	18	25	25	2	8	8	11	6
ATGTGCTGACCA__0.395997761258114__22	18	6	17	13	25	2	8	8	8	8
AAACGATGAGTA__0.395906477543681__10	36	6	8	31	7	18	8	8	11	6
AAACGCTGAATA__0.395601152214517__14	36	6	8	25	25	2	8	12	30	13
AGTTGCTGACAG__0.395488342243721__15	11	6	9	13	25	2	8	8	6	2
AAGTGCTGATAC__0.39535446478078__16	6	11	17	13	25	2	8	7	13	6
AATAGCTGACGA__0.395261470783943__10	30	13	18	25	25	2	8	8	8	31
GGCTGCTGAGTC__0.395132484726214__10	45	25	2	13	25	2	8	8	11	8
AGCTGCTGACGC__0.394851919169325__10	25	25	2	13	25	2	8	8	8	25
TCCTGCTGACAC__0.394741899682332__16	5	8	2	13	25	2	8	8	6	17
AAGTGCTGATCT__0.394593622101485__12	6	11	17	13	25	2	8	7	7	9
ATTTGATGACTC__0.394576049800972__18	30	36	9	8	7	18	8	8	11	8
AAGTGCTGATGG__0.394245517675193__11	6	11	17	13	25	2	8	7	18	8
GAGTGCTGACTA__0.394243658307531__14	8	11	17	13	25	2	8	8	11	18
TGACGCTGCAAA__0.394196582006079__17	8	8	8	25	25	2	13	13	9	36
AATAGCTGACTG__0.394062253738444__9	30	13	18	25	25	2	8	8	11	2
GAGTGCTGAATC__0.394053396474483__14	8	11	17	13	25	2	8	12	30	7
ACGTGCTGACGA__0.393655358183407__12	8	8	17	13	25	2	8	8	8	31
AGGTGCTGAATC__0.39365350772151__16	8	8	17	13	25	2	8	12	30	7
TAATGATGACTC__0.393585169638091__14	20	30	18	8	7	18	8	8	11	8
TACCGCTGAATC__0.393510179616958__10	6	8	2	25	25	2	8	12	30	7
TTGTGATGACGT__0.393441515527362__21	9	6	17	8	7	18	8	8	8	8
AACTGCTTACTA__0.392923834480697__12	6	11	2	13	25	6	20	6	11	18
ATTTGATGACGC__0.392779785955492__19	30	36	9	8	7	18	8	8	8	25
GACTGCTGACAT__0.392474166833951__11	8	11	2	13	25	2	8	8	6	18
ATATGCTGATTT__0.392120344423332__14	13	13	18	13	25	2	8	7	30	36
ATACGCTGATGC__0.392113788978445__10	13	6	8	25	25	2	8	7	18	13
CAGTGCTGACTA__0.392012536761005__14	2	11	17	13	25	2	8	8	11	18
TTAAGCTGACTC__0.391946122789244__13	20	20	6	25	25	2	8	8	11	8
ATGTGCTGATGC__0.391890554694759__17	18	6	17	13	25	2	8	7	18	13
ACCTGCTGACAA__0.391771704329337__16	8	8	2	13	25	2	8	8	6	9
ATATGCTGATTG__0.391569539152304__13	13	13	18	13	25	2	8	7	30	9
AAATGCTGATCA__0.391143437787302__13	36	30	18	13	25	2	8	7	7	8
AAACGCTGAGAC__0.391019524594059__10	36	6	8	25	25	2	8	8	9	8
TCTCGCTGACGT__0.390937574251469__10	9	8	31	25	25	2	8	8	8	8
ATGTGATGACGC__0.390876971311569__17	18	6	17	8	7	18	8	8	8	25
CGGTGCTGAGTC__0.390739179312277__12	2	8	17	13	25	2	8	8	11	8
CTCTGCTGACGT__0.390665514321162__9	8	9	2	13	25	2	8	8	8	8
TTATGATGACGC__0.390478451723009__19	20	13	18	8	7	18	8	8	8	25
TCATGCTGAATC__0.390346860616988__15	8	18	18	13	25	2	8	12	30	7
TTCAGCTGACGT__0.390319032791712__11	12	8	2	25	25	2	8	8	8	8
AAGTGCTGTGTC__0.390159653627094__11	6	11	17	13	25	2	6	17	6	8
ATCCGCTGACGA__0.39014556576439__10	7	5	2	25	25	2	8	8	8	31
TATTGCTGACCA__0.390123042162616__20	13	30	9	13	25	2	8	8	8	8
TAGTGCTGACAG__0.390079933889209__16	18	11	17	13	25	2	8	8	6	2
ATACGCTGACCT__0.389672119175906__10	13	6	8	25	25	2	8	8	8	8
GGATGCTGACGC__0.389539151225628__11	5	7	18	13	25	2	8	8	8	25
ACCCGCTGACAC__0.389397851099763__12	8	13	2	25	25	2	8	8	6	17
AATTGCTGTGTC__0.389363798789501__12	30	30	9	13	25	2	6	17	6	8
ACTTGCTGACTT__0.389354101826937__10	11	6	9	13	25	2	8	8	11	6
TTGTGCTGATGT__0.38924575104308__22	9	6	17	13	25	2	8	7	18	6
AGGTGCTGATTC__0.389227224081686__14	8	8	17	13	25	2	8	7	30	12
GGCTGCTGACTC__0.389218992697603__10	45	25	2	13	25	2	8	8	11	8
TATTGCTGAGTG__0.389189239939506__15	13	30	9	13	25	2	8	8	11	17
AAATGCTGAATT__0.389114921724169__13	36	30	18	13	25	2	8	12	30	30
GTTCGCTGACTC__0.38893452466199__13	6	12	31	25	25	2	8	8	11	8
TATCGCTGACTT__0.388904338592034__9	13	7	31	25	25	2	8	8	11	6
ATTCGCTGACAA__0.388823156358289__17	30	12	31	25	25	2	8	8	6	9
TTTAGCTGACAC__0.388659582637051__20	36	20	18	25	25	2	8	8	6	17
AAGTGCTTACTC__0.388650080614329__12	6	11	17	13	25	6	20	6	11	8
ACTAGCTGACAC__0.38842899217703__13	11	18	18	25	25	2	8	8	6	17
ACCTGCTGAATC__0.388349917444066__10	8	8	2	13	25	2	8	12	30	7
TACTGCTGATTC__0.387883263769795__11	6	11	2	13	25	2	8	7	30	12
AAATGCTAACGT__0.387816883514032__13	36	30	18	13	25	18	20	6	8	8
ACATGCTGACCA__0.387565840478553__15	6	18	18	13	25	2	8	8	8	8
ACTTGCTGACCA__0.387466181626802__15	11	6	9	13	25	2	8	8	8	8
ATATGCTTACGC__0.387218914646045__13	13	13	18	13	25	6	20	6	8	25
AATTGCTGATTT__0.387211375080241__13	30	30	9	13	25	2	8	7	30	36
TACTGCTGACAG__0.387197612996042__12	6	11	2	13	25	2	8	8	6	2
AAGTGCAGACGT__0.386905619127997__9	6	11	17	13	13	2	9	8	8	8
AAAAGCTGACAT__0.386834541621367__10	36	36	6	25	25	2	8	8	6	18
ATAAGCTGACTA__0.386823305275942__11	13	20	6	25	25	2	8	8	11	18
ATGTGATGACTC__0.386761809571157__15	18	6	17	8	7	18	8	8	11	8
ATAAGCTGACTC__0.386754350046543__9	13	20	6	25	25	2	8	8	11	8
CATTGCTGACGC__0.386724560767169__12	18	30	9	13	25	2	8	8	8	25
AAACGATGACTA__0.386693157161561__10	36	6	8	31	7	18	8	8	11	18
TTTCGCTGACAA__0.386631894441856__20	36	12	31	25	25	2	8	8	6	9
ATATGATGACTA__0.386550667950214__15	13	13	18	8	7	18	8	8	11	18
AATTGCTGATAC__0.386517319064258__15	30	30	9	13	25	2	8	7	13	6
AAATGATGACTT__0.386235826914724__10	36	30	18	8	7	18	8	8	11	6
ACATGCTTACGT__0.38619143399713__9	6	18	18	13	25	6	20	6	8	8
AAGGGCTGACGT__0.385893711991384__9	6	8	13	45	25	2	8	8	8	8
AAACGCTAACGT__0.385724302587256__10	36	6	8	25	25	18	20	6	8	8
AGATGCTGACTG__0.385698204084601__9	9	7	18	13	25	2	8	8	11	2
AATTGATGAGTC__0.385500464346054__11	30	30	9	8	7	18	8	8	11	8
AATTGCTTACTC__0.385478520674059__14	30	30	9	13	25	6	20	6	11	8
TTACGCTGACGA__0.385475391564133__12	20	6	8	25	25	2	8	8	8	31
TATAGCTGACTC__0.385470407024697__11	13	13	18	25	25	2	8	8	11	8
TCGCGCTGACAC__0.385365405354778__15	31	25	25	25	25	2	8	8	6	17
AAATGCTGAGCC__0.385332911222712__11	36	30	18	13	25	2	8	8	25	45
ATGCGCTGACAC__0.385325211071957__15	18	13	25	25	25	2	8	8	6	17
GCATGCTGACGC__0.385084680317146__11	13	18	18	13	25	2	8	8	8	25
GATTGCTGACGA__0.385029573130476__11	7	30	9	13	25	2	8	8	8	31
ATTCGCTGACGA__0.384981952110981__11	30	12	31	25	25	2	8	8	8	31
ATTTGATGACTA__0.384542524526396__18	30	36	9	8	7	18	8	8	11	18
AATTGCTGACCC__0.384230068734505__15	30	30	9	13	25	2	8	8	8	13
CCATGCTGACGC__0.384195910943037__10	8	18	18	13	25	2	8	8	8	25
AATTGATGACAA__0.384028758578667__19	30	30	9	8	7	18	8	8	6	9
TTTAGCTGACTA__0.384020106180345__16	36	20	18	25	25	2	8	8	11	18
CTTCGCTGACTC__0.383764548142134__10	6	12	31	25	25	2	8	8	11	8
AATTGCTGAGGC__0.383761878900468__11	30	30	9	13	25	2	8	8	8	45
ACCTGCTGAGTA__0.383733479841013__9	8	8	2	13	25	2	8	8	11	6
AACTGATGACGA__0.383363806242596__10	6	11	2	8	7	18	8	8	8	31
AACTGATGACAT__0.383357424615007__11	6	11	2	8	7	18	8	8	6	18
TACTGATGACGT__0.38335633103057__10	6	11	2	8	7	18	8	8	8	8
ACGTGCTGAATC__0.383310416627649__12	8	8	17	13	25	2	8	12	30	7
ATATGATGACTC__0.38310771212592__12	13	13	18	8	7	18	8	8	11	8
TCTCGCTGACTC__0.382713132921783__10	9	8	31	25	25	2	8	8	11	8
AACTGCTAACGT__0.382484704635647__11	6	11	2	13	25	18	20	6	8	8
AAGTGCTGAGAC__0.382477233408544__13	6	11	17	13	25	2	8	8	9	8
TTCAGCTGACTC__0.382141798119821__11	12	8	2	25	25	2	8	8	11	8
AAGTGCTTACTT__0.38210408584266__11	6	11	17	13	25	6	20	6	11	6
AGTTGCTGACCA__0.382055896136593__16	11	6	9	13	25	2	8	8	8	8
TTGCGCTGACTA__0.382017406657877__14	9	13	25	25	25	2	8	8	11	18
TCTTGCTGACAT__0.381800777970242__15	9	6	9	13	25	2	8	8	6	18
TAAAGCTGACTC__0.381788840130521__9	20	36	6	25	25	2	8	8	11	8
GAGTGCTGACAT__0.381726616730545__13	8	11	17	13	25	2	8	8	6	18
CTTTGCTGACTA__0.3816616144954__15	6	36	9	13	25	2	8	8	11	18
ACTTGATGACGT__0.381268147296697__10	11	6	9	8	7	18	8	8	8	8
AGTCGCTGACGC__0.381224920293159__9	11	8	31	25	25	2	8	8	8	25
ATCCGCTGAATC__0.381098785976722__10	7	5	2	25	25	2	8	12	30	7
ATCAGCTGACGC__0.380984042067531__9	7	8	2	25	25	2	8	8	8	25
GTTCGCTGAGTC__0.380966647346078__12	6	12	31	25	25	2	8	8	11	8
TATCGCTGACAA__0.380851514774467__14	13	7	31	25	25	2	8	8	6	9
TAGCGCTGACTA__0.380789132397616__11	18	25	25	25	25	2	8	8	11	18
TAACGCTGACAG__0.380491138716583__10	20	6	8	25	25	2	8	8	6	2
ATTTGCTGAGTG__0.380346391071934__14	30	36	9	13	25	2	8	8	11	17
TTTAGCTGAGTC__0.37979094552531__14	36	20	18	25	25	2	8	8	11	8
AAGCGCTGACAA__0.379294017513789__13	6	25	25	25	25	2	8	8	6	9
AATTGCTGAGAC__0.379283010765093__13	30	30	9	13	25	2	8	8	9	8
AATAGCTGAGTA__0.379197382854719__9	30	13	18	25	25	2	8	8	11	6
TTTAGCTGACAT__0.379158638612072__16	36	20	18	25	25	2	8	8	6	18
TGTTGCTGACAT__0.379118632261094__18	6	6	9	13	25	2	8	8	6	18
TTAAGCTGAGTC__0.379034770416494__11	20	20	6	25	25	2	8	8	11	8
ACACGCTGACTA__0.378897122895427__9	6	17	8	25	25	2	8	8	11	18
ATATGCTGACCG__0.378874003303993__11	13	13	18	13	25	2	8	8	8	2
CATTGCTGACAT__0.378678804371954__13	18	30	9	13	25	2	8	8	6	18
TGATGCTGACTA__0.378421221724525__13	8	7	18	13	25	2	8	8	11	18
TTTCGCTGACCT__0.378310654649679__14	36	12	31	25	25	2	8	8	8	8
ATCTGCTGATGC__0.378058338903578__10	7	9	2	13	25	2	8	7	18	13
GGGTGCTGACTC__0.378031495287861__15	13	8	17	13	25	2	8	8	11	8
AATGGCTGACTC__0.377920471820388__10	30	18	8	45	25	2	8	8	11	8
CTCTGCTGACGC__0.377913351540277__9	8	9	2	13	25	2	8	8	8	25
AAACGCTGAATT__0.377908686982689__9	36	6	8	25	25	2	8	12	30	30
TTTTGCTGAGTG__0.377842978089113__20	36	36	9	13	25	2	8	8	11	17
ATTTGATGACAC__0.377770504478649__19	30	36	9	8	7	18	8	8	6	17
AACTGCTGATAA__0.377222440188112__12	6	11	2	13	25	2	8	7	13	20
AACTGATGACAA__0.377111822359219__14	6	11	2	8	7	18	8	8	6	9
TCCTGCTGAGTA__0.377004606224895__10	5	8	2	13	25	2	8	8	11	6
TAGCGCTGACAC__0.376819211966599__13	18	25	25	25	25	2	8	8	6	17
TTCCGCTGACCT__0.376577857769115__10	12	5	2	25	25	2	8	8	8	8
TTCTGATGACGC__0.376548149756226__14	12	9	2	8	7	18	8	8	8	25
AAGTGATGACTT__0.37643018400571__10	6	11	17	8	7	18	8	8	11	6
TAATGATGACGC__0.376412378064242__13	20	30	18	8	7	18	8	8	8	25
GTTTGCTGACTA__0.376037538112908__17	6	36	9	13	25	2	8	8	11	18
ATCAGCTGACTA__0.376035621983609__10	7	8	2	25	25	2	8	8	11	18
ATTCGCTGACAG__0.375755303933758__11	30	12	31	25	25	2	8	8	6	2
AAATGATGACAT__0.375196351392989__12	36	30	18	8	7	18	8	8	6	18
TTCTGCTGACAG__0.374991789426257__13	12	9	2	13	25	2	8	8	6	2
ATATGCTGACCC__0.374756434657115__14	13	13	18	13	25	2	8	8	8	13
TCCCGCTGACAC__0.374674976548608__11	5	13	2	25	25	2	8	8	6	17
GAATGATGACGC__0.374527534601352__10	12	30	18	8	7	18	8	8	8	25
AACTGCTTACAT__0.374448349818119__10	6	11	2	13	25	6	20	6	6	18
ATAAGCTGACAC__0.374394323217284__12	13	20	6	25	25	2	8	8	6	17
AGATGCTGACCT__0.374335282989301__9	9	7	18	13	25	2	8	8	8	8
CTGTGCTGAGTC__0.374307707372559__11	2	6	17	13	25	2	8	8	11	8
AACTGCTGATAT__0.374075446991896__9	6	11	2	13	25	2	8	7	13	13
AAGTGCTGATTG__0.373899182845702__10	6	11	17	13	25	2	8	7	30	9
TTACGCTGACCT__0.37379428589681__11	20	6	8	25	25	2	8	8	8	8
AGATGATGACTC__0.373551207048291__9	9	7	18	8	7	18	8	8	11	8
ACGCGCTGAATC__0.373378019865997__9	8	25	25	25	25	2	8	12	30	7
GATTGCTGACTT__0.372965633653285__9	7	30	9	13	25	2	8	8	11	6
TAACGCTGACAA__0.372919458377589__13	20	6	8	25	25	2	8	8	6	9
GAGTGCTGACGA__0.372905624651484__10	8	11	17	13	25	2	8	8	8	31
TTATGATGACAC__0.372853620262826__19	20	13	18	8	7	18	8	8	6	17
TTACGCTGATTC__0.37249964032831__11	20	6	8	25	25	2	8	7	30	12
AATTGCTGACCG__0.372389919471941__10	30	30	9	13	25	2	8	8	8	2
ATATGATGAGTA__0.372275031041253__12	13	13	18	8	7	18	8	8	11	6
TTTAGCTGACGC__0.372095694914933__13	36	20	18	25	25	2	8	8	8	25
GCTTGCTGAGTC__0.371954996513729__9	25	6	9	13	25	2	8	8	11	8
TTCCGCTGAGTA__0.371626211991853__10	12	5	2	25	25	2	8	8	11	6
ACATGCTGATGC__0.371568341309756__9	6	18	18	13	25	2	8	7	18	13
AGATGATGACGC__0.371528344319796__10	9	7	18	8	7	18	8	8	8	25
GTTTGCTGACAC__0.371392651496675__19	6	36	9	13	25	2	8	8	6	17
TTTTGCTGATGC__0.371291479793568__20	36	36	9	13	25	2	8	7	18	13
TTTTGATGACGC__0.371213243366515__21	36	36	9	8	7	18	8	8	8	25
TTGTGCTGACAG__0.371036358859153__19	9	6	17	13	25	2	8	8	6	2
AAATGCTGATCC__0.371029092983859__10	36	30	18	13	25	2	8	7	7	5
AGACGCTGACAC__0.370922394200544__9	9	8	8	25	25	2	8	8	6	17
AATTGCTGAATT__0.370682202333997__12	30	30	9	13	25	2	8	12	30	30
ATATGCTGAGCT__0.370187022342551__11	13	13	18	13	25	2	8	8	25	25
AACAGCTGACAA__0.370057471917542__11	6	6	2	25	25	2	8	8	6	9
CTGTGCTGACGT__0.369546128607258__10	2	6	17	13	25	2	8	8	8	8
TTCCGCTGACGA__0.369526872898471__9	12	5	2	25	25	2	8	8	8	31
AAATGCTTACAT__0.369296412677202__11	36	30	18	13	25	6	20	6	6	18
TTTCGCTGACTG__0.369170846409761__12	36	12	31	25	25	2	8	8	11	2
TAGTGCTGAGGT__0.36896876496243__10	18	11	17	13	25	2	8	8	8	8
AAATGCTTACAC__0.368944114930281__13	36	30	18	13	25	6	20	6	6	17
CAATGCTGATTC__0.368837884069825__9	9	30	18	13	25	2	8	7	30	12
TAGTGCTGACCT__0.368378894600981__12	18	11	17	13	25	2	8	8	8	8
AAGTGATGACCT__0.36833831516387__10	6	11	17	8	7	18	8	8	8	8
ATGTGCTGAGTG__0.368260626873325__12	18	6	17	13	25	2	8	8	11	17
TCGTGCTGACGC__0.367942482872371__11	31	8	17	13	25	2	8	8	8	25
TGTCGCTGAGTC__0.367881615382659__9	6	8	31	25	25	2	8	8	11	8
ACGTGCTGATTC__0.367557151621545__9	8	8	17	13	25	2	8	7	30	12
TGTTGCTGAATC__0.367517107820874__16	6	6	9	13	25	2	8	12	30	7
AAGTGCTTAGTA__0.367449424313483__10	6	11	17	13	25	6	20	18	11	6
ACATGCTGATTA__0.367415595193014__10	6	18	18	13	25	2	8	7	30	20
TGATGCTGACAC__0.367373566987393__14	8	7	18	13	25	2	8	8	6	17
TCTTGCTGACGA__0.367296982962243__11	9	6	9	13	25	2	8	8	8	31
CATTGCTGAATC__0.367288409655464__11	18	30	9	13	25	2	8	12	30	7
TAATGCTGAGGT__0.367030709043827__9	20	30	18	13	25	2	8	8	8	8
TTACGCTGCAAT__0.367024327459682__13	20	6	8	25	25	2	13	13	9	30
TAGTGCTTACGT__0.36681870863262__10	18	11	17	13	25	6	20	6	8	8
ACGTGCTGACAA__0.366807535650214__14	8	8	17	13	25	2	8	8	6	9
ATTCGCTTACGT__0.366776530939061__9	30	12	31	25	25	6	20	6	8	8
GCGTGCTGACGT__0.366749312923743__9	25	8	17	13	25	2	8	8	8	8
TCTTGCTGACAG__0.366548349201248__12	9	6	9	13	25	2	8	8	6	2
AAGCGCTGACCA__0.366147129503434__10	6	25	25	25	25	2	8	8	8	8
TACTGCTGACCA__0.365867019365515__12	6	11	2	13	25	2	8	8	8	8
TCCTGCTGACAT__0.365280145306582__10	5	8	2	13	25	2	8	8	6	18
CTTTGCTGATTC__0.365134339936446__12	6	36	9	13	25	2	8	7	30	12
ATATGCTTAGTC__0.365118054412024__9	13	13	18	13	25	6	20	18	11	8
AAGTGCTGATAT__0.364763875442405__11	6	11	17	13	25	2	8	7	13	13
AATTGCTAACGT__0.364520592413142__12	30	30	9	13	25	18	20	6	8	8
TTCTGCTGACCA__0.364384181528074__14	12	9	2	13	25	2	8	8	8	8
AAATGCTGATAT__0.364236260012473__10	36	30	18	13	25	2	8	7	13	13
GATTGCTGACAA__0.364143195374867__13	7	30	9	13	25	2	8	8	6	9
TAGTGCTGATTA__0.363977784148645__13	18	11	17	13	25	2	8	7	30	20
ATGTGCTGATTG__0.363761500500411__12	18	6	17	13	25	2	8	7	30	9
TGTCGCTGACTC__0.36361078152544__9	6	8	31	25	25	2	8	8	11	8
TTAAGCTGACTA__0.363195536906778__11	20	20	6	25	25	2	8	8	11	18
ATATGCTGATAC__0.362960349517513__12	13	13	18	13	25	2	8	7	13	6
ATATGATGACGA__0.362940773377612__11	13	13	18	8	7	18	8	8	8	31
TTATGCTGACCG__0.362932165767237__13	20	13	18	13	25	2	8	8	8	2
TAGTGATGACGT__0.36288579088474__11	18	11	17	8	7	18	8	8	8	8
TATAGCTGACTA__0.36286633667156__10	13	13	18	25	25	2	8	8	11	18
ATCTGATGACGC__0.362360723197419__9	7	9	2	8	7	18	8	8	8	25
AAATGCTGAGAT__0.361932793471551__9	36	30	18	13	25	2	8	8	9	7
CTCTGCTGACAC__0.361898969029164__11	8	9	2	13	25	2	8	8	6	17
ATATGCTGAGCA__0.361700288703723__12	13	13	18	13	25	2	8	8	25	13
ATGTGCTGAATA__0.361676158215933__16	18	6	17	13	25	2	8	12	30	13
TTCTGCTGATGC__0.361530424871392__11	12	9	2	13	25	2	8	7	18	13
AATTGCTGATCT__0.361394102310566__9	30	30	9	13	25	2	8	7	7	9
ATGTGATGACAC__0.361250692234885__15	18	6	17	8	7	18	8	8	6	17
AAGTGATGACAG__0.361213411077365__10	6	11	17	8	7	18	8	8	6	2
ATCTGCTGAATA__0.361036654093461__12	7	9	2	13	25	2	8	12	30	13
ATATGCTGTGTC__0.360766270065388__9	13	13	18	13	25	2	6	17	6	8
TCATGCTGATTC__0.360599868420565__10	8	18	18	13	25	2	8	7	30	12
TAGTGATGACGC__0.359995939915057__12	18	11	17	8	7	18	8	8	8	25
TTATGCTGATGC__0.359805038423696__14	20	13	18	13	25	2	8	7	18	13
ATATGCTTACTC__0.359639067162361__10	13	13	18	13	25	6	20	6	11	8
AGTTGATGACTC__0.359630280117818__11	11	6	9	8	7	18	8	8	11	8
ATCTGCTGATAC__0.359497003163626__10	7	9	2	13	25	2	8	7	13	6
TTGTGCTGACCT__0.359495253386908__16	9	6	17	13	25	2	8	8	8	8
CGTTGCTGAGTC__0.359183345028807__9	8	6	9	13	25	2	8	8	11	8
TATTGCTGAATA__0.359026746461437__15	13	30	9	13	25	2	8	12	30	13
TTGCGCTGACGC__0.358915700899509__10	9	13	25	25	25	2	8	8	8	25
TTGTGCTGATGC__0.358899473368661__17	9	6	17	13	25	2	8	7	18	13
AATTGCTTACGC__0.358886963505641__10	30	30	9	13	25	6	20	6	8	25
CAATGCTGACAT__0.358672377678661__10	9	30	18	13	25	2	8	8	6	18
ACGCGCTGACAC__0.358628374432015__10	8	25	25	25	25	2	8	8	6	17
AATTGCTGAGAT__0.358621599185597__10	30	30	9	13	25	2	8	8	9	7
AAAAGCTGACAA__0.358524765491929__10	36	36	6	25	25	2	8	8	6	9
AATTGCTGATGA__0.358508974742807__10	30	30	9	13	25	2	8	7	18	8
ATACGCTGACAA__0.358298042256438__11	13	6	8	25	25	2	8	8	6	9
ATGCGCTGAATC__0.358046866853403__9	18	13	25	25	25	2	8	12	30	7
TTTTGCTGAATA__0.357129112210317__20	36	36	9	13	25	2	8	12	30	13
TCATGCTGACAT__0.357106208071362__11	8	18	18	13	25	2	8	8	6	18
CATTGCTGATTC__0.357023305061406__9	18	30	9	13	25	2	8	7	30	12
TTTTGATGACTC__0.35695691451823__17	36	36	9	8	7	18	8	8	11	8
ATTTGCTGAGCA__0.356956467971716__14	30	36	9	13	25	2	8	8	25	13
TTTTGCTGATTA__0.356935936942916__18	36	36	9	13	25	2	8	7	30	20
TCGCGCTGACTA__0.356732586894716__9	31	25	25	25	25	2	8	8	11	18
ACTCGCTGACAC__0.356568578067355__9	11	8	31	25	25	2	8	8	6	17
AGTTGCTGAGTT__0.356279423877766__9	11	6	9	13	25	2	8	8	11	6
ATCAGCTGACAC__0.355921730806186__10	7	8	2	25	25	2	8	8	6	17
TCTTGCTGAATC__0.355708229381993__11	9	6	9	13	25	2	8	12	30	7
ACTTGCTGAATA__0.354724013522495__11	11	6	9	13	25	2	8	12	30	13
TAATGCTGAATA__0.354444852843226__13	20	30	18	13	25	2	8	12	30	13
AGTTGATGACTA__0.354353963704522__12	11	6	9	8	7	18	8	8	11	18
AATTGATGAGTA__0.354351409187937__10	30	30	9	8	7	18	8	8	11	6
GGTTGCTGACGT__0.354325285457805__9	8	6	9	13	25	2	8	8	8	8
AGATGCTGACCA__0.354083757431005__10	9	7	18	13	25	2	8	8	8	8
AATTGCTGAGCT__0.354024436746423__9	30	30	9	13	25	2	8	8	25	25
GTTTGCTGACAT__0.353904652392664__14	6	36	9	13	25	2	8	8	6	18
TTCCGCTGACAT__0.353733886752143__9	12	5	2	25	25	2	8	8	6	18
TTATGCTGAATA__0.353678421906901__16	20	13	18	13	25	2	8	12	30	13
TAGTGCTGACCA__0.352534147850242__13	18	11	17	13	25	2	8	8	8	8
TATTGCTGATTA__0.352361454303099__12	13	30	9	13	25	2	8	7	30	20
TTGTGCTGACCA__0.352260113429593__18	9	6	17	13	25	2	8	8	8	8
TATTGCTGATGC__0.352047493260003__11	13	30	9	13	25	2	8	7	18	13
AGGTGCTGAGTA__0.351673275696736__10	8	8	17	13	25	2	8	8	11	6
ATGTGCTGACCC__0.351642825841364__13	18	6	17	13	25	2	8	8	8	13
TATTGATGACTC__0.351325090147676__11	13	30	9	8	7	18	8	8	11	8
ATTTGCTTAGTC__0.350995635391791__11	30	36	9	13	25	6	20	18	11	8
ATGTGCTGATTA__0.350732611602625__12	18	6	17	13	25	2	8	7	30	20
ATGTGATGACGA__0.350649676086721__11	18	6	17	8	7	18	8	8	8	31
TGGTGCTGACTC__0.350572434173234__12	8	8	17	13	25	2	8	8	11	8
TTTAGCTGACGA__0.350027591302354__10	36	20	18	25	25	2	8	8	8	31
GTTTGCTGATTC__0.350012903449239__13	6	36	9	13	25	2	8	7	30	12
CTGTGCTGACGC__0.349716394320443__9	2	6	17	13	25	2	8	8	8	25
ATTTGCTGAATA__0.349531463719562__14	30	36	9	13	25	2	8	12	30	13
TTCCGCTGACAA__0.349463236762619__11	12	5	2	25	25	2	8	8	6	9
TTTCGCTGATGT__0.349119836199519__10	36	12	31	25	25	2	8	7	18	6
TTATGCTGACCC__0.349038678135985__14	20	13	18	13	25	2	8	8	8	13
ATGTGCTGATCT__0.349026222034552__10	18	6	17	13	25	2	8	7	7	9
TATTGCTGATCT__0.348981073503123__10	13	30	9	13	25	2	8	7	7	9
AATTGCTGATCC__0.348488385451242__9	30	30	9	13	25	2	8	7	7	5
TCTTGCTGAGTA__0.348230858774216__10	9	6	9	13	25	2	8	8	11	6
TAATGCTTACGC__0.348208188347521__9	20	30	18	13	25	6	20	6	8	25
AATTGATGACAT__0.348186624108108__10	30	30	9	8	7	18	8	8	6	18
TTATGCTTACGC__0.348177323018078__12	20	13	18	13	25	6	20	6	8	25
ACATGCTGACCC__0.348105766515446__9	6	18	18	13	25	2	8	8	8	13
TTACGCTGCATT__0.347876952376448__9	20	6	8	25	25	2	13	13	18	30
AAATGATGACAA__0.34776685623506__12	36	30	18	8	7	18	8	8	6	9
TTTTGCTGAGCT__0.347425837943401__16	36	36	9	13	25	2	8	8	25	25
TTATGCTGAGGT__0.346896499399962__10	20	13	18	13	25	2	8	8	8	8
TTATGCTGAGGC__0.346861944489393__11	20	13	18	13	25	2	8	8	8	45
TAATGCTGAGCT__0.346507130075489__9	20	30	18	13	25	2	8	8	25	25
ATCTGCTGACCC__0.346202602947217__9	7	9	2	13	25	2	8	8	8	13
TAATGATGACAC__0.3461001699282__12	20	30	18	8	7	18	8	8	6	17
AGGTGCTGACAT__0.34603073987834__10	8	8	17	13	25	2	8	8	6	18
TATTGATGACAC__0.345800375936334__13	13	30	9	8	7	18	8	8	6	17
TATTGCTGCGTC__0.345580859241214__9	13	30	9	13	25	2	13	25	8	8
TAATGATGACTA__0.345443238771961__10	20	30	18	8	7	18	8	8	11	18
AAGTGATGACAA__0.345219995409588__12	6	11	17	8	7	18	8	8	6	9
TTTCGCTGAGTT__0.34508095748623__10	36	12	31	25	25	2	8	8	11	6
CTTTGCTGACAA__0.344951824527221__13	6	36	9	13	25	2	8	8	6	9
ATGTGCTGAGCA__0.344563657088308__12	18	6	17	13	25	2	8	8	25	13
TTGTGCTGAGGT__0.34426089445384__12	9	6	17	13	25	2	8	8	8	8
TCTTGCTGATTC__0.344023525144912__9	9	6	9	13	25	2	8	7	30	12
ATTTGCTGCGTC__0.344016022651088__9	30	36	9	13	25	2	13	25	8	8
GTGTGCTGACGT__0.343982062056232__10	17	6	17	13	25	2	8	8	8	8
TCGTGCTGACAC__0.342594139941843__11	31	8	17	13	25	2	8	8	6	17
ATGTGCTGACCG__0.342485979447302__9	18	6	17	13	25	2	8	8	8	2
TTATGCTGATAC__0.342330192992375__13	20	13	18	13	25	2	8	7	13	6
TAATGCTGATAC__0.342298665369583__10	20	30	18	13	25	2	8	7	13	6
TGGTGCTGACGT__0.342047595318918__10	8	8	17	13	25	2	8	8	8	8
CAGTGCTGACAC__0.341933440681209__10	2	11	17	13	25	2	8	8	6	17
GTATGCTGACAT__0.341721117276905__9	6	13	18	13	25	2	8	8	6	18
TTTTGCTGAATT__0.341157039543691__15	36	36	9	13	25	2	8	12	30	30
TAATGCTGACCC__0.340453810211574__10	20	30	18	13	25	2	8	8	8	13
GTTTGCTGAATC__0.340189339017028__12	6	36	9	13	25	2	8	12	30	7
ATGTGCTGAGCC__0.339784055366879__10	18	6	17	13	25	2	8	8	25	45
AAGGGCTGACAC__0.339119358906942__9	6	8	13	45	25	2	8	8	6	17
TAATGCTGAGAC__0.338986385531837__9	20	30	18	13	25	2	8	8	9	8
TGTTGCTGACGA__0.338751384525017__10	6	6	9	13	25	2	8	8	8	31
ATGTGATGACTA__0.33825886000511__10	18	6	17	8	7	18	8	8	11	18
ATGTGCTTACAC__0.337982317148518__12	18	6	17	13	25	6	20	6	6	17
TTGCGCTGACAA__0.337596999281161__11	9	13	25	25	25	2	8	8	6	9
ATCCGCTGACAA__0.337270666556617__9	7	5	2	25	25	2	8	8	6	9
TATTGCTGAATT__0.336670246148613__10	13	30	9	13	25	2	8	12	30	30
ATTTGCTGACCC__0.336652432521387__11	30	36	9	13	25	2	8	8	8	13
TGTTGCTGATGT__0.335706926137753__10	6	6	9	13	25	2	8	7	18	6
ATGTGCTGAGAC__0.335688428192296__10	18	6	17	13	25	2	8	8	9	8
TTGTGCTGAGTG__0.335259553828307__12	9	6	17	13	25	2	8	8	11	17
ATGTGCTGAATT__0.335070623982964__10	18	6	17	13	25	2	8	12	30	30
AGGTGCTGACAA__0.33469467617344__11	8	8	17	13	25	2	8	8	6	9
TTCAGCTGACAC__0.334689505539687__9	12	8	2	25	25	2	8	8	6	17
TTTCGCTGACAG__0.33460429431975__9	36	12	31	25	25	2	8	8	6	2
TTTTGCTGAGGT__0.334006537252565__11	36	36	9	13	25	2	8	8	8	8
ATGTGCTGAGCT__0.332952431404315__9	18	6	17	13	25	2	8	8	25	25
TATTGCTGATGA__0.331848570319556__9	13	30	9	13	25	2	8	7	18	8
TTGTGATGACTC__0.331784284559973__11	9	6	17	8	7	18	8	8	11	8
TATTGCTGAGCC__0.331068533630973__9	13	30	9	13	25	2	8	8	25	45
TTTTGCTTAGTC__0.330479727151865__13	36	36	9	13	25	6	20	18	11	8
ATGTGCTGATAC__0.330469588325115__10	18	6	17	13	25	2	8	7	13	6
ATGTGCTGATGA__0.330313978062404__9	18	6	17	13	25	2	8	7	18	8
TTTTGATGACTA__0.32918206214527__13	36	36	9	8	7	18	8	8	11	18
TGTTGCTGACAA__0.328685678610223__12	6	6	9	13	25	2	8	8	6	9
GTGTGCTGACGC__0.327190054811085__9	17	6	17	13	25	2	8	8	8	25
TAGTGATGACAC__0.32617219772631__10	18	11	17	8	7	18	8	8	6	17
TTTTGATGAGTC__0.325918512465691__11	36	36	9	8	7	18	8	8	11	8
TTGTGCTGAGCT__0.325910284838716__12	9	6	17	13	25	2	8	8	25	25
ATTTGCTGATCA__0.32566078219181__9	30	36	9	13	25	2	8	7	7	8
GCTTGCTAAGCA__0.325617736104719__9	25	6	9	13	25	18	20	6	25	13
TATTGATGACTA__0.325524735998647__9	13	30	9	8	7	18	8	8	11	18
TATTGCTGATAC__0.323451219821237__9	13	30	9	13	25	2	8	7	13	6
TTGTGATGAGTC__0.322657733133852__9	9	6	17	8	7	18	8	8	11	8
TGTTGCTGATTC__0.32076724114291__9	6	6	9	13	25	2	8	7	30	12
TGTTGCTGAGTA__0.317923883798271__9	6	6	9	13	25	2	8	8	11	6
TTGTGCTGATTA__0.317013990456304__11	9	6	17	13	25	2	8	7	30	20
TTATGCTGAATT__0.316538995486876__9	20	13	18	13	25	2	8	12	30	30
TTTTGCTGATAC__0.311494512241495__11	36	36	9	13	25	2	8	7	13	6
TTGTGATGACAC__0.308816644088939__10	9	6	17	8	7	18	8	8	6	17
TTTTGCTTACGC__0.306678622292541__10	36	36	9	13	25	6	20	6	8	25
TTTTGATGACAC__0.301159570780918__10	36	36	9	8	7	18	8	8	6	17
TTGTGCTGAATA__0.300690860573345__10	9	6	17	13	25	2	8	12	30	13
TTTTGCTGAGAC__0.299788376822202__9	36	36	9	13	25	2	8	8	9	8
