TGATGACGTGGC__1__148	8	7	18	8	8	8	8	17	8	45
TGGTGACGTGGC__0.993900131904606__212	8	8	17	8	8	8	8	17	8	45
CGATGACGTGGC__0.972298235399878__110	31	7	18	8	8	8	8	17	8	45
CGGTGACGTGGC__0.952658343599629__138	2	8	17	8	8	8	8	17	8	45
GGGTGACGTGGC__0.952323636259235__220	13	8	17	8	8	8	8	17	8	45
TGGTGACGTGGA__0.945058831299941__162	8	8	17	8	8	8	8	17	8	5
TGATGACGTGGA__0.913793104499788__92	8	7	18	8	8	8	8	17	8	5
GGATGACGTGGC__0.913222339560984__127	5	7	18	8	8	8	8	17	8	45
GTGTGACGTGGC__0.901798972217714__158	17	6	17	8	8	8	8	17	8	45
CGATGACGTGGA__0.898522842206919__70	31	7	18	8	8	8	8	17	8	5
TGATGACGTGTC__0.883495545307681__88	8	7	18	8	8	8	8	17	6	8
CGGTGACGTGGA__0.882465433957602__92	2	8	17	8	8	8	8	17	8	5
AGATGACGTGGC__0.878994588127003__77	9	7	18	8	8	8	8	17	8	45
TAGTGACGTGGC__0.877368265748275__96	18	11	17	8	8	8	8	17	8	45
AGGTGACGTGGC__0.871496396396683__111	8	8	17	8	8	8	8	17	8	45
TGCTGACGTGGC__0.868022595847451__88	13	25	2	8	8	8	8	17	8	45
GGGTGACGTGGA__0.858658986074164__138	13	8	17	8	8	8	8	17	8	5
CAATGACGTGGC__0.858180937884204__60	9	30	18	8	8	8	8	17	8	45
GTATGACGTGGC__0.857609928502165__87	6	13	18	8	8	8	8	17	8	45
TGATGACGTGTA__0.85321913493727__75	8	7	18	8	8	8	8	17	6	6
TGGTGACGTGTC__0.8520595267397__114	8	8	17	8	8	8	8	17	6	8
ATGTGACGTGGC__0.851212128835964__85	18	6	17	8	8	8	8	17	8	45
TGGTGACGTGGT__0.850428843282916__102	8	8	17	8	8	8	8	17	8	8
TGGTGACGTGTT__0.849449214148943__104	8	8	17	8	8	8	8	17	6	6
TGATGACGTGGT__0.845651912473163__63	8	7	18	8	8	8	8	17	8	8
CGATGACGTGGT__0.843170761397495__50	31	7	18	8	8	8	8	17	8	8
TGGTGACGTGTA__0.842166943076637__107	8	8	17	8	8	8	8	17	6	6
GGATGACGTGGA__0.841325518016011__84	5	7	18	8	8	8	8	17	8	5
GAGTGACGTGGC__0.840390938728362__84	8	11	17	8	8	8	8	17	8	45
TTATGACGTGGC__0.833935505590491__69	20	13	18	8	8	8	8	17	8	45
TTGTGACGTGGC__0.83332633230005__94	9	6	17	8	8	8	8	17	8	45
CTATGACGTGGC__0.83144190815852__53	18	13	18	8	8	8	8	17	8	45
GCGTGACGTGGC__0.830193872458374__91	25	8	17	8	8	8	8	17	8	45
CTGTGACGTGGC__0.825310641086445__69	2	6	17	8	8	8	8	17	8	45
GGGTGACGTGTC__0.823064323818238__123	13	8	17	8	8	8	8	17	6	8
CTGCCACGTGGC__0.822871915868419__44	2	13	45	8	17	8	8	17	8	45
CGATGACGTGTA__0.821347491146849__53	31	7	18	8	8	8	8	17	6	6
AGATGACGTGGA__0.820150931492727__51	9	7	18	8	8	8	8	17	8	5
TGATGACGTGTT__0.819145206755653__58	8	7	18	8	8	8	8	17	6	6
CGATGACGTGTT__0.818958834742901__47	31	7	18	8	8	8	8	17	6	6
CGATGACGTGTC__0.812951638392636__52	31	7	18	8	8	8	8	17	6	8
CAATGACGTGGA__0.809420523704186__40	9	30	18	8	8	8	8	17	8	5
CTGCCACGTGTA__0.808248423423627__38	2	13	45	8	17	8	8	17	6	6
GTATGACGTGGA__0.805874740976832__62	6	13	18	8	8	8	8	17	8	5
GAATGACGTGGC__0.802554570094918__56	12	30	18	8	8	8	8	17	8	45
CAGTGACGTGGC__0.800136484029594__60	2	11	17	8	8	8	8	17	8	45
CGGTGACGTGGT__0.791099158327442__56	2	8	17	8	8	8	8	17	8	8
TTGCCACGTGGC__0.789739615408458__44	9	13	45	8	17	8	8	17	8	45
GAGTGACGTGGA__0.789635307314975__60	8	11	17	8	8	8	8	17	8	5
AAGTGACGTGGC__0.788416324004018__59	6	11	17	8	8	8	8	17	8	45
GCGTGACGTGGA__0.784501724738573__66	25	8	17	8	8	8	8	17	8	5
TAGTGACGTGGA__0.782463449698302__55	18	11	17	8	8	8	8	17	8	5
GTGTGACGTGGA__0.780970495284158__83	17	6	17	8	8	8	8	17	8	5
GGGTGACGTGTA__0.780626053620218__98	13	8	17	8	8	8	8	17	6	6
CCATGACGTGGC__0.77791001133128__37	8	18	18	8	8	8	8	17	8	45
GCATGACGTGGC__0.774204427988783__51	13	18	18	8	8	8	8	17	8	45
CCTCCACGTGGC__0.762592904482302__29	8	8	5	8	17	8	8	17	8	45
CAGTGACGTGGA__0.762274526637434__44	2	11	17	8	8	8	8	17	8	5
GTGCCACGTGGC__0.760506484350445__45	17	13	45	8	17	8	8	17	8	45
CGGTGACGTGTC__0.756856549614357__54	2	8	17	8	8	8	8	17	6	8
GGGTGACGTGTT__0.756579992071257__82	13	8	17	8	8	8	8	17	6	6
AAATGACGTGGC__0.756339122160299__37	36	30	18	8	8	8	8	17	8	45
TCATGACGTGGC__0.756121558760528__40	8	18	18	8	8	8	8	17	8	45
GTGTGACGTGTA__0.755078251082771__76	17	6	17	8	8	8	8	17	6	6
GCATGACGTGGA__0.75494874408378__41	13	18	18	8	8	8	8	17	8	5
TAATGACGTGGC__0.75338813789737__41	20	30	18	8	8	8	8	17	8	45
CTGCCACGTGTT__0.753150369407529__25	2	13	45	8	17	8	8	17	6	6
GGATGACGTGGT__0.75217904094453__51	5	7	18	8	8	8	8	17	8	8
AGCTGACGTGGC__0.75214751620775__43	25	25	2	8	8	8	8	17	8	45
GGATGACGTGTT__0.749882465889916__52	5	7	18	8	8	8	8	17	6	6
CGGTGACGTGTA__0.749700120630595__51	2	8	17	8	8	8	8	17	6	6
GAGTGACGTGGT__0.744472885666075__45	8	11	17	8	8	8	8	17	8	8
ACGTGACGTGGC__0.744306849610854__38	8	8	17	8	8	8	8	17	8	45
GAATGACGTGGA__0.74413032539388__36	12	30	18	8	8	8	8	17	8	5
TGTTGACGTGGC__0.7434796728533__61	6	6	9	8	8	8	8	17	8	45
TGCTGACGTGGA__0.742965284338369__42	13	25	2	8	8	8	8	17	8	5
AGATGACGTGTC__0.74276958484699__38	9	7	18	8	8	8	8	17	6	8
AGGTGACGTGGA__0.742646317043226__53	8	8	17	8	8	8	8	17	8	5
GGGTGGGGTGGG__0.742431864852906__310	13	8	17	8	13	13	8	17	8	13
CCGTGACGTGGC__0.742362676486408__36	2	8	17	8	8	8	8	17	8	45
GTATGACGTGTC__0.741717096659991__48	6	13	18	8	8	8	8	17	6	8
GTGCCACGTGTT__0.741371402121034__35	17	13	45	8	17	8	8	17	6	6
TGATGACGTGGG__0.741337688199712__34	8	7	18	8	8	8	8	17	8	13
AGGTGACGTGTA__0.741322090401161__56	8	8	17	8	8	8	8	17	6	6
GTATGACGTGGT__0.740978361833991__42	6	13	18	8	8	8	8	17	8	8
AGGTGACGTGGT__0.739081235985577__49	8	8	17	8	8	8	8	17	8	8
CGCTGACGTGGC__0.738928710095398__38	25	25	2	8	8	8	8	17	8	45
ATATGACGTGGC__0.73884526972437__38	13	13	18	8	8	8	8	17	8	45
TGATGACGTGTG__0.738135016714336__38	8	7	18	8	8	8	8	17	6	17
CGGTGACGTGTT__0.737817638681163__44	2	8	17	8	8	8	8	17	6	6
GGATGACGTGTA__0.736035450595265__52	5	7	18	8	8	8	8	17	6	6
GGGTGACGTGGT__0.735634845190269__72	13	8	17	8	8	8	8	17	8	8
CGATGACGTCAT__0.734665157796323__38	31	7	18	8	8	8	8	8	8	18
CGATGACGTCAC__0.734464523436437__53	31	7	18	8	8	8	8	8	8	17
GTGTGACGTGGT__0.733545404743867__62	17	6	17	8	8	8	8	17	8	8
TGATGACGTCAT__0.730875238787319__44	8	7	18	8	8	8	8	8	8	18
TTGTGACGTGGA__0.729887473697869__51	9	6	17	8	8	8	8	17	8	5
GGCTGACGTGGC__0.728843003621389__51	45	25	2	8	8	8	8	17	8	45
GAATGACGTGTA__0.723799240895722__35	12	30	18	8	8	8	8	17	6	6
TCGTGACGTGGC__0.72372956264704__40	31	8	17	8	8	8	8	17	8	45
GGATGACGTGTC__0.721914334214551__49	5	7	18	8	8	8	8	17	6	8
CTTCCACGTGGC__0.720319305252214__24	6	12	5	8	17	8	8	17	8	45
TGTCGACGTGGC__0.719926012576098__40	6	8	31	31	8	8	8	17	8	45
CAATGACGTCAC__0.714381028788393__46	9	30	18	8	8	8	8	8	8	17
CCATGACGTGGA__0.714350939944421__22	8	18	18	8	8	8	8	17	8	5
TGGTGACGTGGG__0.713027498196962__47	8	8	17	8	8	8	8	17	8	13
GAGTGACGTGTT__0.712500915931655__39	8	11	17	8	8	8	8	17	6	6
GTGTGACGTGTC__0.711712810327519__61	17	6	17	8	8	8	8	17	6	8
GCGTGACGTGGT__0.71065325056969__42	25	8	17	8	8	8	8	17	8	8
CAGTGACGTGGT__0.71062433859951__31	2	11	17	8	8	8	8	17	8	8
GGGTGAGGGGGG__0.710119908506834__122	13	8	17	8	8	8	13	13	13	13
GAGTGACGTGTC__0.708961877776902__42	8	11	17	8	8	8	8	17	6	8
TTGTGACGTGGT__0.707959628009221__43	9	6	17	8	8	8	8	17	8	8
GTATGACGTGTA__0.707446918152512__39	6	13	18	8	8	8	8	17	6	6
CCATGACGTCAC__0.70735532929714__41	8	18	18	8	8	8	8	8	8	17
CGGACACGTGGC__0.706166155707196__27	2	5	8	6	17	8	8	17	8	45
CCGTGACGTGGA__0.704515550581426__25	2	8	17	8	8	8	8	17	8	5
GGGTGACGTCAT__0.704327594552175__65	13	8	17	8	8	8	8	8	8	18
TGCTGACGTGTT__0.703773014040677__33	13	25	2	8	8	8	8	17	6	6
TAGTGACGTGTC__0.703587181593008__39	18	11	17	8	8	8	8	17	6	8
CCTCCACGTGTA__0.70271368044337__19	8	8	5	8	17	8	8	17	6	6
CGAACACGTGGC__0.699858093309453__23	31	12	6	6	17	8	8	17	8	45
TGGTGACGTGTG__0.698593202021743__48	8	8	17	8	8	8	8	17	6	17
TAGTGACGTGTA__0.69771846500772__37	18	11	17	8	8	8	8	17	6	6
TAGTGACGTGTT__0.697548548147154__34	18	11	17	8	8	8	8	17	6	6
CTGCCACGTGGA__0.697204645224302__19	2	13	45	8	17	8	8	17	8	5
CTGCCACGTGGT__0.696788480872186__17	2	13	45	8	17	8	8	17	8	8
TGCTGACGTGGT__0.695127327661342__30	13	25	2	8	8	8	8	17	8	8
ACATGACGTGGC__0.693766259471992__25	6	18	18	8	8	8	8	17	8	45
ACGTGACGTGGA__0.692593934210286__25	8	8	17	8	8	8	8	17	8	5
CTGCCACGTGTC__0.692495914362907__21	2	13	45	8	17	8	8	17	6	8
AGATGACGTGTA__0.691956662039931__28	9	7	18	8	8	8	8	17	6	6
CCGTGACGTGTC__0.691410992023251__26	2	8	17	8	8	8	8	17	6	8
CTGTGACGTGGT__0.690918463490281__28	2	6	17	8	8	8	8	17	8	8
CAATGACGTGTC__0.690642043949278__24	9	30	18	8	8	8	8	17	6	8
CTGTGACGTGGA__0.690482627376456__30	2	6	17	8	8	8	8	17	8	5
TGCTTACGTGGC__0.689614385508971__38	13	25	6	20	6	8	8	17	8	45
CCTCCACGTGTC__0.688334712734841__18	8	8	5	8	17	8	8	17	6	8
TGATGACGTATG__0.688025016655721__34	8	7	18	8	8	8	8	6	13	18
ATATGACGTGGA__0.687319309575816__25	13	13	18	8	8	8	8	17	8	5
TGGTGACGTCAC__0.687203403509582__60	8	8	17	8	8	8	8	8	8	17
AGGTGACGTGTC__0.686582541580367__42	8	8	17	8	8	8	8	17	6	8
CAGCCACGTGGC__0.686429564832897__21	2	25	45	8	17	8	8	17	8	45
GTGCCACGTGTC__0.686211507261109__29	17	13	45	8	17	8	8	17	6	8
TGATGACGTCAC__0.685671119536168__46	8	7	18	8	8	8	8	8	8	17
AGATGACGTCAT__0.684644333506693__30	9	7	18	8	8	8	8	8	8	18
CGCTGACGTGGA__0.68352767278065__24	25	25	2	8	8	8	8	17	8	5
GGGTGTGGTGGG__0.682355596247487__158	13	8	17	6	17	8	8	17	8	13
TGCTGACGTGTA__0.681861655218586__32	13	25	2	8	8	8	8	17	6	6
TGGTGACGTTGC__0.680073574805164__49	8	8	17	8	8	8	8	6	9	13
TTATGACGTGGA__0.678606628456239__27	20	13	18	8	8	8	8	17	8	5
TGCTGACGTGTC__0.678364082786933__32	13	25	2	8	8	8	8	17	6	8
TGGTGACGTCAT__0.678171301663657__46	8	8	17	8	8	8	8	8	8	18
CTGCCACGTATG__0.678059406594865__26	2	13	45	8	17	8	8	6	13	18
AGGTGACGTGTT__0.677833452683301__36	8	8	17	8	8	8	8	17	6	6
CTATGACGTGGA__0.677376046963331__20	18	13	18	8	8	8	8	17	8	5
ATGTGACGTGGA__0.676975876065293__31	18	6	17	8	8	8	8	17	8	5
GTGTGACGTGTT__0.676656894531373__46	17	6	17	8	8	8	8	17	6	6
AAGTGACGTGGT__0.67485466580678__26	6	11	17	8	8	8	8	17	8	8
TGTACACGTGGC__0.674500974593581__25	6	6	6	6	17	8	8	17	8	45
CCGTGACGTGTA__0.674496483654389__23	2	8	17	8	8	8	8	17	6	6
GCGTGACGTGTC__0.674412677788918__39	25	8	17	8	8	8	8	17	6	8
GCGTGACGTGTA__0.673203937192592__38	25	8	17	8	8	8	8	17	6	6
CAGTGACGTGTC__0.671335206816652__29	2	11	17	8	8	8	8	17	6	8
CGGTGACGTCAT__0.671289645463635__35	2	8	17	8	8	8	8	8	8	18
CAATGACGTGGT__0.670952518613553__17	9	30	18	8	8	8	8	17	8	8
GAATGACGTGTT__0.669953772379279__23	12	30	18	8	8	8	8	17	6	6
TAATGACGTCAT__0.668823072350195__27	20	30	18	8	8	8	8	8	8	18
GCGTGACGTGTT__0.668089980464199__34	25	8	17	8	8	8	8	17	6	6
TCGTGACGTGGA__0.667549611503477__26	31	8	17	8	8	8	8	17	8	5
CCATGACGTGTC__0.666883939419913__19	8	18	18	8	8	8	8	17	6	8
CTTCCACGTGGA__0.664000262514661__14	6	12	5	8	17	8	8	17	8	5
AAATGACGTGTC__0.663874217862574__21	36	30	18	8	8	8	8	17	6	8
GGGTGCGGTGGG__0.663542092495954__130	13	8	17	13	25	2	8	17	8	13
ATATGACGTCAT__0.663162864711191__26	13	13	18	8	8	8	8	8	8	18
AGATGACGTGTT__0.661472540100181__21	9	7	18	8	8	8	8	17	6	6
CGCTGACGTCAC__0.661251330232717__37	25	25	2	8	8	8	8	8	8	17
GGTACACGTGGC__0.660862891515685__27	8	6	6	6	17	8	8	17	8	45
TTGTGACGTGTA__0.660178619558493__36	9	6	17	8	8	8	8	17	6	6
GGGTGAGGTGGG__0.660169162331655__100	13	8	17	8	8	8	8	17	8	13
CCGTGACGTCAT__0.658731373350158__24	2	8	17	8	8	8	8	8	8	18
TGTACACGTGTC__0.658470802187219__22	6	6	6	6	17	8	8	17	6	8
TAGTGACGTGGT__0.658469185938919__26	18	11	17	8	8	8	8	17	8	8
AAATGACGTCAT__0.658341740463685__23	36	30	18	8	8	8	8	8	8	18
GTGCCACGTGTA__0.657961134371263__24	17	13	45	8	17	8	8	17	6	6
TGTCGACGTGGA__0.657930220882019__25	6	8	31	31	8	8	8	17	8	5
GGATGACGTCAC__0.655796644238681__44	5	7	18	8	8	8	8	8	8	17
GCATGACGTCAC__0.655074272184657__37	13	18	18	8	8	8	8	8	8	17
CCATGACGTGTA__0.652721735860867__17	8	18	18	8	8	8	8	17	6	6
GTGCCACGTGGT__0.652502989926778__20	17	13	45	8	17	8	8	17	8	8
ACATGACGTCAT__0.652140559794083__21	6	18	18	8	8	8	8	8	8	18
CTGCCACGTAGC__0.651505508194335__26	2	13	45	8	17	8	8	6	18	25
AAATGACGTGTA__0.651408793443864__19	36	30	18	8	8	8	8	17	6	6
TGTTGACGTGGA__0.651350504939283__33	6	6	9	8	8	8	8	17	8	5
CGATGACGTGGG__0.650257601625415__16	31	7	18	8	8	8	8	17	8	13
TCATGACGTGGA__0.650143628592082__19	8	18	18	8	8	8	8	17	8	5
GAGTGACGTGTA__0.649213670916198__29	8	11	17	8	8	8	8	17	6	6
CACTGACGTGGC__0.649135067113532__19	17	11	2	8	8	8	8	17	8	45
CAATGACGTGTT__0.649102697141399__16	9	30	18	8	8	8	8	17	6	6
TGGACACGTGGC__0.648309045330862__23	8	5	8	6	17	8	8	17	8	45
GAATGACGTGGT__0.64773738166706__19	12	30	18	8	8	8	8	17	8	8
CGGTGACGTGTG__0.647084487143833__26	2	8	17	8	8	8	8	17	6	17
TCGTGACGTGTC__0.646946040639669__25	31	8	17	8	8	8	8	17	6	8
AAGTGACGTGTT__0.646578673326484__23	6	11	17	8	8	8	8	17	6	6
TAATGACGTGTA__0.646267517456927__21	20	30	18	8	8	8	8	17	6	6
GTATGACGTGTT__0.645400280870984__25	6	13	18	8	8	8	8	17	6	6
ATGCCACGTGTA__0.645202040119573__17	18	13	45	8	17	8	8	17	6	6
TGCTGACGTCAT__0.644940932350551__28	13	25	2	8	8	8	8	8	8	18
CAGTGACGTGTT__0.644884438600272__22	2	11	17	8	8	8	8	17	6	6
AAATGACGTGTT__0.644289826603119__16	36	30	18	8	8	8	8	17	6	6
TTGTGACGTGTC__0.643113211215966__33	9	6	17	8	8	8	8	17	6	8
CTGTGACGTGTT__0.642927122706319__22	2	6	17	8	8	8	8	17	6	6
AGCTGACGTGGA__0.642069185548872__20	25	25	2	8	8	8	8	17	8	5
GCGGGACGGGGG__0.641096930643657__30	25	2	13	5	8	8	2	13	13	13
AGATGACGTCAC__0.640443955443968__32	9	7	18	8	8	8	8	8	8	17
AGTACACGTGGC__0.640166476989162__18	11	6	6	6	17	8	8	17	8	45
GGATGACGTCAT__0.639245244553023__31	5	7	18	8	8	8	8	8	8	18
GTTCCACGTGGC__0.639238652400806__19	6	12	5	8	17	8	8	17	8	45
AAATGACGTGGA__0.639119657691035__16	36	30	18	8	8	8	8	17	8	5
CGCTGACGTGTA__0.639036045673653__20	25	25	2	8	8	8	8	17	6	6
GAGGGACGGGGG__0.638886200906932__28	8	8	13	5	8	8	2	13	13	13
CAATGACGTCAT__0.638429944521951__20	9	30	18	8	8	8	8	8	8	18
ATGTGACGTGTT__0.638271469087725__24	18	6	17	8	8	8	8	17	6	6
CTGTGACGTGTC__0.637991134057474__24	2	6	17	8	8	8	8	17	6	8
CGATGACGTGTG__0.637278710649236__17	31	7	18	8	8	8	8	17	6	17
CAGTGACGTGTA__0.636789104969242__23	2	11	17	8	8	8	8	17	6	6
CTATGACGTCAC__0.636135926922744__28	18	13	18	8	8	8	8	8	8	17
ACATGACGTGGA__0.634879995155248__15	6	18	18	8	8	8	8	17	8	5
TTGCCACGTGGA__0.634540162962359__16	9	13	45	8	17	8	8	17	8	5
CTGTGACGTGTA__0.63451883980256__23	2	6	17	8	8	8	8	17	6	6
AAGTGACGTGTC__0.634057254149264__24	6	11	17	8	8	8	8	17	6	8
CGCTGACGTCAT__0.63386546768883__22	25	25	2	8	8	8	8	8	8	18
CGGCCACGTGGC__0.632845307596882__18	2	45	45	8	17	8	8	17	8	45
GTGGGACGGGGG__0.632722313784909__39	17	8	13	5	8	8	2	13	13	13
CAGTGACGTCAC__0.63221504839242__33	2	11	17	8	8	8	8	8	8	17
CGGTGACGTGGG__0.632091647430147__21	2	8	17	8	8	8	8	17	8	13
AGCTTACGTGGC__0.631751876037751__23	25	25	6	20	6	8	8	17	8	45
ATGCCACGTGTC__0.631724227550694__16	18	13	45	8	17	8	8	17	6	8
CGCTGACGTGGT__0.631613255551847__16	25	25	2	8	8	8	8	17	8	8
GAATGACGTCAC__0.631518827226843__32	12	30	18	8	8	8	8	8	8	17
TTATGACGTGTC__0.630419435438995__22	20	13	18	8	8	8	8	17	6	8
AGATGACGTGTG__0.629494056983935__17	9	7	18	8	8	8	8	17	6	17
TGATGACGTCAG__0.62885276091465__22	8	7	18	8	8	8	8	8	8	2
AAGTGACGTGGA__0.628046116785642__21	6	11	17	8	8	8	8	17	8	5
CAATGACGTGTA__0.627944634874816__16	9	30	18	8	8	8	8	17	6	6
CAGCCACGTGTC__0.627894326643687__14	2	25	45	8	17	8	8	17	6	8
TGCTGACGTCAC__0.627462394020535__34	13	25	2	8	8	8	8	8	8	17
TTATGACGTCAT__0.62731572763832__23	20	13	18	8	8	8	8	8	8	18
GCATGACGTGTT__0.626700227327194__19	13	18	18	8	8	8	8	17	6	6
TTGCCACGTGGT__0.626444772675034__14	9	13	45	8	17	8	8	17	8	8
AGATGACGTGGT__0.626389288361998__16	9	7	18	8	8	8	8	17	8	8
TTATGACGTGTA__0.626299074251349__21	20	13	18	8	8	8	8	17	6	6
TAATGACGTCAC__0.626240864778282__29	20	30	18	8	8	8	8	8	8	17
CCATGACGTCAT__0.626207216992845__17	8	18	18	8	8	8	8	8	8	18
GCTCCACGTGGC__0.625765530893469__16	25	8	5	8	17	8	8	17	8	45
TAATGACGTGGA__0.625598724877106__17	20	30	18	8	8	8	8	17	8	5
TTGTGACGTGTT__0.625510412777256__27	9	6	17	8	8	8	8	17	6	6
ATGCCACGTGGC__0.625047529206963__16	18	13	45	8	17	8	8	17	8	45
TGATGACGTATT__0.624641388861581__24	8	7	18	8	8	8	8	6	13	30
CTGCCACGTTGG__0.624041440961917__13	2	13	45	8	17	8	8	6	9	8
GAGTGACGTCAT__0.623991562323893__26	8	11	17	8	8	8	8	8	8	18
CCACCACGTGGC__0.623920494984297__12	8	17	8	8	17	8	8	17	8	45
GGATGACGTGTG__0.623910454655538__25	5	7	18	8	8	8	8	17	6	17
CTATGACGTCAT__0.623358679879448__18	18	13	18	8	8	8	8	8	8	18
ATGTGACGTGGT__0.622705884174939__21	18	6	17	8	8	8	8	17	8	8
CTATGACGTGGT__0.622693181575085__13	18	13	18	8	8	8	8	17	8	8
GTGTGACGTGGG__0.622648235209216__30	17	6	17	8	8	8	8	17	8	13
CTATGACGTGTC__0.622619643629154__16	18	13	18	8	8	8	8	17	6	8
ATTCCACGTGGC__0.622199686683673__14	30	12	5	8	17	8	8	17	8	45
GCATGACGTCAT__0.620695706983613__22	13	18	18	8	8	8	8	8	8	18
GGGGGACGGGGG__0.620102967066662__46	13	13	13	5	8	8	2	13	13	13
CTTCCACGTGTA__0.619827894350567__12	6	12	5	8	17	8	8	17	6	6
TTGTGACGTCAT__0.619027045260577__29	9	6	17	8	8	8	8	8	8	18
CGCTGACGTGTC__0.618863606164435__18	25	25	2	8	8	8	8	17	6	8
TCGTGACGTGGT__0.618774450138012__18	31	8	17	8	8	8	8	17	8	8
GAATGACGTCAT__0.618598563636933__21	12	30	18	8	8	8	8	8	8	18
TTGCCACGTGTC__0.618394160234321__16	9	13	45	8	17	8	8	17	6	8
GAATGACGTGTC__0.617829584904021__19	12	30	18	8	8	8	8	17	6	8
CCATGACGTGGT__0.617481582570114__11	8	18	18	8	8	8	8	17	8	8
TGATTACGTGGC__0.616927426773261__24	8	7	30	20	6	8	8	17	8	45
ACATGACGTGTC__0.616927364172805__15	6	18	18	8	8	8	8	17	6	8
GATCCACGTGGC__0.615985166437344__15	7	7	5	8	17	8	8	17	8	45
GACTGACGTGGC__0.614354661424986__17	8	11	2	8	8	8	8	17	8	45
CGATGACGTATG__0.61432912018135__18	31	7	18	8	8	8	8	6	13	18
TGGCCACGTGTC__0.614292855502041__18	8	45	45	8	17	8	8	17	6	8
CCGTGACGTGTT__0.614135021266753__14	2	8	17	8	8	8	8	17	6	6
TGGTGACGTTGT__0.613753394731972__28	8	8	17	8	8	8	8	6	9	6
TGTACACGTGGA__0.613601724360685__15	6	6	6	6	17	8	8	17	8	5
GGGCCACGTGGC__0.613546770900737__21	13	45	45	8	17	8	8	17	8	45
CTCTGACGTGGC__0.612999625790266__14	8	9	2	8	8	8	8	17	8	45
TGATGACGTTGC__0.612704777562213__23	8	7	18	8	8	8	8	6	9	13
GTCTGACGTGGC__0.612630360589535__19	8	9	2	8	8	8	8	17	8	45
GGCTGACGTGGA__0.612303715129197__23	45	25	2	8	8	8	8	17	8	5
TGATGACGTTGT__0.611954464840068__18	8	7	18	8	8	8	8	6	9	6
CTGCCACGTTGC__0.611056879278682__19	2	13	45	8	17	8	8	6	9	13
TGTTGACGTGTA__0.610998811774396__27	6	6	9	8	8	8	8	17	6	6
TGATGATGTGGC__0.610734076585624__23	8	7	18	8	7	18	6	17	8	45
CCCTCCCGTCCC__0.610718455044893__41	13	8	8	5	13	2	8	8	5	13
AGGTGACGTGGG__0.610572243775505__21	8	8	17	8	8	8	8	17	8	13
CCGCCACGTGTT__0.609962303418011__9	2	25	45	8	17	8	8	17	6	6
CCCTGCCCTCCC__0.609766234698806__103	13	8	2	13	45	13	8	8	5	13
GTGTGACGTCAT__0.609366293848688__33	17	6	17	8	8	8	8	8	8	18
CAGTGACGTCAT__0.608977058631514__21	2	11	17	8	8	8	8	8	8	18
TGTCGACGTGTC__0.608770099083787__20	6	8	31	31	8	8	8	17	6	8
AAGTGACGTCAT__0.608764691070008__22	6	11	17	8	8	8	8	8	8	18
GCATGACGTGTC__0.608725784239633__19	13	18	18	8	8	8	8	17	6	8
GATACACGTGGC__0.608548322640407__15	7	13	6	6	17	8	8	17	8	45
TAATGACGTGGT__0.608374101764495__14	20	30	18	8	8	8	8	17	8	8
CAATGACGTGTG__0.60801876569785__12	9	30	18	8	8	8	8	17	6	17
TGCACACGTGGC__0.608017595651531__15	13	13	17	6	17	8	8	17	8	45
GGGGGAGGTGGG__0.607860540932599__97	13	13	13	5	8	8	8	17	8	13
CCACCACGTGTC__0.607685699575715__10	8	17	8	8	17	8	8	17	6	8
TGGTTACGTGGC__0.606927193009135__32	8	8	6	20	6	8	8	17	8	45
TTGCCACGTGTT__0.606594949780744__13	9	13	45	8	17	8	8	17	6	6
AGGTGACGTGTG__0.606190954739663__23	8	8	17	8	8	8	8	17	6	17
TGATGACGTAAT__0.606156885305639__23	8	7	18	8	8	8	8	6	20	30
ATGTGACGTGTA__0.605201982935696__21	18	6	17	8	8	8	8	17	6	6
GTTCCACGTGGA__0.604379123385263__13	6	12	5	8	17	8	8	17	8	5
GGTCCACGTGGC__0.604251556832563__17	8	8	5	8	17	8	8	17	8	45
TGATGACGTAGT__0.604209598087979__18	8	7	18	8	8	8	8	6	18	11
TCGTGACGTGGG__0.604189034438292__15	31	8	17	8	8	8	8	17	8	13
CACCCACGTGGC__0.602827187604654__11	17	8	13	8	17	8	8	17	8	45
TGTTGACGTGTC__0.602536000971495__26	6	6	9	8	8	8	8	17	6	8
CTTCCACGTGTC__0.602255096606394__11	6	12	5	8	17	8	8	17	6	8
CCTCCACGTGGA__0.601532275876442__9	8	8	5	8	17	8	8	17	8	5
ATGTGACGTCAC__0.600684318292421__28	18	6	17	8	8	8	8	8	8	17
CTTCCACGTGTT__0.600648553343227__9	6	12	5	8	17	8	8	17	6	6
TAATGACGTGTC__0.600466688448775__16	20	30	18	8	8	8	8	17	6	8
TGATGACGTAGC__0.600146948276606__22	8	7	18	8	8	8	8	6	18	25
GGTTGGGGTGGG__0.600138433631307__94	8	6	9	8	13	13	8	17	8	13
GGGTGACGTCAC__0.599986303550956__41	13	8	17	8	8	8	8	8	8	17
CCGCCACGTGTA__0.599854303145069__10	2	25	45	8	17	8	8	17	6	6
CGAACACGTGGA__0.599563936962523__10	31	12	6	6	17	8	8	17	8	5
CATCCACGTGTC__0.599535960427525__11	18	7	5	8	17	8	8	17	6	8
AAATGACGTCAC__0.599530444419513__23	36	30	18	8	8	8	8	8	8	17
CCTACACGTGGA__0.599529967938856__9	8	18	6	6	17	8	8	17	8	5
TGGTGACGTAGT__0.59945488251578__27	8	8	17	8	8	8	8	6	18	11
GGGACACGTGGC__0.599310730499591__19	13	5	8	6	17	8	8	17	8	45
CTGTGACGTCAT__0.598831824648053__20	2	6	17	8	8	8	8	8	8	18
TAGCCACGTGGC__0.598549045006191__14	18	25	45	8	17	8	8	17	8	45
TATTGACGTGGC__0.598284894242425__18	13	30	9	8	8	8	8	17	8	45
TCGCCACGTGGC__0.598177929213071__13	31	25	45	8	17	8	8	17	8	45
TAGACACGTGGC__0.597927214956598__14	18	9	8	6	17	8	8	17	8	45
GGTTGACGTGGC__0.597167888262929__32	8	6	9	8	8	8	8	17	8	45
TGCATACGTGGC__0.597087098619224__23	13	13	18	13	6	8	8	17	8	45
CAAACACGTGTT__0.597027558821337__9	9	36	6	6	17	8	8	17	6	6
GTGTGACGTGTG__0.596394870278387__28	17	6	17	8	8	8	8	17	6	17
CGGCCACGTGGA__0.596117064918956__12	2	45	45	8	17	8	8	17	8	5
TAGTGACGTCAT__0.595819195532222__21	18	11	17	8	8	8	8	8	8	18
CCGCCACGTGTC__0.595500527722908__10	2	25	45	8	17	8	8	17	6	8
TCGTGACGTGTG__0.595212705224937__16	31	8	17	8	8	8	8	17	6	17
CGCTTACGTGGC__0.595088017194201__17	25	25	6	20	6	8	8	17	8	45
ATGTGACGTGTC__0.595087142196348__20	18	6	17	8	8	8	8	17	6	8
GCATGACGTGTA__0.595086273425745__17	13	18	18	8	8	8	8	17	6	6
TGCCGACGTGGC__0.594714158918232__13	13	45	2	31	8	8	8	17	8	45
CGATGACGTAGC__0.594684109534693__18	31	7	18	8	8	8	8	6	18	25
AGAACACGTGGC__0.594674050719608__12	9	12	6	6	17	8	8	17	8	45
GGATGGGGTGGG__0.594347278864928__60	5	7	18	8	13	13	8	17	8	13
TGTCCACGTGGC__0.593986438594473__15	6	8	5	8	17	8	8	17	8	45
GTATGACGTGGG__0.593777822378736__16	6	13	18	8	8	8	8	17	8	13
ATATGACGTGTA__0.593303415645026__15	13	13	18	8	8	8	8	17	6	6
GGGGGACGGGTG__0.5933018334409__38	13	13	13	5	8	8	2	13	8	17
AAGTGACGTGTA__0.593168214671241__18	6	11	17	8	8	8	8	17	6	6
CGGTGACGTCAC__0.592927681449615__28	2	8	17	8	8	8	8	8	8	17
GGGCGAGGTGGG__0.592793542665781__40	13	45	25	31	8	8	8	17	8	13
AGTTGACGTGGC__0.592557651712671__21	11	6	9	8	8	8	8	17	8	45
CGTACACGTGGC__0.592470844278562__13	8	6	6	6	17	8	8	17	8	45
TGGTGACGTAGG__0.592400411937526__24	8	8	17	8	8	8	8	6	18	8
TCATGACGTGGT__0.59199291088697__12	8	18	18	8	8	8	8	17	8	8
TGTACACGTGGT__0.591970364240527__12	6	6	6	6	17	8	8	17	8	8
CGTTGACGTGGC__0.591892033921582__20	8	6	9	8	8	8	8	17	8	45
TGGCCACGTGGC__0.5917883457238__16	8	45	45	8	17	8	8	17	8	45
TGTACACGTGTA__0.591320376036366__14	6	6	6	6	17	8	8	17	6	6
GGGAGAGGTGGG__0.591043574872763__44	13	5	8	9	8	8	8	17	8	13
CGACCACGTGGC__0.590977913723875__12	31	8	8	8	17	8	8	17	8	45
ATTCCACGTGTT__0.590139255031149__9	30	12	5	8	17	8	8	17	6	6
ATATGACGTGTC__0.590119956272542__15	13	13	18	8	8	8	8	17	6	8
TATACACGTGGC__0.589568514122258__13	13	13	6	6	17	8	8	17	8	45
TGCTTACGTGGA__0.589259367253976__18	13	25	6	20	6	8	8	17	8	5
TAATGACGTGTT__0.589063255370664__13	20	30	18	8	8	8	8	17	6	6
AAAACACGTGGC__0.588652796004928__11	36	36	6	6	17	8	8	17	8	45
CGATGACGTCAG__0.588637762279649__14	31	7	18	8	8	8	8	8	8	2
ACATGACGTCAC__0.588438168077053__20	6	18	18	8	8	8	8	8	8	17
TGCTGACGTGTG__0.588319918498513__16	13	25	2	8	8	8	8	17	6	17
GTGTTACGTGGC__0.58829346374563__29	17	6	6	20	6	8	8	17	8	45
TGAACACGTGGC__0.588237895689396__13	8	12	6	6	17	8	8	17	8	45
ATTACACGTGGC__0.588169893916107__12	30	20	6	6	17	8	8	17	8	45
CTATGACGTGTT__0.58781059477266__11	18	13	18	8	8	8	8	17	6	6
ACGTGACGTGTA__0.587548958984668__14	8	8	17	8	8	8	8	17	6	6
TAGTGACGTGTG__0.586733524384557__17	18	11	17	8	8	8	8	17	6	17
GGGTGACGTGTG__0.586426679184012__30	13	8	17	8	8	8	8	17	6	17
GAGTGACGTGGG__0.586214944853528__16	8	11	17	8	8	8	8	17	8	13
GCACCACGTGGC__0.58606444894582__12	13	17	8	8	17	8	8	17	8	45
TGGGGACGTGGC__0.585960463875771__36	8	13	13	5	8	8	8	17	8	45
GTGCCACGTGGA__0.585852167138609__14	17	13	45	8	17	8	8	17	8	5
TTATGACGTGGT__0.585730064076151__14	20	13	18	8	8	8	8	17	8	8
GGGTGACGTGGG__0.584944807555228__27	13	8	17	8	8	8	8	17	8	13
AGATGACGTGGG__0.584743452281202__11	9	7	18	8	8	8	8	17	8	13
TGTCCACGTGGA__0.584447614292389__12	6	8	5	8	17	8	8	17	8	5
TGATGACGTCGT__0.583732821407651__15	8	7	18	8	8	8	8	8	31	8
ATATGACGTGGT__0.583337885873212__12	13	13	18	8	8	8	8	17	8	8
CGATGACGTTGC__0.583175044017553__16	31	7	18	8	8	8	8	6	9	13
CTATGACGTGTA__0.582825556350534__12	18	13	18	8	8	8	8	17	6	6
CCTACACGTGGC__0.582750813450039__10	8	18	6	6	17	8	8	17	8	45
TACTGACGTGGA__0.582052367625734__11	6	11	2	8	8	8	8	17	8	5
TGATGACGTATC__0.580790344246814__19	8	7	18	8	8	8	8	6	13	7
GCTCCACGTGTA__0.580714225398699__11	25	8	5	8	17	8	8	17	6	6
TGGCCACGTGGA__0.580708738181188__13	8	45	45	8	17	8	8	17	8	5
GGCTTACGTGGC__0.580211418779736__21	45	25	6	20	6	8	8	17	8	45
GTGCCACGTGTG__0.580127351619266__13	17	13	45	8	17	8	8	17	6	17
TGATGACGTCGC__0.579837316075738__20	8	7	18	8	8	8	8	8	31	25
GCGCCACGTGGC__0.579636225381408__13	25	25	45	8	17	8	8	17	8	45
GGCTGACGTGTC__0.579363221019703__20	45	25	2	8	8	8	8	17	6	8
TGTCGACGTGGT__0.57856068687618__14	6	8	31	31	8	8	8	17	8	8
TGGCGACGTGGC__0.57844447951121__19	8	45	25	31	8	8	8	17	8	45
TGTAGACGTGGC__0.578309454676903__22	6	6	18	9	8	8	8	17	8	45
CGTACACGTGGA__0.577712728563544__10	8	6	6	6	17	8	8	17	8	5
GCGTGACGTGTG__0.577597371817099__19	25	8	17	8	8	8	8	17	6	17
AGGCCACGTGGA__0.577330208486922__11	8	45	45	8	17	8	8	17	8	5
TGATGACGTAAC__0.577280742159706__24	8	7	18	8	8	8	8	6	20	6
CCTACACGTGTC__0.577084233715808__9	8	18	6	6	17	8	8	17	6	8
GCTACACGTGTA__0.577054454356669__11	25	18	6	6	17	8	8	17	6	6
CAAACACGTGGC__0.576423709286889__10	9	36	6	6	17	8	8	17	8	45
AGCTGACGTGTA__0.575800508728346__14	25	25	2	8	8	8	8	17	6	6
TAGTGACGTCAC__0.575405851844322__24	18	11	17	8	8	8	8	8	8	17
GTGCCACGTGGG__0.575331336456286__11	17	13	45	8	17	8	8	17	8	13
AAGTGACGTCAC__0.575226702796921__24	6	11	17	8	8	8	8	8	8	17
TGATGACGTTGG__0.574254617742657__13	8	7	18	8	8	8	8	6	9	8
ATGTGACGTCAT__0.574170195099999__18	18	6	17	8	8	8	8	8	8	18
CCGTGACGTGGT__0.57366466548952__10	2	8	17	8	8	8	8	17	8	8
CGATGACGTAAG__0.572844173507198__13	31	7	18	8	8	8	8	6	20	6
AGGTGACGTCAC__0.572772945225481__28	8	8	17	8	8	8	8	8	8	17
AGCTGACGTGTC__0.572677769896999__14	25	25	2	8	8	8	8	17	6	8
CGACGACGTGGC__0.57220587617881__10	31	8	8	31	8	8	8	17	8	45
TAGCCACGTGGA__0.572156585987334__10	18	25	45	8	17	8	8	17	8	5
TACTGACGTGGC__0.571960107711373__12	6	11	2	8	8	8	8	17	8	45
GCTCCACGTGTT__0.571639700784267__9	25	8	5	8	17	8	8	17	6	6
ATGACACGTGGC__0.571189312727147__11	18	8	8	6	17	8	8	17	8	45
TTCCAACGTGGC__0.570883747306452__12	12	5	8	9	6	8	8	17	8	45
GAGGGACGGGTG__0.570864505542544__18	8	8	13	5	8	8	2	13	8	17
GTTCCACGTGTT__0.570357532717314__10	6	12	5	8	17	8	8	17	6	6
AGCTGACGTCAT__0.570131140676741__15	25	25	2	8	8	8	8	8	8	18
GCGTGACGTGGG__0.569773870165884__16	25	8	17	8	8	8	8	17	8	13
GGGTGGTGTGGG__0.569524412206392__82	13	8	17	8	8	17	6	17	8	13
CGGCCACGTGTA__0.569388539734879__11	2	45	45	8	17	8	8	17	6	6
TGCCCACGTGGC__0.568691098421875__11	13	45	13	8	17	8	8	17	8	45
CTGTGACGTCAC__0.567911470199051__22	2	6	17	8	8	8	8	8	8	17
CCGTGACGTCAC__0.567683775848969__19	2	8	17	8	8	8	8	8	8	17
TGGTGACGTATT__0.567665951094395__24	8	8	17	8	8	8	8	6	13	30
GTGCCACGTATG__0.56762324964435__18	17	13	45	8	17	8	8	6	13	18
AAATGACGTGGT__0.567599001884593__9	36	30	18	8	8	8	8	17	8	8
TTGACACGTGGC__0.567226048247561__12	9	8	8	6	17	8	8	17	8	45
GCTACACGTGGC__0.566589769806659__11	25	18	6	6	17	8	8	17	8	45
TGGACACGTGTC__0.56656242280483__13	8	5	8	6	17	8	8	17	6	8
TTGCCACGTGTA__0.566210663690111__11	9	13	45	8	17	8	8	17	6	6
GGGCGACGTGGC__0.566091956750509__21	13	45	25	31	8	8	8	17	8	45
TTGCCACGTTGG__0.566023621779664__11	9	13	45	8	17	8	8	6	9	8
GTGCAACGTGGC__0.565985193526357__18	17	13	13	9	6	8	8	17	8	45
GTGCGACGTGGC__0.565830091899416__21	17	13	25	31	8	8	8	17	8	45
CATCGACGTGGC__0.565547836141574__12	18	7	31	31	8	8	8	17	8	45
ATATGACGTCAC__0.565525004526601__19	13	13	18	8	8	8	8	8	8	17
TAGTGACGTGGG__0.565338791592044__13	18	11	17	8	8	8	8	17	8	13
CCCTGACGTGGC__0.564994539582363__10	13	8	2	8	8	8	8	17	8	45
GCGTGACGTCAT__0.5649568127941__20	25	8	17	8	8	8	8	8	8	18
GGATGACGTGGG__0.564735124787425__15	5	7	18	8	8	8	8	17	8	13
CACTGACGTGGA__0.56461617154122__9	17	11	2	8	8	8	8	17	8	5
GTTCCACGTGGT__0.564450926254966__9	6	12	5	8	17	8	8	17	8	8
GGTCGACGTGGC__0.56336053629199__18	8	8	31	31	8	8	8	17	8	45
TGGTGACGTAAT__0.563114341780219__24	8	8	17	8	8	8	8	6	20	30
CGATGACGTAGT__0.562820956708091__11	31	7	18	8	8	8	8	6	18	11
GTACCACGTGGC__0.562653727416436__12	6	6	8	8	17	8	8	17	8	45
CAACCACGTGGC__0.562556832988869__9	9	6	8	8	17	8	8	17	8	45
TCGTGACGTGTA__0.562425568670098__14	31	8	17	8	8	8	8	17	6	6
ACGTGACGTGTC__0.562291245861723__12	8	8	17	8	8	8	8	17	6	8
GCAACACGTGGC__0.562054383880725__11	13	9	6	6	17	8	8	17	8	45
ACGTGGCGGGGG__0.56201769919063__17	8	8	17	8	45	25	2	13	13	13
CTGCAACGTGGC__0.561892208848589__12	2	13	13	9	6	8	8	17	8	45
TCGTGACGTCAC__0.561399002670597__20	31	8	17	8	8	8	8	8	8	17
TGGTGACGTATG__0.561111103965963__22	8	8	17	8	8	8	8	6	13	18
CGATGACGTATT__0.561073937399664__13	31	7	18	8	8	8	8	6	13	30
GAGCCACGTGGC__0.560975798238065__11	8	25	45	8	17	8	8	17	8	45
TGCAGACGTGGC__0.560586021336596__14	13	13	2	9	8	8	8	17	8	45
AATACACGTGGC__0.560444062053247__10	30	13	6	6	17	8	8	17	8	45
TCATGACGTCAC__0.560200426589131__18	8	18	18	8	8	8	8	8	8	17
GTAACACGTGGC__0.559798163443957__11	6	20	6	6	17	8	8	17	8	45
TGATGACGTTGA__0.559677860112305__14	8	7	18	8	8	8	8	6	9	8
CGCACACGTGGC__0.559434663191846__9	25	13	17	6	17	8	8	17	8	45
CTGCCACGTAGT__0.55936871616128__10	2	13	45	8	17	8	8	6	18	11
GGCTGACGTGGT__0.558466347878725__15	45	25	2	8	8	8	8	17	8	8
CGTCGACGTGGA__0.558451706067164__11	8	8	31	31	8	8	8	17	8	5
TGTACACGTGTT__0.558180868441596__10	6	6	6	6	17	8	8	17	6	6
TGGTGACGTAGC__0.557951028107467__23	8	8	17	8	8	8	8	6	18	25
TGCACACGTGGA__0.557703651023751__9	13	13	17	6	17	8	8	17	8	5
TGATGACGTAAG__0.557438238168045__14	8	7	18	8	8	8	8	6	20	6
TTATGACGTGTT__0.55738835149799__12	20	13	18	8	8	8	8	17	6	6
CGGTGACGTAGT__0.557225930709429__15	2	8	17	8	8	8	8	6	18	11
AGGTGACGTCAT__0.556612621897976__19	8	8	17	8	8	8	8	8	8	18
CGATGACGTTGT__0.556155600385244__10	31	7	18	8	8	8	8	6	9	6
TGGTGACGTTGG__0.556043115647657__18	8	8	17	8	8	8	8	6	9	8
ATAACACGTGGC__0.556000591208319__9	13	20	6	6	17	8	8	17	8	45
ACGTGGCGTGGG__0.555805191741817__16	8	8	17	8	45	25	8	17	8	13
AGGCCACGTGGC__0.555710286408105__11	8	45	45	8	17	8	8	17	8	45
TGCCTACGTGGC__0.555604578354848__13	13	45	8	18	6	8	8	17	8	45
TCATGACGTGTA__0.555451668403859__11	8	18	18	8	8	8	8	17	6	6
TATCGACGTGGC__0.555184741815795__13	13	7	31	31	8	8	8	17	8	45
TTGTGACGTGGG__0.554465186829808__15	9	6	17	8	8	8	8	17	8	13
CTGCCACGTATT__0.553920073324795__12	2	13	45	8	17	8	8	6	13	30
CGGCGACGTGGC__0.553840220133344__12	2	45	25	31	8	8	8	17	8	45
TAATGACGTGTG__0.553573845127909__10	20	30	18	8	8	8	8	17	6	17
AACTGACGTGGC__0.55341166309789__10	6	11	2	8	8	8	8	17	8	45
GCGTGACGTCAC__0.553365390546302__24	25	8	17	8	8	8	8	8	8	17
GATTGACGTGGA__0.553354025575347__12	7	30	9	8	8	8	8	17	8	5
GGACCACGTGGC__0.553184382376902__11	5	8	8	8	17	8	8	17	8	45
GGGTGACGTTGC__0.55313081832823__26	13	8	17	8	8	8	8	6	9	13
CGGCCACGTGTC__0.552602739042565__10	2	45	45	8	17	8	8	17	6	8
GGCTGGGGTGGG__0.552600639943525__49	45	25	2	8	13	13	8	17	8	13
TCATGACGTGTC__0.552354356861433__11	8	18	18	8	8	8	8	17	6	8
GAGACACGTGGC__0.552273060669488__10	8	9	8	6	17	8	8	17	8	45
GCGCCACGTGTA__0.552016280795693__10	25	25	45	8	17	8	8	17	6	6
TCGTGACGTCAT__0.551797439565032__14	31	8	17	8	8	8	8	8	8	18
CATACACGTGGC__0.551540078582756__9	18	13	6	6	17	8	8	17	8	45
GGGTGGCGGGGG__0.55130886326197__53	13	8	17	8	45	25	2	13	13	13
GTCTGACGTGTC__0.550864895048574__12	8	9	2	8	8	8	8	17	6	8
AATCCACGTGGC__0.550623535013074__9	30	7	5	8	17	8	8	17	8	45
GGATGACGTTGC__0.550551671505769__18	5	7	18	8	8	8	8	6	9	13
GAACCACGTGGC__0.549767649005901__9	12	6	8	8	17	8	8	17	8	45
GGGACACGTGGA__0.54974661565407__12	13	5	8	6	17	8	8	17	8	5
TGGGGACGGGGG__0.549488649175695__22	8	13	13	5	8	8	2	13	13	13
GGAGGGCGTGGG__0.549446122057749__34	5	8	8	13	45	25	8	17	8	13
TGTCGACGTGTA__0.549351932328413__13	6	8	31	31	8	8	8	17	6	6
GTGTGGCGGGGG__0.54906276844405__41	17	6	17	8	45	25	2	13	13	13
TAGTGACGTTGC__0.549026307647134__16	18	11	17	8	8	8	8	6	9	13
GCGCCACGTGTC__0.548722436837211__10	25	25	45	8	17	8	8	17	6	8
ATGGGACGGGGG__0.548423817656996__14	18	8	13	5	8	8	2	13	13	13
GGGTGAGGGTGG__0.548305756291367__42	13	8	17	8	8	8	13	8	17	8
GATTGACGTGGC__0.548214683084367__13	7	30	9	8	8	8	8	17	8	45
GGAACACGTGGC__0.547895493932847__11	5	12	6	6	17	8	8	17	8	45
GTATGACGTGTG__0.54781194209228__13	6	13	18	8	8	8	8	17	6	17
TATACACGTGTA__0.547741233386839__9	13	13	6	6	17	8	8	17	6	6
GGGTTACGTGGC__0.547277805916449__26	13	8	6	20	6	8	8	17	8	45
GTATGACGTCAC__0.547076364455137__19	6	13	18	8	8	8	8	8	8	17
GACTGACGTGGA__0.54688935591675__9	8	11	2	8	8	8	8	17	8	5
GGGTGACGTTGT__0.546536979715373__22	13	8	17	8	8	8	8	6	9	6
TGAGGACGTGGC__0.54644549460816__17	8	8	8	5	8	8	8	17	8	45
TGGACACGTGTA__0.546343780499056__11	8	5	8	6	17	8	8	17	6	6
TGGCCACGTGTA__0.546088644709443__11	8	45	45	8	17	8	8	17	6	6
TGAATACGTGGC__0.545984745829392__14	8	12	30	13	6	8	8	17	8	45
GGGGGACGGGGT__0.545978443229036__27	13	13	13	5	8	8	2	13	13	8
TGGTGACGTATC__0.545769002388168__21	8	8	17	8	8	8	8	6	13	7
TGATTACGTGGA__0.545724350632887__13	8	7	30	20	6	8	8	17	8	5
GGGTGAGGCGGG__0.545533681415375__44	13	8	17	8	8	8	45	25	2	13
GTTACACGTGGC__0.545102417022952__11	6	20	6	6	17	8	8	17	8	45
TGATGACGTAGG__0.545055420552881__11	8	7	18	8	8	8	8	6	18	8
CAATTACGTGGC__0.5446893979834__12	9	30	30	20	6	8	8	17	8	45
TTCTGACGTGGA__0.544248081025888__9	12	9	2	8	8	8	8	17	8	5
TGGTGACGTGCC__0.544062049514476__25	8	8	17	8	8	8	8	17	13	45
TTGTGACGTCAC__0.544034859569673__22	9	6	17	8	8	8	8	8	8	17
GTGTCACGTGGC__0.543624410297687__13	17	6	8	8	17	8	8	17	8	45
TGATGACGTGAC__0.543389444033295__15	8	7	18	8	8	8	8	17	8	8
TGGTGAGGTGGG__0.54326394391649__35	8	8	17	8	8	8	8	17	8	13
AGATGACGTAGT__0.542934324314547__10	9	7	18	8	8	8	8	6	18	11
GCGTGACGTATG__0.542614852943121__17	25	8	17	8	8	8	8	6	13	18
GGGTGAGGTGGT__0.542559793281681__45	13	8	17	8	8	8	8	17	8	8
TGGGGAGGTGGG__0.542527128244565__47	8	13	13	5	8	8	8	17	8	13
CGATTACGTGGC__0.54246313559622__12	31	7	30	20	6	8	8	17	8	45
AGGTGACGTATG__0.541964712735632__17	8	8	17	8	8	8	8	6	13	18
TGCCTACGTGGA__0.541578393008132__10	13	45	8	18	6	8	8	17	8	5
TCGTGACGTGTT__0.541458819381333__11	31	8	17	8	8	8	8	17	6	6
CAATGACGTTGC__0.541383792140277__11	9	30	18	8	8	8	8	6	9	13
GTTCCACGTTGG__0.54119640485891__9	6	12	5	8	17	8	8	6	9	8
CGGTGAGGGGGG__0.541175933172535__21	2	8	17	8	8	8	13	13	13	13
GAGTGACGTGTG__0.541023831499255__13	8	11	17	8	8	8	8	17	6	17
GTGCCACGTTGT__0.540944506663147__12	17	13	45	8	17	8	8	6	9	6
GTATTACGTGGC__0.540941326072451__16	6	13	30	20	6	8	8	17	8	45
TGGACACGTGGT__0.540545790776289__9	8	5	8	6	17	8	8	17	8	8
ATGTGACGTGGG__0.54050636555473__11	18	6	17	8	8	8	8	17	8	13
GTCTGACGTGGA__0.540286329138015__10	8	9	2	8	8	8	8	17	8	5
GGTTGAGGGGGG__0.54006832404526__30	8	6	9	8	8	8	13	13	13	13
ACGTGGCGTGTT__0.540012475161642__15	8	8	17	8	45	25	8	17	6	6
GCATGACGTGGT__0.539954432887382__10	13	18	18	8	8	8	8	17	8	8
TGGTGACGTCGC__0.53965831153495__21	8	8	17	8	8	8	8	8	31	25
GGGGGGCGTGGG__0.539552539252566__57	13	13	13	13	45	25	8	17	8	13
GAGTGAGGTGGT__0.539399169359515__20	8	11	17	8	8	8	8	17	8	8
GGGCCACGTGTT__0.539070300235143__11	13	45	45	8	17	8	8	17	6	6
AAGTGACGTGTG__0.538933579589071__11	6	11	17	8	8	8	8	17	6	17
TTCCAACGTGTC__0.538487455894031__9	12	5	8	9	6	8	8	17	6	8
GGTTGACGTGTC__0.538249091517635__21	8	6	9	8	8	8	8	17	6	8
ACGTGGCGGGTG__0.538128123874603__13	8	8	17	8	45	25	2	13	8	17
GGGGGACGTGGC__0.538124143835815__32	13	13	13	5	8	8	8	17	8	45
GGCGGGCGTGGG__0.537934798983415__30	45	25	2	13	45	25	8	17	8	13
TACTGACGTGTC__0.537843242244295__9	6	11	2	8	8	8	8	17	6	8
GTGTGAGGTGGT__0.537364350754503__35	17	6	17	8	8	8	8	17	8	8
TTCTGACGTGGC__0.537272831758321__10	12	9	2	8	8	8	8	17	8	45
CGGTGACGTAGG__0.537237881007953__12	2	8	17	8	8	8	8	6	18	8
GTGTGACGTTGC__0.537218724711435__21	17	6	17	8	8	8	8	6	9	13
TGTATACGTGGC__0.537125519224175__17	6	6	13	13	6	8	8	17	8	45
TAGGGACGGGGG__0.537085890934632__12	18	8	13	5	8	8	2	13	13	13
GGGTGGAGTGGG__0.537076208677026__38	13	8	17	8	5	8	11	17	8	13
CGTCGACGTGGC__0.537022475409291__11	8	8	31	31	8	8	8	17	8	45
AGCTGACGTGGT__0.536463191960982__9	25	25	2	8	8	8	8	17	8	8
CTCTGACGTCAT__0.535952773513533__9	8	9	2	8	8	8	8	8	8	18
TTGCCACGTATG__0.535803065152221__12	9	13	45	8	17	8	8	6	13	18
CAATGACGTAGC__0.53580065913911__11	9	30	18	8	8	8	8	6	18	25
GTTCCACGTGTC__0.535773434716293__9	6	12	5	8	17	8	8	17	6	8
TTGGGACGGGGG__0.535687303885928__16	9	8	13	5	8	8	2	13	13	13
CAATGACGTAAT__0.535339638718135__11	9	30	18	8	8	8	8	6	20	30
CTGTTACGTGGC__0.534896722197624__14	2	6	6	20	6	8	8	17	8	45
AGGTGACGTCAG__0.534816906644951__15	8	8	17	8	8	8	8	8	8	2
TGCCAACGTGGC__0.534786196124605__11	13	45	8	9	6	8	8	17	8	45
GTGTGGCGGGTG__0.534681646684106__33	17	6	17	8	45	25	2	13	8	17
TGGTGACGTCAG__0.534653785278876__17	8	8	17	8	8	8	8	8	8	2
GGTACACGTGTA__0.534558483790117__11	8	6	6	6	17	8	8	17	6	6
CTTCCACGTAGA__0.53430380622759__9	6	12	5	8	17	8	8	6	18	9
AGTCGACGTGGC__0.534207638294902__11	11	8	31	31	8	8	8	17	8	45
GGTGGGCGTGGG__0.533978284161368__48	8	17	8	13	45	25	8	17	8	13
TGCATACGTGGA__0.533945955332121__13	13	13	18	13	6	8	8	17	8	5
CAGTGACGTGGG__0.533606276132771__9	2	11	17	8	8	8	8	17	8	13
AGGGGAGGTGGG__0.532897094429069__30	8	13	13	5	8	8	8	17	8	13
AGTTGACGTGTT__0.532495459594743__12	11	6	9	8	8	8	8	17	6	6
TGTTGACGTGGT__0.532404314276673__14	6	6	9	8	8	8	8	17	8	8
GTGTTACGTGGA__0.532088715976915__18	17	6	6	20	6	8	8	17	8	5
GGTACACGTGGA__0.531845817166153__10	8	6	6	6	17	8	8	17	8	5
GGTACACGTGTC__0.531742873503339__11	8	6	6	6	17	8	8	17	6	8
GGGTGAGGAGGG__0.531616456280399__38	13	8	17	8	8	8	5	8	8	13
GGATGACGTTGT__0.531444644755511__13	5	7	18	8	8	8	8	6	9	6
TGGTGGGGTGGG__0.531020213004217__61	8	8	17	8	13	13	8	17	8	13
CAGTGACGTGTG__0.530413061282368__10	2	11	17	8	8	8	8	17	6	17
TGATGACGTAGA__0.530272398418243__12	8	7	18	8	8	8	8	6	18	9
TTGTGACGTGTG__0.530190129266837__14	9	6	17	8	8	8	8	17	6	17
TGGACACGTGGA__0.529937505832084__9	8	5	8	6	17	8	8	17	8	5
AGCTGACGTGTT__0.529419327041263__9	25	25	2	8	8	8	8	17	6	6
ACGTGGCGTTGT__0.52934790616954__13	8	8	17	8	45	25	8	6	9	6
AGGTGACGTATT__0.528631117029677__16	8	8	17	8	8	8	8	6	13	30
CTATTACGTGGC__0.528623885145936__11	18	13	30	20	6	8	8	17	8	45
GGGTGGCGTGGG__0.528125259847058__41	13	8	17	8	45	25	8	17	8	13
AGATTACGTGGC__0.527818309762337__12	9	7	30	20	6	8	8	17	8	45
CGCTTACGTGGA__0.52757642949493__9	25	25	6	20	6	8	8	17	8	5
AAATGACGTATG__0.527402613468949__9	36	30	18	8	8	8	8	6	13	18
GGGTGAAGGGGG__0.526961889123106__20	13	8	17	8	12	6	8	13	13	13
GAGTGACGTCAC__0.526909636213057__17	8	11	17	8	8	8	8	8	8	17
GTGCCACGTTGC__0.526678328963731__14	17	13	45	8	17	8	8	6	9	13
TCATGACGTCAT__0.526534738229697__10	8	18	18	8	8	8	8	8	8	18
ACGCGACGTGGC__0.526470964442034__9	8	25	25	31	8	8	8	17	8	45
AATTGACGTGGC__0.525968803824705__10	30	30	9	8	8	8	8	17	8	45
CAGTGACGTTGG__0.525539363145272__9	2	11	17	8	8	8	8	6	9	8
CGGGGACGGGGG__0.525524103071133__13	2	13	13	5	8	8	2	13	13	13
CGATGACGTAAT__0.525251589281348__11	31	7	18	8	8	8	8	6	20	30
ATGTGACGTGTG__0.52504359911213__11	18	6	17	8	8	8	8	17	6	17
AGTATACGTGGC__0.524826872249048__13	11	6	13	13	6	8	8	17	8	45
GTAATACGTGGC__0.524363159867582__13	6	20	30	13	6	8	8	17	8	45
CGGTGACGTCAG__0.523613670307018__12	2	8	17	8	8	8	8	8	8	2
GAATGACGTAGT__0.523535223184922__9	12	30	18	8	8	8	8	6	18	11
GCGCGACGTGGC__0.523481828038713__12	25	25	25	31	8	8	8	17	8	45
GGGCCACGTGGA__0.523408765259023__10	13	45	45	8	17	8	8	17	8	5
CTGCTACGTGGC__0.523293630103974__10	2	13	25	18	6	8	8	17	8	45
TTATGACGTCAC__0.523244029207536__15	20	13	18	8	8	8	8	8	8	17
GTGTGAGGGGGG__0.523064464014313__29	17	6	17	8	8	8	13	13	13	13
CGATGATGTGGC__0.522831476782866__10	31	7	18	8	7	18	6	17	8	45
TGGTGACGTAAC__0.522773754342799__21	8	8	17	8	8	8	8	6	20	6
CTGCCACGTACA__0.522381148108356__15	2	13	45	8	17	8	8	6	6	6
GGGCGACGGGGG__0.522053524487896__12	13	45	25	31	8	8	2	13	13	13
AGCATACGTGGC__0.522047393336461__12	25	13	18	13	6	8	8	17	8	45
CGATGACGTAAC__0.521913548419787__14	31	7	18	8	8	8	8	6	20	6
GTGTGACGTCAC__0.521858145734394__22	17	6	17	8	8	8	8	8	8	17
CAGCGACGTGGC__0.521804467518368__9	2	25	25	31	8	8	8	17	8	45
CCTCCACGTACT__0.52164140871792__11	8	8	5	8	17	8	8	6	6	11
GTGTGACGTAGT__0.521584396282015__17	17	6	17	8	8	8	8	6	18	11
TGATGACGTATA__0.521457508075112__13	8	7	18	8	8	8	8	6	13	13
GGGCGGCGTGGG__0.521213654357272__25	13	45	25	2	45	25	8	17	8	13
AGGTGACGTAGC__0.520991289176016__16	8	8	17	8	8	8	8	6	18	25
GGGTGAGGGGGT__0.520677412574127__38	13	8	17	8	8	8	13	13	13	8
CACTGACGTCAC__0.520583517698566__13	17	11	2	8	8	8	8	8	8	17
TCATGAGGTGGT__0.520280705666505__11	8	18	18	8	8	8	8	17	8	8
GGGTGACGGGGG__0.519102498090884__17	13	8	17	8	8	8	2	13	13	13
GGGGGACGGGAG__0.518610384383147__22	13	13	13	5	8	8	2	13	5	8
TTGCGACGTGGC__0.518370210092152__12	9	13	25	31	8	8	8	17	8	45
GTGCCACGTATT__0.518316428411137__13	17	13	45	8	17	8	8	6	13	30
TAGTTACGTGGC__0.517994716886765__13	18	11	6	20	6	8	8	17	8	45
TGATGACGTGCT__0.517961217306156__12	8	7	18	8	8	8	8	17	13	25
GGAGGACGGGGG__0.51771819716187__12	5	8	8	5	8	8	2	13	13	13
CTATGACGTTGC__0.516335295823502__9	18	13	18	8	8	8	8	6	9	13
TAGCTACGTGGC__0.516216441885925__11	18	25	25	18	6	8	8	17	8	45
GTGTTACGTGTC__0.515766788742965__17	17	6	6	20	6	8	8	17	6	8
TGGTGACGTAAG__0.515597194473918__15	8	8	17	8	8	8	8	6	20	6
CTGCCACGTACG__0.515447886682839__10	2	13	45	8	17	8	8	6	6	8
CGGTGGGGTGGG__0.515036886464225__39	2	8	17	8	13	13	8	17	8	13
TGCCAACGTGTC__0.513992935932176__9	13	45	8	9	6	8	8	17	6	8
TGTTTACGTGGC__0.513946785994066__16	6	6	36	20	6	8	8	17	8	45
TGATTACGTGTA__0.513811036888134__11	8	7	30	20	6	8	8	17	6	6
GTGTAACGTGGC__0.513731354036824__14	17	6	6	20	6	8	8	17	8	45
AGGGGACGGGGG__0.513462869443259__12	8	13	13	5	8	8	2	13	13	13
GGGTGACGTAGG__0.513357743927658__17	13	8	17	8	8	8	8	6	18	8
ACGTGGCGTTGG__0.513340031717017__11	8	8	17	8	45	25	8	6	9	8
AGGCGACGTGGC__0.513308633170605__10	8	45	25	31	8	8	8	17	8	45
TGGGGACGTGGA__0.513227893429555__20	8	13	13	5	8	8	8	17	8	5
GTGCCACGTTGG__0.51319475182325__9	17	13	45	8	17	8	8	6	9	8
TTGCCACGTAGA__0.512620622459442__10	9	13	45	8	17	8	8	6	18	9
TGTTGACGTCAT__0.5124911411447__14	6	6	9	8	8	8	8	8	8	18
CTTCCACGTTGC__0.512396723361582__9	6	12	5	8	17	8	8	6	9	13
GGATGACGTCAG__0.512190849216519__12	5	7	18	8	8	8	8	8	8	2
AGGTTACGTGGC__0.512068251710603__14	8	8	6	20	6	8	8	17	8	45
GTGTCACGTGTC__0.511800015125647__10	17	6	8	8	17	8	8	17	6	8
GCCTGACGTGGC__0.511361479827934__9	45	8	2	8	8	8	8	17	8	45
GGTCGACGTGGA__0.511079963160556__11	8	8	31	31	8	8	8	17	8	5
TGATGACGTTAT__0.51061072385441__10	8	7	18	8	8	8	8	6	20	13
AGTTGACGTCAT__0.510533434862048__12	11	6	9	8	8	8	8	8	8	18
CCGCCACGTAGC__0.510371357430585__9	2	25	45	8	17	8	8	6	18	25
AGGTGAGGGGGG__0.509818152392334__19	8	8	17	8	8	8	13	13	13	13
GTGCTACGTGGC__0.509532823853884__13	17	13	25	18	6	8	8	17	8	45
ATGTTACGTGGC__0.509481165862124__12	18	6	6	20	6	8	8	17	8	45
TGATGACGTGCG__0.509330213768958__10	8	7	18	8	8	8	8	17	13	25
TAGTGACGTTGG__0.509096487550565__9	18	11	17	8	8	8	8	6	9	8
CTGCCACGTATA__0.508860317275195__10	2	13	45	8	17	8	8	6	13	13
TGTTGACGTGTT__0.508249257289235__12	6	6	9	8	8	8	8	17	6	6
GCGGGACGGGTG__0.508123652408606__12	25	2	13	5	8	8	2	13	8	17
GAGTGACGTTGT__0.508114619574988__10	8	11	17	8	8	8	8	6	9	6
CGATGACGTCGC__0.507999903210665__10	31	7	18	8	8	8	8	8	31	25
CGTTGACGTGGT__0.507828023308369__9	8	6	9	8	8	8	8	17	8	8
GTGGGACGGGGA__0.50779782061421__16	17	8	13	5	8	8	2	13	13	5
TGCGGACGTGGC__0.507787678508374__14	13	25	2	5	8	8	8	17	8	45
ATGTGAGGTGGT__0.507678874975768__17	18	6	17	8	8	8	8	17	8	8
GGGTGATGGGGG__0.507601738916945__25	13	8	17	8	7	18	8	13	13	13
GGTGGGCGTGGT__0.507225674686727__41	8	17	8	13	45	25	8	17	8	8
AGATGACGTAAT__0.507085118441001__10	9	7	18	8	8	8	8	6	20	30
GGGTGACGTATG__0.506767648650518__18	13	8	17	8	8	8	8	6	13	18
GAGGGACGGGGT__0.506732094813304__11	8	8	13	5	8	8	2	13	13	8
CGGTGACGTTGC__0.506628218042627__12	2	8	17	8	8	8	8	6	9	13
CAATGACGTAAC__0.50647784772694__12	9	30	18	8	8	8	8	6	20	6
CCTCCACGTATA__0.506269643569839__9	8	8	5	8	17	8	8	6	13	13
TGGTGAGGGGGG__0.506033796875697__24	8	8	17	8	8	8	13	13	13	13
TACTGACACGTG__0.505476221150751__9	6	11	2	8	8	6	17	8	8	17
TGGAGACGTGGC__0.505446572460354__12	8	5	8	9	8	8	8	17	8	45
TGGCGACGTGGA__0.505430497700169__10	8	45	25	31	8	8	8	17	8	5
ACGTGGCGTTTT__0.505304847004281__11	8	8	17	8	45	25	8	6	36	36
GAGGGAGGTGGG__0.504974593627998__22	8	8	13	5	8	8	8	17	8	13
AGCTTACGTGTC__0.504562874611414__9	25	25	6	20	6	8	8	17	6	8
TGATGACGCGGC__0.504504089418516__12	8	7	18	8	8	8	25	25	2	45
TGTGGACGTGGC__0.504348348491211__19	6	17	8	5	8	8	8	17	8	45
TGCTTACGTGGT__0.504344860270036__9	13	25	6	20	6	8	8	17	8	8
TGGTGGCGGGGG__0.504290986550284__28	8	8	17	8	45	25	2	13	13	13
ATGCTACGTGGC__0.503841416654955__10	18	13	25	18	6	8	8	17	8	45
TGGTGACGTGCG__0.503792204006302__14	8	8	17	8	8	8	8	17	13	25
CAGTGACGTATT__0.503228894653818__10	2	11	17	8	8	8	8	6	13	30
GCGTGGCGGGTG__0.503087917739622__19	25	8	17	8	45	25	2	13	8	17
GGTTGACGTGGA__0.502885330746223__15	8	6	9	8	8	8	8	17	8	5
GCGCGACGTGGA__0.502503897992317__9	25	25	25	31	8	8	8	17	8	5
CTGTGACGTCAG__0.502402044145618__9	2	6	17	8	8	8	8	8	8	2
GGATGACGTAAT__0.502252923261768__13	5	7	18	8	8	8	8	6	20	30
GTGCCACGTAGG__0.502203487765593__9	17	13	45	8	17	8	8	6	18	8
TGGTGATGTGGC__0.502072637264982__20	8	8	17	8	7	18	6	17	8	45
ACGTGGCGGTGG__0.50182464659498__10	8	8	17	8	45	25	2	8	17	8
GCGTTACGTGGC__0.501776763766969__13	25	8	6	20	6	8	8	17	8	45
CAGCCACGTAGC__0.501703703962308__9	2	25	45	8	17	8	8	6	18	25
TGTTCAGGTGGT__0.501687620838482__13	6	6	12	8	2	8	8	17	8	8
GGGCCACGTGTA__0.501487930270388__9	13	45	45	8	17	8	8	17	6	6
GTGTGGGGTGGG__0.501292032653891__49	17	6	17	8	13	13	8	17	8	13
CGGTGACGTAAT__0.501287098882235__12	2	8	17	8	8	8	8	6	20	30
CGATGACGTGCC__0.501039537911555__12	31	7	18	8	8	8	8	17	13	45
TGATGACGTACC__0.500533810926478__16	8	7	18	8	8	8	8	6	6	8
GCGTGACGTTGC__0.500372716506516__13	25	8	17	8	8	8	8	6	9	13
GAATTACGTGGC__0.500347967749417__10	12	30	30	20	6	8	8	17	8	45
GGGACACGTGTC__0.500204239976789__9	13	5	8	6	17	8	8	17	6	8
GGTTAACGTGGT__0.500187929597652__10	8	6	20	20	6	8	8	17	8	8
GGGTGAGGGAGG__0.500023834769202__30	13	8	17	8	8	8	13	5	8	8
GGGGGGCGTGGT__0.499985619978771__44	13	13	13	13	45	25	8	17	8	8
TGCTTACGTGTA__0.499688382906261__10	13	25	6	20	6	8	8	17	6	6
GTGTGATGTGGC__0.49962574256596__21	17	6	17	8	7	18	6	17	8	45
CGATGACGTACC__0.4993774534319__14	31	7	18	8	8	8	8	6	6	8
TTGAGACGTGGC__0.499360462843637__10	9	8	8	9	8	8	8	17	8	45
TGATGACGTGAT__0.49933498686244__9	8	7	18	8	8	8	8	17	8	7
AGATGACGTTGC__0.49932748450699__9	9	7	18	8	8	8	8	6	9	13
CGTTGACGTGGA__0.499075377614795__9	8	6	9	8	8	8	8	17	8	5
TGTAGACGTGGA__0.498609648296172__11	6	6	18	9	8	8	8	17	8	5
TGGTGACGTTGA__0.4985432567595__13	8	8	17	8	8	8	8	6	9	8
GTGCCACGTAGC__0.498317159084058__12	17	13	45	8	17	8	8	6	18	25
TGTCTACGTGGC__0.498241145095436__11	6	8	9	18	6	8	8	17	8	45
TGTTGACGTCAC__0.498079941660798__16	6	6	9	8	8	8	8	8	8	17
ACGTGGCGGCGG__0.497647846628862__9	8	8	17	8	45	25	2	45	25	2
GTGTGACGTCAG__0.497387463383194__14	17	6	17	8	8	8	8	8	8	2
TGCTGACGTCAG__0.497190298378629__9	13	25	2	8	8	8	8	8	8	2
TTGTGAGGTGGG__0.496935279229898__20	9	6	17	8	8	8	8	17	8	13
AGTAGACGTGGC__0.496847098379556__10	11	6	18	9	8	8	8	17	8	45
GTATGACGTCAT__0.496814510447051__10	6	13	18	8	8	8	8	8	8	18
AGATGACGTAAC__0.496748376243631__12	9	7	18	8	8	8	8	6	20	6
GAGTGACGTTGC__0.496495344883488__11	8	11	17	8	8	8	8	6	9	13
TGTGTACGTGGC__0.496433276606692__15	6	17	6	6	6	8	8	17	8	45
TCGTGAGGTGGG__0.49642162536946__13	31	8	17	8	8	8	8	17	8	13
GCTCCACGTTGC__0.496224779297292__9	25	8	5	8	17	8	8	6	9	13
GGGTGAGGGGTG__0.496109948352163__30	13	8	17	8	8	8	13	13	8	17
GGTCTACGTGGC__0.495684822686652__12	8	8	9	18	6	8	8	17	8	45
TGATGACGTACG__0.495678567199949__10	8	7	18	8	8	8	8	6	6	8
CGTGGAGGTGGG__0.49550645484107__17	8	17	8	5	8	8	8	17	8	13
ATTTGACGTGGC__0.495170701264438__9	30	36	9	8	8	8	8	17	8	45
GTGTGAGGGGGT__0.494697876855029__25	17	6	17	8	8	8	13	13	13	8
CGCTGACGTAGC__0.494424615890676__9	25	25	2	8	8	8	8	6	18	25
TGGTGACGTCGT__0.494244354601457__12	8	8	17	8	8	8	8	8	31	8
ATATGTGGTGGG__0.494210431584584__13	13	13	18	6	17	8	8	17	8	13
GAGTGGCGGGGG__0.494195903514728__17	8	11	17	8	45	25	2	13	13	13
GGGTGTCGGGGG__0.49413214617063__20	13	8	17	6	8	31	2	13	13	13
CGGGGAGGTGGG__0.494110624192616__22	2	13	13	5	8	8	8	17	8	13
GGGTGGCGGTGG__0.494015717541244__31	13	8	17	8	45	25	2	8	17	8
ACGTGGCATAGG__0.49399781712909__13	8	8	17	8	45	13	18	13	18	8
TGATGACGCGTC__0.493942031343801__10	8	7	18	8	8	8	25	25	8	8
AGGTGGGGTGGG__0.493769648849032__35	8	8	17	8	13	13	8	17	8	13
GGCTTACGTGGA__0.493620295762738__10	45	25	6	20	6	8	8	17	8	5
GAGTTACGTGGC__0.493310224972502__11	8	11	6	20	6	8	8	17	8	45
TGGTGAGGGTGG__0.493281594937559__21	8	8	17	8	8	8	13	8	17	8
GGATGACGTAGC__0.492951580879634__12	5	7	18	8	8	8	8	6	18	25
GTGTGACGTATT__0.492886397620948__15	17	6	17	8	8	8	8	6	13	30
CTGTGACGTATG__0.492866533807749__9	2	6	17	8	8	8	8	6	13	18
TGGTTACGTGGA__0.492754127003264__13	8	8	6	20	6	8	8	17	8	5
GTGTGAGGTGGG__0.492398865280622__25	17	6	17	8	8	8	8	17	8	13
TTGTGAGGTGGT__0.492121392093724__19	9	6	17	8	8	8	8	17	8	8
GAGTGAGGTGGG__0.492077238918708__14	8	11	17	8	8	8	8	17	8	13
GCATTACGTGGC__0.492011329413953__10	13	18	30	20	6	8	8	17	8	45
TGGTGACGTGCA__0.491739153643005__16	8	8	17	8	8	8	8	17	13	13
GGATGACGTTGG__0.491579162844632__9	5	7	18	8	8	8	8	6	9	8
GGGCGACGTGGA__0.491027065714875__11	13	45	25	31	8	8	8	17	8	5
TTGCCACGTTGC__0.491022556264875__9	9	13	45	8	17	8	8	6	9	13
GTGGGACGGGTG__0.490778493156319__14	17	8	13	5	8	8	2	13	8	17
GTGAGAGGTGGT__0.490776966988528__16	17	8	8	9	8	8	8	17	8	8
ATGTGAGGTGGG__0.490605648394169__15	18	6	17	8	8	8	8	17	8	13
CGGTGACGTTTT__0.490289694508519__9	2	8	17	8	8	8	8	6	36	36
GTGTGAAGGGGG__0.490246443694237__13	17	6	17	8	12	6	8	13	13	13
GTATGGGGTGGG__0.490166413853254__23	6	13	18	8	13	13	8	17	8	13
TGATGACGTCGA__0.490151395358277__9	8	7	18	8	8	8	8	8	31	31
GTATGACGTTGC__0.490114228517442__10	6	13	18	8	8	8	8	6	9	13
GGGGGACGTGGA__0.490034369423716__21	13	13	13	5	8	8	8	17	8	5
TGGTGACGTAGA__0.489938626562518__13	8	8	17	8	8	8	8	6	18	9
GGCTGACGTGTA__0.489524148484298__10	45	25	2	8	8	8	8	17	6	6
GTGTGACGTAGC__0.489519201467555__15	17	6	17	8	8	8	8	6	18	25
TGATGACGTCTC__0.488988883310114__10	8	7	18	8	8	8	8	8	9	8
ACGTGGCGGGAG__0.48897241537569__9	8	8	17	8	45	25	2	13	5	8
CAATGGGGTGGG__0.488597602760482__11	9	30	18	8	13	13	8	17	8	13
GTGTGAGGTGTG__0.488462744729623__23	17	6	17	8	8	8	8	17	6	17
TGATGACGTCTT__0.488255631803835__9	8	7	18	8	8	8	8	8	9	6
TGGTGACGTATA__0.488034979602963__14	8	8	17	8	8	8	8	6	13	13
GTTTGACGTGGC__0.487923292272267__11	6	36	9	8	8	8	8	17	8	45
TGCTGACGTATG__0.487809875829683__9	13	25	2	8	8	8	8	6	13	18
TCGTGAGGTGGT__0.487751135958539__12	31	8	17	8	8	8	8	17	8	8
GGATGACGTAAC__0.487458486511504__14	5	7	18	8	8	8	8	6	20	6
GGCTGTGGTGGG__0.487254965021582__20	45	25	2	6	17	8	8	17	8	13
TAGTGAGGGGGT__0.486892464222734__12	18	11	17	8	8	8	13	13	13	8
ACGTGGCGTTTG__0.486888230884338__9	8	8	17	8	45	25	8	6	36	9
GTGTGACGTAGG__0.486602718904312__12	17	6	17	8	8	8	8	6	18	8
GTGTGAGGGTGG__0.486334263631132__21	17	6	17	8	8	8	13	8	17	8
TGATGACGTTTA__0.486326033936247__9	8	7	18	8	8	8	8	6	36	20
GGAGGATGTGGG__0.48623859730517__14	5	8	8	5	7	18	6	17	8	13
GGGGGACGGGGC__0.486124155507434__18	13	13	13	5	8	8	2	13	13	45
AGCTGACGTCAC__0.48605943340758__11	25	25	2	8	8	8	8	8	8	17
TGAGTACGTGGC__0.485921182238248__10	8	8	11	6	6	8	8	17	8	45
GGATGAGGTGGG__0.485302786415149__14	5	7	18	8	8	8	8	17	8	13
TGTCGCCGTATC__0.485177640639295__10	6	8	31	25	45	2	8	6	13	7
GTGGGAGGTGGG__0.485109556141893__30	17	8	13	5	8	8	8	17	8	13
TTGCGACGTGTC__0.48497102086134__9	9	13	25	31	8	8	8	17	6	8
GAATGGGGTGGG__0.484841325088635__15	12	30	18	8	13	13	8	17	8	13
GGGTTACGGGGG__0.484793344878__14	13	8	6	20	6	8	2	13	13	13
ATGTGAGGGGGG__0.484619742013271__13	18	6	17	8	8	8	13	13	13	13
ACGTGGCATGGT__0.484592069281036__11	8	8	17	8	45	13	18	18	8	8
AGTTGAGGTGGT__0.484416134120817__12	11	6	9	8	8	8	8	17	8	8
GAGTGGGGTGGG__0.484409836269994__26	8	11	17	8	13	13	8	17	8	13
TTGTTAGGTGGT__0.484302871067412__14	9	6	6	20	18	8	8	17	8	8
AGGTGACGTAAT__0.484238083529363__12	8	8	17	8	8	8	8	6	20	30
CCCTCCCGTGCC__0.484069759114253__12	13	8	8	5	13	2	8	17	13	45
GGGTGGCGGGTG__0.483911355768119__28	13	8	17	8	45	25	2	13	8	17
ATGGGATGTGGG__0.483741515206298__13	18	8	13	5	7	18	6	17	8	13
CCATCACGAATG__0.483651802857433__9	8	18	7	8	17	8	31	12	30	18
GGTATACGTGGC__0.482942240571785__13	8	6	13	13	6	8	8	17	8	45
AAATGACGTAAC__0.482880729676063__10	36	30	18	8	8	8	8	6	20	6
GGGCGACGTGTC__0.482652517194119__11	13	45	25	31	8	8	8	17	6	8
ACGTGGCGTTTA__0.482288464259921__10	8	8	17	8	45	25	8	6	36	20
GAAGGACGTGGC__0.482249434353248__9	12	6	8	5	8	8	8	17	8	45
CGGTGACGTGCA__0.482226696304494__12	2	8	17	8	8	8	8	17	13	13
TTGTTACGTGGC__0.482022724517368__11	9	6	6	20	6	8	8	17	8	45
GGGTGAAGGGTG__0.48168896639255__14	13	8	17	8	12	6	8	13	8	17
TGGTGAGGTGGC__0.481628773074318__22	8	8	17	8	8	8	8	17	8	45
TGCTGATGTGGA__0.481549099004788__10	13	25	2	8	7	18	6	17	8	5
CCCTGACGTCAC__0.481548281369126__9	13	8	2	8	8	8	8	8	8	17
TTGTGACGTCAG__0.481365350800454__10	9	6	17	8	8	8	8	8	8	2
TGGCCACGTATG__0.481099665749681__9	8	45	45	8	17	8	8	6	13	18
GGGTGGGGTTGG__0.481012380730336__53	13	8	17	8	13	13	8	6	9	8
TGGTGACGTTAC__0.480953285504048__13	8	8	17	8	8	8	8	6	20	6
ACGTGGCGTGTA__0.480703521248942__10	8	8	17	8	45	25	8	17	6	6
GAGTGACGTAGC__0.480377514722602__10	8	11	17	8	8	8	8	6	18	25
GTGTGAGGTGGC__0.480350494088546__23	17	6	17	8	8	8	8	17	8	45
GTGTAAGGTGGG__0.480321872059785__15	17	6	6	20	6	8	8	17	8	13
GTGTGATGGTGG__0.480132357320367__17	17	6	17	8	7	18	8	8	17	8
AGGTGACGTTGT__0.480081703403476__9	8	8	17	8	8	8	8	6	9	6
GAGTGACGTAAT__0.479750398691767__10	8	11	17	8	8	8	8	6	20	30
CGTTGACGTCAT__0.479696605692928__9	8	6	9	8	8	8	8	8	8	18
CGGTGACGTAGC__0.479543417528745__10	2	8	17	8	8	8	8	6	18	25
GAGGGACGTGGA__0.479447240802386__11	8	8	13	5	8	8	8	17	8	5
AAGGGAGGTGGG__0.479289212425371__12	6	8	13	5	8	8	8	17	8	13
GGGTGAGGGCGG__0.479256327692071__27	13	8	17	8	8	8	13	45	25	2
CTGTGAGGTGGG__0.47912896484187__11	2	6	17	8	8	8	8	17	8	13
CGGTGAGGTGGT__0.478907604974335__14	2	8	17	8	8	8	8	17	8	8
TTGTGGCGGGTG__0.478386491450843__16	9	6	17	8	45	25	2	13	8	17
CGATGACGTGCA__0.478286152335745__9	31	7	18	8	8	8	8	17	13	13
AGGGGACGGGCG__0.477912948137682__10	8	13	13	5	8	8	2	13	45	25
TGGTTACGTGGT__0.477403541194122__11	8	8	6	20	6	8	8	17	8	8
CGGGGACGTGGC__0.47739777216771__12	2	13	13	5	8	8	8	17	8	45
AACTGACGTCAC__0.477311360605827__9	6	11	2	8	8	8	8	8	8	17
GGGGGACGGTGG__0.477122041455799__16	13	13	13	5	8	8	2	8	17	8
TACTGACGTCAC__0.47711806680749__9	6	11	2	8	8	8	8	8	8	17
AGGTGAGGTGGG__0.476988260567313__16	8	8	17	8	8	8	8	17	8	13
TGGCTACGTGGC__0.476617971597384__10	8	45	25	18	6	8	8	17	8	45
GGTCGCCGTTTG__0.476251319210069__9	8	8	31	25	45	2	8	6	36	9
ACGTGGCATGTG__0.476247121080728__11	8	8	17	8	45	13	18	18	6	17
GAGTGAGGGGGA__0.476175275751075__12	8	11	17	8	8	8	13	13	13	5
ACGTGGCATTAT__0.475989905239898__12	8	8	17	8	45	13	18	30	20	13
GGGAGGCGTGGG__0.475849565205599__18	13	5	8	8	45	25	8	17	8	13
CGGTGACGTAAC__0.47501750210725__12	2	8	17	8	8	8	8	6	20	6
GCGGGACGGGGT__0.474904711453869__9	25	2	13	5	8	8	2	13	13	8
GTGTTACGTGTA__0.474801053569359__12	17	6	6	20	6	8	8	17	6	6
GTGTTAGGTGGG__0.474792029760361__17	17	6	6	20	18	8	8	17	8	13
GTGCCACGTACA__0.474632452371688__13	17	13	45	8	17	8	8	6	6	6
GTGTGACGTTGT__0.474608226919282__11	17	6	17	8	8	8	8	6	9	6
CGGTGACGTCGC__0.474488465416415__10	2	8	17	8	8	8	8	8	31	25
GAGTGAGGGGGG__0.474369863882384__11	8	11	17	8	8	8	13	13	13	13
GTTTGAGGGGGG__0.474113448322032__14	6	36	9	8	8	8	13	13	13	13
TAGTGAGGGGGG__0.47384908411313__10	18	11	17	8	8	8	13	13	13	13
GCATGGGGTGGG__0.4738161338499__17	13	18	18	8	13	13	8	17	8	13
GGTCGCCGTATC__0.473755311741941__11	8	8	31	25	45	2	8	6	13	7
GGGGGAAGTGGG__0.473507894988725__20	13	13	13	5	12	6	11	17	8	13
GGGTGACGTAGA__0.473323411621464__14	13	8	17	8	8	8	8	6	18	9
TTGTGACGTATG__0.473263222036917__10	9	6	17	8	8	8	8	6	13	18
GGGTGACGTCGC__0.472911481397438__15	13	8	17	8	8	8	8	8	31	25
TTGTGGCGGGGG__0.472730571546367__17	9	6	17	8	45	25	2	13	13	13
TGATGACGTGCA__0.472525497807387__10	8	7	18	8	8	8	8	17	13	13
GGGCGACGTGGT__0.47245494023348__9	13	45	25	31	8	8	8	17	8	8
GTGTGGCGGGAG__0.472246238444497__20	17	6	17	8	45	25	2	13	5	8
GGGTGACGTAGT__0.472037313134306__13	13	8	17	8	8	8	8	6	18	11
GCGGGACGGGAG__0.471550453558394__9	25	2	13	5	8	8	2	13	5	8
TGGTGACGTTTT__0.471246944025074__10	8	8	17	8	8	8	8	6	36	36
GGGTGACGTATT__0.471018310826252__14	13	8	17	8	8	8	8	6	13	30
GGATGACGTGCG__0.470971573446129__9	5	7	18	8	8	8	8	17	13	25
TGGTGACGTGAG__0.470910271610688__10	8	8	17	8	8	8	8	17	8	8
GTGGGACGTGGC__0.47073797832255__15	17	8	13	5	8	8	8	17	8	45
TGGTGACGTCGA__0.470190101751675__11	8	8	17	8	8	8	8	8	31	31
AGGTGACGTATA__0.470032289340918__11	8	8	17	8	8	8	8	6	13	13
GTGTGAAGGTGG__0.469988831005584__12	17	6	17	8	12	6	8	8	17	8
GTGTGAGGTGGA__0.469878861526302__20	17	6	17	8	8	8	8	17	8	5
GGGTGACGTAGC__0.469772946675992__14	13	8	17	8	8	8	8	6	18	25
GGGTGACGTATC__0.469561316590256__14	13	8	17	8	8	8	8	6	13	7
GGTCGCCGTATT__0.46926564657509__10	8	8	31	25	45	2	8	6	13	30
GGCTGACGTCAT__0.469050029326504__9	45	25	2	8	8	8	8	8	8	18
GTGTGACGTAAC__0.469025496646883__15	17	6	17	8	8	8	8	6	20	6
GGAGGGCGTGGT__0.468732933960396__19	5	8	8	13	45	25	8	17	8	8
GGAGGACGTGGA__0.468619557343354__10	5	8	8	5	8	8	8	17	8	5
GTGCGACGTGGA__0.468109943340981__9	17	13	25	31	8	8	8	17	8	5
TTGTGACGTTGC__0.468067018751605__10	9	6	17	8	8	8	8	6	9	13
AGGTGACGTTGC__0.467591147741094__10	8	8	17	8	8	8	8	6	9	13
ATGTGACGTATA__0.467487538181316__9	18	6	17	8	8	8	8	6	13	13
GGTTGTCGGGGG__0.467386217791906__12	8	6	9	6	8	31	2	13	13	13
GGTTGACGTGTT__0.467349111729971__11	8	6	9	8	8	8	8	17	6	6
GGGTCACGTGGC__0.467248436411172__9	13	8	8	8	17	8	8	17	8	45
ACGTGGCATGCG__0.46719561929805__12	8	8	17	8	45	13	18	18	13	25
TGGTTACGTGTA__0.467172875360808__11	8	8	6	20	6	8	8	17	6	6
GAGTGATGGGGA__0.467117248208117__9	8	11	17	8	7	18	8	13	13	5
TGGTGACGTAAA__0.467090386815217__13	8	8	17	8	8	8	8	6	20	36
GTGTGACGTTGA__0.466940858995415__11	17	6	17	8	8	8	8	6	9	8
GTGGGACGGGCG__0.466935635325385__12	17	8	13	5	8	8	2	13	45	25
GGATAAGGTGGG__0.466935109488455__9	5	7	13	20	6	8	8	17	8	13
GCGTGAGGTGGT__0.466668419350943__14	25	8	17	8	8	8	8	17	8	8
GGATGACGTATA__0.466544097138058__10	5	7	18	8	8	8	8	6	13	13
ACGTGGCGTTGC__0.46639893589692__9	8	8	17	8	45	25	8	6	9	13
GGGTGAAGGGGT__0.46586143754934__12	13	8	17	8	12	6	8	13	13	8
GAGTGAGGGGGT__0.465679440696228__11	8	11	17	8	8	8	13	13	13	8
GCGGGAGGTGGG__0.465467223372229__17	25	2	13	5	8	8	8	17	8	13
CCTCCACGTACC__0.465411591019659__11	8	8	5	8	17	8	8	6	6	8
GGGTGACGTCAG__0.464954263642551__12	13	8	17	8	8	8	8	8	8	2
TGGGGACGTGGT__0.464885203065053__13	8	13	13	5	8	8	8	17	8	8
GTGTAAGGTGGT__0.464861787497631__13	17	6	6	20	6	8	8	17	8	8
GTGTTACGTGGT__0.464581225675542__10	17	6	6	20	6	8	8	17	8	8
CATTGACGTCAC__0.464388857710386__9	18	30	9	8	8	8	8	8	8	17
TTGGGAAGTGGG__0.464169099585195__11	9	8	13	5	12	6	11	17	8	13
GGGTGACGTTGG__0.464132583545236__11	13	8	17	8	8	8	8	6	9	8
AGTTGAGGGGGT__0.464112189961356__10	11	6	9	8	8	8	13	13	13	8
TTGGGACGGGTG__0.4639022213095__9	9	8	13	5	8	8	2	13	8	17
TTGTGACGTAGC__0.4638369132142__10	9	6	17	8	8	8	8	6	18	25
GGGTGAAGGTGG__0.463480316942666__13	13	8	17	8	12	6	8	8	17	8
TGGTGACGCGGA__0.463384510779482__11	8	8	17	8	8	8	25	25	2	5
GTGGGACGGGGT__0.463333717729121__11	17	8	13	5	8	8	2	13	13	8
TAATGACGTAAC__0.46331160627212__9	20	30	18	8	8	8	8	6	20	6
GTTTGAGGTGGG__0.463141347908494__14	6	36	9	8	8	8	8	17	8	13
GCGGGACGGGGC__0.463055817966292__9	25	2	13	5	8	8	2	13	13	45
CCCTCCCGTACC__0.462964885252271__15	13	8	8	5	13	2	8	6	6	8
GAGTGACGTCGC__0.462958250319379__9	8	11	17	8	8	8	8	8	31	25
ACGTGGCGTATA__0.462777658317767__10	8	8	17	8	45	25	8	6	13	13
GGGTGGCGAGGG__0.462666863272276__24	13	8	17	8	45	25	31	8	8	13
ATGGGACGTGGC__0.462594462389679__10	18	8	13	5	8	8	8	17	8	45
AGGTGAGGTGGT__0.462589251194649__14	8	8	17	8	8	8	8	17	8	8
TGATGACGTGCC__0.462573062966036__10	8	7	18	8	8	8	8	17	13	45
CGGTTACGTGGC__0.462259164723899__9	2	8	6	20	6	8	8	17	8	45
TGTTGAGGTGGT__0.462246778289546__13	6	6	9	8	8	8	8	17	8	8
GGGTGGCGGGAG__0.461952051859313__23	13	8	17	8	45	25	2	13	5	8
ACGTGGCATTGG__0.461520458348825__9	8	8	17	8	45	13	18	30	9	8
GCGTGGCGGGGG__0.46143765266359__15	25	8	17	8	45	25	2	13	13	13
GATTGGGGTGGG__0.46134216284085__16	7	30	9	8	13	13	8	17	8	13
AGGTGTCGGGGG__0.460896062794586__9	8	8	17	6	8	31	2	13	13	13
TTGTGAGGGTGG__0.460328642936505__13	9	6	17	8	8	8	13	8	17	8
GGGTGGGGTGGT__0.46007328270789__45	13	8	17	8	13	13	8	17	8	8
GGATGACGTATC__0.459628225802969__9	5	7	18	8	8	8	8	6	13	7
GTGCCACGTATA__0.459602233758957__9	17	13	45	8	17	8	8	6	13	13
GGTGGACGGGGT__0.459452614765686__12	8	17	8	5	8	8	2	13	13	8
ACGTGGCATATT__0.458939243984171__11	8	8	17	8	45	13	18	13	13	30
GGTGCACGTGGC__0.458924469413384__9	8	17	13	13	17	8	8	17	8	45
ACGTGGCGTAGC__0.458798501998515__9	8	8	17	8	45	25	8	6	18	25
GGTGGTCGTGGG__0.458480153954529__16	8	17	8	8	8	31	8	17	8	13
GGGGGACGGGCG__0.458458486956526__14	13	13	13	5	8	8	2	13	45	25
GGCTGAGGTGGG__0.458364300376181__12	45	25	2	8	8	8	8	17	8	13
GGTTGAGGTGGG__0.457753942543941__17	8	6	9	8	8	8	8	17	8	13
GGGTGGCGGGGT__0.457578080973046__24	13	8	17	8	45	25	2	13	13	8
GTGGGAAGTGGG__0.457331041198424__13	17	8	13	5	12	6	11	17	8	13
AGTTGGGGTGGG__0.457233020809939__18	11	6	9	8	13	13	8	17	8	13
TGGTGTCGTGGG__0.457220013176963__11	8	8	17	6	8	31	8	17	8	13
TGGGGACGGGCG__0.457117920181136__11	8	13	13	5	8	8	2	13	45	25
AGGGGAGGTGGT__0.457013140720038__16	8	13	13	5	8	8	8	17	8	8
GTGTGATGGGGG__0.4569294417778__13	17	6	17	8	7	18	8	13	13	13
GTGGTACGTGGC__0.456893350098647__14	17	8	8	6	6	8	8	17	8	45
GGTTGACGTCAT__0.456846524836125__11	8	6	9	8	8	8	8	8	8	18
ACGTGGCATTTT__0.456820503732424__10	8	8	17	8	45	13	18	30	36	36
TTGTGAGGGGGG__0.456766031876244__13	9	6	17	8	8	8	13	13	13	13
GGCGGAAGTGGG__0.456675890606582__9	45	25	2	5	12	6	11	17	8	13
TTGTGACGTATT__0.456387654609636__9	9	6	17	8	8	8	8	6	13	30
GAGGGGCGTGGG__0.456327073875315__15	8	8	13	13	45	25	8	17	8	13
GGGTGACGGGGA__0.4558954363633__10	13	8	17	8	8	8	2	13	13	5
AGGTGACGTGCA__0.45580524403683__11	8	8	17	8	8	8	8	17	13	13
GGGTGAGGGGAG__0.455314283972334__20	13	8	17	8	8	8	13	13	5	8
GGGTGGGGTAGG__0.455088505746629__43	13	8	17	8	13	13	8	6	18	8
TGGTGAGGTGGT__0.454997267428785__17	8	8	17	8	8	8	8	17	8	8
GTGTGACGTTTG__0.454929807679658__9	17	6	17	8	8	8	8	6	36	9
GAGTGGCGGGTG__0.454928213483963__11	8	11	17	8	45	25	2	13	8	17
GGGGGATGTGGG__0.454469956958303__21	13	13	13	5	7	18	6	17	8	13
GCGTGGGGTGGG__0.454442399910335__24	25	8	17	8	13	13	8	17	8	13
GGATTACGTGGC__0.453800429303541__9	5	7	30	20	6	8	8	17	8	45
TTGGGACGTGGA__0.453792796054639__10	9	8	13	5	8	8	8	17	8	5
GGGGGACGTGGT__0.453777089816537__15	13	13	13	5	8	8	8	17	8	8
ACGTGGCGCTGT__0.45356739105376__9	8	8	17	8	45	25	25	25	2	6
TGGGGACGTGGG__0.453295508508688__11	8	13	13	5	8	8	8	17	8	13
ACGTGGCGCTAT__0.453147245498335__9	8	8	17	8	45	25	25	25	18	13
TAGTGAGGGGGA__0.452913934639078__9	18	11	17	8	8	8	13	13	13	5
CAGTGACGTAAC__0.45260873301316__9	2	11	17	8	8	8	8	6	20	6
TGGTGACGTGCT__0.452533988257402__10	8	8	17	8	8	8	8	17	13	25
ACGTGGCGTACG__0.452525549466572__9	8	8	17	8	45	25	8	6	6	8
AGGTGGCGGGGG__0.452491366370737__14	8	8	17	8	45	25	2	13	13	13
CTGTGGCGGGGG__0.452357791158302__9	2	6	17	8	45	25	2	13	13	13
GTGTGACGTAAT__0.452352747034742__11	17	6	17	8	8	8	8	6	20	30
CAGTGGGGTGGG__0.452263708454969__13	2	11	17	8	13	13	8	17	8	13
TAGGGAGGTGGG__0.452232280172531__12	18	8	13	5	8	8	8	17	8	13
CTGCCACGTACC__0.452075562022708__10	2	13	45	8	17	8	8	6	6	8
GAGTGTGGTGGT__0.45198535029313__15	8	11	17	6	17	8	8	17	8	8
TGGTGATGTGGA__0.451835998223498__13	8	8	17	8	7	18	6	17	8	5
TGTTGAGGTGGG__0.451761334870464__12	6	6	9	8	8	8	8	17	8	13
GTGTGACACGTG__0.451630563480681__11	17	6	17	8	8	6	17	8	8	17
ACGTGGCATGGA__0.451160386917781__9	8	8	17	8	45	13	18	18	8	5
GGGGGACGAGGG__0.450823140022404__12	13	13	13	5	8	8	31	8	8	13
CGGTGGCGGGGG__0.450815168225059__13	2	8	17	8	45	25	2	13	13	13
GTGGGAGGTGGT__0.450562254792028__22	17	8	13	5	8	8	8	17	8	8
TTGTGGGGTGGG__0.450477397763885__24	9	6	17	8	13	13	8	17	8	13
TTGTGACACGTG__0.450420599774807__9	9	6	17	8	8	6	17	8	8	17
GGGTGGGGTGTG__0.450048632984071__39	13	8	17	8	13	13	8	17	6	17
GGCTGACGTCAC__0.449738335584067__10	45	25	2	8	8	8	8	8	8	17
CGGTGAGGTGGG__0.449658105995244__11	2	8	17	8	8	8	8	17	8	13
CCCTGACCCCCC__0.449585508274296__38	13	8	2	8	8	8	13	13	13	13
GGGTAACGTGGA__0.449571604517827__9	13	8	6	20	6	8	8	17	8	5
GTGTGCGGTGGG__0.449257248224494__19	17	6	17	13	25	2	8	17	8	13
GGCTGAGGGGGG__0.448418390475293__10	45	25	2	8	8	8	13	13	13	13
GTGTGTCGTGTA__0.448258366838361__11	17	6	17	6	8	31	8	17	6	6
GTGTGACGTCGC__0.448223834073667__11	17	6	17	8	8	8	8	8	31	25
GAGTGAGGTGGC__0.447695936006167__10	8	11	17	8	8	8	8	17	8	45
GGGTTACGTGGA__0.447582080174438__11	13	8	6	20	6	8	8	17	8	5
GGGGGACGGGTT__0.447475675023836__13	13	13	13	5	8	8	2	13	8	6
GTGCGAGGTGGG__0.447336383023761__12	17	13	25	31	8	8	8	17	8	13
AGGTGAGGTGGA__0.446719519961716__12	8	8	17	8	8	8	8	17	8	5
TTTTGGGGTGGG__0.446453055147344__17	36	36	9	8	13	13	8	17	8	13
GGGTGGCGCGGG__0.446440610372618__22	13	8	17	8	45	25	25	25	2	13
GGTGGATGTGGG__0.446358563448108__15	8	17	8	5	7	18	6	17	8	13
GGGTGAGGTGGC__0.44590580601737__21	13	8	17	8	8	8	8	17	8	45
TAGTGACGTAAC__0.445842114240171__9	18	11	17	8	8	8	8	6	20	6
ACGTGGCATGAG__0.445743184063646__9	8	8	17	8	45	13	18	18	8	8
CGTTGACGTCAC__0.444794358236283__9	8	6	9	8	8	8	8	8	8	17
GTGGGACGGGTT__0.444782017358229__10	17	8	13	5	8	8	2	13	8	6
GGTTGGCGGGGG__0.444424171109936__16	8	6	9	8	45	25	2	13	13	13
TGGTGACGTACG__0.444415895318986__9	8	8	17	8	8	8	8	6	6	8
TGGTGATGGTGG__0.444278877416508__12	8	8	17	8	7	18	8	8	17	8
TGGTGATGTGTT__0.444252867384251__12	8	8	17	8	7	18	6	17	6	6
TGGTGGCGGGTG__0.443899514384739__15	8	8	17	8	45	25	2	13	8	17
ACGTGGCATGCT__0.443826545798217__10	8	8	17	8	45	13	18	18	13	25
GTGTGAGGGGGA__0.443795420806867__16	17	6	17	8	8	8	13	13	13	5
TGGTGAGGTGGA__0.44343478782979__15	8	8	17	8	8	8	8	17	8	5
TTGTGATGTGGG__0.443209588435497__9	9	6	17	8	7	18	6	17	8	13
CTGTGGGGTGGG__0.443034652889241__14	2	6	17	8	13	13	8	17	8	13
TGGTGACGCGGC__0.442882219548672__10	8	8	17	8	8	8	25	25	2	45
GGTAGAGGTGGG__0.442822800381406__10	8	6	18	9	8	8	8	17	8	13
GTGTGACGTATC__0.442654752597559__10	17	6	17	8	8	8	8	6	13	7
TTTGGAGGTGGG__0.44264304804765__13	36	9	8	5	8	8	8	17	8	13
AGATGGGGTGGG__0.442514425986064__10	9	7	18	8	13	13	8	17	8	13
TGATGGCGTGGC__0.442497854735514__9	8	7	18	8	45	25	8	17	8	45
GGGTGACGTAAG__0.442391556832067__10	13	8	17	8	8	8	8	6	20	6
GTGGGACGTGGA__0.441634022662098__11	17	8	13	5	8	8	8	17	8	5
GGGTGACGTAAT__0.441612148382738__11	13	8	17	8	8	8	8	6	20	30
TGGGGACGGGGT__0.441418512651797__9	8	13	13	5	8	8	2	13	13	8
GGTTGAGGGGAG__0.441356816508746__13	8	6	9	8	8	8	13	13	5	8
GGGTGACACGTG__0.440947740470906__11	13	8	17	8	8	6	17	8	8	17
GCGTGGCGGGGT__0.440790346356818__12	25	8	17	8	45	25	2	13	13	8
CCCCGACCTTCC__0.44068923371422__10	13	13	2	31	8	8	8	6	12	5
GTGTGACGTGCG__0.440513261528969__9	17	6	17	8	8	8	8	17	13	25
AGGTGTGGTGGG__0.440309005902214__16	8	8	17	6	17	8	8	17	8	13
ATGGGAGGTGGT__0.440168944361336__12	18	8	13	5	8	8	8	17	8	8
GCGTGACGTAAC__0.440146303751675__10	25	8	17	8	8	8	8	6	20	6
TGGGGACGGGTG__0.440142018203312__9	8	13	13	5	8	8	2	13	8	17
GTGTGGCGGGCG__0.440083420452397__16	17	6	17	8	45	25	2	13	45	25
TGGTGACACGTG__0.439959496858392__9	8	8	17	8	8	6	17	8	8	17
AGGTGAGGTGGC__0.439654040655976__12	8	8	17	8	8	8	8	17	8	45
GTGCCACGTACC__0.43937287182122__11	17	13	45	8	17	8	8	6	6	8
GTGCGAGGTGGT__0.439066888680296__11	17	13	25	31	8	8	8	17	8	8
GGGTGGGGTGGA__0.438729881706452__36	13	8	17	8	13	13	8	17	8	5
GTGTGAGGTGTA__0.438628951724122__15	17	6	17	8	8	8	8	17	6	6
GTGTGGCGGGGT__0.438498377337196__16	17	6	17	8	45	25	2	13	13	8
GTATGAGGTGGG__0.438452812675112__9	6	13	18	8	8	8	8	17	8	13
AAGTGGTGTGGG__0.438393959107484__10	6	11	17	8	8	17	6	17	8	13
GTGTGCGGTGGT__0.438365769467197__17	17	6	17	13	25	2	8	17	8	8
GTGTGACGTATG__0.438210690466593__9	17	6	17	8	8	8	8	6	13	18
GGTTGACGTGTA__0.437343242165193__9	8	6	9	8	8	8	8	17	6	6
GAGTGGGGTGGT__0.437137813090039__17	8	11	17	8	13	13	8	17	8	8
TAATGGGGTGGG__0.436943039245998__9	20	30	18	8	13	13	8	17	8	13
GTGTGTGGTGGG__0.436896934997474__21	17	6	17	6	17	8	8	17	8	13
GGGTGACGTAAC__0.436193894613313__12	13	8	17	8	8	8	8	6	20	6
TTTTGGTGTGGG__0.435820552580462__13	36	36	9	8	8	17	6	17	8	13
GCCTGGGGTGGG__0.435451090659566__10	45	8	2	8	13	13	8	17	8	13
GGGGGACGGGGA__0.435354078241181__11	13	13	13	5	8	8	2	13	13	5
ACGTGGCGTAAA__0.435255866229211__9	8	8	17	8	45	25	8	6	20	36
GCATGTGGTGGG__0.434888383095545__10	13	18	18	6	17	8	8	17	8	13
GGGTGACGTTTC__0.4347350816386__10	13	8	17	8	8	8	8	6	36	12
GCGGGATGTGGG__0.434619891325736__10	25	2	13	5	7	18	6	17	8	13
TGATGGGGTGGG__0.434462453760403__13	8	7	18	8	13	13	8	17	8	13
GGGTGACGTGCC__0.434422666716376__12	13	8	17	8	8	8	8	17	13	45
TGGGGAGGTGGT__0.43421825898403__19	8	13	13	5	8	8	8	17	8	8
GTAGGAGGTGGG__0.434116763791573__10	6	18	8	5	8	8	8	17	8	13
TGGTGAGGGGGT__0.434072770682482__14	8	8	17	8	8	8	13	13	13	8
CGGTGGCGGGTG__0.433922182201378__10	2	8	17	8	45	25	2	13	8	17
GGGTGAGGGGGA__0.433525886704944__18	13	8	17	8	8	8	13	13	13	5
ACGTGGCGCATA__0.432768856315005__9	8	8	17	8	45	25	25	13	18	13
GGTGGACGTGGT__0.43273303858938__11	8	17	8	5	8	8	8	17	8	8
GGGTTAGGTGGG__0.432500589675863__15	13	8	6	20	18	8	8	17	8	13
AAGTGGGGTGGG__0.432421524488509__12	6	11	17	8	13	13	8	17	8	13
AGTGGAGGTGGT__0.432260172161637__10	11	17	8	5	8	8	8	17	8	8
GGATGTGGTGGG__0.432240674686779__13	5	7	18	6	17	8	8	17	8	13
GTGTGAGGGGTG__0.432239271644221__14	17	6	17	8	8	8	13	13	8	17
ATGTGGCGGGGG__0.431797464140207__9	18	6	17	8	45	25	2	13	13	13
GGGTGAGGGTGT__0.431649363911469__16	13	8	17	8	8	8	13	8	17	6
GGGGGACGCGGG__0.431005970554802__12	13	13	13	5	8	8	25	25	2	13
TGTTGAGGGGGG__0.430403760435739__9	6	6	9	8	8	8	13	13	13	13
GTTTGGGGTGGG__0.430209835806383__19	6	36	9	8	13	13	8	17	8	13
TGTTGGGGTGGG__0.43018654810485__19	6	6	9	8	13	13	8	17	8	13
CCCTGCCCTACC__0.430116137537463__20	13	8	2	13	45	13	8	18	6	8
GTGTGAGGTGTC__0.430016015428847__14	17	6	17	8	8	8	8	17	6	8
TTGTGAGGGGGT__0.43000750206119__11	9	6	17	8	8	8	13	13	13	8
GGGTGTCGGGGT__0.429595312091871__11	13	8	17	6	8	31	2	13	13	8
GCGTGGCGTTTT__0.429145769711822__10	25	8	17	8	45	25	8	6	36	36
GGGTGTAGTGGG__0.428766755590143__13	13	8	17	6	6	18	11	17	8	13
GCGTGAGGTGGG__0.427884870309242__10	25	8	17	8	8	8	8	17	8	13
GGGTGATGGGCG__0.427819253743465__14	13	8	17	8	7	18	8	13	45	25
ACGTGGCGTACA__0.427627996419998__9	8	8	17	8	45	25	8	6	6	6
CGTGGAGGTTGG__0.427502182739124__9	8	17	8	5	8	8	8	6	9	8
CGTTGGTGTGGG__0.427176602652465__10	8	6	9	8	8	17	6	17	8	13
GGGGGACGTGGG__0.426466000843162__11	13	13	13	5	8	8	8	17	8	13
GGGGGACGGGTA__0.42623064783901__11	13	13	13	5	8	8	2	13	8	6
GGTTGAGGTGGC__0.425901293512008__13	8	6	9	8	8	8	8	17	8	45
GGTTGACACGTG__0.425637822500332__9	8	6	9	8	8	6	17	8	8	17
ACGTGGCATAAA__0.425227320684926__9	8	8	17	8	45	13	18	13	20	36
GTGTGAGGTGAG__0.425145628611779__14	17	6	17	8	8	8	8	17	8	8
TGTGGACGTGGA__0.42502434692553__9	6	17	8	5	8	8	8	17	8	5
GTGTGTCGTGGC__0.424891916968129__9	17	6	17	6	8	31	8	17	8	45
GGGTGGCGGCGG__0.424814958491873__15	13	8	17	8	45	25	2	45	25	2
GAGTGGCGGGGA__0.424572467744364__9	8	11	17	8	45	25	2	13	13	5
GAGTGTTGTGGT__0.424450160004998__9	8	11	17	6	6	9	6	17	8	8
GTGTGAGGTTGG__0.424083084233442__13	17	6	17	8	8	8	8	6	9	8
GGTTGAGGGTTG__0.424025462648142__12	8	6	9	8	8	8	13	8	6	9
GGGTGATGTGGC__0.423997317335769__13	13	8	17	8	7	18	6	17	8	45
GGGTGACGTACG__0.423803176455287__9	13	8	17	8	8	8	8	6	6	8
CGGTGAGGTGGC__0.423573868928156__9	2	8	17	8	8	8	8	17	8	45
GGTTGAGGGTGG__0.423556348045737__11	8	6	9	8	8	8	13	8	17	8
ACGTGGCGCACA__0.423270159967598__10	8	8	17	8	45	25	25	13	17	6
AGGGGGCGTGGG__0.422961137936121__13	8	13	13	13	45	25	8	17	8	13
GGATGGGGTTGG__0.422655792910391__15	5	7	18	8	13	13	8	6	9	8
GGTTGTGGTGGG__0.42238890861319__17	8	6	9	6	17	8	8	17	8	13
GTATGTGGTGGG__0.422309175562311__11	6	13	18	6	17	8	8	17	8	13
ACGTGGGGTGGG__0.422142719883355__9	8	8	17	8	13	13	8	17	8	13
GGGTGACGCGGC__0.42206260596256__10	13	8	17	8	8	8	25	25	2	45
TGGGGATGTGGG__0.421765941263829__12	8	13	13	5	7	18	6	17	8	13
GTGGGGCGTGGG__0.421416113166852__17	17	8	13	13	45	25	8	17	8	13
GCGTGGCGTTTG__0.421288799750234__9	25	8	17	8	45	25	8	6	36	9
AGGGGATGTGTG__0.421103592860285__9	8	13	13	5	7	18	6	17	6	17
TGGTGATGGGGG__0.420480474272236__9	8	8	17	8	7	18	8	13	13	13
GGTTGAGGGAGG__0.420106641723934__11	8	6	9	8	8	8	13	5	8	8
GGAGGAGGTGGG__0.42003270417115__10	5	8	8	5	8	8	8	17	8	13
TGGTGAGGGGAG__0.419425753761963__11	8	8	17	8	8	8	13	13	5	8
GTGTGAGGGAGG__0.419415385363218__12	17	6	17	8	8	8	13	5	8	8
GCGGGGCGTGGG__0.419336753682523__12	25	2	13	13	45	25	8	17	8	13
GTGGGAGGTGGA__0.419097663146862__16	17	8	13	5	8	8	8	17	8	5
GGTTGGGGTGGT__0.419021152784628__22	8	6	9	8	13	13	8	17	8	8
GGGTGTCGTGGT__0.418824176828101__10	13	8	17	6	8	31	8	17	8	8
GTGTGAGGGGGC__0.418652838585752__13	17	6	17	8	8	8	13	13	13	45
GCGTGCGGTGGG__0.418138266228962__10	25	8	17	13	25	2	8	17	8	13
TTGTGAGGGGGC__0.417751471214128__10	9	6	17	8	8	8	13	13	13	45
GGTGGGCGTGGA__0.417610057630805__19	8	17	8	13	45	25	8	17	8	5
GTGTGATGTGGA__0.417496027380988__10	17	6	17	8	7	18	6	17	8	5
TGGTTAGGTGGT__0.417416188225113__10	8	8	6	20	18	8	8	17	8	8
GGTGGGCGTGGC__0.41671910495968__19	8	17	8	13	45	25	8	17	8	45
CCCTGACCCTCC__0.41670674130393__14	13	8	2	8	8	8	13	8	8	5
GGGAGAGGTGGC__0.416603717871697__11	13	5	8	9	8	8	8	17	8	45
GGGTGAGGTGTG__0.416453518845532__15	13	8	17	8	8	8	8	17	6	17
GGGTGACGTATA__0.416443996496441__9	13	8	17	8	8	8	8	6	13	13
TGGTGAGGGAGG__0.416245588586462__11	8	8	17	8	8	8	13	5	8	8
GGGGGAGGTGGT__0.416217066489632__21	13	13	13	5	8	8	8	17	8	8
TGGTGGCGTGGG__0.415918828957895__12	8	8	17	8	45	25	8	17	8	13
GTGTGATGTGGT__0.415918784439646__9	17	6	17	8	7	18	6	17	8	8
GTGTGAGGTGTT__0.41585261375577__12	17	6	17	8	8	8	8	17	6	6
GGGTGATGGAGG__0.415723950698519__12	13	8	17	8	7	18	8	5	8	8
CCCCGACCTCCC__0.415116155474266__12	13	13	2	31	8	8	8	8	5	13
GGGTGATGGGTG__0.414810062679315__12	13	8	17	8	7	18	8	13	8	17
GAGTGGTGTGGG__0.414608389724009__11	8	11	17	8	8	17	6	17	8	13
AGGTGGCGGTGG__0.414587843605853__9	8	8	17	8	45	25	2	8	17	8
GTGTGAGGTGCG__0.41444064491401__12	17	6	17	8	8	8	8	17	13	25
GGAGGAGGTGTG__0.413848331854101__9	5	8	8	5	8	8	8	17	6	17
GGGGGGCGTTGG__0.413816853813417__18	13	13	13	13	45	25	8	6	9	8
GGGTGACGTCAA__0.413719355561744__9	13	8	17	8	8	8	8	8	8	9
GTGTGAGGGTAG__0.413292865657272__11	17	6	17	8	8	8	13	8	6	18
GGGCGAGGTGTG__0.413187974014207__9	13	45	25	31	8	8	8	17	6	17
GCGGGAGGTGTG__0.412887464933738__10	25	2	13	5	8	8	8	17	6	17
GGTGGAGGTGTG__0.412640539060852__14	8	17	8	5	8	8	8	17	6	17
GTGTGGGGTGTG__0.412575976263429__21	17	6	17	8	13	13	8	17	6	17
CGTTGGGGTGGG__0.412513511364516__11	8	6	9	8	13	13	8	17	8	13
TTGTGTGGTGGT__0.412314547799653__13	9	6	17	6	17	8	8	17	8	8
TGGTGTGGTGGG__0.412076172988781__17	8	8	17	6	17	8	8	17	8	13
AGGTGGTGTGGG__0.412007750796738__13	8	8	17	8	8	17	6	17	8	13
GGGTGAGGGGGC__0.411910726093033__15	13	8	17	8	8	8	13	13	13	45
CCCTGACCCACC__0.411535798634767__22	13	8	2	8	8	8	13	8	17	8
GTATGTGGTGGC__0.411238409193316__10	6	13	18	6	17	8	8	17	8	45
AGGTGCGGTGGG__0.41112797762777__10	8	8	17	13	25	2	8	17	8	13
TGTTGGCGGGGG__0.410958239109646__9	6	6	9	8	45	25	2	13	13	13
GTGTTGCGTGGC__0.410825702401607__12	17	6	6	9	13	25	8	17	8	45
GTGTGGAGTGGG__0.410352402298009__11	17	6	17	8	5	8	11	17	8	13
GGGTGGCGGGCG__0.410297809600533__15	13	8	17	8	45	25	2	13	45	25
TGCTGGGGTGGG__0.410239678968359__11	13	25	2	8	13	13	8	17	8	13
GGTTGCGGTGGG__0.409720286809704__12	8	6	9	13	25	2	8	17	8	13
CGATGACGCAAC__0.409422859293826__9	31	7	18	8	8	8	25	13	9	6
GAGGGAGGTGTG__0.409216739057112__9	8	8	13	5	8	8	8	17	6	17
TGGTGGCGTGGC__0.408931283063406__12	8	8	17	8	45	25	8	17	8	45
ACGTGGCATCCT__0.408916027656792__9	8	8	17	8	45	13	18	7	5	8
GCTTGGGGTGGG__0.40858674560166__11	25	6	9	8	13	13	8	17	8	13
GGGGGATGTAGG__0.40828800648224__15	13	13	13	5	7	18	6	6	18	8
ATGGGAGGTGGG__0.408283107800197__9	18	8	13	5	8	8	8	17	8	13
TGGTGAGTTGGT__0.408244773765542__9	8	8	17	8	8	11	6	9	8	8
GTTGGAGGTGGT__0.40784831852979__11	6	9	8	5	8	8	8	17	8	8
GGGTGAGGTGGA__0.407776463422237__14	13	8	17	8	8	8	8	17	8	5
GTGTGAGGGGTT__0.407347410735129__11	17	6	17	8	8	8	13	13	8	6
GGGTAAGGTTGT__0.40691443211334__9	13	8	6	20	6	8	8	6	9	6
GGGTGGCGGGGA__0.406297388287012__15	13	8	17	8	45	25	2	13	13	5
GTGTTAGGTGGT__0.406257679564822__9	17	6	6	20	18	8	8	17	8	8
GGGTGTCGTGTA__0.406241595676881__9	13	8	17	6	8	31	8	17	6	6
GTGTGAGGTAGG__0.405397509284903__11	17	6	17	8	8	8	8	6	18	8
GTTTGTGGTGGG__0.405147816938174__12	6	36	9	6	17	8	8	17	8	13
GGGGGGCGTGGA__0.404778288245127__19	13	13	13	13	45	25	8	17	8	5
GGGTGCTGTGGG__0.40466752198146__10	13	8	17	13	25	2	6	17	8	13
GGGTGCAGTGGG__0.404274492622342__9	13	8	17	13	13	2	11	17	8	13
TGGGGGCGTGGG__0.404244159906592__14	8	13	13	13	45	25	8	17	8	13
GGTGGTCGTGTT__0.404129122720749__10	8	17	8	8	8	31	8	17	6	6
GTGTGAGGGGAG__0.403795982760488__10	17	6	17	8	8	8	13	13	5	8
GGTGGTCGTTGG__0.403764199348482__10	8	17	8	8	8	31	8	6	9	8
GGTGGACGTGGC__0.403727286430379__9	8	17	8	5	8	8	8	17	8	45
GGGTGAGGGGCG__0.40369141635247__13	13	8	17	8	8	8	13	13	45	25
TGGTGAGGGGCG__0.403531704562558__10	8	8	17	8	8	8	13	13	45	25
TGTGGAGGTGGG__0.403313990387004__11	6	17	8	5	8	8	8	17	8	13
GGGTGAGGGGTT__0.403126303744961__13	13	8	17	8	8	8	13	13	8	6
GGCGGAGGTGGG__0.403024307597052__9	45	25	2	5	8	8	8	17	8	13
TGGTGAGGTTGG__0.402759094701316__10	8	8	17	8	8	8	8	6	9	8
GGGTGAGGTTGG__0.402351602075069__13	13	8	17	8	8	8	8	6	9	8
GGGTGATGGGTA__0.402113827653113__11	13	8	17	8	7	18	8	13	8	6
TTGTGGGGTGGT__0.402051442357888__15	9	6	17	8	13	13	8	17	8	8
TGGTTGCGTGGT__0.40204405283609__10	8	8	6	9	13	25	8	17	8	8
GGGGGACGTGTC__0.401899180752661__10	13	13	13	5	8	8	8	17	6	8
GGTGGTCGTTGT__0.401710866713395__10	8	17	8	8	8	31	8	6	9	6
TAGTGGGGTGGG__0.401544997417321__11	18	11	17	8	13	13	8	17	8	13
GGGGGACATGGG__0.401459649584597__11	13	13	13	5	8	6	18	18	8	13
CGGGGAGGTGTG__0.400802635921298__9	2	13	13	5	8	8	8	17	6	17
GGGGGAAGTGTT__0.4004850524247__11	13	13	13	5	12	6	11	17	6	6
GGGGTACGTGGC__0.400397179744281__9	13	13	8	6	6	8	8	17	8	45
GTGGGAGGTGCG__0.400234085587252__13	17	8	13	5	8	8	8	17	13	25
TGGTGAGGGGGA__0.400184503287477__10	8	8	17	8	8	8	13	13	13	5
GTGGGTCGTGTG__0.399935101564873__9	17	8	13	8	8	31	8	17	6	17
GGTGGAGGTGGG__0.39973264989524__13	8	17	8	5	8	8	8	17	8	13
TATTGGGGTGGG__0.399415872209516__9	13	30	9	8	13	13	8	17	8	13
TGGGGAGGTGTG__0.399383676989394__13	8	13	13	5	8	8	8	17	6	17
GGGGGAGGTGTG__0.399371045087712__17	13	13	13	5	8	8	8	17	6	17
GTTTGTGGTGGT__0.397848063201029__11	6	36	9	6	17	8	8	17	8	8
GGGGGACGTGTT__0.397826884950867__9	13	13	13	5	8	8	8	17	6	6
TGGTTGCGTGGG__0.396910064702543__9	8	8	6	9	13	25	8	17	8	13
GGGTGTTGTGGG__0.396488527181854__13	13	8	17	6	6	9	6	17	8	13
GTGTGAGGGGTA__0.39646260553465__10	17	6	17	8	8	8	13	13	8	6
GGATGGTGTGGG__0.396399246624305__10	5	7	18	8	8	17	6	17	8	13
TGGTGGTGTGTG__0.39605728401558__14	8	8	17	8	8	17	6	17	6	17
GTGTGAGGTATG__0.395549297537935__10	17	6	17	8	8	8	8	6	13	18
TGTGGAGGTGGT__0.395054232816343__10	6	17	8	5	8	8	8	17	8	8
CCCTGACCCGCC__0.394985681108326__12	13	8	2	8	8	8	13	2	25	45
GTGTGACACGTA__0.394831380067144__9	17	6	17	8	8	6	17	8	8	6
GGGTGGCGGGTT__0.394768373986322__13	13	8	17	8	45	25	2	13	8	6
ATGTGGGGTGTG__0.394595040579753__10	18	6	17	8	13	13	8	17	6	17
CCATGCCCTCCC__0.394112457955367__17	8	18	18	13	45	13	8	8	5	13
GTGTGAGGGTGT__0.394046691284124__9	17	6	17	8	8	8	13	8	17	6
GGGTGAGGGTTG__0.393965060325313__12	13	8	17	8	8	8	13	8	6	9
GGGTGGGGTCGG__0.393946984855102__24	13	8	17	8	13	13	8	8	31	2
GGTGGGCGTTGG__0.393751566122547__13	8	17	8	13	45	25	8	6	9	8
TAGTGGGGTGGT__0.393473041720932__10	18	11	17	8	13	13	8	17	8	8
GGTTGAGGGGGA__0.393327120171735__9	8	6	9	8	8	8	13	13	13	5
GGTGGATGTGGT__0.392931280058191__9	8	17	8	5	7	18	6	17	8	8
GGCGGGCGTGGT__0.392882580582083__9	45	25	2	13	45	25	8	17	8	8
GGGTGGGGTGGC__0.392876845877989__24	13	8	17	8	13	13	8	17	8	45
TGGTGGCGTGGT__0.392599241362514__10	8	8	17	8	45	25	8	17	8	8
TGGTGAGGGGTG__0.392505019067209__9	8	8	17	8	8	8	13	13	8	17
GGTGGTCGTGGT__0.392377810480473__9	8	17	8	8	8	31	8	17	8	8
GTGGGAGGTGTT__0.392212514466044__12	17	8	13	5	8	8	8	17	6	6
GGGTTAGGTGGT__0.392066193594075__10	13	8	6	20	18	8	8	17	8	8
GGGTGGGGTTGT__0.391942628416171__23	13	8	17	8	13	13	8	6	9	6
ACGTGGCATCCC__0.391712310748116__10	8	8	17	8	45	13	18	7	5	13
GTGGGAGGTGTG__0.391479174301068__12	17	8	13	5	8	8	8	17	6	17
GTGGGATGTGGG__0.391242166155002__9	17	8	13	5	7	18	6	17	8	13
TGTTGGTGTTGG__0.390660593065736__10	6	6	9	8	8	17	6	6	9	8
GTGTGAGGAGGG__0.390532049882796__9	17	6	17	8	8	8	5	8	8	13
GGTTGGCGGGCG__0.39041161063466__9	8	6	9	8	45	25	2	13	45	25
GGGTGTGGTGGA__0.389327033547047__16	13	8	17	6	17	8	8	17	8	5
GTGTGGCGGGGA__0.389304698977614__10	17	6	17	8	45	25	2	13	13	5
GTGTGAGGGTGA__0.389304384875375__9	17	6	17	8	8	8	13	8	17	8
CGGGGGCGTGGG__0.389171659558323__9	2	13	13	13	45	25	8	17	8	13
TGTTGGTGTGGG__0.389131303963499__10	6	6	9	8	8	17	6	17	8	13
TGTGGAGGTGTT__0.388934277992593__9	6	17	8	5	8	8	8	17	6	6
GGTTGGTGTGGG__0.388858943822934__13	8	6	9	8	8	17	6	17	8	13
TGGTGGCGGTGG__0.388842307483911__9	8	8	17	8	45	25	2	8	17	8
GGGTGATGGGGA__0.388465751843702__9	13	8	17	8	7	18	8	13	13	5
GTGTGCGGTGTG__0.38833375674963__10	17	6	17	13	25	2	8	17	6	17
TGTGGAGGTGTG__0.388288675624573__9	6	17	8	5	8	8	8	17	6	17
GGTGGAGGTAGG__0.387712360756977__11	8	17	8	5	8	8	8	6	18	8
GTGTGAGGGGCG__0.38768440287088__9	17	6	17	8	8	8	13	13	45	25
GGGTGATGTGTT__0.387514783820039__9	13	8	17	8	7	18	6	17	6	6
GGAGGGCGTGGA__0.387226823892751__9	5	8	8	13	45	25	8	17	8	5
TTGGGGCGTGGG__0.38637734820195__9	9	8	13	13	45	25	8	17	8	13
TGGTGGCGGGCG__0.386339073745724__9	8	8	17	8	45	25	2	13	45	25
GTGTGGGGTGGT__0.386208023998138__17	17	6	17	8	13	13	8	17	8	8
GTGTGAGGTGCA__0.386149565521629__9	17	6	17	8	8	8	8	17	13	13
GTGTGGCGTGGA__0.386044876561855__10	17	6	17	8	45	25	8	17	8	5
GGGGGAGGTGGA__0.385634163716606__15	13	13	13	5	8	8	8	17	8	5
CGGGGGCGTGTA__0.385206019979512__9	2	13	13	13	45	25	8	17	6	6
GGTGGAGGTGGT__0.384673777839821__11	8	17	8	5	8	8	8	17	8	8
GGGTGAGGTGTC__0.384450617107922__11	13	8	17	8	8	8	8	17	6	8
GGGTGGAGTGTG__0.384272544219551__10	13	8	17	8	5	8	11	17	6	17
GGGTGGCGTGGT__0.384015439884077__12	13	8	17	8	45	25	8	17	8	8
GTGGGAGGTTGG__0.38357743359191__11	17	8	13	5	8	8	8	6	9	8
CCCTCACCTCCC__0.383561428514885__11	13	8	8	8	17	8	8	8	5	13
GGGTGGAGTGGT__0.383557230167905__10	13	8	17	8	5	8	11	17	8	8
GTGTGAGGGCGG__0.38348218207788__9	17	6	17	8	8	8	13	45	25	2
GTGGGATGTTGG__0.382557563114273__9	17	8	13	5	7	18	6	6	9	8
GGGGGAAGTGTG__0.382518969349755__9	13	13	13	5	12	6	11	17	6	17
GTGTGGCGTGGG__0.382176660307162__9	17	6	17	8	45	25	8	17	8	13
TGGGGAGGTGGA__0.381621618650341__11	8	13	13	5	8	8	8	17	8	5
GGGTGGTGTGTG__0.381600402693408__16	13	8	17	8	8	17	6	17	6	17
GGGGGTCGTGGG__0.38155449937342__9	13	13	13	8	8	31	8	17	8	13
TGGTGGGGTGGT__0.381490201471598__16	8	8	17	8	13	13	8	17	8	8
TGTTGGGGTGTG__0.381465865950406__11	6	6	9	8	13	13	8	17	6	17
GGGGGGCGTGGC__0.3813407737215__15	13	13	13	13	45	25	8	17	8	45
GTGTGTGGTGGT__0.381254628499736__12	17	6	17	6	17	8	8	17	8	8
AGGGGGCGTGGT__0.381073451083179__9	8	13	13	13	45	25	8	17	8	8
GGGGGAGGTTGG__0.380976154711404__14	13	13	13	5	8	8	8	6	9	8
TGGTGGGGTGTG__0.38041608214143__15	8	8	17	8	13	13	8	17	6	17
GGGGGATGTGTT__0.380307768777266__11	13	13	13	5	7	18	6	17	6	6
GGGTGAGGGTAA__0.380053989112838__10	13	8	17	8	8	8	13	8	6	20
GTGTGGCGGGAT__0.380016747868134__9	17	6	17	8	45	25	2	13	5	7
GGGTGGGGTGCG__0.379625371787446__22	13	8	17	8	13	13	8	17	13	25
GGGTGGCGGGTA__0.378954204532545__11	13	8	17	8	45	25	2	13	8	6
ATGTGGGGTGGG__0.378323880497331__9	18	6	17	8	13	13	8	17	8	13
GCGTGTGGTGGG__0.378307793288419__9	25	8	17	6	17	8	8	17	8	13
GGGTGAGGGAAG__0.377982894716769__10	13	8	17	8	8	8	13	5	12	6
CCCTGCCATCCC__0.37771403134115__11	13	8	2	13	45	8	18	7	5	13
GGGTGGGGTATG__0.377706578982905__20	13	8	17	8	13	13	8	6	13	18
GTTTGGGGTTGG__0.377669258166927__11	6	36	9	8	13	13	8	6	9	8
GGGGGGCGTGTG__0.377548949934839__14	13	13	13	13	45	25	8	17	6	17
GGGTGAGGGATG__0.377460157975977__10	13	8	17	8	8	8	13	5	7	18
AGGTGGTGTTGG__0.377380959474908__9	8	8	17	8	8	17	6	6	9	8
TGTTGGGGTGGT__0.376654879400557__11	6	6	9	8	13	13	8	17	8	8
CCCTTACCTCCC__0.376530838020069__10	13	8	6	20	6	8	8	8	5	13
GGTTGGTGTAGG__0.37564846205741__11	8	6	9	8	8	17	6	6	18	8
GGGTGGTGTAGG__0.375547503729485__15	13	8	17	8	8	17	6	6	18	8
GGTTGGGGTTGG__0.37533961173708__14	8	6	9	8	13	13	8	6	9	8
GTGGGGCGTGTG__0.375314246572209__11	17	8	13	13	45	25	8	17	6	17
GGGTGGGGTGAG__0.375287026922353__20	13	8	17	8	13	13	8	17	8	8
GTGGGAGGTGTA__0.374857547869728__10	17	8	13	5	8	8	8	17	6	6
GGATGGGGTGCG__0.374761899890538__10	5	7	18	8	13	13	8	17	13	25
TTGTGTGGTGGG__0.374760142580788__9	9	6	17	6	17	8	8	17	8	13
TGGGGAGGTGTT__0.374740500837541__10	8	13	13	5	8	8	8	17	6	6
GTGTGGCGTGGC__0.374285773846751__9	17	6	17	8	45	25	8	17	8	45
TGTGGGCGTGGT__0.374139131798487__9	6	17	8	13	45	25	8	17	8	8
GGCTGGGGTGGT__0.372811710353922__10	45	25	2	8	13	13	8	17	8	8
GGGTGGGGTGTA__0.372463119712924__18	13	8	17	8	13	13	8	17	6	6
TGGTGGGGTGGA__0.371924015870454__14	8	8	17	8	13	13	8	17	8	5
GAGTGGGGTGAG__0.371476027745363__9	8	11	17	8	13	13	8	17	8	8
GGATGGGGTGGT__0.371245793417479__9	5	7	18	8	13	13	8	17	8	8
GGTTGGGGTGGA__0.370279928292991__13	8	6	9	8	13	13	8	17	8	5
GGATGGGGTGAG__0.370223857079434__9	5	7	18	8	13	13	8	17	8	8
TGGTGGTGTGGG__0.37002411766827__11	8	8	17	8	8	17	6	17	8	13
CCGTGCCCTCCC__0.369559910915429__13	2	8	17	13	45	13	8	8	5	13
CGGTGGGGTTGG__0.36870905114297__10	2	8	17	8	13	13	8	6	9	8
TTGTGGGGTGTT__0.368689909145827__10	9	6	17	8	13	13	8	17	6	6
GGGTGGCGTTGT__0.368268079903049__9	13	8	17	8	45	25	8	6	9	6
GGTTGGTGTGTG__0.366847654711864__10	8	6	9	8	8	17	6	17	6	17
GGGTGAGGTGTA__0.366689196806913__9	13	8	17	8	8	8	8	17	6	6
GGTGGGCGTAGG__0.3662526928008__10	8	17	8	13	45	25	8	6	18	8
GTGGGAGGTTGT__0.366109442917645__9	17	8	13	5	8	8	8	6	9	6
GTGTGTGGTTGG__0.36502776569014__10	17	6	17	6	17	8	8	6	9	8
GGTTGGGGTGTG__0.364862245125414__12	8	6	9	8	13	13	8	17	6	17
GTGGGAGGTAGG__0.363544832094664__9	17	8	13	5	8	8	8	6	18	8
GGGTGGGGTTAG__0.363074826972995__17	13	8	17	8	13	13	8	6	20	18
TGGTGTGGTGGT__0.362223277627409__10	8	8	17	6	17	8	8	17	8	8
GGGGGAGGTAGA__0.362199609074449__11	13	13	13	5	8	8	8	6	18	9
TGGTGCGGTGGG__0.362006508650943__9	8	8	17	13	25	2	8	17	8	13
GGGTGTGGTTGG__0.360610209524051__12	13	8	17	6	17	8	8	6	9	8
GGGTGAGGCAGG__0.360533414229673__9	13	8	17	8	8	8	45	13	2	8
GGGTGGTGTGGT__0.36037078736191__13	13	8	17	8	8	17	6	17	8	8
GTGTGGTGTGGG__0.359817793477325__10	17	6	17	8	8	17	6	17	8	13
GTGGGAGGTGAG__0.359770112336025__9	17	8	13	5	8	8	8	17	8	8
GGGTGTTGTTGG__0.359365459736045__9	13	8	17	6	6	9	6	6	9	8
GGGTGCGGTGGT__0.359094079825933__11	13	8	17	13	25	2	8	17	8	8
GGGTGGCGGGAT__0.359072439729873__9	13	8	17	8	45	25	2	13	5	7
GGGTGGGGTTTG__0.35895485926262__16	13	8	17	8	13	13	8	6	36	9
GGGTGGCGGGGC__0.357517187260279__9	13	8	17	8	45	25	2	13	13	45
GGGGGAGGTAGG__0.357418971813771__11	13	13	13	5	8	8	8	6	18	8
GCGTGGGGTAGG__0.357015782396314__9	25	8	17	8	13	13	8	6	18	8
GCGTGGGGTGGT__0.356950065304435__9	25	8	17	8	13	13	8	17	8	8
GTGTGGGGTGGA__0.356815554056362__12	17	6	17	8	13	13	8	17	8	5
GGGTGGCGTGGC__0.356644134509877__9	13	8	17	8	45	25	8	17	8	45
GTGTGGGGTTGG__0.355065154826565__12	17	6	17	8	13	13	8	6	9	8
TGGTGGTGTTGG__0.353531396517032__9	8	8	17	8	8	17	6	6	9	8
TGGTGGTGTGTT__0.353111530801484__9	8	8	17	8	8	17	6	17	6	6
CGGTGGGGTGCG__0.352530149555152__9	2	8	17	8	13	13	8	17	13	25
GGTTGGGGTAGG__0.352464888648607__11	8	6	9	8	13	13	8	6	18	8
GGGGGAGGTATG__0.351112482536691__10	13	13	13	5	8	8	8	6	13	18
CCCTGACCCCCA__0.351109021789106__11	13	8	2	8	8	8	13	13	13	8
GGGTGGCATGGG__0.35065111093891__9	13	8	17	8	45	13	18	18	8	13
GGGTGTGGTGTG__0.350196116855709__11	13	8	17	6	17	8	8	17	6	17
GGGTGGGGTGTT__0.349044951113704__14	13	8	17	8	13	13	8	17	6	6
GGTGGGCGTGTG__0.348916546801685__9	8	17	8	13	45	25	8	17	6	17
GGGTGGTGTTGG__0.346360574551304__11	13	8	17	8	8	17	6	6	9	8
GGGGGAGGTGGC__0.345076843161761__10	13	13	13	5	8	8	8	17	8	45
GGGTGGGGTGAT__0.34423482457778__14	13	8	17	8	13	13	8	17	8	7
GTGTGTGGTCGG__0.342434682897619__9	17	6	17	6	17	8	8	8	31	2
GTGTGGGGTAAG__0.342142283832672__10	17	6	17	8	13	13	8	6	20	6
GGGTGGGGTAAG__0.341591823919761__13	13	8	17	8	13	13	8	6	20	6
GGGGGAGGTAAG__0.340786343479003__9	13	13	13	5	8	8	8	6	20	6
GGGTGTGGTAGG__0.340303636961905__10	13	8	17	6	17	8	8	6	18	8
GGTTGGGGTGTT__0.340195820073912__9	8	6	9	8	13	13	8	17	6	6
GGGGGGCGTGTA__0.338491423696309__9	13	13	13	13	45	25	8	17	6	6
GTGTGGGGTAGG__0.338341904177516__10	17	6	17	8	13	13	8	6	18	8
GTGTGGGGTGAG__0.337677514049468__10	17	6	17	8	13	13	8	17	8	8
CCCTGACCCCAC__0.33691831147746__9	13	8	2	8	8	8	13	13	8	17
GGGTGTGGTGCG__0.335671954450337__10	13	8	17	6	17	8	8	17	13	25
TCCTGACCCACC__0.335104531633404__10	5	8	2	8	8	8	13	8	17	8
CCTTGACCCACC__0.334667384178091__10	8	6	9	8	8	8	13	8	17	8
CCTTGCCCTCCC__0.33462263128943__9	8	6	9	13	45	13	8	8	5	13
CCATGACCCCCC__0.334540847933398__12	8	18	18	8	8	8	13	13	13	13
GGTTGGGGTGAG__0.334532045453465__9	8	6	9	8	13	13	8	17	8	8
TGGTGGGGTAAG__0.334275476091026__9	8	8	17	8	13	13	8	6	20	6
GTGTGGGGTTTG__0.33242195338217__9	17	6	17	8	13	13	8	6	36	9
TGGTGGGGTGGC__0.329889918049547__9	8	8	17	8	13	13	8	17	8	45
GGGTGGGGTGTC__0.328088167256982__11	13	8	17	8	13	13	8	17	6	8
GGGTGGTGTGAT__0.327795453126934__9	13	8	17	8	8	17	6	17	8	7
GGGTGGGGTACG__0.327473857251651__11	13	8	17	8	13	13	8	6	6	8
GGGTGGTGTGAG__0.324213073117895__9	13	8	17	8	8	17	6	17	8	8
GGGTGGTGTGGA__0.32372628024678__9	13	8	17	8	8	17	6	17	8	5
GGGTGGGGTTAT__0.312527785280969__9	13	8	17	8	13	13	8	6	20	13
GGGTGGGGTAGT__0.311217958703724__9	13	8	17	8	13	13	8	6	18	11
GGGTGGGGTGAA__0.309309911208052__9	13	8	17	8	13	13	8	17	8	12
