GCCACGCCCA__1__68	0.107	-0.246	0.04	-0.033	-0.077	0.107	-0.012	-0.246
ACCACGCCCA__0.958036634550493__67	-0.032	-0.246	0.04	-0.033	-0.077	0.107	-0.012	-0.246
CCACCGCCCA__0.90524888002755__58	-0.246	0.04	-0.032	-0.136	-0.077	0.107	-0.012	-0.246
CACCCGCCCA__0.897163726216578__39	0.04	-0.032	-0.012	-0.136	-0.077	0.107	-0.012	-0.246
CACACGCCCA__0.883564116114992__39	0.04	-0.006	0.04	-0.033	-0.077	0.107	-0.012	-0.246
CCCACGCCCA__0.878973631088553__39	-0.012	-0.246	0.04	-0.033	-0.077	0.107	-0.012	-0.246
ACCCCGCCCA__0.868247350803194__55	-0.032	-0.012	-0.012	-0.136	-0.077	0.107	-0.012	-0.246
CCCCCGCCCA__0.85933679642424__44	-0.012	-0.012	-0.012	-0.136	-0.077	0.107	-0.012	-0.246
CCGACGCCCA__0.839322643921158__15	-0.136	-0.003	-0.013	-0.033	-0.077	0.107	-0.012	-0.246
CCACCGCCCC__0.834971157937674__70	-0.246	0.04	-0.032	-0.136	-0.077	0.107	-0.012	-0.012
CCAACGCCCA__0.828044970491983__42	-0.246	0.015	-0.205	-0.033	-0.077	0.107	-0.012	-0.246
ACCCCTCCCA__0.80419506349457__53	-0.032	-0.012	-0.012	-0.057	0.031	0.013	-0.012	-0.246
ACCACGCCCC__0.803437659051995__70	-0.032	-0.246	0.04	-0.033	-0.077	0.107	-0.012	-0.012
GCCACGCCCC__0.799271820409517__69	0.107	-0.246	0.04	-0.033	-0.077	0.107	-0.012	-0.012
ACCCCTCCCC__0.794878646192106__55	-0.032	-0.012	-0.012	-0.057	0.031	0.013	-0.012	-0.012
CCCCCGCCCT__0.794542440796061__25	-0.012	-0.012	-0.012	-0.136	-0.077	0.107	-0.012	-0.057
CACCCGCCCC__0.792837811473656__41	0.04	-0.032	-0.012	-0.136	-0.077	0.107	-0.012	-0.012
CCGACGCCCT__0.790088384200334__11	-0.136	-0.003	-0.013	-0.033	-0.077	0.107	-0.012	-0.057
AACACGCCCA__0.788385673203007__27	-0.205	-0.006	0.04	-0.033	-0.077	0.107	-0.012	-0.246
CCCCCGCCCC__0.787965032077304__50	-0.012	-0.012	-0.012	-0.136	-0.077	0.107	-0.012	-0.012
CCCCCGCCTC__0.784332968855917__28	-0.012	-0.012	-0.012	-0.136	-0.077	0.107	-0.057	0.031
GCCCCGCCCA__0.778624221605112__41	0.107	-0.012	-0.012	-0.136	-0.077	0.107	-0.012	-0.246
CCCACACCCC__0.768689957745072__89	-0.012	-0.246	0.04	-0.006	0.04	-0.032	-0.012	-0.012
ACCACACCCA__0.767752769826733__61	-0.032	-0.246	0.04	-0.006	0.04	-0.032	-0.012	-0.246
ACCCCTCCTC__0.76543754218106__21	-0.032	-0.012	-0.012	-0.057	0.031	0.013	-0.057	0.031
ACCACGCCCT__0.764519271112292__33	-0.032	-0.246	0.04	-0.033	-0.077	0.107	-0.012	-0.057
GCCCCGCCCC__0.763257188832668__58	0.107	-0.012	-0.012	-0.136	-0.077	0.107	-0.012	-0.012
CCCCCTCCCC__0.757004982500629__59	-0.012	-0.012	-0.012	-0.057	0.031	0.013	-0.012	-0.012
GACACGCCCA__0.756688899344542__30	-0.013	-0.006	0.04	-0.033	-0.077	0.107	-0.012	-0.246
CCCCCGCCTA__0.754675521000438__18	-0.012	-0.012	-0.012	-0.136	-0.077	0.107	-0.057	0.09
ACCACACCCC__0.753566038921913__87	-0.032	-0.246	0.04	-0.006	0.04	-0.032	-0.012	-0.012
TCCCCGCCCT__0.753542816243567__20	0.013	-0.012	-0.012	-0.136	-0.077	0.107	-0.012	-0.057
CCCACGCCCC__0.749020084243568__42	-0.012	-0.246	0.04	-0.033	-0.077	0.107	-0.012	-0.012
ACCCCGCCCT__0.74810941554676__25	-0.032	-0.012	-0.012	-0.136	-0.077	0.107	-0.012	-0.057
CCCCCGCACA__0.746662117621595__30	-0.012	-0.012	-0.012	-0.136	-0.077	0.076	0.04	-0.006
CTCCCGCCCA__0.744664701933075__34	0.031	0.013	-0.012	-0.136	-0.077	0.107	-0.012	-0.246
TCCCCGCCCC__0.7434710841813__39	0.013	-0.012	-0.012	-0.136	-0.077	0.107	-0.012	-0.012
ACTCCGCCCA__0.743078909774191__25	-0.183	0.031	0.013	-0.136	-0.077	0.107	-0.012	-0.246
TCCCCGCCCA__0.742546684365084__26	0.013	-0.012	-0.012	-0.136	-0.077	0.107	-0.012	-0.246
CACCCGCCTA__0.742432623732228__15	0.04	-0.032	-0.012	-0.136	-0.077	0.107	-0.057	0.09
AACCCGCCCA__0.739805723268625__26	-0.205	-0.032	-0.012	-0.136	-0.077	0.107	-0.012	-0.246
GCCACGCCCT__0.734397523730522__31	0.107	-0.246	0.04	-0.033	-0.077	0.107	-0.012	-0.057
ACCCCGCCCC__0.730701349257758__48	-0.032	-0.012	-0.012	-0.136	-0.077	0.107	-0.012	-0.012
CCTCCGCCCA__0.728047187929881__26	-0.057	0.031	0.013	-0.136	-0.077	0.107	-0.012	-0.246
TACCCGCCCA__0.726580759041874__25	0.025	-0.032	-0.012	-0.136	-0.077	0.107	-0.012	-0.246
ACCCCACCCA__0.725477163951749__55	-0.032	-0.012	-0.012	-0.246	0.04	-0.032	-0.012	-0.246
ATCACGCCCA__0.724369932172267__25	-0.11	0.194	0.04	-0.033	-0.077	0.107	-0.012	-0.246
CCGACGCCCC__0.723635033605422__16	-0.136	-0.003	-0.013	-0.033	-0.077	0.107	-0.012	-0.012
CCCCCGTCCC__0.72337404441722__18	-0.012	-0.012	-0.012	-0.136	-0.033	-0.013	0.013	-0.012
ACCCCTCCTA__0.721767551885223__22	-0.032	-0.012	-0.012	-0.057	0.031	0.013	-0.057	0.09
CCCACGCCCT__0.717435235997955__20	-0.012	-0.246	0.04	-0.033	-0.077	0.107	-0.012	-0.057
CCACCGCCTA__0.714602214436107__20	-0.246	0.04	-0.032	-0.136	-0.077	0.107	-0.057	0.09
TACACGCCCA__0.713503710087301__27	0.025	-0.006	0.04	-0.033	-0.077	0.107	-0.012	-0.246
ACACCGCCCA__0.710628207661808__27	-0.006	0.04	-0.032	-0.136	-0.077	0.107	-0.012	-0.246
CTCCCGCCCC__0.709881463048924__44	0.031	0.013	-0.012	-0.136	-0.077	0.107	-0.012	-0.012
TCCCCGCCTA__0.702845910309221__14	0.013	-0.012	-0.012	-0.136	-0.077	0.107	-0.057	0.09
CATCCGCCCA__0.698972218166232__24	0.134	-0.11	0.013	-0.136	-0.077	0.107	-0.012	-0.246
CACCCGCCCT__0.698588285246572__14	0.04	-0.032	-0.012	-0.136	-0.077	0.107	-0.012	-0.057
AACACGCCCC__0.697772381002894__33	-0.205	-0.006	0.04	-0.033	-0.077	0.107	-0.012	-0.012
CACACGCCCC__0.697258919058877__35	0.04	-0.006	0.04	-0.033	-0.077	0.107	-0.012	-0.012
CCCACACCCA__0.696941636657579__44	-0.012	-0.246	0.04	-0.006	0.04	-0.032	-0.012	-0.246
GCACCGCCCA__0.694203518987011__22	0.076	0.04	-0.032	-0.136	-0.077	0.107	-0.012	-0.246
TCCACGCCCA__0.691130952967085__26	0.013	-0.246	0.04	-0.033	-0.077	0.107	-0.012	-0.246
CTACCGCCCA__0.690594420120761__27	0.09	0.025	-0.032	-0.136	-0.077	0.107	-0.012	-0.246
GCCCCTCCCA__0.690414131992588__44	0.107	-0.012	-0.012	-0.057	0.031	0.013	-0.012	-0.246
TGCACGCCCA__0.689386277442226__18	0.076	0.076	0.04	-0.033	-0.077	0.107	-0.012	-0.246
CCCCCACCCA__0.689131139641444__50	-0.012	-0.012	-0.012	-0.246	0.04	-0.032	-0.012	-0.246
ACACCGCCCC__0.687494102252001__36	-0.006	0.04	-0.032	-0.136	-0.077	0.107	-0.012	-0.012
CTCACGCCCA__0.687282430658676__23	0.031	0.194	0.04	-0.033	-0.077	0.107	-0.012	-0.246
AGCCCGCCCA__0.686668885508677__15	0.017	0.107	-0.012	-0.136	-0.077	0.107	-0.012	-0.246
CAACCGCCCA__0.686638683086671__20	0.015	-0.205	-0.032	-0.136	-0.077	0.107	-0.012	-0.246
CCCACGAACC__0.681982231174171__16	-0.012	-0.246	0.04	-0.033	-0.003	-0.037	-0.205	-0.032
CCCACTCCCC__0.68049711532885__42	-0.012	-0.246	0.04	-0.183	0.031	0.013	-0.012	-0.012
CCAACGCCCC__0.677132462757961__38	-0.246	0.015	-0.205	-0.033	-0.077	0.107	-0.012	-0.012
GCCCCGCCCT__0.676948073618355__20	0.107	-0.012	-0.012	-0.136	-0.077	0.107	-0.012	-0.057
CCCCCTCCCA__0.676316077937693__39	-0.012	-0.012	-0.012	-0.057	0.031	0.013	-0.012	-0.246
CCTCCGCCCC__0.676214088677708__36	-0.057	0.031	0.013	-0.136	-0.077	0.107	-0.012	-0.012
GACCCGCCCC__0.674392478664444__26	-0.013	-0.032	-0.012	-0.136	-0.077	0.107	-0.012	-0.012
TCCCCTCCTC__0.672218668412114__14	0.013	-0.012	-0.012	-0.057	0.031	0.013	-0.057	0.031
CATACGCCCA__0.671942643581848__20	0.134	0.182	0.025	-0.033	-0.077	0.107	-0.012	-0.246
AACCCGCCCC__0.670584305156204__29	-0.205	-0.032	-0.012	-0.136	-0.077	0.107	-0.012	-0.012
TAACCGCCCA__0.668086615091943__19	0.068	-0.205	-0.032	-0.136	-0.077	0.107	-0.012	-0.246
TCCACACCCC__0.66470433926691__50	0.013	-0.246	0.04	-0.006	0.04	-0.032	-0.012	-0.012
ACCCCTACCC__0.664231911256268__19	-0.032	-0.012	-0.012	-0.057	0.09	0.025	-0.032	-0.012
CCCCCGAACC__0.663968843511541__22	-0.012	-0.012	-0.012	-0.136	-0.003	-0.037	-0.205	-0.032
CGCACGCCCA__0.661886000368633__15	-0.077	0.076	0.04	-0.033	-0.077	0.107	-0.012	-0.246
CGCACGCCCC__0.660905925816762__25	-0.077	0.076	0.04	-0.033	-0.077	0.107	-0.012	-0.012
ACCACGCCTC__0.660382104677692__26	-0.032	-0.246	0.04	-0.033	-0.077	0.107	-0.057	0.031
CCTACGCCCA__0.660216278033797__20	-0.057	0.09	0.025	-0.033	-0.077	0.107	-0.012	-0.246
CCCCCGCCCG__0.65991549257046__16	-0.012	-0.012	-0.012	-0.136	-0.077	0.107	-0.012	-0.136
TCACCGCCCA__0.659694644487148__21	0.194	0.04	-0.032	-0.136	-0.077	0.107	-0.012	-0.246
CTAACGCCCA__0.65882146190056__14	0.09	0.068	-0.205	-0.033	-0.077	0.107	-0.012	-0.246
CCCCCTACCC__0.658473872366587__23	-0.012	-0.012	-0.012	-0.057	0.09	0.025	-0.032	-0.012
GGCCCGCCCA__0.658251605840112__18	0.107	0.107	-0.012	-0.136	-0.077	0.107	-0.012	-0.246
GCCCCTCCCC__0.657605504225588__40	0.107	-0.012	-0.012	-0.057	0.031	0.013	-0.012	-0.012
CCCACCCTCC__0.655397268283633__42	-0.012	-0.246	0.04	-0.032	-0.012	-0.057	0.031	0.013
ACAACGCCCA__0.654763989001986__21	-0.006	0.015	-0.205	-0.033	-0.077	0.107	-0.012	-0.246
CCCCCGCACC__0.654202729222922__24	-0.012	-0.012	-0.012	-0.136	-0.077	0.076	0.04	-0.032
GACACGCCCC__0.65280292694492__36	-0.013	-0.006	0.04	-0.033	-0.077	0.107	-0.012	-0.012
CCCACAACCC__0.651999767441317__32	-0.012	-0.246	0.04	-0.006	0.015	-0.205	-0.032	-0.012
CCCCCGACAC__0.651942860854195__18	-0.012	-0.012	-0.012	-0.136	-0.003	-0.013	-0.006	0.04
ACCACGCCTA__0.650385911706505__21	-0.032	-0.246	0.04	-0.033	-0.077	0.107	-0.057	0.09
CCCCCGTCAC__0.649805187025225__10	-0.012	-0.012	-0.012	-0.136	-0.033	-0.013	0.194	0.04
GTAACGCCCA__0.649350241336227__17	0.025	0.068	-0.205	-0.033	-0.077	0.107	-0.012	-0.246
AAACCGCCCA__0.648371436270461__20	-0.274	-0.205	-0.032	-0.136	-0.077	0.107	-0.012	-0.246
CCCACGAACA__0.64832439833238__13	-0.012	-0.246	0.04	-0.033	-0.003	-0.037	-0.205	-0.006
AATACGCCCA__0.647905978036547__15	-0.28	0.182	0.025	-0.033	-0.077	0.107	-0.012	-0.246
TCCCCTCCCC__0.646128197741589__31	0.013	-0.012	-0.012	-0.057	0.031	0.013	-0.012	-0.012
GCCCCGCCTC__0.645822989954091__20	0.107	-0.012	-0.012	-0.136	-0.077	0.107	-0.057	0.031
ACCACCCCCA__0.645582873373974__51	-0.032	-0.246	0.04	-0.032	-0.012	-0.012	-0.012	-0.246
GTACCGCCCA__0.645560870322579__17	0.025	0.025	-0.032	-0.136	-0.077	0.107	-0.012	-0.246
ACCACCCCCC__0.644301428627198__56	-0.032	-0.246	0.04	-0.032	-0.012	-0.012	-0.012	-0.012
CTCCCGCCCT__0.641658979482062__16	0.031	0.013	-0.012	-0.136	-0.077	0.107	-0.012	-0.057
ACCCCACCCC__0.641556782495774__57	-0.032	-0.012	-0.012	-0.246	0.04	-0.032	-0.012	-0.012
AGCACGCCCA__0.641186059283913__13	0.017	0.076	0.04	-0.033	-0.077	0.107	-0.012	-0.246
TACCCGCCCC__0.641096813043309__26	0.025	-0.032	-0.012	-0.136	-0.077	0.107	-0.012	-0.012
GCACCTCCCC__0.639971634739213__36	0.076	0.04	-0.032	-0.057	0.031	0.013	-0.012	-0.012
ACGACGCCCC__0.639575007733459__15	-0.033	-0.003	-0.013	-0.033	-0.077	0.107	-0.012	-0.012
GCCCCCCTCC__0.638999905877066__32	0.107	-0.012	-0.012	-0.012	-0.012	-0.057	0.031	0.013
CCCCCACCCC__0.638953554777271__60	-0.012	-0.012	-0.012	-0.246	0.04	-0.032	-0.012	-0.012
ACCCCGCCTC__0.636516649738149__18	-0.032	-0.012	-0.012	-0.136	-0.077	0.107	-0.057	0.031
GCCACACCCT__0.633543025766857__32	0.107	-0.246	0.04	-0.006	0.04	-0.032	-0.012	-0.057
ACCCCGCCCG__0.633525290017105__17	-0.032	-0.012	-0.012	-0.136	-0.077	0.107	-0.012	-0.136
CCCCCTCACA__0.633357261653536__20	-0.012	-0.012	-0.012	-0.057	0.031	0.194	0.04	-0.006
AACCCGCCCT__0.632430778941086__12	-0.205	-0.032	-0.012	-0.136	-0.077	0.107	-0.012	-0.057
GCCCCAACCC__0.631259850775878__25	0.107	-0.012	-0.012	-0.246	0.015	-0.205	-0.032	-0.012
CTCACGCCCT__0.630938622563315__16	0.031	0.194	0.04	-0.033	-0.077	0.107	-0.012	-0.057
CACACGACCC__0.630934966484512__14	0.04	-0.006	0.04	-0.033	-0.003	-0.013	-0.032	-0.012
ACACCTCCCA__0.629860771976426__29	-0.006	0.04	-0.032	-0.057	0.031	0.013	-0.012	-0.246
TCCCCACCCA__0.629607265949208__38	0.013	-0.012	-0.012	-0.246	0.04	-0.032	-0.012	-0.246
CCCCCGCTCA__0.627071574418735__13	-0.012	-0.012	-0.012	-0.136	-0.077	0.017	0.031	0.194
CCCCCATCCA__0.62604669868772__19	-0.012	-0.012	-0.012	-0.246	0.134	-0.11	0.013	-0.246
ACCACTCCCC__0.625839605976375__31	-0.032	-0.246	0.04	-0.183	0.031	0.013	-0.012	-0.012
AAAACGCCCA__0.625811249081849__14	-0.274	-0.274	-0.205	-0.033	-0.077	0.107	-0.012	-0.246
AACACACCCA__0.625646074307645__31	-0.205	-0.006	0.04	-0.006	0.04	-0.032	-0.012	-0.246
CCCCCGTCCA__0.625622445749197__9	-0.012	-0.012	-0.012	-0.136	-0.033	-0.013	0.013	-0.246
ACCACCCACC__0.62553957423807__39	-0.032	-0.246	0.04	-0.032	-0.012	-0.246	0.04	-0.032
GCCACACCCC__0.625017294533663__52	0.107	-0.246	0.04	-0.006	0.04	-0.032	-0.012	-0.012
CCCCCAACCA__0.62367277461552__23	-0.012	-0.012	-0.012	-0.246	0.015	-0.205	-0.032	-0.246
CACACACCCA__0.623557888195923__34	0.04	-0.006	0.04	-0.006	0.04	-0.032	-0.012	-0.246
CCCACGACCC__0.622019033897175__15	-0.012	-0.246	0.04	-0.033	-0.003	-0.013	-0.032	-0.012
CCCCCGAACA__0.621215799032828__17	-0.012	-0.012	-0.012	-0.136	-0.003	-0.037	-0.205	-0.006
CCCACCACCA__0.620747669040183__23	-0.012	-0.246	0.04	-0.032	-0.246	0.04	-0.032	-0.246
GCCCCCCCTA__0.619606074189648__19	0.107	-0.012	-0.012	-0.012	-0.012	-0.012	-0.057	0.09
AACCCGCCTC__0.619339840841437__13	-0.205	-0.032	-0.012	-0.136	-0.077	0.107	-0.057	0.031
CCTACACCCA__0.619314785068041__30	-0.057	0.09	0.025	-0.006	0.04	-0.032	-0.012	-0.246
TACACGCCCT__0.619101022184321__17	0.025	-0.006	0.04	-0.033	-0.077	0.107	-0.012	-0.057
TGACCGCCCA__0.618964318612254__13	0.194	-0.013	-0.032	-0.136	-0.077	0.107	-0.012	-0.246
GCCCCTCTAC__0.618542831823708__10	0.107	-0.012	-0.012	-0.057	0.031	0.027	0.09	0.025
GCCACGCCTC__0.618383170357024__19	0.107	-0.246	0.04	-0.033	-0.077	0.107	-0.057	0.031
CACCCGCCTC__0.616639188993012__11	0.04	-0.032	-0.012	-0.136	-0.077	0.107	-0.057	0.031
GCCACTCCCC__0.616355866030455__39	0.107	-0.246	0.04	-0.183	0.031	0.013	-0.012	-0.012
TCCACGCCCT__0.615978812319403__17	0.013	-0.246	0.04	-0.033	-0.077	0.107	-0.012	-0.057
GAAACGCCCA__0.614718916302858__14	-0.037	-0.274	-0.205	-0.033	-0.077	0.107	-0.012	-0.246
CCCACGCCTA__0.613241277987255__13	-0.012	-0.246	0.04	-0.033	-0.077	0.107	-0.057	0.09
TCCACACCCA__0.612698524270618__26	0.013	-0.246	0.04	-0.006	0.04	-0.032	-0.012	-0.246
TCCACGCCCC__0.612004564082334__31	0.013	-0.246	0.04	-0.033	-0.077	0.107	-0.012	-0.012
ACCACTCCTC__0.612003041666921__12	-0.032	-0.246	0.04	-0.183	0.031	0.013	-0.057	0.031
TTCACGCCCC__0.610389731657418__28	-0.037	0.194	0.04	-0.033	-0.077	0.107	-0.012	-0.012
CCCCCTCCTC__0.610073420882588__13	-0.012	-0.012	-0.012	-0.057	0.031	0.013	-0.057	0.031
GCCACACCCA__0.60949362298227__32	0.107	-0.246	0.04	-0.006	0.04	-0.032	-0.012	-0.246
ATCCCGCCCA__0.609169254190945__23	-0.11	0.013	-0.012	-0.136	-0.077	0.107	-0.012	-0.246
ACTCCGCCCC__0.608261765094856__25	-0.183	0.031	0.013	-0.136	-0.077	0.107	-0.012	-0.012
CCACCGACCC__0.606565744574795__21	-0.246	0.04	-0.032	-0.136	-0.003	-0.013	-0.032	-0.012
ACCACTCCCT__0.606142188790895__19	-0.032	-0.246	0.04	-0.183	0.031	0.013	-0.012	-0.057
ACCCCGCCTA__0.605683871602493__11	-0.032	-0.012	-0.012	-0.136	-0.077	0.107	-0.057	0.09
CTTACGCCCA__0.603647511553312__17	-0.081	0.068	0.025	-0.033	-0.077	0.107	-0.012	-0.246
GCCCCCCTAA__0.603159394374184__14	0.107	-0.012	-0.012	-0.012	-0.012	-0.057	0.09	0.068
CCCCCGCCTT__0.60288396890068__12	-0.012	-0.012	-0.012	-0.136	-0.077	0.107	-0.057	-0.081
GCCACGCCTA__0.60259605307073__17	0.107	-0.246	0.04	-0.033	-0.077	0.107	-0.057	0.09
GACCCGCCCA__0.602130867855687__12	-0.013	-0.032	-0.012	-0.136	-0.077	0.107	-0.012	-0.246
AACACTCCCC__0.601547121281172__21	-0.205	-0.006	0.04	-0.183	0.031	0.013	-0.012	-0.012
ACACCACCCA__0.601239097203644__21	-0.006	0.04	-0.032	-0.246	0.04	-0.032	-0.012	-0.246
ACGCCGCCCA__0.600940230596543__16	-0.033	-0.077	0.107	-0.136	-0.077	0.107	-0.012	-0.246
CTCCCTCCCA__0.600092475944329__28	0.031	0.013	-0.012	-0.057	0.031	0.013	-0.012	-0.246
CCTACGCCCC__0.600088648917712__24	-0.057	0.09	0.025	-0.033	-0.077	0.107	-0.012	-0.012
CCACCGCCCT__0.599230082718971__13	-0.246	0.04	-0.032	-0.136	-0.077	0.107	-0.012	-0.057
CTCCCGCCTC__0.598514306730665__15	0.031	0.013	-0.012	-0.136	-0.077	0.107	-0.057	0.031
GCACCGCCCC__0.59842012417494__23	0.076	0.04	-0.032	-0.136	-0.077	0.107	-0.012	-0.012
GCCCCTCCTC__0.598331367928342__14	0.107	-0.012	-0.012	-0.057	0.031	0.013	-0.057	0.031
CCGCCGCCCA__0.597557080334256__18	-0.136	-0.077	0.107	-0.136	-0.077	0.107	-0.012	-0.246
GACCCGCCCT__0.595269916994747__9	-0.013	-0.032	-0.012	-0.136	-0.077	0.107	-0.012	-0.057
AATCCGCCCA__0.594873393553649__17	-0.28	-0.11	0.013	-0.136	-0.077	0.107	-0.012	-0.246
TCCACGCCTA__0.594591657330336__16	0.013	-0.246	0.04	-0.033	-0.077	0.107	-0.057	0.09
AACCCTCCCA__0.594326626703169__27	-0.205	-0.032	-0.012	-0.057	0.031	0.013	-0.012	-0.246
ATCACGCCCC__0.594098568615715__22	-0.11	0.194	0.04	-0.033	-0.077	0.107	-0.012	-0.012
ACTACGCCCC__0.593692960072479__25	-0.183	0.09	0.025	-0.033	-0.077	0.107	-0.012	-0.012
CCCACTACCC__0.593506349771477__17	-0.012	-0.246	0.04	-0.183	0.09	0.025	-0.032	-0.012
CACACGCCCT__0.593485329183503__12	0.04	-0.006	0.04	-0.033	-0.077	0.107	-0.012	-0.057
TCCCCTCCCA__0.59338849465191__22	0.013	-0.012	-0.012	-0.057	0.031	0.013	-0.012	-0.246
ACCCAACCCA__0.593166430487778__26	-0.032	-0.012	-0.246	0.015	-0.205	-0.032	-0.012	-0.246
ACCACACCCT__0.592415703347383__25	-0.032	-0.246	0.04	-0.006	0.04	-0.032	-0.012	-0.057
CTAACGCCCC__0.592234036467424__19	0.09	0.068	-0.205	-0.033	-0.077	0.107	-0.012	-0.012
GCCCCACCCA__0.591974567785823__30	0.107	-0.012	-0.012	-0.246	0.04	-0.032	-0.012	-0.246
ACCACCCCCT__0.591690804311558__33	-0.032	-0.246	0.04	-0.032	-0.012	-0.012	-0.012	-0.057
CTCACACCCA__0.591619571409954__29	0.031	0.194	0.04	-0.006	0.04	-0.032	-0.012	-0.246
GACACGCCCT__0.590650004611599__15	-0.013	-0.006	0.04	-0.033	-0.077	0.107	-0.012	-0.057
TTCCCGCCCA__0.590413131492652__18	-0.037	0.013	-0.012	-0.136	-0.077	0.107	-0.012	-0.246
TACACGCCCC__0.590406794869595__27	0.025	-0.006	0.04	-0.033	-0.077	0.107	-0.012	-0.012
TGCCCGCCCA__0.590360514633076__17	0.076	0.107	-0.012	-0.136	-0.077	0.107	-0.012	-0.246
TTCCCGCCCT__0.590033840256235__15	-0.037	0.013	-0.012	-0.136	-0.077	0.107	-0.012	-0.057
TCCCCGCCTC__0.588448514130273__11	0.013	-0.012	-0.012	-0.136	-0.077	0.107	-0.057	0.031
ACACCGCCCT__0.588422747605087__11	-0.006	0.04	-0.032	-0.136	-0.077	0.107	-0.012	-0.057
ACAACGCCCC__0.588418411939814__26	-0.006	0.015	-0.205	-0.033	-0.077	0.107	-0.012	-0.012
TTCACGCCCA__0.587645842588242__15	-0.037	0.194	0.04	-0.033	-0.077	0.107	-0.012	-0.246
GCTCCTCCCA__0.587260723070411__24	0.017	0.031	0.013	-0.057	0.031	0.013	-0.012	-0.246
TACACGCCTA__0.587019891789647__15	0.025	-0.006	0.04	-0.033	-0.077	0.107	-0.057	0.09
TATCCGCCCA__0.586607573334572__10	0.182	-0.11	0.013	-0.136	-0.077	0.107	-0.012	-0.246
CCCACGTACC__0.586452154173929__10	-0.012	-0.246	0.04	-0.033	-0.033	0.025	0.025	-0.032
CTCACGCCCC__0.585451736170771__24	0.031	0.194	0.04	-0.033	-0.077	0.107	-0.012	-0.012
CCCACCCCCC__0.584290449817004__47	-0.012	-0.246	0.04	-0.032	-0.012	-0.012	-0.012	-0.012
CCCCCGCTCT__0.583715537308294__10	-0.012	-0.012	-0.012	-0.136	-0.077	0.017	0.031	0.027
CCCCCGTACC__0.583424189541846__12	-0.012	-0.012	-0.012	-0.136	-0.033	0.025	0.025	-0.032
GATACGCCCA__0.582686488525343__15	-0.11	0.182	0.025	-0.033	-0.077	0.107	-0.012	-0.246
TCACCGCCCC__0.582441172901053__22	0.194	0.04	-0.032	-0.136	-0.077	0.107	-0.012	-0.012
ACCACCCACA__0.58241248981631__26	-0.032	-0.246	0.04	-0.032	-0.012	-0.246	0.04	-0.006
CCCCCGCTCC__0.581538557897081__12	-0.012	-0.012	-0.012	-0.136	-0.077	0.017	0.031	0.013
CGCACGCCCT__0.580954347862062__9	-0.077	0.076	0.04	-0.033	-0.077	0.107	-0.012	-0.057
ATACCGCCCC__0.580744787138911__25	0.182	0.025	-0.032	-0.136	-0.077	0.107	-0.012	-0.012
GCCCCATCCC__0.580184980339276__22	0.107	-0.012	-0.012	-0.246	0.134	-0.11	0.013	-0.012
CCCACTCCCA__0.57970402475454__26	-0.012	-0.246	0.04	-0.183	0.031	0.013	-0.012	-0.246
GCCCTCCCCC__0.579661745187863__41	0.107	-0.012	-0.057	0.031	0.013	-0.012	-0.012	-0.012
ACCCCTACCA__0.579321717707078__12	-0.032	-0.012	-0.012	-0.057	0.09	0.025	-0.032	-0.246
GCCCCACCCC__0.579191147835466__42	0.107	-0.012	-0.012	-0.246	0.04	-0.032	-0.012	-0.012
ACTACGCCCA__0.579027934347884__14	-0.183	0.09	0.025	-0.033	-0.077	0.107	-0.012	-0.246
CCCCCTCGCA__0.577983435890308__11	-0.012	-0.012	-0.012	-0.057	0.031	-0.003	-0.077	0.076
CCCCCGCCGA__0.577516196231957__9	-0.012	-0.012	-0.012	-0.136	-0.077	0.107	-0.136	-0.003
CCCCCTCTCC__0.576833395933476__16	-0.012	-0.012	-0.012	-0.057	0.031	0.027	0.031	0.013
GCCACTCCTC__0.576636980724__13	0.107	-0.246	0.04	-0.183	0.031	0.013	-0.057	0.031
GCCCCCCACC__0.576598395919148__37	0.107	-0.012	-0.012	-0.012	-0.012	-0.246	0.04	-0.032
CCCACTCACC__0.576464629718376__16	-0.012	-0.246	0.04	-0.183	0.031	0.194	0.04	-0.032
ACCACCCCAA__0.576080728099613__24	-0.032	-0.246	0.04	-0.032	-0.012	-0.012	-0.246	0.015
CCCACGACCA__0.575605023142413__10	-0.012	-0.246	0.04	-0.033	-0.003	-0.013	-0.032	-0.246
CCCCCGACAA__0.575483695681552__10	-0.012	-0.012	-0.012	-0.136	-0.003	-0.013	-0.006	0.015
ATAACGCCCA__0.57544275989767__9	0.182	0.068	-0.205	-0.033	-0.077	0.107	-0.012	-0.246
CCCCTACCCA__0.574968284109197__18	-0.012	-0.012	-0.057	0.09	0.025	-0.032	-0.012	-0.246
GCCCCACCCT__0.574349683951952__24	0.107	-0.012	-0.012	-0.246	0.04	-0.032	-0.012	-0.057
ATCCCGCCTC__0.573553599730744__17	-0.11	0.013	-0.012	-0.136	-0.077	0.107	-0.057	0.031
AACACGCCCT__0.57352146998845__10	-0.205	-0.006	0.04	-0.033	-0.077	0.107	-0.012	-0.057
ACCCCTCACA__0.573197903439312__12	-0.032	-0.012	-0.012	-0.057	0.031	0.194	0.04	-0.006
GCCCCCTCCA__0.572759606420365__23	0.107	-0.012	-0.012	-0.012	-0.057	0.031	0.013	-0.246
CCCCAGCCCA__0.571528582573265__18	-0.012	-0.012	-0.246	0.175	0.017	0.107	-0.012	-0.246
ACCCCTCACC__0.57150729021739__13	-0.032	-0.012	-0.012	-0.057	0.031	0.194	0.04	-0.032
CCCACCCGCC__0.571316374894531__15	-0.012	-0.246	0.04	-0.032	-0.012	-0.136	-0.077	0.107
GCCACGCCCG__0.570915287786242__15	0.107	-0.246	0.04	-0.033	-0.077	0.107	-0.012	-0.136
ACCCCTCCCT__0.570460915263616__13	-0.032	-0.012	-0.012	-0.057	0.031	0.013	-0.012	-0.057
CTACCGCCCC__0.570037759939638__23	0.09	0.025	-0.032	-0.136	-0.077	0.107	-0.012	-0.012
TCCACCCCCC__0.56972529030169__43	0.013	-0.246	0.04	-0.032	-0.012	-0.012	-0.012	-0.012
ACCACGCCTT__0.566462181681062__17	-0.032	-0.246	0.04	-0.033	-0.077	0.107	-0.057	-0.081
GCCCCGCCCG__0.566400647751341__13	0.107	-0.012	-0.012	-0.136	-0.077	0.107	-0.012	-0.136
CCCACTCGCA__0.566128261506706__10	-0.012	-0.246	0.04	-0.183	0.031	-0.003	-0.077	0.076
GCCACACCTC__0.56569773003313__22	0.107	-0.246	0.04	-0.006	0.04	-0.032	-0.057	0.031
GCCCATCCCC__0.565293905918696__21	0.107	-0.012	-0.246	0.134	-0.11	0.013	-0.012	-0.012
CAAACGCCCA__0.564376836696884__11	0.015	-0.274	-0.205	-0.033	-0.077	0.107	-0.012	-0.246
CCCCCTTCCA__0.563832353623726__14	-0.012	-0.012	-0.012	-0.057	-0.081	-0.037	0.013	-0.246
CCCCCGACTC__0.563503749757369__12	-0.012	-0.012	-0.012	-0.136	-0.003	-0.013	-0.183	0.031
CCCACCCCCA__0.563368194030498__38	-0.012	-0.246	0.04	-0.032	-0.012	-0.012	-0.012	-0.246
CTTCCGCCCA__0.563314326922349__13	-0.081	-0.037	0.013	-0.136	-0.077	0.107	-0.012	-0.246
CCTCCTCCCA__0.563012057164033__17	-0.057	0.031	0.013	-0.057	0.031	0.013	-0.012	-0.246
ACCACAACCC__0.562282484310146__21	-0.032	-0.246	0.04	-0.006	0.015	-0.205	-0.032	-0.012
TCTACGCCCA__0.562138994624659__15	0.027	0.09	0.025	-0.033	-0.077	0.107	-0.012	-0.246
GCAACGCCCA__0.561970520041484__13	0.076	0.015	-0.205	-0.033	-0.077	0.107	-0.012	-0.246
GCCCCCCCCA__0.561567217961755__24	0.107	-0.012	-0.012	-0.012	-0.012	-0.012	-0.012	-0.246
GCACCACCCA__0.561458573967925__22	0.076	0.04	-0.032	-0.246	0.04	-0.032	-0.012	-0.246
ACCACTCCCA__0.561395184464064__22	-0.032	-0.246	0.04	-0.183	0.031	0.013	-0.012	-0.246
CCCACGCCTC__0.560709889574129__12	-0.012	-0.246	0.04	-0.033	-0.077	0.107	-0.057	0.031
CGACCGCCCA__0.560475663142677__13	-0.003	-0.013	-0.032	-0.136	-0.077	0.107	-0.012	-0.246
ACCACCCCTA__0.559894463123612__14	-0.032	-0.246	0.04	-0.032	-0.012	-0.012	-0.057	0.09
CCCACACTCC__0.559739002886422__18	-0.012	-0.246	0.04	-0.006	0.04	-0.183	0.031	0.013
CCCCCTCACC__0.559042272156734__15	-0.012	-0.012	-0.012	-0.057	0.031	0.194	0.04	-0.032
CGTACGCCCA__0.558320033854734__10	-0.033	0.025	0.025	-0.033	-0.077	0.107	-0.012	-0.246
CCAACACCCC__0.557544444407903__45	-0.246	0.015	-0.205	-0.006	0.04	-0.032	-0.012	-0.012
CCACCACCCA__0.557352140680881__16	-0.246	0.04	-0.032	-0.246	0.04	-0.032	-0.012	-0.246
TCCACTCCCC__0.557296918189115__21	0.013	-0.246	0.04	-0.183	0.031	0.013	-0.012	-0.012
GAACCGCCCA__0.557075018999294__13	-0.037	-0.205	-0.032	-0.136	-0.077	0.107	-0.012	-0.246
GCCCCCCTCA__0.556705710278114__18	0.107	-0.012	-0.012	-0.012	-0.012	-0.057	0.031	0.194
ACCCCCCCAA__0.55670169904962__19	-0.032	-0.012	-0.012	-0.012	-0.012	-0.012	-0.246	0.015
CCCACGCCTT__0.556476072075609__12	-0.012	-0.246	0.04	-0.033	-0.077	0.107	-0.057	-0.081
CCCATTCCCA__0.556449647702542__14	-0.012	-0.246	0.134	-0.28	-0.037	0.013	-0.012	-0.246
GCCCCTCACC__0.555898015142589__16	0.107	-0.012	-0.012	-0.057	0.031	0.194	0.04	-0.032
ACTCCACCCA__0.555868563843108__27	-0.183	0.031	0.013	-0.246	0.04	-0.032	-0.012	-0.246
CCCCAGTCCA__0.55491515668191__9	-0.012	-0.012	-0.246	0.175	-0.183	-0.013	0.013	-0.246
CCAACGCCCT__0.554781452942859__11	-0.246	0.015	-0.205	-0.033	-0.077	0.107	-0.012	-0.057
TCCCCACCCC__0.554725616271941__39	0.013	-0.012	-0.012	-0.246	0.04	-0.032	-0.012	-0.012
CCCCTGCCCA__0.553654240922855__20	-0.012	-0.012	-0.057	0.175	0.076	0.107	-0.012	-0.246
CCCCCTCCTA__0.553432373129424__12	-0.012	-0.012	-0.012	-0.057	0.031	0.013	-0.057	0.09
ACCCTACCCC__0.55320531909653__20	-0.032	-0.012	-0.057	0.09	0.025	-0.032	-0.012	-0.012
CGTCCGCCCA__0.552962489164765__13	-0.033	-0.013	0.013	-0.136	-0.077	0.107	-0.012	-0.246
GCCACCCCCA__0.552749839321792__35	0.107	-0.246	0.04	-0.032	-0.012	-0.012	-0.012	-0.246
CCCACGCTGC__0.55264357492741__10	-0.012	-0.246	0.04	-0.033	-0.077	0.017	0.175	0.076
GTCCCGCCCC__0.552636617676333__22	-0.013	0.013	-0.012	-0.136	-0.077	0.107	-0.012	-0.012
GCCCCCTCTA__0.552491017779417__9	0.107	-0.012	-0.012	-0.012	-0.057	0.031	0.027	0.09
ACCCCCCCCA__0.552158488090316__25	-0.032	-0.012	-0.012	-0.012	-0.012	-0.012	-0.012	-0.246
ACTCCTCCCC__0.551629901465499__19	-0.183	0.031	0.013	-0.057	0.031	0.013	-0.012	-0.012
AGCACGCCCT__0.551277609813243__9	0.017	0.076	0.04	-0.033	-0.077	0.107	-0.012	-0.057
CCCACGCACA__0.550970118330358__16	-0.012	-0.246	0.04	-0.033	-0.077	0.076	0.04	-0.006
ACCACTCACC__0.550356692477392__13	-0.032	-0.246	0.04	-0.183	0.031	0.194	0.04	-0.032
TACACACCCA__0.550140448906241__22	0.025	-0.006	0.04	-0.006	0.04	-0.032	-0.012	-0.246
CCACCTCCCA__0.549612397479158__21	-0.246	0.04	-0.032	-0.057	0.031	0.013	-0.012	-0.246
TACCCACCCA__0.549518206643694__22	0.025	-0.032	-0.012	-0.246	0.04	-0.032	-0.012	-0.246
CCCACTACCA__0.549370489968561__13	-0.012	-0.246	0.04	-0.183	0.09	0.025	-0.032	-0.246
TCCCCTCCCT__0.549334022442553__12	0.013	-0.012	-0.012	-0.057	0.031	0.013	-0.012	-0.057
GCCACGCCTT__0.549286702111036__15	0.107	-0.246	0.04	-0.033	-0.077	0.107	-0.057	-0.081
TATCCGCCCC__0.548929938907612__15	0.182	-0.11	0.013	-0.136	-0.077	0.107	-0.012	-0.012
TCCCCGAACA__0.54853784986691__11	0.013	-0.012	-0.012	-0.136	-0.003	-0.037	-0.205	-0.006
GACACTCCCA__0.548324645946403__19	-0.013	-0.006	0.04	-0.183	0.031	0.013	-0.012	-0.246
CCCACCACCC__0.54829893751765__22	-0.012	-0.246	0.04	-0.032	-0.246	0.04	-0.032	-0.012
ACCCCGCTCC__0.548149169094641__12	-0.032	-0.012	-0.012	-0.136	-0.077	0.017	0.031	0.013
CCTCCTCCCC__0.548147310757814__17	-0.057	0.031	0.013	-0.057	0.031	0.013	-0.012	-0.012
AACACTCCCA__0.548082661335244__15	-0.205	-0.006	0.04	-0.183	0.031	0.013	-0.012	-0.246
TCCCCCCCCA__0.547735633812801__26	0.013	-0.012	-0.012	-0.012	-0.012	-0.012	-0.012	-0.246
ACCCCGTTCC__0.547123395114407__9	-0.032	-0.012	-0.012	-0.136	-0.033	-0.205	-0.037	0.013
CCCACTCCTC__0.547025505590999__9	-0.012	-0.246	0.04	-0.183	0.031	0.013	-0.057	0.031
CCCACACACC__0.546970555297931__25	-0.012	-0.246	0.04	-0.006	0.04	-0.006	0.04	-0.032
CCCCCGACCC__0.546795263336728__19	-0.012	-0.012	-0.012	-0.136	-0.003	-0.013	-0.032	-0.012
CCCCCGCCAC__0.546708723241553__11	-0.012	-0.012	-0.012	-0.136	-0.077	0.107	-0.246	0.04
GCCCCTCCCT__0.546660349909157__15	0.107	-0.012	-0.012	-0.057	0.031	0.013	-0.012	-0.057
CGAACGCCCA__0.546590586485332__9	-0.003	-0.037	-0.205	-0.033	-0.077	0.107	-0.012	-0.246
CCCCATCCCA__0.546524222228841__19	-0.012	-0.012	-0.246	0.134	-0.11	0.013	-0.012	-0.246
ATAACGCCCC__0.546163488849235__16	0.182	0.068	-0.205	-0.033	-0.077	0.107	-0.012	-0.012
CTCCCACCCA__0.545787916724102__21	0.031	0.013	-0.012	-0.246	0.04	-0.032	-0.012	-0.246
GCCCAACCCC__0.545244830898057__23	0.107	-0.012	-0.246	0.015	-0.205	-0.032	-0.012	-0.012
ACTCCGCCCT__0.545183258044102__10	-0.183	0.031	0.013	-0.136	-0.077	0.107	-0.012	-0.057
ACCAATCCCA__0.545103662586147__11	-0.032	-0.246	0.015	-0.28	-0.11	0.013	-0.012	-0.246
TACACACCCC__0.544373253654342__32	0.025	-0.006	0.04	-0.006	0.04	-0.032	-0.012	-0.012
CCAACGCCTA__0.54361375877312__11	-0.246	0.015	-0.205	-0.033	-0.077	0.107	-0.057	0.09
GCACCGCCCT__0.543609820246314__9	0.076	0.04	-0.032	-0.136	-0.077	0.107	-0.012	-0.057
CAAACGCCCC__0.543435082718634__18	0.015	-0.274	-0.205	-0.033	-0.077	0.107	-0.012	-0.012
TACCCGCCTC__0.542964166416227__9	0.025	-0.032	-0.012	-0.136	-0.077	0.107	-0.057	0.031
ACCACGACCA__0.542942365862736__11	-0.032	-0.246	0.04	-0.033	-0.003	-0.013	-0.032	-0.246
CCCACTCACA__0.542625821011979__12	-0.012	-0.246	0.04	-0.183	0.031	0.194	0.04	-0.006
GTCACGCCCA__0.542390166631165__11	-0.013	0.194	0.04	-0.033	-0.077	0.107	-0.012	-0.246
CATCCGCCCC__0.542097309365113__20	0.134	-0.11	0.013	-0.136	-0.077	0.107	-0.012	-0.012
GAACCACCCA__0.541980252577912__21	-0.037	-0.205	-0.032	-0.246	0.04	-0.032	-0.012	-0.246
ACACCTCCCC__0.541884350512061__20	-0.006	0.04	-0.032	-0.057	0.031	0.013	-0.012	-0.012
CCCACTCCTA__0.541831654274967__10	-0.012	-0.246	0.04	-0.183	0.031	0.013	-0.057	0.09
AGCACGCCCC__0.541650086586507__15	0.017	0.076	0.04	-0.033	-0.077	0.107	-0.012	-0.012
ATCCCGCCCC__0.541261420122309__25	-0.11	0.013	-0.012	-0.136	-0.077	0.107	-0.012	-0.012
CCCACGCACC__0.540358436432954__18	-0.012	-0.246	0.04	-0.033	-0.077	0.076	0.04	-0.032
ACCCCACCCT__0.54026598582895__20	-0.032	-0.012	-0.012	-0.246	0.04	-0.032	-0.012	-0.057
ACCACCCTCA__0.54009233099026__17	-0.032	-0.246	0.04	-0.032	-0.012	-0.057	0.031	0.194
CCTACGCCCT__0.53980535898971__9	-0.057	0.09	0.025	-0.033	-0.077	0.107	-0.012	-0.057
GCCCCCCCAA__0.53968474158989__16	0.107	-0.012	-0.012	-0.012	-0.012	-0.012	-0.246	0.015
CCACCGTCCA__0.539431125165661__9	-0.246	0.04	-0.032	-0.136	-0.033	-0.013	0.013	-0.246
CCCCCATCCC__0.539429809957164__18	-0.012	-0.012	-0.012	-0.246	0.134	-0.11	0.013	-0.012
CCCACACTCA__0.539415738053414__11	-0.012	-0.246	0.04	-0.006	0.04	-0.183	0.031	0.194
CTTCCGCCCC__0.538699944132099__18	-0.081	-0.037	0.013	-0.136	-0.077	0.107	-0.012	-0.012
CCCAATCCCC__0.53848823832481__10	-0.012	-0.246	0.015	-0.28	-0.11	0.013	-0.012	-0.012
GCCCCCCCTC__0.538403721606586__17	0.107	-0.012	-0.012	-0.012	-0.012	-0.012	-0.057	0.031
ACAACGACCA__0.538235400011616__9	-0.006	0.015	-0.205	-0.033	-0.003	-0.013	-0.032	-0.246
ACCACTGCCC__0.538194998993174__13	-0.032	-0.246	0.04	-0.183	0.175	0.076	0.107	-0.012
CCTCCACCCA__0.537928061995259__24	-0.057	0.031	0.013	-0.246	0.04	-0.032	-0.012	-0.246
TCCCCGCACT__0.537831511160706__10	0.013	-0.012	-0.012	-0.136	-0.077	0.076	0.04	-0.183
CACCCACCCA__0.537799092899986__19	0.04	-0.032	-0.012	-0.246	0.04	-0.032	-0.012	-0.246
CCCACCTCCA__0.537646679807614__18	-0.012	-0.246	0.04	-0.032	-0.057	0.031	0.013	-0.246
CTGCCGCCCA__0.537481859839918__11	0.175	0.076	0.107	-0.136	-0.077	0.107	-0.012	-0.246
CCCACACCAA__0.537072136858971__15	-0.012	-0.246	0.04	-0.006	0.04	-0.032	-0.246	0.015
ACTCCGCCTC__0.536713827948713__10	-0.183	0.031	0.013	-0.136	-0.077	0.107	-0.057	0.031
CGCCCGCCCA__0.536699620893525__11	-0.077	0.107	-0.012	-0.136	-0.077	0.107	-0.012	-0.246
TATACGCCCA__0.536580595900941__11	0.182	0.182	0.025	-0.033	-0.077	0.107	-0.012	-0.246
GCCCTACCCC__0.536408033339431__25	0.107	-0.012	-0.057	0.09	0.025	-0.032	-0.012	-0.012
AGCACGCCTC__0.536362980085599__9	0.017	0.076	0.04	-0.033	-0.077	0.107	-0.057	0.031
AAACCGCCCC__0.536280419613932__17	-0.274	-0.205	-0.032	-0.136	-0.077	0.107	-0.012	-0.012
GACACACCCC__0.536197000847159__33	-0.013	-0.006	0.04	-0.006	0.04	-0.032	-0.012	-0.012
ACACCACCCC__0.53588418865859__22	-0.006	0.04	-0.032	-0.246	0.04	-0.032	-0.012	-0.012
GCTCCTCCCC__0.535829610701513__20	0.017	0.031	0.013	-0.057	0.031	0.013	-0.012	-0.012
CCCCCGCGCA__0.53575602309347__10	-0.012	-0.012	-0.012	-0.136	-0.077	-0.077	-0.077	0.076
GCCACCCCCC__0.535572668891007__35	0.107	-0.246	0.04	-0.032	-0.012	-0.012	-0.012	-0.012
AACACACCCC__0.534614452234758__29	-0.205	-0.006	0.04	-0.006	0.04	-0.032	-0.012	-0.012
GACACTCCCC__0.534234998907152__18	-0.013	-0.006	0.04	-0.183	0.031	0.013	-0.012	-0.012
ACCACTCCTA__0.534088289933112__9	-0.032	-0.246	0.04	-0.183	0.031	0.013	-0.057	0.09
ACCCCGCACA__0.533293359556732__13	-0.032	-0.012	-0.012	-0.136	-0.077	0.076	0.04	-0.006
CTGACGCCCC__0.533207436851045__16	0.175	0.194	-0.013	-0.033	-0.077	0.107	-0.012	-0.012
TAACCGCCCC__0.532777900095137__16	0.068	-0.205	-0.032	-0.136	-0.077	0.107	-0.012	-0.012
GCACCACCCT__0.532758000577007__16	0.076	0.04	-0.032	-0.246	0.04	-0.032	-0.012	-0.057
ATCCCGCCCT__0.53219193152235__12	-0.11	0.013	-0.012	-0.136	-0.077	0.107	-0.012	-0.057
CCCCCGCGCC__0.532134190858006__10	-0.012	-0.012	-0.012	-0.136	-0.077	-0.077	-0.077	0.107
ACCCAACCCC__0.532013284345828__23	-0.032	-0.012	-0.246	0.015	-0.205	-0.032	-0.012	-0.012
CCCACACCCG__0.53138761426515__13	-0.012	-0.246	0.04	-0.006	0.04	-0.032	-0.012	-0.136
TCCACGCCTC__0.53124268152739__14	0.013	-0.246	0.04	-0.033	-0.077	0.107	-0.057	0.031
ACAACTCCCC__0.530435182788779__17	-0.006	0.015	-0.205	-0.183	0.031	0.013	-0.012	-0.012
TTCCCGCCCC__0.53010274381227__21	-0.037	0.013	-0.012	-0.136	-0.077	0.107	-0.012	-0.012
TCAACGCCCA__0.529945264504826__10	0.194	0.015	-0.205	-0.033	-0.077	0.107	-0.012	-0.246
AACCCACCCC__0.529764351749817__31	-0.205	-0.032	-0.012	-0.246	0.04	-0.032	-0.012	-0.012
CAACCGCCCC__0.529036210288512__14	0.015	-0.205	-0.032	-0.136	-0.077	0.107	-0.012	-0.012
ACCCAGCCCC__0.528968766425648__14	-0.032	-0.012	-0.246	0.175	0.017	0.107	-0.012	-0.012
CCCACTCTCA__0.52884377253225__10	-0.012	-0.246	0.04	-0.183	0.031	0.027	0.031	0.194
TCCACACACC__0.528673288260468__20	0.013	-0.246	0.04	-0.006	0.04	-0.006	0.04	-0.032
CCCCCGACCA__0.528606069060066__14	-0.012	-0.012	-0.012	-0.136	-0.003	-0.013	-0.032	-0.246
CACCCGCACC__0.528513095335586__11	0.04	-0.032	-0.012	-0.136	-0.077	0.076	0.04	-0.032
ACCCCGCCAC__0.527989602266571__12	-0.032	-0.012	-0.012	-0.136	-0.077	0.107	-0.246	0.04
GAACCGCCCC__0.527188736964667__18	-0.037	-0.205	-0.032	-0.136	-0.077	0.107	-0.012	-0.012
TCCCCTCCGC__0.526969529617617__9	0.013	-0.012	-0.012	-0.057	0.031	0.013	-0.136	-0.077
ACAACGCCCT__0.526847211805305__10	-0.006	0.015	-0.205	-0.033	-0.077	0.107	-0.012	-0.057
ACCACCTCCC__0.526610800200534__20	-0.032	-0.246	0.04	-0.032	-0.057	0.031	0.013	-0.012
CCCACTCCAA__0.526255412297983__11	-0.012	-0.246	0.04	-0.183	0.031	0.013	-0.246	0.015
ACCAAACCCC__0.526068949687556__20	-0.032	-0.246	0.015	-0.274	-0.205	-0.032	-0.012	-0.012
CCAACGACCC__0.525874693680036__10	-0.246	0.015	-0.205	-0.033	-0.003	-0.013	-0.032	-0.012
CCACCTCCCC__0.5247112371027__20	-0.246	0.04	-0.032	-0.057	0.031	0.013	-0.012	-0.012
GCCCCCCCAC__0.524691089451229__24	0.107	-0.012	-0.012	-0.012	-0.012	-0.012	-0.246	0.04
GTGACGCCCA__0.524482739832942__9	0.04	0.194	-0.013	-0.033	-0.077	0.107	-0.012	-0.246
CCCACTTCCC__0.523893243437927__13	-0.012	-0.246	0.04	-0.183	-0.081	-0.037	0.013	-0.012
ACCCCACCAA__0.523436874722103__17	-0.032	-0.012	-0.012	-0.246	0.04	-0.032	-0.246	0.015
CCTCCGCCCT__0.523195574407363__9	-0.057	0.031	0.013	-0.136	-0.077	0.107	-0.012	-0.057
GCCCCCCAAA__0.523119266320466__12	0.107	-0.012	-0.012	-0.012	-0.012	-0.246	0.015	-0.274
GCCCCTTTCC__0.522993495707332__11	0.107	-0.012	-0.012	-0.057	-0.081	-0.274	-0.037	0.013
TCCACCCCCA__0.522652018595166__30	0.013	-0.246	0.04	-0.032	-0.012	-0.012	-0.012	-0.246
GCCCCTCACA__0.522269773615118__12	0.107	-0.012	-0.012	-0.057	0.031	0.194	0.04	-0.006
GCCCCACCCG__0.522144813685927__15	0.107	-0.012	-0.012	-0.246	0.04	-0.032	-0.012	-0.136
GATCCGCCCA__0.52195662410509__12	-0.11	-0.11	0.013	-0.136	-0.077	0.107	-0.012	-0.246
TAAACGCCCA__0.5217638665813__9	0.068	-0.274	-0.205	-0.033	-0.077	0.107	-0.012	-0.246
CCCACTCCCT__0.521749910097605__13	-0.012	-0.246	0.04	-0.183	0.031	0.013	-0.012	-0.057
CCCACACCTA__0.521732010321634__13	-0.012	-0.246	0.04	-0.006	0.04	-0.032	-0.057	0.09
GGCCCACCCA__0.521643349646964__17	0.107	0.107	-0.012	-0.246	0.04	-0.032	-0.012	-0.246
ACCCCACCTA__0.521577785487879__16	-0.032	-0.012	-0.012	-0.246	0.04	-0.032	-0.057	0.09
ACCACCTCCA__0.521523263824947__15	-0.032	-0.246	0.04	-0.032	-0.057	0.031	0.013	-0.246
ACCAAACCCA__0.521431608304848__15	-0.032	-0.246	0.015	-0.274	-0.205	-0.032	-0.012	-0.246
AGACCGCCCA__0.521196710746487__9	0.027	-0.013	-0.032	-0.136	-0.077	0.107	-0.012	-0.246
TCCCAACCCA__0.520881800944126__18	0.013	-0.012	-0.246	0.015	-0.205	-0.032	-0.012	-0.246
CCCACACGCA__0.520537341503597__11	-0.012	-0.246	0.04	-0.006	0.04	-0.033	-0.077	0.076
TCCCCTCACC__0.520474446332712__10	0.013	-0.012	-0.012	-0.057	0.031	0.194	0.04	-0.032
GCCCATCCTC__0.520367173825803__9	0.107	-0.012	-0.246	0.134	-0.11	0.013	-0.057	0.031
ATCACGCCTC__0.520278566281762__11	-0.11	0.194	0.04	-0.033	-0.077	0.107	-0.057	0.031
CCCCTGCCCT__0.520243390472014__11	-0.012	-0.012	-0.057	0.175	0.076	0.107	-0.012	-0.057
GACACACCCA__0.520106577820661__20	-0.013	-0.006	0.04	-0.006	0.04	-0.032	-0.012	-0.246
ACCACACCTA__0.519777611505313__13	-0.032	-0.246	0.04	-0.006	0.04	-0.032	-0.057	0.09
ACCCCAACCC__0.51953352409956__14	-0.032	-0.012	-0.012	-0.246	0.015	-0.205	-0.032	-0.012
CACCCTCCCC__0.519091685692174__21	0.04	-0.032	-0.012	-0.057	0.031	0.013	-0.012	-0.012
CCCACCTCCC__0.518918064440352__22	-0.012	-0.246	0.04	-0.032	-0.057	0.031	0.013	-0.012
CCAACACCCA__0.518298353332304__24	-0.246	0.015	-0.205	-0.006	0.04	-0.032	-0.012	-0.246
CACCCTCCCA__0.51824601152432__19	0.04	-0.032	-0.012	-0.057	0.031	0.013	-0.012	-0.246
CCCCCACACA__0.518161854288883__20	-0.012	-0.012	-0.012	-0.246	0.04	-0.006	0.04	-0.006
CCCCAGCCCC__0.517970300259844__13	-0.012	-0.012	-0.246	0.175	0.017	0.107	-0.012	-0.012
GCCCCGTCCC__0.517064903006366__9	0.107	-0.012	-0.012	-0.136	-0.033	-0.013	0.013	-0.012
CCCACTCTCC__0.51695154409146__11	-0.012	-0.246	0.04	-0.183	0.031	0.027	0.031	0.013
CCCACACCCT__0.516931207374879__16	-0.012	-0.246	0.04	-0.006	0.04	-0.032	-0.012	-0.057
GCTCCGCCCA__0.516903889857316__12	0.017	0.031	0.013	-0.136	-0.077	0.107	-0.012	-0.246
GCCTCCCACC__0.516785575357311__29	0.107	-0.057	0.031	0.013	-0.012	-0.246	0.04	-0.032
GATCCTCCCC__0.516780970939484__12	-0.11	-0.11	0.013	-0.057	0.031	0.013	-0.012	-0.012
GCCACACCTA__0.51637414847056__14	0.107	-0.246	0.04	-0.006	0.04	-0.032	-0.057	0.09
CCCCCACCTA__0.516132977208537__16	-0.012	-0.012	-0.012	-0.246	0.04	-0.032	-0.057	0.09
CTCCCTCCCC__0.516068816450597__19	0.031	0.013	-0.012	-0.057	0.031	0.013	-0.012	-0.012
ACTCCTCCCA__0.515947529862094__14	-0.183	0.031	0.013	-0.057	0.031	0.013	-0.012	-0.246
GCCCCCTTCA__0.515929500666395__12	0.107	-0.012	-0.012	-0.012	-0.057	-0.081	-0.037	0.194
TTCCCACCCA__0.515604502682325__15	-0.037	0.013	-0.012	-0.246	0.04	-0.032	-0.012	-0.246
GCCCCATCCG__0.515194188814323__9	0.107	-0.012	-0.012	-0.246	0.134	-0.11	0.013	-0.136
GCCACCCCTA__0.514947965216803__12	0.107	-0.246	0.04	-0.032	-0.012	-0.012	-0.057	0.09
GCACCACCCC__0.514818348584451__25	0.076	0.04	-0.032	-0.246	0.04	-0.032	-0.012	-0.012
ATTCCGCCCA__0.514579873003116__11	-0.28	-0.037	0.013	-0.136	-0.077	0.107	-0.012	-0.246
ACCACCCCCG__0.514281782067378__17	-0.032	-0.246	0.04	-0.032	-0.012	-0.012	-0.012	-0.136
TTCCCGCCTC__0.514100892284814__11	-0.037	0.013	-0.012	-0.136	-0.077	0.107	-0.057	0.031
CCCCAACCCA__0.513972254653654__14	-0.012	-0.012	-0.246	0.015	-0.205	-0.032	-0.012	-0.246
CCCCTGCCTC__0.513096564385198__9	-0.012	-0.012	-0.057	0.175	0.076	0.107	-0.057	0.031
GACCAACCCC__0.512542138487947__16	-0.013	-0.032	-0.246	0.015	-0.205	-0.032	-0.012	-0.012
GCCACTCCCA__0.512446063198196__24	0.107	-0.246	0.04	-0.183	0.031	0.013	-0.012	-0.246
GCCACCACCC__0.512231998898411__18	0.107	-0.246	0.04	-0.032	-0.246	0.04	-0.032	-0.012
GCCACACCTT__0.512077970534318__10	0.107	-0.246	0.04	-0.006	0.04	-0.032	-0.057	-0.081
CTCACTCCCC__0.511961285967434__17	0.031	0.194	0.04	-0.183	0.031	0.013	-0.012	-0.012
GCCCCACCAC__0.511940346677249__17	0.107	-0.012	-0.012	-0.246	0.04	-0.032	-0.246	0.04
CCCATGCCCC__0.511907454013383__17	-0.012	-0.246	0.134	0.134	0.076	0.107	-0.012	-0.012
CCAACTCCCA__0.511552562798294__17	-0.246	0.015	-0.205	-0.183	0.031	0.013	-0.012	-0.246
TTACCGCCCA__0.511461769546946__12	0.068	0.025	-0.032	-0.136	-0.077	0.107	-0.012	-0.246
CCCACACGCC__0.51142770478953__10	-0.012	-0.246	0.04	-0.006	0.04	-0.033	-0.077	0.107
TCCACTCCCA__0.511170240526714__16	0.013	-0.246	0.04	-0.183	0.031	0.013	-0.012	-0.246
GACCCACCCA__0.510633035636734__18	-0.013	-0.032	-0.012	-0.246	0.04	-0.032	-0.012	-0.246
ACCCTACCCA__0.510404766072846__12	-0.032	-0.012	-0.057	0.09	0.025	-0.032	-0.012	-0.246
CCCACACACA__0.509910884201465__18	-0.012	-0.246	0.04	-0.006	0.04	-0.006	0.04	-0.006
ATCCCACCCA__0.509910716617319__16	-0.11	0.013	-0.012	-0.246	0.04	-0.032	-0.012	-0.246
ACCCAGCCCA__0.509811958277469__13	-0.032	-0.012	-0.246	0.175	0.017	0.107	-0.012	-0.246
TCCAATCCCC__0.509352096721274__12	0.013	-0.246	0.015	-0.28	-0.11	0.013	-0.012	-0.012
AACCCTCCCC__0.50888991365494__18	-0.205	-0.032	-0.012	-0.057	0.031	0.013	-0.012	-0.012
GACACGCCCG__0.508681779170893__10	-0.013	-0.006	0.04	-0.033	-0.077	0.107	-0.012	-0.136
GCCCACCACA__0.508117655826489__15	0.107	-0.012	-0.246	0.04	-0.032	-0.246	0.04	-0.006
TCACCACCCA__0.508022049725022__16	0.194	0.04	-0.032	-0.246	0.04	-0.032	-0.012	-0.246
CCACCGCCTC__0.507987589879965__9	-0.246	0.04	-0.032	-0.136	-0.077	0.107	-0.057	0.031
ACCCCTCTCC__0.507619629373468__9	-0.032	-0.012	-0.012	-0.057	0.031	0.027	0.031	0.013
GGCACGCCCC__0.507547814849671__15	0.107	0.076	0.04	-0.033	-0.077	0.107	-0.012	-0.012
TCACCTCCCA__0.507450961510735__14	0.194	0.04	-0.032	-0.057	0.031	0.013	-0.012	-0.246
CCCCCAACCC__0.50685332441543__14	-0.012	-0.012	-0.012	-0.246	0.015	-0.205	-0.032	-0.012
ACACCCCCCA__0.506726653829504__26	-0.006	0.04	-0.032	-0.012	-0.012	-0.012	-0.012	-0.246
GACACCCCCA__0.505786352617844__27	-0.013	-0.006	0.04	-0.032	-0.012	-0.012	-0.012	-0.246
TCCACACCCT__0.505669894995677__13	0.013	-0.246	0.04	-0.006	0.04	-0.032	-0.012	-0.057
TCCCTACCCC__0.505254170114195__18	0.013	-0.012	-0.057	0.09	0.025	-0.032	-0.012	-0.012
GCACCTCCCA__0.50504551897715__17	0.076	0.04	-0.032	-0.057	0.031	0.013	-0.012	-0.246
GCCCACCCCA__0.504924238270566__24	0.107	-0.012	-0.246	0.04	-0.032	-0.012	-0.012	-0.246
GCCCCCCTTC__0.504669858109469__12	0.107	-0.012	-0.012	-0.012	-0.012	-0.057	-0.081	-0.037
AACCCACCCA__0.504510906356769__18	-0.205	-0.032	-0.012	-0.246	0.04	-0.032	-0.012	-0.246
TACCCTCCCA__0.504477295949961__17	0.025	-0.032	-0.012	-0.057	0.031	0.013	-0.012	-0.246
GCCCCACCAA__0.504278102331766__15	0.107	-0.012	-0.012	-0.246	0.04	-0.032	-0.246	0.015
ACCACGCCCG__0.504094185263984__10	-0.032	-0.246	0.04	-0.033	-0.077	0.107	-0.012	-0.136
ACCACCCTCC__0.504085699176634__17	-0.032	-0.246	0.04	-0.032	-0.012	-0.057	0.031	0.013
GTACCTCCCC__0.504034843604261__12	0.025	0.025	-0.032	-0.057	0.031	0.013	-0.012	-0.012
GCCCCTCCTA__0.503891690219588__11	0.107	-0.012	-0.012	-0.057	0.031	0.013	-0.057	0.09
ACCCCATCCA__0.50361013126683__10	-0.032	-0.012	-0.012	-0.246	0.134	-0.11	0.013	-0.246
ACCACTCCCG__0.503562309054854__9	-0.032	-0.246	0.04	-0.183	0.031	0.013	-0.012	-0.136
ATCACTCCCC__0.503392118883369__16	-0.11	0.194	0.04	-0.183	0.031	0.013	-0.012	-0.012
CCCCCTCCCT__0.502595461407356__11	-0.012	-0.012	-0.012	-0.057	0.031	0.013	-0.012	-0.057
TTAACGCCCC__0.502481064359942__16	0.068	0.068	-0.205	-0.033	-0.077	0.107	-0.012	-0.012
TCCCCACCTA__0.502435517972033__15	0.013	-0.012	-0.012	-0.246	0.04	-0.032	-0.057	0.09
ATCACACCCC__0.502161850938501__23	-0.11	0.194	0.04	-0.006	0.04	-0.032	-0.012	-0.012
GTACCGCCCC__0.501872426470134__14	0.025	0.025	-0.032	-0.136	-0.077	0.107	-0.012	-0.012
CCACCGTCCC__0.501802622615367__9	-0.246	0.04	-0.032	-0.136	-0.033	-0.013	0.013	-0.012
CCCCCACCTC__0.501259936622053__18	-0.012	-0.012	-0.012	-0.246	0.04	-0.032	-0.057	0.031
GCCCAACCCA__0.501228036992753__15	0.107	-0.012	-0.246	0.015	-0.205	-0.032	-0.012	-0.246
ACCCCGACCA__0.501040367960527__14	-0.032	-0.012	-0.012	-0.136	-0.003	-0.013	-0.032	-0.246
ACCCCGACCC__0.500677812213467__17	-0.032	-0.012	-0.012	-0.136	-0.003	-0.013	-0.032	-0.012
ACCACACCTC__0.500595808435043__14	-0.032	-0.246	0.04	-0.006	0.04	-0.032	-0.057	0.031
TCCACCCACC__0.500558585259203__22	0.013	-0.246	0.04	-0.032	-0.012	-0.246	0.04	-0.032
ATCCCTCCCC__0.50035408301224__18	-0.11	0.013	-0.012	-0.057	0.031	0.013	-0.012	-0.012
TCCCCCCTCA__0.500314715967068__14	0.013	-0.012	-0.012	-0.012	-0.012	-0.057	0.031	0.194
GTAACGCCCC__0.500229956048933__17	0.025	0.068	-0.205	-0.033	-0.077	0.107	-0.012	-0.012
ACCACCACCC__0.499248771273251__15	-0.032	-0.246	0.04	-0.032	-0.246	0.04	-0.032	-0.012
GCCCCTACAA__0.499193758606742__9	0.107	-0.012	-0.012	-0.057	0.09	0.025	-0.006	0.015
GACCCACCCC__0.498970368692946__25	-0.013	-0.032	-0.012	-0.246	0.04	-0.032	-0.012	-0.012
TTCACACCCA__0.498724922155261__17	-0.037	0.194	0.04	-0.006	0.04	-0.032	-0.012	-0.246
GCCCCTAACA__0.498704033892273__10	0.107	-0.012	-0.012	-0.057	0.09	0.068	-0.205	-0.006
GCCCCTAACC__0.497952257894666__9	0.107	-0.012	-0.012	-0.057	0.09	0.068	-0.205	-0.032
GTCCCACCTC__0.49757529756561__15	-0.013	0.013	-0.012	-0.246	0.04	-0.032	-0.057	0.031
GTCCCGCCCA__0.497475390428612__10	-0.013	0.013	-0.012	-0.136	-0.077	0.107	-0.012	-0.246
AGCCCGCCCC__0.497389044936092__9	0.017	0.107	-0.012	-0.136	-0.077	0.107	-0.012	-0.012
GACACACCTA__0.49735272721505__13	-0.013	-0.006	0.04	-0.006	0.04	-0.032	-0.057	0.09
GACCAACCCA__0.497333544828387__12	-0.013	-0.032	-0.246	0.015	-0.205	-0.032	-0.012	-0.246
TCACCTCCCC__0.496811878807076__14	0.194	0.04	-0.032	-0.057	0.031	0.013	-0.012	-0.012
ACCCTGCCCC__0.496736360562057__16	-0.032	-0.012	-0.057	0.175	0.076	0.107	-0.012	-0.012
ACCCCTTCCC__0.49664888201946__13	-0.032	-0.012	-0.012	-0.057	-0.081	-0.037	0.013	-0.012
TTTCCGCCCA__0.496452034226685__10	-0.274	-0.037	0.013	-0.136	-0.077	0.107	-0.012	-0.246
GCCACCCCTC__0.496431173683661__16	0.107	-0.246	0.04	-0.032	-0.012	-0.012	-0.057	0.031
GACACGCCTC__0.496023879317322__10	-0.013	-0.006	0.04	-0.033	-0.077	0.107	-0.057	0.031
AGACCGCCCC__0.496021572635228__12	0.027	-0.013	-0.032	-0.136	-0.077	0.107	-0.012	-0.012
GACACGCCTA__0.495974341009233__9	-0.013	-0.006	0.04	-0.033	-0.077	0.107	-0.057	0.09
CCCCCGACTA__0.495812038189778__9	-0.012	-0.012	-0.012	-0.136	-0.003	-0.013	-0.183	0.09
CCCCCTCCAA__0.495501117037081__9	-0.012	-0.012	-0.012	-0.057	0.031	0.013	-0.246	0.015
TCCCCGCACC__0.495331045938458__10	0.013	-0.012	-0.012	-0.136	-0.077	0.076	0.04	-0.032
CCCTCGCCCA__0.495164375299574__12	-0.012	-0.057	0.031	-0.003	-0.077	0.107	-0.012	-0.246
GCCCCCCCTT__0.4947433536362__10	0.107	-0.012	-0.012	-0.012	-0.012	-0.012	-0.057	-0.081
ACCTCACCCA__0.494522817342614__14	-0.032	-0.057	0.031	0.194	0.04	-0.032	-0.012	-0.246
ACGCCGCCCC__0.494375841897378__14	-0.033	-0.077	0.107	-0.136	-0.077	0.107	-0.012	-0.012
CTCCCGCTCC__0.494090254123281__9	0.031	0.013	-0.012	-0.136	-0.077	0.017	0.031	0.013
CCCACTCCCG__0.494033310734096__9	-0.012	-0.246	0.04	-0.183	0.031	0.013	-0.012	-0.136
CCCACACCAC__0.49399261994047__13	-0.012	-0.246	0.04	-0.006	0.04	-0.032	-0.246	0.04
CCCACTGCCC__0.493985484596759__11	-0.012	-0.246	0.04	-0.183	0.175	0.076	0.107	-0.012
GCCCCTACCC__0.493835281367057__10	0.107	-0.012	-0.012	-0.057	0.09	0.025	-0.032	-0.012
AAAACGCCCC__0.493728539125348__12	-0.274	-0.274	-0.205	-0.033	-0.077	0.107	-0.012	-0.012
CCCATGCCCA__0.492656182648373__13	-0.012	-0.246	0.134	0.134	0.076	0.107	-0.012	-0.246
GCTACACCCA__0.492502335395704__15	0.017	0.09	0.025	-0.006	0.04	-0.032	-0.012	-0.246
CCCACCCGCA__0.492345819008532__9	-0.012	-0.246	0.04	-0.032	-0.012	-0.136	-0.077	0.076
GTCCCACCCC__0.491980345430459__23	-0.013	0.013	-0.012	-0.246	0.04	-0.032	-0.012	-0.012
TTTCCGCCCC__0.49196098707311__16	-0.274	-0.037	0.013	-0.136	-0.077	0.107	-0.012	-0.012
CCCCTACCCC__0.49194227268716__15	-0.012	-0.012	-0.057	0.09	0.025	-0.032	-0.012	-0.012
TACCCTCCCC__0.491863261618553__17	0.025	-0.032	-0.012	-0.057	0.031	0.013	-0.012	-0.012
ACCAACCCCC__0.491573406318494__22	-0.032	-0.246	0.015	-0.205	-0.032	-0.012	-0.012	-0.012
CCCACCCTCA__0.491362682095354__14	-0.012	-0.246	0.04	-0.032	-0.012	-0.057	0.031	0.194
GCCACCCACC__0.491014359583996__21	0.107	-0.246	0.04	-0.032	-0.012	-0.246	0.04	-0.032
CACACTCCCA__0.490837982864195__14	0.04	-0.006	0.04	-0.183	0.031	0.013	-0.012	-0.246
TACCTGCCCA__0.490676496164377__13	0.025	-0.032	-0.057	0.175	0.076	0.107	-0.012	-0.246
GCCCCACTAA__0.490654382704672__9	0.107	-0.012	-0.012	-0.246	0.04	-0.183	0.09	0.068
GCCCATCCCT__0.490628089584997__11	0.107	-0.012	-0.246	0.134	-0.11	0.013	-0.012	-0.057
GCCCATCCCA__0.490581473336138__15	0.107	-0.012	-0.246	0.134	-0.11	0.013	-0.012	-0.246
GCCCCCCCCG__0.49033560700872__10	0.107	-0.012	-0.012	-0.012	-0.012	-0.012	-0.012	-0.136
GCCCAGCCCC__0.490271059768776__15	0.107	-0.012	-0.246	0.175	0.017	0.107	-0.012	-0.012
GACCCTCCCC__0.490203056081517__14	-0.013	-0.032	-0.012	-0.057	0.031	0.013	-0.012	-0.012
GCCCCCCGAA__0.490055265153783__9	0.107	-0.012	-0.012	-0.012	-0.012	-0.136	-0.003	-0.037
GCCCCCACTA__0.489839570033389__10	0.107	-0.012	-0.012	-0.012	-0.246	0.04	-0.183	0.09
ACCCCACCCG__0.489535300441692__12	-0.032	-0.012	-0.012	-0.246	0.04	-0.032	-0.012	-0.136
CAGACGCCCC__0.48938752246631__10	0.175	0.027	-0.013	-0.033	-0.077	0.107	-0.012	-0.012
GCCCCTACAC__0.488603163083845__10	0.107	-0.012	-0.012	-0.057	0.09	0.025	-0.006	0.04
CCCACACCGC__0.487885966499277__12	-0.012	-0.246	0.04	-0.006	0.04	-0.032	-0.136	-0.077
GCACCCCCCC__0.487506745750681__26	0.076	0.04	-0.032	-0.012	-0.012	-0.012	-0.012	-0.012
GCCCCTCCCG__0.487440847025552__9	0.107	-0.012	-0.012	-0.057	0.031	0.013	-0.012	-0.136
TCCCCAACCA__0.487293470215413__11	0.013	-0.012	-0.012	-0.246	0.015	-0.205	-0.032	-0.246
CCCACACCGA__0.487289489364363__9	-0.012	-0.246	0.04	-0.006	0.04	-0.032	-0.136	-0.003
GCCCTCCTCA__0.487154062798069__9	0.107	-0.012	-0.057	0.031	0.013	-0.057	0.031	0.194
GCCCCCCATC__0.485999665878737__10	0.107	-0.012	-0.012	-0.012	-0.012	-0.246	0.134	-0.11
ACCACACACC__0.485893999459574__18	-0.032	-0.246	0.04	-0.006	0.04	-0.006	0.04	-0.032
CACCAGCCCC__0.485777867064897__10	0.04	-0.032	-0.246	0.175	0.017	0.107	-0.012	-0.012
GCCCCCCGCC__0.485702079000007__10	0.107	-0.012	-0.012	-0.012	-0.012	-0.136	-0.077	0.107
GCCCACCTCA__0.484944626850576__15	0.107	-0.012	-0.246	0.04	-0.032	-0.057	0.031	0.194
CCAACGCCTC__0.484771844261263__10	-0.246	0.015	-0.205	-0.033	-0.077	0.107	-0.057	0.031
CTCCCACCCC__0.484599554483366__22	0.031	0.013	-0.012	-0.246	0.04	-0.032	-0.012	-0.012
GCACCCCCCA__0.483946041433831__23	0.076	0.04	-0.032	-0.012	-0.012	-0.012	-0.012	-0.246
TCCCTGCCCC__0.483890647510508__14	0.013	-0.012	-0.057	0.175	0.076	0.107	-0.012	-0.012
CCAACTCCCC__0.483869104897964__15	-0.246	0.015	-0.205	-0.183	0.031	0.013	-0.012	-0.012
GCCCCCTCAA__0.483585100474939__12	0.107	-0.012	-0.012	-0.012	-0.057	0.031	0.194	0.015
TTTACGCCCA__0.483582506216354__11	-0.274	0.068	0.025	-0.033	-0.077	0.107	-0.012	-0.246
GCCCCGCTCC__0.48350080861804__9	0.107	-0.012	-0.012	-0.136	-0.077	0.017	0.031	0.013
ACCGCGCCCA__0.483479328151698__15	-0.032	-0.136	-0.077	-0.077	-0.077	0.107	-0.012	-0.246
GCCGCGCCCA__0.483436360784022__12	0.107	-0.136	-0.077	-0.077	-0.077	0.107	-0.012	-0.246
GTCCCTCCCC__0.483223071257151__18	-0.013	0.013	-0.012	-0.057	0.031	0.013	-0.012	-0.012
GCCCTACCCA__0.482749675199825__14	0.107	-0.012	-0.057	0.09	0.025	-0.032	-0.012	-0.246
GCCAACCCCC__0.482746517901975__20	0.107	-0.246	0.015	-0.205	-0.032	-0.012	-0.012	-0.012
GCCCAGCCGC__0.482731416097795__9	0.107	-0.012	-0.246	0.175	0.017	0.107	-0.136	-0.077
CCCACCCCTA__0.482716931523569__10	-0.012	-0.246	0.04	-0.032	-0.012	-0.012	-0.057	0.09
ATTACGCCCA__0.482437902800014__10	-0.28	0.068	0.025	-0.033	-0.077	0.107	-0.012	-0.246
TCCACCTCCA__0.482262676098884__13	0.013	-0.246	0.04	-0.032	-0.057	0.031	0.013	-0.246
GCCCCCTACA__0.482189436925575__9	0.107	-0.012	-0.012	-0.012	-0.057	0.09	0.025	-0.006
GGACCACCCA__0.481669114953879__16	0.013	-0.013	-0.032	-0.246	0.04	-0.032	-0.012	-0.246
CCTACTCCCC__0.481603159227235__21	-0.057	0.09	0.025	-0.183	0.031	0.013	-0.012	-0.012
ACCACCCCAC__0.481071073277523__22	-0.032	-0.246	0.04	-0.032	-0.012	-0.012	-0.246	0.04
CCCACAACCA__0.481051016951508__12	-0.012	-0.246	0.04	-0.006	0.015	-0.205	-0.032	-0.246
AACACGCCAC__0.480878399128874__9	-0.205	-0.006	0.04	-0.033	-0.077	0.107	-0.246	0.04
ACCCATCCCC__0.480755882775228__13	-0.032	-0.012	-0.246	0.134	-0.11	0.013	-0.012	-0.012
TCCCCACCAC__0.480709748214883__15	0.013	-0.012	-0.012	-0.246	0.04	-0.032	-0.246	0.04
CCCCAGACCA__0.480521585098211__9	-0.012	-0.012	-0.246	0.175	0.027	-0.013	-0.032	-0.246
CACCAGCCCA__0.480274805770702__10	0.04	-0.032	-0.246	0.175	0.017	0.107	-0.012	-0.246
GCCCCCCCCT__0.480145500274912__12	0.107	-0.012	-0.012	-0.012	-0.012	-0.012	-0.012	-0.057
GCCTCCCCCC__0.479850636725788__27	0.107	-0.057	0.031	0.013	-0.012	-0.012	-0.012	-0.012
GCCACCTCCC__0.479832948755793__16	0.107	-0.246	0.04	-0.032	-0.057	0.031	0.013	-0.012
ACCCCACACA__0.479829248429615__15	-0.032	-0.012	-0.012	-0.246	0.04	-0.006	0.04	-0.006
AGCACACCCA__0.479417566564471__13	0.017	0.076	0.04	-0.006	0.04	-0.032	-0.012	-0.246
ACCTCCCCCA__0.479137930775894__22	-0.032	-0.057	0.031	0.013	-0.012	-0.012	-0.012	-0.246
ACCACAACCA__0.4790516392303__12	-0.032	-0.246	0.04	-0.006	0.015	-0.205	-0.032	-0.246
GTAACGCCCT__0.478939548510082__9	0.025	0.068	-0.205	-0.033	-0.077	0.107	-0.012	-0.057
ACCTCACCCC__0.478865360533154__19	-0.032	-0.057	0.031	0.194	0.04	-0.032	-0.012	-0.012
GCCCCTCTCC__0.478412800503225__11	0.107	-0.012	-0.012	-0.057	0.031	0.027	0.031	0.013
CCCACACCTC__0.478059690736333__12	-0.012	-0.246	0.04	-0.006	0.04	-0.032	-0.057	0.031
GGACCTCCCC__0.478043130089918__10	0.013	-0.013	-0.032	-0.057	0.031	0.013	-0.012	-0.012
GCTCCGCCCC__0.477255313574195__20	0.017	0.031	0.013	-0.136	-0.077	0.107	-0.012	-0.012
ACCCCGCACC__0.476788342060091__11	-0.032	-0.012	-0.012	-0.136	-0.077	0.076	0.04	-0.032
CCCACCCCTC__0.476243415817138__13	-0.012	-0.246	0.04	-0.032	-0.012	-0.012	-0.057	0.031
GACACCCCCC__0.476076871251623__25	-0.013	-0.006	0.04	-0.032	-0.012	-0.012	-0.012	-0.012
GCCCACCCCC__0.475830666743398__26	0.107	-0.012	-0.246	0.04	-0.032	-0.012	-0.012	-0.012
ATCACACCCA__0.475490103438039__13	-0.11	0.194	0.04	-0.006	0.04	-0.032	-0.012	-0.246
TAGCCGCCCA__0.475253619136197__9	0.09	0.017	0.107	-0.136	-0.077	0.107	-0.012	-0.246
CCCACGCCAC__0.475113652235088__9	-0.012	-0.246	0.04	-0.033	-0.077	0.107	-0.246	0.04
CCCCCTTCCC__0.475075073715605__14	-0.012	-0.012	-0.012	-0.057	-0.081	-0.037	0.013	-0.012
CCCAAACCCA__0.474967037420257__11	-0.012	-0.246	0.015	-0.274	-0.205	-0.032	-0.012	-0.246
ACCCATCCCA__0.474956775248031__13	-0.032	-0.012	-0.246	0.134	-0.11	0.013	-0.012	-0.246
GCCCCACCTT__0.474882134545995__9	0.107	-0.012	-0.012	-0.246	0.04	-0.032	-0.057	-0.081
TCTCCGCCCC__0.474760219900409__17	0.027	0.031	0.013	-0.136	-0.077	0.107	-0.012	-0.012
ACCACCCCTC__0.473983675146375__12	-0.032	-0.246	0.04	-0.032	-0.012	-0.012	-0.057	0.031
GCCCCCCCCC__0.473918237684194__16	0.107	-0.012	-0.012	-0.012	-0.012	-0.012	-0.012	-0.012
CATACGCCCC__0.473801556456502__12	0.134	0.182	0.025	-0.033	-0.077	0.107	-0.012	-0.012
TCCCCCCCTC__0.473472722662788__13	0.013	-0.012	-0.012	-0.012	-0.012	-0.012	-0.057	0.031
TTCACTCCCC__0.472570431758389__12	-0.037	0.194	0.04	-0.183	0.031	0.013	-0.012	-0.012
CCTACCCCCC__0.47212414558277__19	-0.057	0.09	0.025	-0.032	-0.012	-0.012	-0.012	-0.012
ACTACCCCCA__0.471948319254651__20	-0.183	0.09	0.025	-0.032	-0.012	-0.012	-0.012	-0.246
ATCCCACCCC__0.471660210275611__19	-0.11	0.013	-0.012	-0.246	0.04	-0.032	-0.012	-0.012
GACCCTCCCA__0.471242472523685__12	-0.013	-0.032	-0.012	-0.057	0.031	0.013	-0.012	-0.246
GCCCCCCAAC__0.471208277220604__12	0.107	-0.012	-0.012	-0.012	-0.012	-0.246	0.015	-0.205
GCCTATCCCC__0.470687560436081__10	0.107	-0.057	0.09	0.182	-0.11	0.013	-0.012	-0.012
TCCCCACCTC__0.47068260946358__15	0.013	-0.012	-0.012	-0.246	0.04	-0.032	-0.057	0.031
GCCCCACACC__0.470459072508582__16	0.107	-0.012	-0.012	-0.246	0.04	-0.006	0.04	-0.032
TCCACCCCCT__0.470424834775441__18	0.013	-0.246	0.04	-0.032	-0.012	-0.012	-0.012	-0.057
GACCCATCCC__0.470407368486131__12	-0.013	-0.032	-0.012	-0.246	0.134	-0.11	0.013	-0.012
TCCGCGCCCA__0.469961588280359__10	0.013	-0.136	-0.077	-0.077	-0.077	0.107	-0.012	-0.246
GCCCTGCCCC__0.469642879445091__14	0.107	-0.012	-0.057	0.175	0.076	0.107	-0.012	-0.012
TTCCCACCCC__0.469552588464129__17	-0.037	0.013	-0.012	-0.246	0.04	-0.032	-0.012	-0.012
ACCTCCCCCC__0.469243172829273__23	-0.032	-0.057	0.031	0.013	-0.012	-0.012	-0.012	-0.012
ACAACCCCCC__0.468997088859838__20	-0.006	0.015	-0.205	-0.032	-0.012	-0.012	-0.012	-0.012
TGCACACCCA__0.468825275717919__14	0.076	0.076	0.04	-0.006	0.04	-0.032	-0.012	-0.246
TCCACACCAC__0.468721899096471__10	0.013	-0.246	0.04	-0.006	0.04	-0.032	-0.246	0.04
CCGCCGCCCC__0.468510627501717__13	-0.136	-0.077	0.107	-0.136	-0.077	0.107	-0.012	-0.012
ACCCCACCTC__0.467940035886126__14	-0.032	-0.012	-0.012	-0.246	0.04	-0.032	-0.057	0.031
GCACCCACCC__0.46793142630877__19	0.076	0.04	-0.032	-0.012	-0.246	0.04	-0.032	-0.012
TCCCAACCCC__0.467685755652495__16	0.013	-0.012	-0.246	0.015	-0.205	-0.032	-0.012	-0.012
TACACTCCCC__0.467539064692008__13	0.025	-0.006	0.04	-0.183	0.031	0.013	-0.012	-0.012
GCCCCCACCA__0.467409783131596__15	0.107	-0.012	-0.012	-0.012	-0.246	0.04	-0.032	-0.246
ATTCCGCCCC__0.467277186880564__13	-0.28	-0.037	0.013	-0.136	-0.077	0.107	-0.012	-0.012
ACTCCACCCC__0.467085757817336__24	-0.183	0.031	0.013	-0.246	0.04	-0.032	-0.012	-0.012
CCACCGCACA__0.466472492400631__10	-0.246	0.04	-0.032	-0.136	-0.077	0.076	0.04	-0.006
TGTCCGCCCA__0.466346191063186__9	-0.006	-0.013	0.013	-0.136	-0.077	0.107	-0.012	-0.246
GCCCCCCACA__0.466117331987766__15	0.107	-0.012	-0.012	-0.012	-0.012	-0.246	0.04	-0.006
ACCCCCTCCA__0.465776899973541__12	-0.032	-0.012	-0.012	-0.012	-0.057	0.031	0.013	-0.246
GTCCCACCCA__0.465649082311102__13	-0.013	0.013	-0.012	-0.246	0.04	-0.032	-0.012	-0.246
GCCACCTCCA__0.465343088326716__12	0.107	-0.246	0.04	-0.032	-0.057	0.031	0.013	-0.246
CCCCCCCTCA__0.46508983420676__9	-0.012	-0.012	-0.012	-0.012	-0.012	-0.057	0.031	0.194
GCCCCCAACC__0.465049401254843__11	0.107	-0.012	-0.012	-0.012	-0.246	0.015	-0.205	-0.032
TGACCGCCCC__0.465001678400873__9	0.194	-0.013	-0.032	-0.136	-0.077	0.107	-0.012	-0.012
CCCTCACCCA__0.464839757855738__11	-0.012	-0.057	0.031	0.194	0.04	-0.032	-0.012	-0.246
CGCCCTCCCA__0.464827396519691__10	-0.077	0.107	-0.012	-0.057	0.031	0.013	-0.012	-0.246
CCCCTGCCTA__0.464719625454432__9	-0.012	-0.012	-0.057	0.175	0.076	0.107	-0.057	0.09
CCCCCTCCAC__0.464481525165588__13	-0.012	-0.012	-0.012	-0.057	0.031	0.013	-0.246	0.04
GCCCACCGCA__0.464421276011174__12	0.107	-0.012	-0.246	0.04	-0.032	-0.136	-0.077	0.076
CGTACGCCCC__0.464408982158578__11	-0.033	0.025	0.025	-0.033	-0.077	0.107	-0.012	-0.012
GCGCCGCCCC__0.463983266644014__15	-0.077	-0.077	0.107	-0.136	-0.077	0.107	-0.012	-0.012
TAAACGCCCC__0.463412017423268__12	0.068	-0.274	-0.205	-0.033	-0.077	0.107	-0.012	-0.012
CCCCTGCACC__0.463133903523707__10	-0.012	-0.012	-0.057	0.175	0.076	0.076	0.04	-0.032
CCCCTGACCA__0.463010662718644__10	-0.012	-0.012	-0.057	0.175	0.194	-0.013	-0.032	-0.246
TTCCCTCCCC__0.462663745627635__14	-0.037	0.013	-0.012	-0.057	0.031	0.013	-0.012	-0.012
GCCCCAACCA__0.462550163179914__9	0.107	-0.012	-0.012	-0.246	0.015	-0.205	-0.032	-0.246
TCCAAACCCA__0.462509148254603__11	0.013	-0.246	0.015	-0.274	-0.205	-0.032	-0.012	-0.246
GCCCAACCCT__0.462318043394959__9	0.107	-0.012	-0.246	0.015	-0.205	-0.032	-0.012	-0.057
CGCACACCCA__0.462198531596561__13	-0.077	0.076	0.04	-0.006	0.04	-0.032	-0.012	-0.246
ACCACATCCA__0.462102269894403__10	-0.032	-0.246	0.04	-0.006	0.134	-0.11	0.013	-0.246
TCCACCCCTC__0.461572649052826__12	0.013	-0.246	0.04	-0.032	-0.012	-0.012	-0.057	0.031
CCCCTGCCCC__0.461105853433529__13	-0.012	-0.012	-0.057	0.175	0.076	0.107	-0.012	-0.012
CGCCCACCCA__0.46105114735035__11	-0.077	0.107	-0.012	-0.246	0.04	-0.032	-0.012	-0.246
GCCCCCAACA__0.460941354070634__11	0.107	-0.012	-0.012	-0.012	-0.246	0.015	-0.205	-0.006
CCCTCGCACC__0.460926048197634__11	-0.012	-0.057	0.031	-0.003	-0.077	0.076	0.04	-0.032
CCCTCACCCC__0.460597498894009__16	-0.012	-0.057	0.031	0.194	0.04	-0.032	-0.012	-0.012
GCCCACCTCC__0.460509890115528__13	0.107	-0.012	-0.246	0.04	-0.032	-0.057	0.031	0.013
TCCCCACTCA__0.460102707758849__9	0.013	-0.012	-0.012	-0.246	0.04	-0.183	0.031	0.194
GCTACCGCCC__0.459668358423426__11	0.017	0.09	0.025	-0.032	-0.136	-0.077	0.107	-0.012
TCCACAACCC__0.459575220606507__10	0.013	-0.246	0.04	-0.006	0.015	-0.205	-0.032	-0.012
TATACGCCCC__0.459533968305053__13	0.182	0.182	0.025	-0.033	-0.077	0.107	-0.012	-0.012
GTCCCACCCT__0.459205045152548__11	-0.013	0.013	-0.012	-0.246	0.04	-0.032	-0.012	-0.057
GAAACGCCCC__0.458845073610481__12	-0.037	-0.274	-0.205	-0.033	-0.077	0.107	-0.012	-0.012
TGTACGCCCA__0.458372627147337__10	-0.006	0.025	0.025	-0.033	-0.077	0.107	-0.012	-0.246
GCCCCACCTA__0.457469896976584__11	0.107	-0.012	-0.012	-0.246	0.04	-0.032	-0.057	0.09
GAACCTCCCA__0.457074745944618__12	-0.037	-0.205	-0.032	-0.057	0.031	0.013	-0.012	-0.246
GCCCCACACT__0.456986712571878__10	0.107	-0.012	-0.012	-0.246	0.04	-0.006	0.04	-0.183
CCCCCACCGC__0.456282303178001__13	-0.012	-0.012	-0.012	-0.246	0.04	-0.032	-0.136	-0.077
GACACCCCTC__0.456274991319078__11	-0.013	-0.006	0.04	-0.032	-0.012	-0.012	-0.057	0.031
GACACACCCT__0.456193638857641__12	-0.013	-0.006	0.04	-0.006	0.04	-0.032	-0.012	-0.057
CTCACACCCC__0.455863246150234__20	0.031	0.194	0.04	-0.006	0.04	-0.032	-0.012	-0.012
TACCAGCCCC__0.455804788228011__9	0.025	-0.032	-0.246	0.175	0.017	0.107	-0.012	-0.012
ACTACCCCCC__0.455794130359076__20	-0.183	0.09	0.025	-0.032	-0.012	-0.012	-0.012	-0.012
GCCCTGCACA__0.455039516593207__9	0.107	-0.012	-0.057	0.175	0.076	0.076	0.04	-0.006
TCACCACCCC__0.454898718305698__17	0.194	0.04	-0.032	-0.246	0.04	-0.032	-0.012	-0.012
ACCACACTCC__0.4547396811944__10	-0.032	-0.246	0.04	-0.006	0.04	-0.183	0.031	0.013
ACCCCCCTCC__0.454571172273973__12	-0.032	-0.012	-0.012	-0.012	-0.012	-0.057	0.031	0.013
GCCCCCCCGC__0.454031776888335__9	0.107	-0.012	-0.012	-0.012	-0.012	-0.012	-0.136	-0.077
AGCCCTCCCA__0.453975445563496__11	0.017	0.107	-0.012	-0.057	0.031	0.013	-0.012	-0.246
GCCCCCTCCC__0.453673751507653__13	0.107	-0.012	-0.012	-0.012	-0.057	0.031	0.013	-0.012
CCCTCGCACA__0.453315485663222__9	-0.012	-0.057	0.031	-0.003	-0.077	0.076	0.04	-0.006
TCAACGCCCC__0.453218269000929__11	0.194	0.015	-0.205	-0.033	-0.077	0.107	-0.012	-0.012
TGCACGCCCC__0.45315663538048__10	0.076	0.076	0.04	-0.033	-0.077	0.107	-0.012	-0.012
CTTACGCCCC__0.453032275550955__13	-0.081	0.068	0.025	-0.033	-0.077	0.107	-0.012	-0.012
GCCCCCTCCT__0.453029501026818__9	0.107	-0.012	-0.012	-0.012	-0.057	0.031	0.013	-0.057
ATCCAGCCCC__0.452814114815703__9	-0.11	0.013	-0.246	0.175	0.017	0.107	-0.012	-0.012
ACAACACCCC__0.452394566086756__23	-0.006	0.015	-0.205	-0.006	0.04	-0.032	-0.012	-0.012
AACTCGCCCA__0.452363559786669__9	-0.205	-0.183	0.031	-0.003	-0.077	0.107	-0.012	-0.246
TTCACTCCCA__0.451620279952079__12	-0.037	0.194	0.04	-0.183	0.031	0.013	-0.012	-0.246
TCTCCACCCA__0.451488308063128__12	0.027	0.031	0.013	-0.246	0.04	-0.032	-0.012	-0.246
ACAACCCCCA__0.450954803778294__16	-0.006	0.015	-0.205	-0.032	-0.012	-0.012	-0.012	-0.246
GCAACCCACC__0.450619744079737__16	0.076	0.015	-0.205	-0.032	-0.012	-0.246	0.04	-0.032
GCCCAGCCCA__0.450306510814579__12	0.107	-0.012	-0.246	0.175	0.017	0.107	-0.012	-0.246
GCTCCGCCCT__0.450287645649428__10	0.017	0.031	0.013	-0.136	-0.077	0.107	-0.012	-0.057
TACCCACCCC__0.449974785558853__18	0.025	-0.032	-0.012	-0.246	0.04	-0.032	-0.012	-0.012
GACCTGCCCA__0.449959068515095__13	-0.013	-0.032	-0.057	0.175	0.076	0.107	-0.012	-0.246
ACCACACCAC__0.449917646087758__10	-0.032	-0.246	0.04	-0.006	0.04	-0.032	-0.246	0.04
CCCACCCACC__0.449541851301765__16	-0.012	-0.246	0.04	-0.032	-0.012	-0.246	0.04	-0.032
GCTACGCCCA__0.449533747211948__9	0.017	0.09	0.025	-0.033	-0.077	0.107	-0.012	-0.246
TCCACACCTC__0.449229649423775__9	0.013	-0.246	0.04	-0.006	0.04	-0.032	-0.057	0.031
CCCACATCCA__0.448977073943778__9	-0.012	-0.246	0.04	-0.006	0.134	-0.11	0.013	-0.246
GTCACGCCCC__0.448547895369358__11	-0.013	0.194	0.04	-0.033	-0.077	0.107	-0.012	-0.012
GCCACCCACA__0.448311618154262__14	0.107	-0.246	0.04	-0.032	-0.012	-0.246	0.04	-0.006
GCCCCACTCC__0.447541469447056__11	0.107	-0.012	-0.012	-0.246	0.04	-0.183	0.031	0.013
CCTACACCCC__0.44723932605492__17	-0.057	0.09	0.025	-0.006	0.04	-0.032	-0.012	-0.012
GAACCTCCCC__0.446561938590018__12	-0.037	-0.205	-0.032	-0.057	0.031	0.013	-0.012	-0.012
CCCTCGCCCC__0.446325793766985__13	-0.012	-0.057	0.031	-0.003	-0.077	0.107	-0.012	-0.012
GCTCCACCCC__0.446209175362124__20	0.017	0.031	0.013	-0.246	0.04	-0.032	-0.012	-0.012
TACACCCCCA__0.445886520496629__17	0.025	-0.006	0.04	-0.032	-0.012	-0.012	-0.012	-0.246
TCCACCCTCC__0.44521070908507__13	0.013	-0.246	0.04	-0.032	-0.012	-0.057	0.031	0.013
GCCCCACACA__0.44470140764827__12	0.107	-0.012	-0.012	-0.246	0.04	-0.006	0.04	-0.006
ACTACACCCA__0.444681580031833__11	-0.183	0.09	0.025	-0.006	0.04	-0.032	-0.012	-0.246
TTCACACCCC__0.444067114109161__18	-0.037	0.194	0.04	-0.006	0.04	-0.032	-0.012	-0.012
GCCCCTCCAC__0.443901069594656__13	0.107	-0.012	-0.012	-0.057	0.031	0.013	-0.246	0.04
TCTCCTCCCC__0.443852668602869__11	0.027	0.031	0.013	-0.057	0.031	0.013	-0.012	-0.012
GCCCCGCACC__0.443791655264588__10	0.107	-0.012	-0.012	-0.136	-0.077	0.076	0.04	-0.032
CCTCCACCCC__0.443682475018846__20	-0.057	0.031	0.013	-0.246	0.04	-0.032	-0.012	-0.012
GCACCACCCG__0.443657299341402__9	0.076	0.04	-0.032	-0.246	0.04	-0.032	-0.012	-0.136
GCCACCCCCT__0.443162509326054__16	0.107	-0.246	0.04	-0.032	-0.012	-0.012	-0.012	-0.057
ACCACGCACA__0.443161655745749__11	-0.032	-0.246	0.04	-0.033	-0.077	0.076	0.04	-0.006
GGAACGCCCC__0.442871611318829__16	0.013	-0.037	-0.205	-0.033	-0.077	0.107	-0.012	-0.012
ACCCCCCTCA__0.442738205297233__9	-0.032	-0.012	-0.012	-0.012	-0.012	-0.057	0.031	0.194
CCCACCCACA__0.442541491625251__12	-0.012	-0.246	0.04	-0.032	-0.012	-0.246	0.04	-0.006
CACACTCCCC__0.442127983898886__11	0.04	-0.006	0.04	-0.183	0.031	0.013	-0.012	-0.012
ACTCCCCCCA__0.441826985368651__16	-0.183	0.031	0.013	-0.012	-0.012	-0.012	-0.012	-0.246
GCCCCCCACT__0.441577119849713__9	0.107	-0.012	-0.012	-0.012	-0.012	-0.246	0.04	-0.183
ACTACTCCCC__0.441423667072391__13	-0.183	0.09	0.025	-0.183	0.031	0.013	-0.012	-0.012
CCCCAACCCC__0.441065289922516__11	-0.012	-0.012	-0.246	0.015	-0.205	-0.032	-0.012	-0.012
TCCCAGCCCC__0.440480479616556__9	0.013	-0.012	-0.246	0.175	0.017	0.107	-0.012	-0.012
ACCATTCCCC__0.440306088140433__10	-0.032	-0.246	0.134	-0.28	-0.037	0.013	-0.012	-0.012
CACACACCCC__0.440165586642002__18	0.04	-0.006	0.04	-0.006	0.04	-0.032	-0.012	-0.012
GCCCACCACC__0.440136121628784__11	0.107	-0.012	-0.246	0.04	-0.032	-0.246	0.04	-0.032
GCTCCACCCA__0.440112115844394__13	0.017	0.031	0.013	-0.246	0.04	-0.032	-0.012	-0.246
ACCTCGCCCC__0.440102352936053__11	-0.032	-0.057	0.031	-0.003	-0.077	0.107	-0.012	-0.012
TCCCTACCCA__0.439903546601954__9	0.013	-0.012	-0.057	0.09	0.025	-0.032	-0.012	-0.246
GCAACCACCC__0.439831271285429__16	0.076	0.015	-0.205	-0.032	-0.246	0.04	-0.032	-0.012
ACAACACCCA__0.439826143149941__14	-0.006	0.015	-0.205	-0.006	0.04	-0.032	-0.012	-0.246
ACCCCACACC__0.43981198776781__13	-0.032	-0.012	-0.012	-0.246	0.04	-0.006	0.04	-0.032
CTCACTCCCA__0.439469207456074__11	0.031	0.194	0.04	-0.183	0.031	0.013	-0.012	-0.246
TCCACCCACA__0.439349102496358__12	0.013	-0.246	0.04	-0.032	-0.012	-0.246	0.04	-0.006
GGAACGCCTA__0.439232619700216__9	0.013	-0.037	-0.205	-0.033	-0.077	0.107	-0.057	0.09
CCCACCCCGA__0.439184174107895__11	-0.012	-0.246	0.04	-0.032	-0.012	-0.012	-0.136	-0.003
CCGCCTCCCC__0.439149137758524__12	-0.136	-0.077	0.107	-0.057	0.031	0.013	-0.012	-0.012
CCAACCCCCA__0.43907430605954__13	-0.246	0.015	-0.205	-0.032	-0.012	-0.012	-0.012	-0.246
GCAACCTCCC__0.438993333565938__10	0.076	0.015	-0.205	-0.032	-0.057	0.031	0.013	-0.012
GCACCACCTA__0.438650296726422__9	0.076	0.04	-0.032	-0.246	0.04	-0.032	-0.057	0.09
CCCAACCCCA__0.438363587034301__12	-0.012	-0.246	0.015	-0.205	-0.032	-0.012	-0.012	-0.246
GACCCACCTC__0.43812294188918__11	-0.013	-0.032	-0.012	-0.246	0.04	-0.032	-0.057	0.031
CCCTCTCCCC__0.43798051872288__10	-0.012	-0.057	0.031	0.027	0.031	0.013	-0.012	-0.012
ACCCCACCGA__0.437842230126896__9	-0.032	-0.012	-0.012	-0.246	0.04	-0.032	-0.136	-0.003
GAGACGCCCC__0.437787470468077__10	0.031	0.027	-0.013	-0.033	-0.077	0.107	-0.012	-0.012
GCCCCTTCCC__0.437427321126995__12	0.107	-0.012	-0.012	-0.057	-0.081	-0.037	0.013	-0.012
AGAACGCCCC__0.436842861174787__10	0.027	-0.037	-0.205	-0.033	-0.077	0.107	-0.012	-0.012
ACATCGCCCC__0.436648286002119__10	-0.006	0.134	-0.11	-0.003	-0.077	0.107	-0.012	-0.012
CCACCGCACC__0.436373871210516__10	-0.246	0.04	-0.032	-0.136	-0.077	0.076	0.04	-0.032
TCAACACCCC__0.436214396253857__16	0.194	0.015	-0.205	-0.006	0.04	-0.032	-0.012	-0.012
CCCAAACCCC__0.436180109916266__11	-0.012	-0.246	0.015	-0.274	-0.205	-0.032	-0.012	-0.012
GACCCAACCC__0.435961951225191__10	-0.013	-0.032	-0.012	-0.246	0.015	-0.205	-0.032	-0.012
TCCTCACCCA__0.435559060301835__10	0.013	-0.057	0.031	0.194	0.04	-0.032	-0.012	-0.246
CCCACATCCC__0.43539123173587__12	-0.012	-0.246	0.04	-0.006	0.134	-0.11	0.013	-0.012
GCGCCTCCCA__0.435320674222055__10	-0.077	-0.077	0.107	-0.057	0.031	0.013	-0.012	-0.246
GCACCGCACC__0.435243123387526__10	0.076	0.04	-0.032	-0.136	-0.077	0.076	0.04	-0.032
GCCACTCCCT__0.434268819940864__10	0.107	-0.246	0.04	-0.183	0.031	0.013	-0.012	-0.057
CCCACCCCCT__0.434254556358202__14	-0.012	-0.246	0.04	-0.032	-0.012	-0.012	-0.012	-0.057
GACCCACCTA__0.434171178436256__9	-0.013	-0.032	-0.012	-0.246	0.04	-0.032	-0.057	0.09
TCCCCACCCT__0.43415458990631__11	0.013	-0.012	-0.012	-0.246	0.04	-0.032	-0.012	-0.057
ACCAACCCCA__0.433635410459186__11	-0.032	-0.246	0.015	-0.205	-0.032	-0.012	-0.012	-0.246
ACCATCCCCC__0.433461660787339__17	-0.032	-0.246	0.134	-0.11	0.013	-0.012	-0.012	-0.012
GCCCTCCCTC__0.433413113758404__10	0.107	-0.012	-0.057	0.031	0.013	-0.012	-0.057	0.031
GCGCCTCCCC__0.432611138531124__10	-0.077	-0.077	0.107	-0.057	0.031	0.013	-0.012	-0.012
GCCCACTCCA__0.432574209738862__9	0.107	-0.012	-0.246	0.04	-0.183	0.031	0.013	-0.246
CCTCCGCACC__0.432468135966802__10	-0.057	0.031	0.013	-0.136	-0.077	0.076	0.04	-0.032
GCACCACCTC__0.432407161311966__10	0.076	0.04	-0.032	-0.246	0.04	-0.032	-0.057	0.031
TCTACACCCA__0.432051779128581__10	0.027	0.09	0.025	-0.006	0.04	-0.032	-0.012	-0.246
GCCACCGCCC__0.431776133978049__9	0.107	-0.246	0.04	-0.032	-0.136	-0.077	0.107	-0.012
GCCCCCACAA__0.43167354754216__11	0.107	-0.012	-0.012	-0.012	-0.246	0.04	-0.006	0.015
TCAACCCCCC__0.431418649751918__17	0.194	0.015	-0.205	-0.032	-0.012	-0.012	-0.012	-0.012
TGCCCACCCA__0.431333738433269__11	0.076	0.107	-0.012	-0.246	0.04	-0.032	-0.012	-0.246
ACTACACCCC__0.430457854096286__15	-0.183	0.09	0.025	-0.006	0.04	-0.032	-0.012	-0.012
GCCCCACCGA__0.430273338247108__9	0.107	-0.012	-0.012	-0.246	0.04	-0.032	-0.136	-0.003
CCACCACCCC__0.430161646145884__11	-0.246	0.04	-0.032	-0.246	0.04	-0.032	-0.012	-0.012
ACCGCCCCCA__0.43005058481172__12	-0.032	-0.136	-0.077	0.107	-0.012	-0.012	-0.012	-0.246
TCTACGCCCC__0.429903238876758__12	0.027	0.09	0.025	-0.033	-0.077	0.107	-0.012	-0.012
TGCACTCCCC__0.429599772271648__15	0.076	0.076	0.04	-0.183	0.031	0.013	-0.012	-0.012
TCCCCACCAA__0.429270545451514__10	0.013	-0.012	-0.012	-0.246	0.04	-0.032	-0.246	0.015
CCCTCTCCCA__0.429189082838251__10	-0.012	-0.057	0.031	0.027	0.031	0.013	-0.012	-0.246
GATACGCCCC__0.428944825290768__11	-0.11	0.182	0.025	-0.033	-0.077	0.107	-0.012	-0.012
AACACCCCCA__0.42885735355469__21	-0.205	-0.006	0.04	-0.032	-0.012	-0.012	-0.012	-0.246
GCTACCCTCC__0.428584747062265__10	0.017	0.09	0.025	-0.032	-0.012	-0.057	0.031	0.013
GCTACCCACC__0.428471417783339__13	0.017	0.09	0.025	-0.032	-0.012	-0.246	0.04	-0.032
GCCGCGCCCC__0.428391897162138__14	0.107	-0.136	-0.077	-0.077	-0.077	0.107	-0.012	-0.012
CCCAAGCCCC__0.428313319932853__12	-0.012	-0.246	0.015	-0.081	0.017	0.107	-0.012	-0.012
TGGACGCCCC__0.428246061351313__10	-0.246	0.013	-0.013	-0.033	-0.077	0.107	-0.012	-0.012
TCCATCCCCC__0.427930809684855__14	0.013	-0.246	0.134	-0.11	0.013	-0.012	-0.012	-0.012
CACCTGCCCA__0.42772457297731__10	0.04	-0.032	-0.057	0.175	0.076	0.107	-0.012	-0.246
CCCACTCCAC__0.426607206201963__10	-0.012	-0.246	0.04	-0.183	0.031	0.013	-0.246	0.04
GCCACACACC__0.426547141704828__13	0.107	-0.246	0.04	-0.006	0.04	-0.006	0.04	-0.032
GTACCACCCA__0.426339687448084__13	0.025	0.025	-0.032	-0.246	0.04	-0.032	-0.012	-0.246
GTTACACCCC__0.426172341540758__11	-0.205	0.068	0.025	-0.006	0.04	-0.032	-0.012	-0.012
GACACCTCCC__0.425699935133437__10	-0.013	-0.006	0.04	-0.032	-0.057	0.031	0.013	-0.012
GCCTCCCCCA__0.425547277250517__17	0.107	-0.057	0.031	0.013	-0.012	-0.012	-0.012	-0.246
TCCCCCCACA__0.425192439897345__13	0.013	-0.012	-0.012	-0.012	-0.012	-0.246	0.04	-0.006
CACCCACCCC__0.424819708367893__14	0.04	-0.032	-0.012	-0.246	0.04	-0.032	-0.012	-0.012
CCCATACCCA__0.424749483778037__11	-0.012	-0.246	0.134	0.182	0.025	-0.032	-0.012	-0.246
TCCCCCCCAA__0.424685466855707__9	0.013	-0.012	-0.012	-0.012	-0.012	-0.012	-0.246	0.015
TCGCCGCCCC__0.424495209425768__10	-0.003	-0.077	0.107	-0.136	-0.077	0.107	-0.012	-0.012
TTTACGCCCC__0.424307102578284__14	-0.274	0.068	0.025	-0.033	-0.077	0.107	-0.012	-0.012
GGCCCTCCCA__0.423948422427321__10	0.107	0.107	-0.012	-0.057	0.031	0.013	-0.012	-0.246
ACCTCTCCCC__0.423868004565441__12	-0.032	-0.057	0.031	0.027	0.031	0.013	-0.012	-0.012
TCCACCCTCA__0.423864743373836__9	0.013	-0.246	0.04	-0.032	-0.012	-0.057	0.031	0.194
GCCACCCTCC__0.423683628264533__11	0.107	-0.246	0.04	-0.032	-0.012	-0.057	0.031	0.013
ACCCCCCACA__0.423246238995092__12	-0.032	-0.012	-0.012	-0.012	-0.012	-0.246	0.04	-0.006
GACACCCACC__0.422860334607621__13	-0.013	-0.006	0.04	-0.032	-0.012	-0.246	0.04	-0.032
GCTACACCAC__0.42228487886523__9	0.017	0.09	0.025	-0.006	0.04	-0.032	-0.246	0.04
TCCACCACCC__0.422263972749362__10	0.013	-0.246	0.04	-0.032	-0.246	0.04	-0.032	-0.012
TCCCATCCCA__0.420742510527651__9	0.013	-0.012	-0.246	0.134	-0.11	0.013	-0.012	-0.246
CCCCCACACC__0.420314758733646__12	-0.012	-0.012	-0.012	-0.246	0.04	-0.006	0.04	-0.032
TACCCCCCCA__0.420032672268983__12	0.025	-0.032	-0.012	-0.012	-0.012	-0.012	-0.012	-0.246
CTCCTGCCCC__0.41988350891587__9	0.031	0.013	-0.057	0.175	0.076	0.107	-0.012	-0.012
TCCCCCCCCC__0.419702038287799__13	0.013	-0.012	-0.012	-0.012	-0.012	-0.012	-0.012	-0.012
CCCATACCCC__0.419629614840448__14	-0.012	-0.246	0.134	0.182	0.025	-0.032	-0.012	-0.012
GCCCCCTTCC__0.41954715803757__9	0.107	-0.012	-0.012	-0.012	-0.057	-0.081	-0.037	0.013
CCTACCCCCA__0.419332299461727__12	-0.057	0.09	0.025	-0.032	-0.012	-0.012	-0.012	-0.246
CCCCCACCCT__0.419171269014281__10	-0.012	-0.012	-0.012	-0.246	0.04	-0.032	-0.012	-0.057
TACCTGCCCC__0.418556226766042__9	0.025	-0.032	-0.057	0.175	0.076	0.107	-0.012	-0.012
GCAACAACCC__0.418293365780596__9	0.076	0.015	-0.205	-0.006	0.015	-0.205	-0.032	-0.012
GCCCACCCTC__0.418252033311793__10	0.107	-0.012	-0.246	0.04	-0.032	-0.012	-0.057	0.031
GCGCCACCCA__0.417916866408756__12	-0.077	-0.077	0.107	-0.246	0.04	-0.032	-0.012	-0.246
GCCGCCCCCC__0.417585839836651__16	0.107	-0.136	-0.077	0.107	-0.012	-0.012	-0.012	-0.012
GCCTCACCCC__0.417563735162849__10	0.107	-0.057	0.031	0.194	0.04	-0.032	-0.012	-0.012
ACCACGCACC__0.417460867103909__11	-0.032	-0.246	0.04	-0.033	-0.077	0.076	0.04	-0.032
GCAACTCCCA__0.417368373819369__13	0.076	0.015	-0.205	-0.183	0.031	0.013	-0.012	-0.246
ACCGCTCCCA__0.416754368358332__9	-0.032	-0.136	-0.077	0.017	0.031	0.013	-0.012	-0.246
ACGCCCCCCA__0.416090342232724__11	-0.033	-0.077	0.107	-0.012	-0.012	-0.012	-0.012	-0.246
ACCACCCCGA__0.416027753056615__9	-0.032	-0.246	0.04	-0.032	-0.012	-0.012	-0.136	-0.003
ACCATCCCCA__0.415649197446998__11	-0.032	-0.246	0.134	-0.11	0.013	-0.012	-0.012	-0.246
CCCAACCCCC__0.415560620514124__14	-0.012	-0.246	0.015	-0.205	-0.032	-0.012	-0.012	-0.012
CCCCCCCACA__0.415086723658603__10	-0.012	-0.012	-0.012	-0.012	-0.012	-0.246	0.04	-0.006
TCCAACCCCC__0.41366465080727__12	0.013	-0.246	0.015	-0.205	-0.032	-0.012	-0.012	-0.012
GTTCCGCCCC__0.413182142904862__11	-0.205	-0.037	0.013	-0.136	-0.077	0.107	-0.012	-0.012
ACCCTTCCCA__0.412788500752027__11	-0.032	-0.012	-0.057	-0.081	-0.037	0.013	-0.012	-0.246
TCAACACCCA__0.412636425989871__9	0.194	0.015	-0.205	-0.006	0.04	-0.032	-0.012	-0.246
ACCACCCCGC__0.412540722848905__10	-0.032	-0.246	0.04	-0.032	-0.012	-0.012	-0.136	-0.077
CCCATTCCCC__0.412371201861112__9	-0.012	-0.246	0.134	-0.28	-0.037	0.013	-0.012	-0.012
TCCCCCTCCA__0.412306208656103__9	0.013	-0.012	-0.012	-0.012	-0.057	0.031	0.013	-0.246
AACCTGCCCA__0.412190463840793__9	-0.205	-0.032	-0.057	0.175	0.076	0.107	-0.012	-0.246
TCCACATCCC__0.412115446069518__9	0.013	-0.246	0.04	-0.006	0.134	-0.11	0.013	-0.012
GTCACACCCA__0.412052227047175__10	-0.013	0.194	0.04	-0.006	0.04	-0.032	-0.012	-0.246
CCCCCCACCA__0.411932493148032__10	-0.012	-0.012	-0.012	-0.012	-0.246	0.04	-0.032	-0.246
CCCCCACCAA__0.411002793428149__9	-0.012	-0.012	-0.012	-0.246	0.04	-0.032	-0.246	0.015
GCCACCCCCG__0.410441686157844__10	0.107	-0.246	0.04	-0.032	-0.012	-0.012	-0.012	-0.136
GCAACACCCA__0.409814622861931__11	0.076	0.015	-0.205	-0.006	0.04	-0.032	-0.012	-0.246
ACCCCCACCA__0.409026052389055__11	-0.032	-0.012	-0.012	-0.012	-0.246	0.04	-0.032	-0.246
GCAACCCCCT__0.408898797314351__9	0.076	0.015	-0.205	-0.032	-0.012	-0.012	-0.012	-0.057
CACCTGCCCC__0.408662220208132__10	0.04	-0.032	-0.057	0.175	0.076	0.107	-0.012	-0.012
GCCTCTCCCC__0.408522894789094__12	0.107	-0.057	0.031	0.027	0.031	0.013	-0.012	-0.012
GCCACTCCAC__0.408317034698384__11	0.107	-0.246	0.04	-0.183	0.031	0.013	-0.246	0.04
ACACTGCCCA__0.408118020719041__9	-0.006	0.04	-0.183	0.175	0.076	0.107	-0.012	-0.246
ACCATACCCC__0.407531885293769__12	-0.032	-0.246	0.134	0.182	0.025	-0.032	-0.012	-0.012
TCAACTCCCC__0.406745817960359__11	0.194	0.015	-0.205	-0.183	0.031	0.013	-0.012	-0.012
GCTCCCCCCC__0.405901552676104__15	0.017	0.031	0.013	-0.012	-0.012	-0.012	-0.012	-0.012
ACCATACCCA__0.405320903216183__9	-0.032	-0.246	0.134	0.182	0.025	-0.032	-0.012	-0.246
CACACCCCCA__0.404973119705167__14	0.04	-0.006	0.04	-0.032	-0.012	-0.012	-0.012	-0.246
GACCCCCCCA__0.404326125713249__13	-0.013	-0.032	-0.012	-0.012	-0.012	-0.012	-0.012	-0.246
GAACCACCCC__0.404313218005727__13	-0.037	-0.205	-0.032	-0.246	0.04	-0.032	-0.012	-0.012
GCCTCCCTCA__0.403786931086052__9	0.107	-0.057	0.031	0.013	-0.012	-0.057	0.031	0.194
GCTCCCCCCT__0.40280438655945__11	0.017	0.031	0.013	-0.012	-0.012	-0.012	-0.012	-0.057
GTCACACCCC__0.40276259887532__14	-0.013	0.194	0.04	-0.006	0.04	-0.032	-0.012	-0.012
GCCACCTACC__0.402354537777568__9	0.107	-0.246	0.04	-0.032	-0.057	0.09	0.025	-0.032
ATTACGCCCC__0.402353798089886__11	-0.28	0.068	0.025	-0.033	-0.077	0.107	-0.012	-0.012
TCCACCTCCC__0.40219838494208__10	0.013	-0.246	0.04	-0.032	-0.057	0.031	0.013	-0.012
GCCGCACCCC__0.401987464109386__14	0.107	-0.136	-0.077	0.076	0.04	-0.032	-0.012	-0.012
TCCTCCCCCC__0.40159918799982__18	0.013	-0.057	0.031	0.013	-0.012	-0.012	-0.012	-0.012
CCACAGCCCA__0.400582267232956__9	-0.246	0.04	-0.006	0.175	0.017	0.107	-0.012	-0.246
ACCTCTCCCA__0.400549311615404__11	-0.032	-0.057	0.031	0.027	0.031	0.013	-0.012	-0.246
ACGCCTCCCC__0.400470229253427__11	-0.033	-0.077	0.107	-0.057	0.031	0.013	-0.012	-0.012
GCCATACCCC__0.400421800365934__10	0.107	-0.246	0.134	0.182	0.025	-0.032	-0.012	-0.012
TCCCTTCCCA__0.399707273844044__9	0.013	-0.012	-0.057	-0.081	-0.037	0.013	-0.012	-0.246
GCAACACCCT__0.399661363858731__9	0.076	0.015	-0.205	-0.006	0.04	-0.032	-0.012	-0.057
ATCCCCCCCA__0.399633205222232__9	-0.11	0.013	-0.012	-0.012	-0.012	-0.012	-0.012	-0.246
ACACAGCCCA__0.399480595937458__10	-0.006	0.04	-0.006	0.175	0.017	0.107	-0.012	-0.246
GCTACACCCC__0.399269143444339__12	0.017	0.09	0.025	-0.006	0.04	-0.032	-0.012	-0.012
GCTACCCCCC__0.398662090543239__12	0.017	0.09	0.025	-0.032	-0.012	-0.012	-0.012	-0.012
ACTCCCCCCC__0.398309597638731__13	-0.183	0.031	0.013	-0.012	-0.012	-0.012	-0.012	-0.012
TCCAAACCCC__0.398026994842215__9	0.013	-0.246	0.015	-0.274	-0.205	-0.032	-0.012	-0.012
GTCCAACCCC__0.397975758251371__9	-0.013	0.013	-0.246	0.015	-0.205	-0.032	-0.012	-0.012
GTCACTCCCC__0.397876535240898__10	-0.013	0.194	0.04	-0.183	0.031	0.013	-0.012	-0.012
GCAACGCCCC__0.397857989872572__9	0.076	0.015	-0.205	-0.033	-0.077	0.107	-0.012	-0.012
GACAACCCCC__0.397496492232133__11	-0.013	-0.006	0.015	-0.205	-0.032	-0.012	-0.012	-0.012
TCCCCACACA__0.397359335322329__9	0.013	-0.012	-0.012	-0.246	0.04	-0.006	0.04	-0.006
GCGACCACCC__0.397304238442532__11	-0.077	-0.003	-0.013	-0.032	-0.246	0.04	-0.032	-0.012
GCCACCCCAC__0.397298715308472__14	0.107	-0.246	0.04	-0.032	-0.012	-0.012	-0.246	0.04
GCCATGCCCC__0.396421107584898__9	0.107	-0.246	0.134	0.134	0.076	0.107	-0.012	-0.012
GTACCCCCCA__0.396147288167163__12	0.025	0.025	-0.032	-0.012	-0.012	-0.012	-0.012	-0.246
ACCGCGCCCC__0.395618272750761__13	-0.032	-0.136	-0.077	-0.077	-0.077	0.107	-0.012	-0.012
TCTCCCCCCA__0.394843552393938__11	0.027	0.031	0.013	-0.012	-0.012	-0.012	-0.012	-0.246
GCCTCGCCCC__0.394474063344021__10	0.107	-0.057	0.031	-0.003	-0.077	0.107	-0.012	-0.012
AACACCCCCC__0.393168665743525__18	-0.205	-0.006	0.04	-0.032	-0.012	-0.012	-0.012	-0.012
TGCACTCCCA__0.392898151801099__12	0.076	0.076	0.04	-0.183	0.031	0.013	-0.012	-0.246
TCTACCCCCA__0.392478433766858__10	0.027	0.09	0.025	-0.032	-0.012	-0.012	-0.012	-0.246
ACCACATCCC__0.391949465279624__9	-0.032	-0.246	0.04	-0.006	0.134	-0.11	0.013	-0.012
GCAACCCCCA__0.391744159557189__10	0.076	0.015	-0.205	-0.032	-0.012	-0.012	-0.012	-0.246
GACCCCCTCA__0.39136578339689__9	-0.013	-0.032	-0.012	-0.012	-0.012	-0.057	0.031	0.194
GCCTCCCACA__0.391132502443249__10	0.107	-0.057	0.031	0.013	-0.012	-0.246	0.04	-0.006
TGCACACCCC__0.389148604816799__12	0.076	0.076	0.04	-0.006	0.04	-0.032	-0.012	-0.012
GATACTCCCA__0.388701963808237__10	-0.11	0.182	0.025	-0.183	0.031	0.013	-0.012	-0.246
CCTACTCCCA__0.38824792149708__11	-0.057	0.09	0.025	-0.183	0.031	0.013	-0.012	-0.246
GCCCTCCCCA__0.386907679242511__9	0.107	-0.012	-0.057	0.031	0.013	-0.012	-0.012	-0.246
GTTACTCCCC__0.386726138058679__9	-0.205	0.068	0.025	-0.183	0.031	0.013	-0.012	-0.012
ATCACCCCCA__0.386073185778287__13	-0.11	0.194	0.04	-0.032	-0.012	-0.012	-0.012	-0.246
GTTCCCCCCA__0.386072147578036__10	-0.205	-0.037	0.013	-0.012	-0.012	-0.012	-0.012	-0.246
GCCCTTCCCC__0.384490091212063__15	0.107	-0.012	-0.057	-0.081	-0.037	0.013	-0.012	-0.012
AGTACGCCCC__0.384024579637653__12	-0.183	0.025	0.025	-0.033	-0.077	0.107	-0.012	-0.012
AGCACACCCC__0.383878722119491__10	0.017	0.076	0.04	-0.006	0.04	-0.032	-0.012	-0.012
ACGCCTCCCA__0.381470085731028__9	-0.033	-0.077	0.107	-0.057	0.031	0.013	-0.012	-0.246
TCCACCCCAC__0.381391424470545__12	0.013	-0.246	0.04	-0.032	-0.012	-0.012	-0.246	0.04
TCCTCACCCC__0.380880948911526__10	0.013	-0.057	0.031	0.194	0.04	-0.032	-0.012	-0.012
ACCGCACCCC__0.380441754532584__12	-0.032	-0.136	-0.077	0.076	0.04	-0.032	-0.012	-0.012
GCCGCCCCCA__0.379870840730134__11	0.107	-0.136	-0.077	0.107	-0.012	-0.012	-0.012	-0.246
CCCATCCCCC__0.378513241486301__11	-0.012	-0.246	0.134	-0.11	0.013	-0.012	-0.012	-0.012
GGTCCGCCCC__0.378498322214022__9	-0.032	-0.013	0.013	-0.136	-0.077	0.107	-0.012	-0.012
GCAACCCCCC__0.378334147594443__10	0.076	0.015	-0.205	-0.032	-0.012	-0.012	-0.012	-0.012
CCGACACCCC__0.377144741743084__9	-0.136	-0.003	-0.013	-0.006	0.04	-0.032	-0.012	-0.012
GCTACCACCC__0.375355151651618__11	0.017	0.09	0.025	-0.032	-0.246	0.04	-0.032	-0.012
CTCACCCCCA__0.374241129271836__10	0.031	0.194	0.04	-0.032	-0.012	-0.012	-0.012	-0.246
GACTCCCCCC__0.374018122536819__12	-0.013	-0.183	0.031	0.013	-0.012	-0.012	-0.012	-0.012
TACACCCCCC__0.37242456017342__11	0.025	-0.006	0.04	-0.032	-0.012	-0.012	-0.012	-0.012
TCTCCACCCC__0.372178352431928__10	0.027	0.031	0.013	-0.246	0.04	-0.032	-0.012	-0.012
GAAACACCCC__0.371273238782051__12	-0.037	-0.274	-0.205	-0.006	0.04	-0.032	-0.012	-0.012
TCCATACCCC__0.37098372182758__11	0.013	-0.246	0.134	0.182	0.025	-0.032	-0.012	-0.012
GCCTTCCCCC__0.370832472443943__15	0.107	-0.057	-0.081	-0.037	0.013	-0.012	-0.012	-0.012
GCTAACCCCC__0.370686047228832__10	0.017	0.09	0.068	-0.205	-0.032	-0.012	-0.012	-0.012
GCCCTACCAC__0.370460931682602__9	0.107	-0.012	-0.057	0.09	0.025	-0.032	-0.246	0.04
GCCAGCCCCC__0.370235198733924__10	0.107	-0.246	0.175	0.017	0.107	-0.012	-0.012	-0.012
GGCCCACCCC__0.369722257536923__9	0.107	0.107	-0.012	-0.246	0.04	-0.032	-0.012	-0.012
GAACCCCCCC__0.369683050573191__9	-0.037	-0.205	-0.032	-0.012	-0.012	-0.012	-0.012	-0.012
GCGCCCACCC__0.369241645023703__9	-0.077	-0.077	0.107	-0.012	-0.246	0.04	-0.032	-0.012
GAAACCCCCC__0.368373408559998__9	-0.037	-0.274	-0.205	-0.032	-0.012	-0.012	-0.012	-0.012
GCTCCCCCCA__0.366677226364731__10	0.017	0.031	0.013	-0.012	-0.012	-0.012	-0.012	-0.246
TCTACTCCCC__0.364485696654609__9	0.027	0.09	0.025	-0.183	0.031	0.013	-0.012	-0.012
GCGACCCCCC__0.364403855118736__13	-0.077	-0.003	-0.013	-0.032	-0.012	-0.012	-0.012	-0.012
TCTACACCCC__0.364092683263601__9	0.027	0.09	0.025	-0.006	0.04	-0.032	-0.012	-0.012
GCATCCCCCA__0.36398763374198__9	0.076	0.134	-0.11	0.013	-0.012	-0.012	-0.012	-0.246
GCATCCCCCC__0.363947967558908__10	0.076	0.134	-0.11	0.013	-0.012	-0.012	-0.012	-0.012
TCCTCCCCCA__0.363552620467788__12	0.013	-0.057	0.031	0.013	-0.012	-0.012	-0.012	-0.246
GCGACACCCC__0.363152423459662__10	-0.077	-0.003	-0.013	-0.006	0.04	-0.032	-0.012	-0.012
GCACTGCCCC__0.362803319195614__9	0.076	0.04	-0.183	0.175	0.076	0.107	-0.012	-0.012
CTCACCCCCC__0.362032082565766__10	0.031	0.194	0.04	-0.032	-0.012	-0.012	-0.012	-0.012
GATACACCCC__0.361812645697915__9	-0.11	0.182	0.025	-0.006	0.04	-0.032	-0.012	-0.012
GCCCTCCACC__0.361464218336357__9	0.107	-0.012	-0.057	0.031	0.013	-0.246	0.04	-0.032
TCAACCCCCA__0.361393901496187__9	0.194	0.015	-0.205	-0.032	-0.012	-0.012	-0.012	-0.246
CCTCTGCCCC__0.361067008750063__9	-0.057	0.031	0.027	0.175	0.076	0.107	-0.012	-0.012
ACCCTTCCCC__0.359419175128134__11	-0.032	-0.012	-0.057	-0.081	-0.037	0.013	-0.012	-0.012
GCAACACACC__0.35898192883513__9	0.076	0.015	-0.205	-0.006	0.04	-0.006	0.04	-0.032
GCCATCCCCC__0.358972349288574__11	0.107	-0.246	0.134	-0.11	0.013	-0.012	-0.012	-0.012
CCTCCCCCCA__0.358875417776778__9	-0.057	0.031	0.013	-0.012	-0.012	-0.012	-0.012	-0.246
GCCTCCACCC__0.356425603743867__12	0.107	-0.057	0.031	0.013	-0.246	0.04	-0.032	-0.012
GAAACTCCCC__0.356168803684681__9	-0.037	-0.274	-0.205	-0.183	0.031	0.013	-0.012	-0.012
GTCACCCCCA__0.353551006918469__10	-0.013	0.194	0.04	-0.032	-0.012	-0.012	-0.012	-0.246
GCTCCCCCAC__0.353243645279178__11	0.017	0.031	0.013	-0.012	-0.012	-0.012	-0.246	0.04
GCCCCCACCC__0.353214746406012__9	0.107	-0.012	-0.012	-0.012	-0.246	0.04	-0.032	-0.012
ATCACCCCCC__0.35288348707212__11	-0.11	0.194	0.04	-0.032	-0.012	-0.012	-0.012	-0.012
GGCACCCACC__0.35245136011688__11	0.107	0.076	0.04	-0.032	-0.012	-0.246	0.04	-0.032
GGACCACCCC__0.34957313497616__9	0.013	-0.013	-0.032	-0.246	0.04	-0.032	-0.012	-0.012
GATCCACCCC__0.349523693914652__9	-0.11	-0.11	0.013	-0.246	0.04	-0.032	-0.012	-0.012
GCAACACCCC__0.34681316962386__10	0.076	0.015	-0.205	-0.006	0.04	-0.032	-0.012	-0.012
GCGCCACCCC__0.346734783855615__10	-0.077	-0.077	0.107	-0.246	0.04	-0.032	-0.012	-0.012
GTACCACCCC__0.343298122029754__10	0.025	0.025	-0.032	-0.246	0.04	-0.032	-0.012	-0.012
GGAACACCCC__0.342494997868955__11	0.013	-0.037	-0.205	-0.006	0.04	-0.032	-0.012	-0.012
TCCCCCCACC__0.341850155568861__9	0.013	-0.012	-0.012	-0.012	-0.012	-0.246	0.04	-0.032
ACCCTCCCCC__0.337551920861931__10	-0.032	-0.012	-0.057	0.031	0.013	-0.012	-0.012	-0.012
GCGACCCCAC__0.33697665362006__10	-0.077	-0.003	-0.013	-0.032	-0.012	-0.012	-0.246	0.04
GACCCCCCAC__0.334221021568357__9	-0.013	-0.032	-0.012	-0.012	-0.012	-0.012	-0.246	0.04
GTAACACCCC__0.333563300050418__9	0.025	0.068	-0.205	-0.006	0.04	-0.032	-0.012	-0.012
GCGACCCCCA__0.332809317495529__9	-0.077	-0.003	-0.013	-0.032	-0.012	-0.012	-0.012	-0.246
CCGACCCCCC__0.328049035427932__10	-0.136	-0.003	-0.013	-0.032	-0.012	-0.012	-0.012	-0.012
CCGACCCCCA__0.327681429938505__9	-0.136	-0.003	-0.013	-0.032	-0.012	-0.012	-0.012	-0.246
TTCACCCCCC__0.326686737694284__9	-0.037	0.194	0.04	-0.032	-0.012	-0.012	-0.012	-0.012
GGCACCCCCC__0.302877203968881__9	0.107	0.076	0.04	-0.032	-0.012	-0.012	-0.012	-0.012
