ACAACGTCCGCG__1__152	4	42	5	4	43	4	22	42	43	25	43
ACAACGTCCGCT__0.94017138236735__117	4	42	5	4	43	4	22	42	43	25	9
CCCACCTCCCCA__0.90237895345865__205	42	42	42	4	42	9	22	42	42	42	42
GCAACGTCCGCG__0.892159680833858__125	25	42	5	4	43	4	22	42	43	25	43
CCCCCCTCCCCC__0.871547443612164__207	42	42	42	42	42	9	22	42	42	42	42
ACAGCGTCCGCG__0.844100564723036__96	4	42	9	25	43	4	22	42	43	25	43
CCCCCCTCCCCA__0.807855491025423__167	42	42	42	42	42	9	22	42	42	42	42
ACAGCGTCCGCT__0.802995226281008__78	4	42	9	25	43	4	22	42	43	25	9
GCAACGTCCGCT__0.802950320515346__86	25	42	5	4	43	4	22	42	43	25	9
ACAACGTCCGCA__0.798718676505957__82	4	42	5	4	43	4	22	42	43	25	42
CCAACGTCCGCG__0.795494993819472__76	42	42	5	4	43	4	22	42	43	25	43
CCCCCTTCCCCC__0.793131599852977__118	42	42	42	42	9	5	22	42	42	42	42
CCGCGGTCCGCG__0.784111605553577__95	42	43	25	43	42	4	22	42	43	25	43
ACAACGTCCGCC__0.775722412325231__75	4	42	5	4	43	4	22	42	43	25	42
GCAGCGTCCGCG__0.775587806397203__89	25	42	9	25	43	4	22	42	43	25	43
ACCACGTCCGCG__0.755669132952284__63	4	42	42	4	43	4	22	42	43	25	43
CCAACGTCCGCT__0.749571099914734__59	42	42	5	4	43	4	22	42	43	25	9
ACCGCGTCCGCG__0.721197939038591__68	4	42	43	25	43	4	22	42	43	25	43
CCAGCGTCCGCG__0.71886088244946__61	42	42	9	25	43	4	22	42	43	25	43
CCCCCCTCCCCT__0.716480388850868__89	42	42	42	42	42	9	22	42	42	42	9
ACAGCGTCCGCC__0.71171988719857__61	4	42	9	25	43	4	22	42	43	25	42
TCAACGTCCGCG__0.711214480536937__71	22	42	5	4	43	4	22	42	43	25	43
CCCCCTTCCCCT__0.71070808926217__71	42	42	42	42	9	5	22	42	42	42	9
ACAGCGTCCGCA__0.688878565363311__55	4	42	9	25	43	4	22	42	43	25	42
CCCCCCTCCTCC__0.685798069342943__70	42	42	42	42	42	9	22	42	9	22	42
ACGACGTCCGCG__0.685650975741387__38	4	43	22	4	43	4	22	42	43	25	43
CCGCGGTCCGCT__0.680328027470949__59	42	43	25	43	42	4	22	42	43	25	9
ACCCCCTCCCCC__0.674113468179538__88	4	42	42	42	42	9	22	42	42	42	42
CTAACGTCCGCG__0.667560266638486__53	9	14	5	4	43	4	22	42	43	25	43
GCAACGTCCGCA__0.658589067403653__53	25	42	5	4	43	4	22	42	43	25	42
ACCACGTCCGCC__0.658217003539907__44	4	42	42	4	43	4	22	42	43	25	42
CCAGCGTCCGCT__0.656868239776775__44	42	42	9	25	43	4	22	42	43	25	9
CCCCCATCCCCC__0.65416624084019__77	42	42	42	42	42	0	22	42	42	42	42
CCAACGTCCGCC__0.650796493855165__44	42	42	5	4	43	4	22	42	43	25	42
ACCGCGTCCGCT__0.648161299467267__46	4	42	43	25	43	4	22	42	43	25	9
CTCCCCTCCCCC__0.644594387430727__85	9	22	42	42	42	9	22	42	42	42	42
ACTGCGTCCGCG__0.643177372542569__52	4	9	42	25	43	4	22	42	43	25	43
ACGCGGTCCGCG__0.642558795860396__54	4	43	25	43	42	4	22	42	43	25	43
GCAACGTCCGCC__0.64037470640118__49	25	42	5	4	43	4	22	42	43	25	42
TCAGCGTCCGCG__0.636516113366776__53	22	42	9	25	43	4	22	42	43	25	43
TCCCCCTCCCCC__0.635379191169503__84	22	42	42	42	42	9	22	42	42	42	42
CACCCCTCCCCC__0.635078500511295__75	42	4	42	42	42	9	22	42	42	42	42
ACCACGTCCGCT__0.631480618378383__34	4	42	42	4	43	4	22	42	43	25	9
GCAGCGTCCGCT__0.63057577527073__46	25	42	9	25	43	4	22	42	43	25	9
CCAACGTCCGCA__0.630258774678437__40	42	42	5	4	43	4	22	42	43	25	42
CCAACCTCCCCA__0.630126273870462__66	42	42	5	4	42	9	22	42	42	42	42
CGCACGTCCGCG__0.628193153043728__42	43	25	42	4	43	4	22	42	43	25	43
ATAGCGTCCGCG__0.627206526488159__44	0	14	9	25	43	4	22	42	43	25	43
AGCGCGTCCGCG__0.625165033515451__52	9	25	43	25	43	4	22	42	43	25	43
CCTCCCTCCCCC__0.624590312201782__77	42	9	22	42	42	9	22	42	42	42	42
AGCACGTCCGCG__0.616785692861815__39	9	25	42	4	43	4	22	42	43	25	43
GCACGGTCCGCG__0.608891082330445__45	25	42	4	43	42	4	22	42	43	25	43
GCAGCGTCCGCA__0.603534802357739__44	25	42	9	25	43	4	22	42	43	25	42
GCGACGTCCGCG__0.602225543159591__31	25	43	22	4	43	4	22	42	43	25	43
TCAACGTCCGCT__0.602003607091691__41	22	42	5	4	43	4	22	42	43	25	9
ACACGGTCCGCG__0.60139090332757__36	4	42	4	43	42	4	22	42	43	25	43
GTAACGTCCGCG__0.59965649184016__42	4	14	5	4	43	4	22	42	43	25	43
CCACCCTCCCCC__0.599535564749273__60	42	42	4	42	42	9	22	42	42	42	42
GCAGCGTCCGCC__0.596310451682498__43	25	42	9	25	43	4	22	42	43	25	42
TCAGCGTCCGCT__0.595761498734968__42	22	42	9	25	43	4	22	42	43	25	9
CCCACCTCCCCC__0.594867748893078__58	42	42	42	4	42	9	22	42	42	42	42
CGAACGTCCGCT__0.592423446529644__27	43	22	5	4	43	4	22	42	43	25	9
CCCACGTCCGCG__0.586550285053418__31	42	42	42	4	43	4	22	42	43	25	43
CCAGCGTCCGCC__0.585798692320536__35	42	42	9	25	43	4	22	42	43	25	42
CCGCGGTCCGCC__0.585624050715928__42	42	43	25	43	42	4	22	42	43	25	42
ACGACGTCCGCT__0.583943778013417__21	4	43	22	4	43	4	22	42	43	25	9
ATCGCGTCCGCG__0.583684060090131__44	0	22	43	25	43	4	22	42	43	25	43
GCCACGTCCGCG__0.582252967455788__33	25	42	42	4	43	4	22	42	43	25	43
CCCCCCTCCCCG__0.581350284741014__49	42	42	42	42	42	9	22	42	42	42	43
TGAACGTCCGCG__0.579671163403768__35	42	22	5	4	43	4	22	42	43	25	43
GTAGCGTCCGCG__0.577376018923178__40	4	14	9	25	43	4	22	42	43	25	43
CGCACGTCCGCT__0.573217647706642__30	43	25	42	4	43	4	22	42	43	25	9
CCCCCGTCCCCC__0.572935439945894__41	42	42	42	42	43	4	22	42	42	42	42
CTAGCGTCCGCG__0.571947850066308__35	9	14	9	25	43	4	22	42	43	25	43
TCCCCTTCCCCC__0.571559588319776__50	22	42	42	42	9	5	22	42	42	42	42
ACCCCTTCCCCC__0.570612326320312__41	4	42	42	42	9	5	22	42	42	42	42
AGCACGTCCGCT__0.570231959793896__29	9	25	42	4	43	4	22	42	43	25	9
CCCGCGTCCGCG__0.569315652816877__35	42	42	43	25	43	4	22	42	43	25	43
CCTACCTCCCCA__0.567693013880155__52	42	9	14	4	42	9	22	42	42	42	42
CCCTCCTCCCCC__0.565726428515479__56	42	42	9	22	42	9	22	42	42	42	42
ATAGCGTCCGCT__0.565536468150814__31	0	14	9	25	43	4	22	42	43	25	9
ACGGCGTCCGCG__0.563899381624572__29	4	43	42	25	43	4	22	42	43	25	43
TCACGGTCCGCG__0.563825369085618__38	22	42	4	43	42	4	22	42	43	25	43
CCCCCGCCCCCC__0.563275650191233__62	42	42	42	42	43	25	42	42	42	42	42
CGCGCGTCCGCG__0.559659793887229__44	43	25	43	25	43	4	22	42	43	25	43
ACGACGTCCGCA__0.559189758390896__22	4	43	22	4	43	4	22	42	43	25	42
ACCACGTCCGCA__0.558929986753413__27	4	42	42	4	43	4	22	42	43	25	42
ATAACGTCCGCG__0.556686042153408__30	0	14	5	4	43	4	22	42	43	25	43
CCGACGTCCGCG__0.556175393176774__20	42	43	22	4	43	4	22	42	43	25	43
TGCGCGTCCGCG__0.555753059239189__47	42	25	43	25	43	4	22	42	43	25	43
CCCGCCTCCCCA__0.555631660406695__48	42	42	43	25	42	9	22	42	42	42	42
CCCCCTTCCCCA__0.554959693911308__41	42	42	42	42	9	5	22	42	42	42	42
CCCTCTTCCCCT__0.554861389111542__34	42	42	9	22	9	5	22	42	42	42	9
AGCACGTCCGCC__0.554344277844042__30	9	25	42	4	43	4	22	42	43	25	42
ACGACGTCCGCC__0.553284995035895__21	4	43	22	4	43	4	22	42	43	25	42
TTAGCGTCCGCG__0.552770950751928__41	5	14	9	25	43	4	22	42	43	25	43
CCACGGTCCGCG__0.54972655576079__29	42	42	4	43	42	4	22	42	43	25	43
AAAACGTCCGCG__0.548308906870284__24	5	5	5	4	43	4	22	42	43	25	43
CGAACGTCCGCG__0.546799313264253__23	43	22	5	4	43	4	22	42	43	25	43
CCAGCGTCCGCA__0.544962238933984__28	42	42	9	25	43	4	22	42	43	25	42
ACCGCGTCCGCA__0.544859088133345__31	4	42	43	25	43	4	22	42	43	25	42
ACCGCGTCCGCC__0.544722339531155__31	4	42	43	25	43	4	22	42	43	25	42
GCCGCGTCCGCG__0.54471999084616__32	25	42	43	25	43	4	22	42	43	25	43
CCCACTTCCCCC__0.544199332534405__36	42	42	42	4	9	5	22	42	42	42	42
ATAACGTCCGCT__0.541007257087746__26	0	14	5	4	43	4	22	42	43	25	9
TCCACGTCCGCG__0.540400337646591__29	22	42	42	4	43	4	22	42	43	25	43
TGCACGTCCGCG__0.540225169469947__33	42	25	42	4	43	4	22	42	43	25	43
AAAGCGTCCGCG__0.536900039242126__23	5	5	9	25	43	4	22	42	43	25	43
CACCCTTCCCCC__0.536826412011238__35	42	4	42	42	9	5	22	42	42	42	42
AGCGCGTCCGCT__0.535033015938171__31	9	25	43	25	43	4	22	42	43	25	9
CCCCCTTCCTCC__0.534087384324875__30	42	42	42	42	9	5	22	42	9	22	42
TCCCCATCCCCC__0.533167293554718__45	22	42	42	42	42	0	22	42	42	42	42
ACTACGTCCGCG__0.533092923923676__27	4	9	14	4	43	4	22	42	43	25	43
ACTGCGTCCGCT__0.532123743873091__28	4	9	42	25	43	4	22	42	43	25	9
CTCCCCTCCCCT__0.531163304130285__37	9	22	42	42	42	9	22	42	42	42	9
CGCGCGTCCGCT__0.530107991205331__36	43	25	43	25	43	4	22	42	43	25	9
ATTGCGTCCGCG__0.529719776306262__37	0	5	42	25	43	4	22	42	43	25	43
TTAACGTCCGCG__0.52937011264805__34	5	14	5	4	43	4	22	42	43	25	43
GCAAGGTCCGCG__0.529271720283596__31	25	42	5	9	42	4	22	42	43	25	43
TCAACGTCCGCC__0.528935503507717__31	22	42	5	4	43	4	22	42	43	25	42
GCTGCGTCCGCG__0.528079615605802__34	25	9	42	25	43	4	22	42	43	25	43
CCCACGTCCGCT__0.527979209498366__21	42	42	42	4	43	4	22	42	43	25	9
ACCCCCTCCCCT__0.527634760265663__32	4	42	42	42	42	9	22	42	42	42	9
GCTACGTCCGCG__0.527322801543817__31	25	9	14	4	43	4	22	42	43	25	43
CAAACGTCCGCG__0.526937084122592__23	42	5	5	4	43	4	22	42	43	25	43
AGCGCGTCCGCC__0.526695101802365__33	9	25	43	25	43	4	22	42	43	25	42
ACGGCGTCCGCT__0.525962741654032__22	4	43	42	25	43	4	22	42	43	25	9
CCACCCTCCTCC__0.525896352416603__27	42	42	4	42	42	9	22	42	9	22	42
CACGCGTCCGCG__0.525320437078283__30	42	4	43	25	43	4	22	42	43	25	43
ACGCGGTCCGCT__0.524247144382021__28	4	43	25	43	42	4	22	42	43	25	9
ACAAGGTCCGCG__0.523584902003414__25	4	42	5	9	42	4	22	42	43	25	43
AGAACGTCCGCT__0.52155713919884__19	9	22	5	4	43	4	22	42	43	25	9
CCCACGTCCGCC__0.521196783982171__23	42	42	42	4	43	4	22	42	43	25	42
CCCTCATCCCCC__0.520687134131056__41	42	42	9	22	42	0	22	42	42	42	42
CCCCCATCCCCT__0.519976147246822__30	42	42	42	42	42	0	22	42	42	42	9
TCCCCTTCCCCT__0.519162856413411__32	22	42	42	42	9	5	22	42	42	42	9
AACACGTCCGCG__0.518953695616768__21	5	4	42	4	43	4	22	42	43	25	43
CCCTCTTCCCCC__0.518805403852019__33	42	42	9	22	9	5	22	42	42	42	42
GGAACGTCCGCG__0.517925159579147__25	42	22	5	4	43	4	22	42	43	25	43
AGAACGTCCGCG__0.51740595590766__20	9	22	5	4	43	4	22	42	43	25	43
ACTACGTCCGCT__0.515682840019768__23	4	9	14	4	43	4	22	42	43	25	9
AGCACGTCCGCA__0.515384442803658__24	9	25	42	4	43	4	22	42	43	25	42
ATAACGTCCGCA__0.514775512841017__25	0	14	5	4	43	4	22	42	43	25	42
CCAGCCTCCCCA__0.513874982717674__38	42	42	9	25	42	9	22	42	42	42	42
CCCCCGTCCCCT__0.513682628031463__24	42	42	42	42	43	4	22	42	42	42	9
CCCCTGTCCCCC__0.512476134046658__34	42	42	42	9	42	4	22	42	42	42	42
GTAACGTCCGCT__0.512181932605199__25	4	14	5	4	43	4	22	42	43	25	9
CGCACGTCCGCC__0.511359510987281__24	43	25	42	4	43	4	22	42	43	25	42
CAAGCGTCCGCG__0.511188137765507__22	42	5	9	25	43	4	22	42	43	25	43
TACCCCTCCCCC__0.509777550045266__41	14	4	42	42	42	9	22	42	42	42	42
CTCCCTTCCCCC__0.509712969647011__34	9	22	42	42	9	5	22	42	42	42	42
CACCCCTCCCCA__0.508552432316456__39	42	4	42	42	42	9	22	42	42	42	42
ACACGGTCCGCA__0.508146276955593__23	4	42	4	43	42	4	22	42	43	25	42
GCCCCCTCCCCC__0.508056158228667__41	25	42	42	42	42	9	22	42	42	42	42
CACACGTCCGCG__0.507213416143472__20	42	4	42	4	43	4	22	42	43	25	43
CCGCGGTCCGCA__0.506879093423638__27	42	43	25	43	42	4	22	42	43	25	42
ATAACGTCCGCC__0.506825749794043__24	0	14	5	4	43	4	22	42	43	25	42
TCAACGTCCGCA__0.506678869050113__27	22	42	5	4	43	4	22	42	43	25	42
GCGACGTCCGCT__0.505277516545149__17	25	43	22	4	43	4	22	42	43	25	9
CCTCCTTCCCCC__0.503013456399384__32	42	9	22	42	9	5	22	42	42	42	42
CCCCCGTCCCCA__0.5022440188469__28	42	42	42	42	43	4	22	42	42	42	42
ACCCCATCCCCC__0.500609657759379__33	4	42	42	42	42	0	22	42	42	42	42
CCCTCTTCCCCA__0.500194355736012__30	42	42	9	22	9	5	22	42	42	42	42
CCCCCCTCCACC__0.500185221014213__37	42	42	42	42	42	9	22	42	42	4	42
CGGACGTCCGCG__0.498390345777908__19	43	42	22	4	43	4	22	42	43	25	43
CCCCCGCCCCCT__0.497853751748555__31	42	42	42	42	43	25	42	42	42	42	9
CCCCCATCCCCA__0.495989741845531__34	42	42	42	42	42	0	22	42	42	42	42
ATCCCCTCCCCC__0.49581081926577__38	0	22	42	42	42	9	22	42	42	42	42
TGCACGTCCGCT__0.492983887350303__24	42	25	42	4	43	4	22	42	43	25	9
CTACGGTCCGCT__0.492438042307478__23	9	14	4	43	42	4	22	42	43	25	9
CCTGCGTCCGCG__0.492005823806716__24	42	9	42	25	43	4	22	42	43	25	43
TCAGCGTCCGCC__0.491754343443051__26	22	42	9	25	43	4	22	42	43	25	42
ACACGGTCCGCT__0.489898237691973__18	4	42	4	43	42	4	22	42	43	25	9
TAAGCGTCCGCG__0.489764941279939__22	14	5	9	25	43	4	22	42	43	25	43
AGTGCGTCCGCG__0.48813195257697__26	9	4	42	25	43	4	22	42	43	25	43
CTCCCTTCCCCT__0.487937369454134__25	9	22	42	42	9	5	22	42	42	42	9
ATAGCGTCCGCC__0.487787465887298__22	0	14	9	25	43	4	22	42	43	25	42
ATTGCGTCCGCT__0.487264098977057__28	0	5	42	25	43	4	22	42	43	25	9
TTCCCCTCCCCT__0.487233579122076__34	5	22	42	42	42	9	22	42	42	42	9
CCGACGTCCGCT__0.486375778100419__12	42	43	22	4	43	4	22	42	43	25	9
CCTCCCTCCCCT__0.485078870276228__28	42	9	22	42	42	9	22	42	42	42	9
TACACGTCCGCT__0.484653560600404__19	14	4	42	4	43	4	22	42	43	25	9
CTCCCATCCCCC__0.484645809097713__33	9	22	42	42	42	0	22	42	42	42	42
TGCGCGTCCGCT__0.483639211338678__30	42	25	43	25	43	4	22	42	43	25	9
CTAACGTCCGCT__0.483100163018618__19	9	14	5	4	43	4	22	42	43	25	9
TTAACGTCCGCT__0.482999640420392__25	5	14	5	4	43	4	22	42	43	25	9
CTCCCCTCCTCC__0.482921851591429__25	9	22	42	42	42	9	22	42	9	22	42
CCCCCCCCCGCC__0.48247312362113__42	42	42	42	42	42	42	42	42	43	25	42
CCCACATCCCCC__0.481952710023824__29	42	42	42	4	42	0	22	42	42	42	42
CGCACGTCCGCA__0.481878008191346__20	43	25	42	4	43	4	22	42	43	25	42
AACCCCTCCCCC__0.481785030094219__32	5	4	42	42	42	9	22	42	42	42	42
CCCTCCTCCCCA__0.481587111584917__35	42	42	9	22	42	9	22	42	42	42	42
TGAACGTCCGCT__0.481496469518525__19	42	22	5	4	43	4	22	42	43	25	9
AAAACGTCCGCT__0.481429894311854__15	5	5	5	4	43	4	22	42	43	25	9
CCCACCTCCCCT__0.480843425324733__23	42	42	42	4	42	9	22	42	42	42	9
ACCCCTTCCCCT__0.480194274972899__20	4	42	42	42	9	5	22	42	42	42	9
ACAACGTCCGGT__0.479960576311075__14	4	42	5	4	43	4	22	42	43	42	4
TCGCGGTCCGCG__0.479718664031708__28	22	43	25	43	42	4	22	42	43	25	43
CCCCCTCCCGCC__0.478778246330866__25	42	42	42	42	9	22	42	42	43	25	42
TCCACGTCCGCT__0.477904496119736__19	22	42	42	4	43	4	22	42	43	25	9
ACAAGGTCCGCC__0.477102109207259__20	4	42	5	9	42	4	22	42	43	25	42
CTACGGTCCGCG__0.476820292780795__22	9	14	4	43	42	4	22	42	43	25	43
GCCACGTCCGCT__0.476610705085781__17	25	42	42	4	43	4	22	42	43	25	9
GCCGCGTCCGCT__0.475651693370804__20	25	42	43	25	43	4	22	42	43	25	9
CCACCTTCCCCC__0.475176013743581__24	42	42	4	42	9	5	22	42	42	42	42
ATAGCGTCCGCA__0.47456560977842__20	0	14	9	25	43	4	22	42	43	25	42
CCGACGTCCGCC__0.473686183524497__13	42	43	22	4	43	4	22	42	43	25	42
GCACGGTCCGCT__0.473548960550206__20	25	42	4	43	42	4	22	42	43	25	9
CTCCCATCCCCT__0.473465955172851__24	9	22	42	42	42	0	22	42	42	42	9
AGCAGGTCCGCG__0.472650059274353__22	9	25	42	9	42	4	22	42	43	25	43
TTCCCCTCCCCC__0.47263179534562__38	5	22	42	42	42	9	22	42	42	42	42
CACACGTCCGCT__0.472544328111325__15	42	4	42	4	43	4	22	42	43	25	9
AACGCGTCCGCG__0.472081184042842__21	5	4	43	25	43	4	22	42	43	25	43
TGTGCGTCCGCG__0.471719453789926__31	42	4	42	25	43	4	22	42	43	25	43
TCACGGTCCGCT__0.470541941286754__21	22	42	4	43	42	4	22	42	43	25	9
CCCTCCTCCCCT__0.469606687826607__25	42	42	9	22	42	9	22	42	42	42	9
GTTGCGTCCGCG__0.468964507837811__30	4	5	42	25	43	4	22	42	43	25	43
ACCCCCTCCCCA__0.468940388838841__30	4	42	42	42	42	9	22	42	42	42	42
CCACGGTCCGCA__0.46855927017891__19	42	42	4	43	42	4	22	42	43	25	42
CCCACCTCCCCG__0.468145713811885__22	42	42	42	4	42	9	22	42	42	42	43
GTACGGTCCGCG__0.467826054099182__23	4	14	4	43	42	4	22	42	43	25	43
GAAACGTCCGCT__0.467314416047172__14	22	5	5	4	43	4	22	42	43	25	9
CGCAGGTCCGCG__0.467234503145766__22	43	25	42	9	42	4	22	42	43	25	43
ATACGGTCCGCG__0.466447976046913__20	0	14	4	43	42	4	22	42	43	25	43
ATCCCTTCCCCC__0.466092925672737__27	0	22	42	42	9	5	22	42	42	42	42
ACACCCTCCCCC__0.465869936683851__27	4	42	4	42	42	9	22	42	42	42	42
TCCCCCTCCCCT__0.465519367982225__26	22	42	42	42	42	9	22	42	42	42	9
CGAACGTCCGCA__0.465123967002615__15	43	22	5	4	43	4	22	42	43	25	42
CTAACGTCCGCC__0.465046525484468__19	9	14	5	4	43	4	22	42	43	25	42
ACCCCATCCTCC__0.464926719803543__19	4	42	42	42	42	0	22	42	9	22	42
TCGACGTCCGCG__0.464904673553242__15	22	43	22	4	43	4	22	42	43	25	43
ATCACGTCCGCT__0.464854398011977__17	0	22	42	4	43	4	22	42	43	25	9
ATCACGTCCGCG__0.464739582167978__18	0	22	42	4	43	4	22	42	43	25	43
GACACGTCCGCG__0.464597120621956__15	22	4	42	4	43	4	22	42	43	25	43
ACATGGTCCGCG__0.464558632872487__21	4	42	0	42	42	4	22	42	43	25	43
CTAGCGTCCGCT__0.464295399430795__18	9	14	9	25	43	4	22	42	43	25	9
CCCCCCTCCTCT__0.464286324256699__18	42	42	42	42	42	9	22	42	9	22	9
CCCCTGTCCCCT__0.46384767343364__21	42	42	42	9	42	4	22	42	42	42	9
GCCCCTTCCCCC__0.463673770657791__25	25	42	42	42	9	5	22	42	42	42	42
TAAACGTCCGCG__0.463602949932599__18	14	5	5	4	43	4	22	42	43	25	43
CTGTGGTCCGCG__0.462713546805218__29	9	42	4	42	42	4	22	42	43	25	43
CGCCCCTCCCCC__0.462012411458589__31	43	25	42	42	42	9	22	42	42	42	42
CCCCCATCCTCC__0.461990080042821__20	42	42	42	42	42	0	22	42	9	22	42
CACCCCCCCGCC__0.461914859115488__33	42	4	42	42	42	42	42	42	43	25	42
GCGCGGTCCGCG__0.460101247947386__24	25	43	25	43	42	4	22	42	43	25	43
GTCACGTCCGCG__0.459967122714776__20	4	22	42	4	43	4	22	42	43	25	43
ACACGGTCCGCC__0.459764679485989__17	4	42	4	43	42	4	22	42	43	25	42
CCGACGTCCGCA__0.459126160303982__12	42	43	22	4	43	4	22	42	43	25	42
CCTGCCTCCCCA__0.4588378523128__29	42	9	42	25	42	9	22	42	42	42	42
TTAGCGTCCGCT__0.458745546237111__23	5	14	9	25	43	4	22	42	43	25	9
GGCGCGTCCGCG__0.458740932907115__24	42	25	43	25	43	4	22	42	43	25	43
CAAACGTCCGCC__0.4582708425465__16	42	5	5	4	43	4	22	42	43	25	42
CCCGCGTCCGCT__0.457546794762367__17	42	42	43	25	43	4	22	42	43	25	9
TCGGCGTCCGCG__0.457009178366879__20	22	43	42	25	43	4	22	42	43	25	43
CCACCCTCCCCT__0.456901035691035__20	42	42	4	42	42	9	22	42	42	42	9
GCGGCGTCCGCT__0.456885413006974__19	25	43	42	25	43	4	22	42	43	25	9
CGCGCGTCCGCA__0.456222365044086__25	43	25	43	25	43	4	22	42	43	25	42
ACTCGGTCCGCG__0.455041362909525__18	4	9	22	43	42	4	22	42	43	25	43
TCGACGTCCGCT__0.454693895956268__13	22	43	22	4	43	4	22	42	43	25	9
CCTGCGTCCGCT__0.454018161514117__18	42	9	42	25	43	4	22	42	43	25	9
GCGACGTCCGCA__0.453420642467073__14	25	43	22	4	43	4	22	42	43	25	42
TCAGCGTCCGCA__0.452849879259128__20	22	42	9	25	43	4	22	42	43	25	42
CCACGGTCCGCT__0.452271815664606__15	42	42	4	43	42	4	22	42	43	25	9
CCCACGTCCGCA__0.451904618022465__15	42	42	42	4	43	4	22	42	43	25	42
GTCGCGTCCGCG__0.451851686429194__23	4	22	43	25	43	4	22	42	43	25	43
CCACCCTCCCCA__0.451796034120961__26	42	42	4	42	42	9	22	42	42	42	42
TTTGCGTCCGCG__0.451647262987768__31	5	5	42	25	43	4	22	42	43	25	43
TCCCCGCCCCCC__0.451347692565906__33	22	42	42	42	43	25	42	42	42	42	42
CCCCCTTCCTCT__0.451303963947001__16	42	42	42	42	9	5	22	42	9	22	9
ACAACGTCCGGG__0.450703254092215__12	4	42	5	4	43	4	22	42	43	42	42
CGGACGTCCGCT__0.450101880755441__13	43	42	22	4	43	4	22	42	43	25	9
TGCACGTCCGCA__0.449734465552517__20	42	25	42	4	43	4	22	42	43	25	42
ACTCCCTCCCCC__0.449676065730288__26	4	9	22	42	42	9	22	42	42	42	42
AACCCTTCCCCC__0.44920680001672__21	5	4	42	42	9	5	22	42	42	42	42
GCACGGTCCGCA__0.44889300138957__19	25	42	4	43	42	4	22	42	43	25	42
ACCCCGCCCCCC__0.448860212193036__30	4	42	42	42	43	25	42	42	42	42	42
CCTTCCTCCCCC__0.448826002612272__31	42	9	5	22	42	9	22	42	42	42	42
ATCGCGTCCGCA__0.448655468445452__21	0	22	43	25	43	4	22	42	43	25	42
ACCCCATCCCCT__0.448018441270269__18	4	42	42	42	42	0	22	42	42	42	9
ATCGCGTCCGCT__0.44794790794342__19	0	22	43	25	43	4	22	42	43	25	9
CTTCCCTCCCCC__0.447875126341375__31	9	5	22	42	42	9	22	42	42	42	42
CCTCCTTCCCCT__0.447778966334926__19	42	9	22	42	9	5	22	42	42	42	9
ACGCCGTCCGCG__0.447643203835182__13	4	43	25	42	43	4	22	42	43	25	43
CCCCCATCCTCT__0.447351842740957__15	42	42	42	42	42	0	22	42	9	22	9
GCTGCGTCCGCT__0.447071853599405__20	25	9	42	25	43	4	22	42	43	25	9
TCTGCGTCCGCG__0.447044837722397__21	22	9	42	25	43	4	22	42	43	25	43
CCCACGTCCCCC__0.446704417578724__18	42	42	42	4	43	4	22	42	42	42	42
TAAGCGTCCGCT__0.446586720675122__16	14	5	9	25	43	4	22	42	43	25	9
CCCCCCTCCGCC__0.446516248589393__23	42	42	42	42	42	9	22	42	43	25	42
AGCAAGTCCGCT__0.444654581554804__14	9	25	42	5	9	4	22	42	43	25	9
ACGGCGTCCGCA__0.444449769051481__15	4	43	42	25	43	4	22	42	43	25	42
CCTACGTCCGCG__0.444226447876947__16	42	9	14	4	43	4	22	42	43	25	43
ACTGCGTCCGCA__0.444017844372315__18	4	9	42	25	43	4	22	42	43	25	42
CCTCCCTCCCCA__0.443886013397167__28	42	9	22	42	42	9	22	42	42	42	42
AGTACGTCCGCG__0.4432593455973__17	9	4	14	4	43	4	22	42	43	25	43
CTGCGGTCCGCG__0.443158169993512__20	9	42	25	43	42	4	22	42	43	25	43
ACTGCGTCCGCC__0.442744151843071__18	4	9	42	25	43	4	22	42	43	25	42
GCGGCGTCCGCG__0.44257729630413__18	25	43	42	25	43	4	22	42	43	25	43
CACCCATCCTCC__0.442533844566278__17	42	4	42	42	42	0	22	42	9	22	42
GTCACGTCCGCT__0.442285174439417__17	4	22	42	4	43	4	22	42	43	25	9
CACCCCTCCCCT__0.440801546738052__19	42	4	42	42	42	9	22	42	42	42	9
ACCAGGTCCGCG__0.440579104888819__15	4	42	42	9	42	4	22	42	43	25	43
ACCAGGTCCGCT__0.440528164559084__14	4	42	42	9	42	4	22	42	43	25	9
CTAGCGTCCGCC__0.440527898174145__17	9	14	9	25	43	4	22	42	43	25	42
CCCCCGTCCCTC__0.440340183083476__15	42	42	42	42	43	4	22	42	42	9	22
GGGGGGTGCGGG__0.44027983760872__32	42	42	42	42	42	4	42	25	43	42	42
CTAACGTCCGCA__0.440116866663402__16	9	14	5	4	43	4	22	42	43	25	42
TTCGCGTCCGCG__0.43981567193416__26	5	22	43	25	43	4	22	42	43	25	43
GCCACGTCCGCC__0.439174709941878__15	25	42	42	4	43	4	22	42	43	25	42
TGAACGTCCGCA__0.438912593983394__16	42	22	5	4	43	4	22	42	43	25	42
TTTCCCTCCCCC__0.438877246305777__35	5	5	22	42	42	9	22	42	42	42	42
CGTACGTCCGCG__0.438543073351838__16	43	4	14	4	43	4	22	42	43	25	43
TCTCCCTCCCCC__0.438439273628956__29	22	9	22	42	42	9	22	42	42	42	42
TCCGCGTCCGCG__0.437981434046287__19	22	42	43	25	43	4	22	42	43	25	43
CTCCCCTCCCCA__0.437908884243028__27	9	22	42	42	42	9	22	42	42	42	42
CCGGCGTCCGCT__0.436615121969047__13	42	43	42	25	43	4	22	42	43	25	9
CTCACGTCCGCG__0.436537415175776__15	9	22	42	4	43	4	22	42	43	25	43
CCCCCACCCGCC__0.436437739742331__24	42	42	42	42	42	4	42	42	43	25	42
TTCCCTTCCCCT__0.436019389369649__24	5	22	42	42	9	5	22	42	42	42	9
CTTCCCTCCCCT__0.435666516304546__23	9	5	22	42	42	9	22	42	42	42	9
TGAGCGTCCGCA__0.435031440868863__16	42	22	9	25	43	4	22	42	43	25	42
GTAACGTCCGCC__0.434776622061469__17	4	14	5	4	43	4	22	42	43	25	42
CAAACGTCCGCT__0.434723043647778__12	42	5	5	4	43	4	22	42	43	25	9
GGAACGTCCGCT__0.434680832221305__14	42	22	5	4	43	4	22	42	43	25	9
ACACCGTCCGCT__0.433815619449499__11	4	42	4	42	43	4	22	42	43	25	9
CACCCTTCCCCT__0.433558234146542__15	42	4	42	42	9	5	22	42	42	42	9
CTCACTTCCCCC__0.433358878197787__22	9	22	42	4	9	5	22	42	42	42	42
ACAAGGTCCGCA__0.433348846328151__15	4	42	5	9	42	4	22	42	43	25	42
AGCAGGTCCGCT__0.432585584077089__16	9	25	42	9	42	4	22	42	43	25	9
ATGCGGTCCGCG__0.431762159654865__19	0	42	25	43	42	4	22	42	43	25	43
TTACGGTCCGCG__0.431664425895875__20	5	14	4	43	42	4	22	42	43	25	43
CCTGCGTCCGCA__0.431349987266502__17	42	9	42	25	43	4	22	42	43	25	42
CCCCCGTCCCTT__0.431158116901128__13	42	42	42	42	43	4	22	42	42	9	5
CCCCCGACCTCC__0.431093249481182__13	42	42	42	42	43	22	4	42	9	22	42
TCACGGTCCGCC__0.43089853052285__18	22	42	4	43	42	4	22	42	43	25	42
CCCACATCCCCT__0.430683602089204__16	42	42	42	4	42	0	22	42	42	42	9
ACCCGGTCCGCT__0.430012774463061__12	4	42	42	43	42	4	22	42	43	25	9
TCCCCCTCCCCG__0.429633434068855__21	22	42	42	42	42	9	22	42	42	42	43
TCCCCGCCCCCT__0.429554266747538__21	22	42	42	42	43	25	42	42	42	42	9
CAACCCTCCCCC__0.429455191804498__23	42	5	4	42	42	9	22	42	42	42	42
AACACGTCCGCT__0.429209419804419__11	5	4	42	4	43	4	22	42	43	25	9
ACTCGGTCCGCC__0.429036267618937__16	4	9	22	43	42	4	22	42	43	25	42
AAAGCGTCCGCT__0.42900487679099__11	5	5	9	25	43	4	22	42	43	25	9
ACAACGTCCGTT__0.428520004629726__11	4	42	5	4	43	4	22	42	43	4	5
AGAACGTCCGCC__0.428370724464983__12	9	22	5	4	43	4	22	42	43	25	42
CCCCCCTCCACT__0.428358816932622__19	42	42	42	42	42	9	22	42	42	4	9
CTGACGTCCGCG__0.428312214655615__12	9	42	22	4	43	4	22	42	43	25	43
CCCCCCTCCTCA__0.428031632807009__17	42	42	42	42	42	9	22	42	9	22	42
AGTGCGTCCGCT__0.428019548405517__17	9	4	42	25	43	4	22	42	43	25	9
AACGGGTCCGCG__0.427989090527897__15	5	4	43	42	42	4	22	42	43	25	43
GCACCGTCCGCG__0.427095999085188__13	25	42	4	42	43	4	22	42	43	25	43
CGCCCTTCCCCC__0.426685373389162__20	43	25	42	42	9	5	22	42	42	42	42
TCCACGTCCGCA__0.426377856617575__15	22	42	42	4	43	4	22	42	43	25	42
CATCCCTCCCCC__0.426094670177834__25	42	0	22	42	42	9	22	42	42	42	42
TCCACGTCCGCC__0.425364404686466__15	22	42	42	4	43	4	22	42	43	25	42
TCCCCCCCCGCC__0.425087337105211__30	22	42	42	42	42	42	42	42	43	25	42
ATTGCGTCCGCA__0.425043510230617__20	0	5	42	25	43	4	22	42	43	25	42
CACGCGTCCGCT__0.424982699218136__15	42	4	43	25	43	4	22	42	43	25	9
CCCTGTTCCCCC__0.424924846963351__21	42	42	9	42	4	5	22	42	42	42	42
TGCGCGTCCGCA__0.424906400675671__22	42	25	43	25	43	4	22	42	43	25	42
GCCGCGTCCGCA__0.424646488449514__16	25	42	43	25	43	4	22	42	43	25	42
TAAACGTCCGCT__0.423773051536893__13	14	5	5	4	43	4	22	42	43	25	9
CCCACGCCCCCT__0.423257816720217__16	42	42	42	4	43	25	42	42	42	42	9
CTCCCCTCCTCT__0.423046466207754__14	9	22	42	42	42	9	22	42	9	22	9
AATGCGTCCGCG__0.422944358569344__15	5	0	42	25	43	4	22	42	43	25	43
CCACCATCCCCC__0.422591094939359__19	42	42	4	42	42	0	22	42	42	42	42
AACACGTCCGCA__0.422512613635103__12	5	4	42	4	43	4	22	42	43	25	42
ACACCGTCCGCG__0.422423307317214__11	4	42	4	42	43	4	22	42	43	25	43
GCGCGGTCCGCT__0.422276648664777__18	25	43	25	43	42	4	22	42	43	25	9
CTACCCTCCCCC__0.42208349182311__23	9	14	4	42	42	9	22	42	42	42	42
ACAGGGTCCGCG__0.422044722054312__14	4	42	9	42	42	4	22	42	43	25	43
GGCGCGTCCGCT__0.422018776021881__18	42	25	43	25	43	4	22	42	43	25	9
AGAAGGTCCGCG__0.421932369512184__13	9	22	5	9	42	4	22	42	43	25	43
AAGGCGTCCGCG__0.421203353639216__12	5	9	42	25	43	4	22	42	43	25	43
CCACCGTCCGCT__0.421014574992847__10	42	42	4	42	43	4	22	42	43	25	9
TCACCCTCCCCC__0.420838468735115__23	22	42	4	42	42	9	22	42	42	42	42
CCCTCGCCCCCC__0.420792620091251__24	42	42	9	22	43	25	42	42	42	42	42
ACAAGGTCCGCT__0.420300655222487__12	4	42	5	9	42	4	22	42	43	25	9
GCTACGTCCGCT__0.419812149379432__15	25	9	14	4	43	4	22	42	43	25	9
ATGACGTCCGCT__0.419372006761493__11	0	42	22	4	43	4	22	42	43	25	9
CCACCCTCCCCG__0.419192667557376__16	42	42	4	42	42	9	22	42	42	42	43
GACGCGTCCGCG__0.418897862703231__13	22	4	43	25	43	4	22	42	43	25	43
ACCCGGTCCGCG__0.418770363906192__12	4	42	42	43	42	4	22	42	43	25	43
AGAGCGTCCGCT__0.418692507486652__10	9	22	9	25	43	4	22	42	43	25	9
TACACGTCCGCG__0.418662843796339__13	14	4	42	4	43	4	22	42	43	25	43
CAAAGGTCCGCG__0.418604435195141__13	42	5	5	9	42	4	22	42	43	25	43
ACCACGTCCGTG__0.418583734717028__10	4	42	42	4	43	4	22	42	43	4	42
CGTGCGTCCGCG__0.418528881137527__17	43	4	42	25	43	4	22	42	43	25	43
TAAACGTCCGCC__0.418104157445998__14	14	5	5	4	43	4	22	42	43	25	42
AAACCCTCCCCC__0.418038511277058__20	5	5	4	42	42	9	22	42	42	42	42
CCTACGTCCGCA__0.41743837221014__14	42	9	14	4	43	4	22	42	43	25	42
TTCCCTTCCCCC__0.417386845927756__24	5	22	42	42	9	5	22	42	42	42	42
CCCCCTACCGCC__0.417225928768331__15	42	42	42	42	9	14	4	42	43	25	42
CTCGCGTCCGCG__0.416836052194807__17	9	22	43	25	43	4	22	42	43	25	43
CACCCATCCCCT__0.416683115502496__15	42	4	42	42	42	0	22	42	42	42	9
TACGCGTCCGCT__0.416609713218609__17	14	4	43	25	43	4	22	42	43	25	9
TCCCCATCCCCT__0.416542290220582__17	22	42	42	42	42	0	22	42	42	42	9
CTTGCGTCCGCG__0.416388899205036__17	9	5	42	25	43	4	22	42	43	25	43
CCCCAGTCCCCC__0.416124158863425__15	42	42	42	42	9	4	22	42	42	42	42
CGAGCGTCCGCG__0.415716871782066__10	43	22	9	25	43	4	22	42	43	25	43
ACCCCGCCCCCT__0.415683273443505__17	4	42	42	42	43	25	42	42	42	42	9
CCCACGCCCCCC__0.415367737320635__21	42	42	42	4	43	25	42	42	42	42	42
CCCCAGTCCCCT__0.415011720865052__12	42	42	42	42	9	4	22	42	42	42	9
TCACCGTCCGCG__0.414804151500749__13	22	42	4	42	43	4	22	42	43	25	43
GGCACGTCCGCG__0.414800547058486__14	42	25	42	4	43	4	22	42	43	25	43
AAAACGTCCGCA__0.414682644327599__11	5	5	5	4	43	4	22	42	43	25	42
CGCGCGTCCGCC__0.414459322681638__19	43	25	43	25	43	4	22	42	43	25	42
TTCACGTCCGCG__0.414374417499512__17	5	22	42	4	43	4	22	42	43	25	43
ACACCGTCCGCA__0.414357976956811__11	4	42	4	42	43	4	22	42	43	25	42
CACCCCTCCTCC__0.414238571327534__14	42	4	42	42	42	9	22	42	9	22	42
CCTCCCTCCTCT__0.414043906507144__13	42	9	22	42	42	9	22	42	9	22	9
CTGACGTCCGCT__0.413463337805577__10	9	42	22	4	43	4	22	42	43	25	9
CCACGGTCCGCC__0.412954630755903__13	42	42	4	43	42	4	22	42	43	25	42
ATTGAGTCCGCG__0.412469861138523__14	0	5	42	22	9	4	22	42	43	25	43
CACCCATCCCCC__0.412295652900429__19	42	4	42	42	42	0	22	42	42	42	42
TCCCCTTCCCCA__0.411990872133667__19	22	42	42	42	9	5	22	42	42	42	42
CCCCCCTCAGCC__0.411840762943646__16	42	42	42	42	42	9	22	42	9	25	42
TTCGGGTCCGCG__0.411713995769246__21	5	22	43	42	42	4	22	42	43	25	43
TCGACGTCCGCA__0.411345358591598__11	22	43	22	4	43	4	22	42	43	25	42
CCCCCCTCTGCC__0.41108289979971__14	42	42	42	42	42	9	22	9	42	25	42
ACTAGGTCCGCT__0.410924879798105__13	4	9	14	9	42	4	22	42	43	25	9
AACACGTCCGCC__0.410672123516754__11	5	4	42	4	43	4	22	42	43	25	42
GTAGCGTCCGCT__0.410594702576608__14	4	14	9	25	43	4	22	42	43	25	9
CCCCGATCCCCC__0.410546345721211__16	42	42	42	43	22	0	22	42	42	42	42
ACTACGTCCGCA__0.410469642904943__13	4	9	14	4	43	4	22	42	43	25	42
CGAAGGTCCGCG__0.41039363698857__12	43	22	5	9	42	4	22	42	43	25	43
AACCCCTCCCCT__0.41010248551846__15	5	4	42	42	42	9	22	42	42	42	9
TTCGCGTCCGCA__0.409932194496214__22	5	22	43	25	43	4	22	42	43	25	42
CACCCCTCCTCT__0.409917968575778__11	42	4	42	42	42	9	22	42	9	22	9
ATCACGTCCGCA__0.40971664156425__13	0	22	42	4	43	4	22	42	43	25	42
CCCGCCTCCCCC__0.409698349254477__19	42	42	43	25	42	9	22	42	42	42	42
CCACCGTCCGCG__0.409507490346297__10	42	42	4	42	43	4	22	42	43	25	43
TACCCTTCCCCC__0.409132078064858__18	14	4	42	42	9	5	22	42	42	42	42
AACAGGTCCGCG__0.4086471203918__12	5	4	42	9	42	4	22	42	43	25	43
GCACCGTCCGCA__0.408477144104213__12	25	42	4	42	43	4	22	42	43	25	42
CCTCCCTCCTCC__0.408324292837141__15	42	9	22	42	42	9	22	42	9	22	42
CCCCCGTCCCAC__0.407913697336494__16	42	42	42	42	43	4	22	42	42	42	4
CCCCCGTCCCAT__0.407778655662081__13	42	42	42	42	43	4	22	42	42	42	0
CCTTCTTCCCCC__0.407761898538479__21	42	9	5	22	9	5	22	42	42	42	42
CGACGGTCCGCT__0.407621606751525__9	43	22	4	43	42	4	22	42	43	25	9
CCTACCTCCCCC__0.40761213619138__19	42	9	14	4	42	9	22	42	42	42	42
CTCTCTTCCCCC__0.407314299071861__19	9	22	9	22	9	5	22	42	42	42	42
GAAACGTCCGCG__0.407096351699261__10	22	5	5	4	43	4	22	42	43	25	43
ACCACCTCCCCA__0.40682586533019__18	4	42	42	4	42	9	22	42	42	42	42
ACCCCCTCCTCC__0.406517825270989__13	4	42	42	42	42	9	22	42	9	22	42
CCCCCGCCCCCA__0.406484293021487__23	42	42	42	42	43	25	42	42	42	42	42
CTTCCTTCCCCT__0.406383973282164__18	9	5	22	42	9	5	22	42	42	42	9
AGCGCGTCCGCA__0.406142122045376__15	9	25	43	25	43	4	22	42	43	25	42
TTCGCGTCCGCT__0.406104063839087__20	5	22	43	25	43	4	22	42	43	25	9
CATCCCTCCCCT__0.406077589896902__17	42	0	22	42	42	9	22	42	42	42	9
TTTTCCTCCCCC__0.406039157745433__33	5	5	5	22	42	9	22	42	42	42	42
CCTCCCTCCACC__0.405921741349344__20	42	9	22	42	42	9	22	42	42	4	42
ATCGGGTCCGCG__0.405710970653634__15	0	22	43	42	42	4	22	42	43	25	43
ACCCCCCCCGCC__0.405590292177159__23	4	42	42	42	42	42	42	42	43	25	42
TTAACGTCCGCA__0.405439299499311__16	5	14	5	4	43	4	22	42	43	25	42
GCGACGTCCGCC__0.405403061583253__10	25	43	22	4	43	4	22	42	43	25	42
GTCGCGTCCGCT__0.4052206348357__16	4	22	43	25	43	4	22	42	43	25	9
CCCGCCTCCCCT__0.405071955321857__14	42	42	43	25	42	9	22	42	42	42	9
ACTCGGTCCGCT__0.40483621569372__12	4	9	22	43	42	4	22	42	43	25	9
TCTGCGTCCGCT__0.404144099445347__15	22	9	42	25	43	4	22	42	43	25	9
CCCCGTTCCCCT__0.404007922473628__14	42	42	42	43	4	5	22	42	42	42	9
ACAACGTCCGGC__0.403700227619014__9	4	42	5	4	43	4	22	42	43	42	25
CCACCGCCCCCC__0.403334880900031__20	42	42	4	42	43	25	42	42	42	42	42
CTTCGGTCCGCG__0.403180139014373__17	9	5	22	43	42	4	22	42	43	25	43
ACAAAGTCCGCG__0.403062473269507__10	4	42	5	5	9	4	22	42	43	25	43
ACGCGGTCCGCA__0.402979447200459__14	4	43	25	43	42	4	22	42	43	25	42
ATCCCCTCCCCT__0.40267074853974__16	0	22	42	42	42	9	22	42	42	42	9
TACGCGTCCGCG__0.402666464366593__16	14	4	43	25	43	4	22	42	43	25	43
CCCACTTCCCCT__0.40244401067338__12	42	42	42	4	9	5	22	42	42	42	9
AACCCGCCCCCC__0.402429689247891__20	5	4	42	42	43	25	42	42	42	42	42
TCCGCGTCCGCT__0.402252225355512__14	22	42	43	25	43	4	22	42	43	25	9
CACCCCCCCGCT__0.402167891484319__18	42	4	42	42	42	42	42	42	43	25	9
CCACCGTCCGCC__0.4021314494392__10	42	42	4	42	43	4	22	42	43	25	42
ACACCGTCCGCC__0.401777910599901__10	4	42	4	42	43	4	22	42	43	25	42
CCCCCCTACGCC__0.401701284543202__15	42	42	42	42	42	9	14	4	43	25	42
CCCGCGTCCGCC__0.401538065303688__13	42	42	43	25	43	4	22	42	43	25	42
CCCCGCTCCCCC__0.401514783064225__18	42	42	42	43	25	9	22	42	42	42	42
CCCTCATCCCCT__0.401384874804152__15	42	42	9	22	42	0	22	42	42	42	9
CCCCCTTCCCCG__0.401384737425708__13	42	42	42	42	9	5	22	42	42	42	43
TGAGCGTCCGCG__0.401259693805354__12	42	22	9	25	43	4	22	42	43	25	43
GGGGGGTCGGGG__0.400532395762615__21	42	42	42	42	42	4	22	43	42	42	42
TACACGTCCGCA__0.40049844535707__12	14	4	42	4	43	4	22	42	43	25	42
AACCCCCCCGCC__0.400449453054314__21	5	4	42	42	42	42	42	42	43	25	42
CTCTCCTCCCCC__0.400199970491249__21	9	22	9	22	42	9	22	42	42	42	42
ACCCCGTCCCCC__0.400157617835753__13	4	42	42	42	43	4	22	42	42	42	42
CACACCTCCCCT__0.399852370694113__13	42	4	42	4	42	9	22	42	42	42	9
ACAGCGTCCGGG__0.399830327192153__9	4	42	9	25	43	4	22	42	43	42	42
ATCGCGTCCGCC__0.39965611489268__15	0	22	43	25	43	4	22	42	43	25	42
CACGCGTCCGCC__0.399615317215719__14	42	4	43	25	43	4	22	42	43	25	42
CCCCCGTTCCCT__0.399586799911347__11	42	42	42	42	43	4	5	22	42	42	9
GCACCGTCCGCT__0.399545621437621__10	25	42	4	42	43	4	22	42	43	25	9
AACGCGTCCGCT__0.399524922254206__12	5	4	43	25	43	4	22	42	43	25	9
GTAACGTCCGCA__0.398974070361475__13	4	14	5	4	43	4	22	42	43	25	42
TCGACGTCCGCC__0.398685756248292__10	22	43	22	4	43	4	22	42	43	25	42
ACAACGTCCGTG__0.398542664029614__9	4	42	5	4	43	4	22	42	43	4	42
CTCCCGTCCCCC__0.398523290147453__14	9	22	42	42	43	4	22	42	42	42	42
GCCCCATCCCCC__0.398518686630048__18	25	42	42	42	42	0	22	42	42	42	42
GTAGCGTCCGCC__0.398442959184676__14	4	14	9	25	43	4	22	42	43	25	42
CTCCCCTCCACC__0.398411002291192__19	9	22	42	42	42	9	22	42	42	4	42
ATTCGGTCCGCG__0.398339523916834__16	0	5	22	43	42	4	22	42	43	25	43
CTTTCTTCCCCC__0.398322621544972__25	9	5	5	22	9	5	22	42	42	42	42
CGCAGGTCCGCT__0.398277125249771__13	43	25	42	9	42	4	22	42	43	25	9
TTAGCGTCCGCA__0.398207493935193__16	5	14	9	25	43	4	22	42	43	25	42
CACACTTCCCCC__0.397935374420703__15	42	4	42	4	9	5	22	42	42	42	42
AGAGCGTCCGCG__0.397899422090045__9	9	22	9	25	43	4	22	42	43	25	43
CCGCCCTCCTCC__0.397713367490678__13	42	43	25	42	42	9	22	42	9	22	42
TTTCCCTCCCCT__0.397537833892581__22	5	5	22	42	42	9	22	42	42	42	9
ATGACGTCCGCG__0.397101551700195__10	0	42	22	4	43	4	22	42	43	25	43
AGGACGTCCGCT__0.397087150644332__9	9	42	22	4	43	4	22	42	43	25	9
GCCACGTCCGCA__0.396541368424895__11	25	42	42	4	43	4	22	42	43	25	42
CACAGGTCCGCT__0.395815024574975__11	42	4	42	9	42	4	22	42	43	25	9
GCCGCGTCCGCC__0.395776391698299__13	25	42	43	25	43	4	22	42	43	25	42
ACGAGGTCCGCG__0.395232414872655__10	4	43	22	9	42	4	22	42	43	25	43
TACCCCTCCCCT__0.395168060612155__15	14	4	42	42	42	9	22	42	42	42	9
TGGACGTCCGCG__0.395063039945779__12	42	42	22	4	43	4	22	42	43	25	43
CTCCCTTCCCCA__0.394593014885871__16	9	22	42	42	9	5	22	42	42	42	42
CCCCGCTCCCCT__0.394591478627037__13	42	42	42	43	25	9	22	42	42	42	9
CCCCCGCCCACC__0.394189620103743__20	42	42	42	42	43	25	42	42	42	4	42
TCCCCCTCCACC__0.393939782473463__19	22	42	42	42	42	9	22	42	42	4	42
CCCCCCACCGCC__0.393826165995228__18	42	42	42	42	42	42	4	42	43	25	42
CCACGGTCCGTG__0.39380859412947__10	42	42	4	43	42	4	22	42	43	4	42
ACCCCGCCCCCA__0.393677504900445__20	4	42	42	42	43	25	42	42	42	42	42
CACTCTTCCCCC__0.393423823995391__14	42	4	9	22	9	5	22	42	42	42	42
CCACCTTCCCCT__0.393201490040068__11	42	42	4	42	9	5	22	42	42	42	9
CTCCCGCCCCCC__0.393072690113421__20	9	22	42	42	43	25	42	42	42	42	42
CCACCGTCCCCA__0.393010105181334__12	42	42	4	42	43	4	22	42	42	42	42
CCAACCTCCCCT__0.39282286238789__12	42	42	5	4	42	9	22	42	42	42	9
CAACCCTCCTCC__0.392810268861272__12	42	5	4	42	42	9	22	42	9	22	42
ACCACCTCCCCC__0.392778042115137__16	4	42	42	4	42	9	22	42	42	42	42
AATCCCTCCCCC__0.392616915822597__18	5	0	22	42	42	9	22	42	42	42	42
CCAAGGTCCGCG__0.392535303682664__11	42	42	5	9	42	4	22	42	43	25	43
GCAACGTCCGTT__0.392178278721008__10	25	42	5	4	43	4	22	42	43	4	5
TCCCCCTCCCCA__0.392078437712713__20	22	42	42	42	42	9	22	42	42	42	42
TCCCTGTCCCCC__0.392044554630222__17	22	42	42	9	42	4	22	42	42	42	42
AGCCCCTCCCCC__0.392010863731314__18	9	25	42	42	42	9	22	42	42	42	42
GTCACGTCCGCA__0.391927104361972__13	4	22	42	4	43	4	22	42	43	25	42
CAAACGTCCGCA__0.391766961014325__10	42	5	5	4	43	4	22	42	43	25	42
CCCCCGTCCTCC__0.391521551225539__10	42	42	42	42	43	4	22	42	9	22	42
GCCCCCTCCCCA__0.391451668490485__19	25	42	42	42	42	9	22	42	42	42	42
TCCCCGTCCCCC__0.391402585501284__14	22	42	42	42	43	4	22	42	42	42	42
ATCAGGTCCGCG__0.391320548637416__13	0	22	42	9	42	4	22	42	43	25	43
AGAGCGTCCGCA__0.391312971180302__9	9	22	9	25	43	4	22	42	43	25	42
GTAGCGTCCGCA__0.39104907678508__13	4	14	9	25	43	4	22	42	43	25	42
CACCCCTCCGCC__0.391041494260495__14	42	4	42	42	42	9	22	42	43	25	42
ACTCCCTCCCCT__0.39057404704772__13	4	9	22	42	42	9	22	42	42	42	9
CCCACCCCCGCC__0.390268534645356__18	42	42	42	4	42	42	42	42	43	25	42
TACAGGTCCGCG__0.390194721168493__13	14	4	42	9	42	4	22	42	43	25	43
GGACCGTCCGCG__0.390174999884392__10	42	22	4	42	43	4	22	42	43	25	43
ACACAGTCCGCG__0.390118572174453__9	4	42	4	42	9	4	22	42	43	25	43
CCTCCCTCCCCG__0.390095156341336__15	42	9	22	42	42	9	22	42	42	42	43
ACCCCCTCCACC__0.389641234701654__16	4	42	42	42	42	9	22	42	42	4	42
AGCAAGTCCGCG__0.389333469423333__10	9	25	42	5	9	4	22	42	43	25	43
AGAACGTCCGCA__0.389062308120873__9	9	22	5	4	43	4	22	42	43	25	42
CTGCGGTCCGCT__0.388741412481326__13	9	42	25	43	42	4	22	42	43	25	9
CCACCTTCCTCT__0.388714848695993__9	42	42	4	42	9	5	22	42	9	22	9
CTCACGTCCGCT__0.388621392931541__10	9	22	42	4	43	4	22	42	43	25	9
CCATGGTCCGCG__0.388415717500399__13	42	42	0	42	42	4	22	42	43	25	43
ATTCCCTCCCCC__0.388344878675365__20	0	5	22	42	42	9	22	42	42	42	42
CCCCCCTCCGCT__0.388039003886637__13	42	42	42	42	42	9	22	42	43	25	9
ACGGCGTCCGCC__0.388003646528207__10	4	43	42	25	43	4	22	42	43	25	42
CCTACGTCCGCT__0.387450448643672__10	42	9	14	4	43	4	22	42	43	25	9
ATCCCTTCCCCT__0.387246874773129__13	0	22	42	42	9	5	22	42	42	42	9
GGAACGTCCGCA__0.387197361315636__11	42	22	5	4	43	4	22	42	43	25	42
CACCCCTCCACC__0.38719461574059__16	42	4	42	42	42	9	22	42	42	4	42
GCTGCGTCCGCA__0.386889155434743__14	25	9	42	25	43	4	22	42	43	25	42
TCACCGTCCGCT__0.386849204949291__10	22	42	4	42	43	4	22	42	43	25	9
CCTTCCTCCCCT__0.386672965659819__16	42	9	5	22	42	9	22	42	42	42	9
CCCCCTTCCACC__0.386188123366403__14	42	42	42	42	9	5	22	42	42	4	42
CCCCCGGCCCCC__0.386118732695601__13	42	42	42	42	43	42	25	42	42	42	42
GGCGCGTCCGCA__0.386044400041871__15	42	25	43	25	43	4	22	42	43	25	42
AGGGGGTCAGGG__0.385955941408319__14	9	42	42	42	42	4	22	42	9	42	42
AAAGCGTCCGCA__0.385670748761754__9	5	5	9	25	43	4	22	42	43	25	42
CCACCCTCCACC__0.385530126906857__15	42	42	4	42	42	9	22	42	42	4	42
CCCCCGACCCCC__0.385363808042195__14	42	42	42	42	43	22	4	42	42	42	42
GCGCGGTCCGCC__0.385273147936085__15	25	43	25	43	42	4	22	42	43	25	42
CACCCCCCCGCA__0.385090052647421__20	42	4	42	42	42	42	42	42	43	25	42
CCCAGCTCCCCT__0.385068594006017__12	42	42	42	9	25	9	22	42	42	42	9
GCTGCGTCCGGG__0.384957119311397__12	25	9	42	25	43	4	22	42	43	42	42
CCGTGGTCCGCG__0.384892935014301__13	42	43	4	42	42	4	22	42	43	25	43
CCCCGCTCCCCA__0.384428105748766__16	42	42	42	43	25	9	22	42	42	42	42
CTATGGTCCGCG__0.384424196195911__15	9	14	0	42	42	4	22	42	43	25	43
GCACGGTCCGCC__0.384356384977159__12	25	42	4	43	42	4	22	42	43	25	42
ACGTGGTCCGCG__0.384338795237011__13	4	43	4	42	42	4	22	42	43	25	43
CCTCCATCCCCA__0.384053812272581__16	42	9	22	42	42	0	22	42	42	42	42
ACCCCATCCCCA__0.383285668853492__15	4	42	42	42	42	0	22	42	42	42	42
ACCCCGTCCCTC__0.383245740294968__9	4	42	42	42	43	4	22	42	42	9	22
GGACGCTCAGCA__0.383208194077211__11	42	22	4	43	25	9	22	42	9	25	42
CCTGCGTCCGCC__0.382774420926872__12	42	9	42	25	43	4	22	42	43	25	42
AGTAGGTCCGCG__0.382612568193224__12	9	4	14	9	42	4	22	42	43	25	43
GTGCGGTCCGCG__0.382311991493712__16	4	42	25	43	42	4	22	42	43	25	43
GTTGCGTCCGCT__0.382137331299445__16	4	5	42	25	43	4	22	42	43	25	9
GCAAGGTCCGCT__0.382028494475605__11	25	42	5	9	42	4	22	42	43	25	9
CCGCCCTCCCCC__0.381558495335482__17	42	43	25	42	42	9	22	42	42	42	42
AGTGCGTCCGCA__0.381545428890218__13	9	4	42	25	43	4	22	42	43	25	42
TGCAGGTCCGCG__0.381449638345268__14	42	25	42	9	42	4	22	42	43	25	43
CCCCCGCCCTCC__0.381428325091743__13	42	42	42	42	43	25	42	42	9	22	42
CACACGTCCGCA__0.381397607393658__9	42	4	42	4	43	4	22	42	43	25	42
ACACCCTCCCCA__0.38138580979871__15	4	42	4	42	42	9	22	42	42	42	42
TGAGCGTCCGCT__0.381136264706025__10	42	22	9	25	43	4	22	42	43	25	9
GGAAGGTCCGCG__0.380982757758912__12	42	22	5	9	42	4	22	42	43	25	43
CGTACGTCCGCT__0.380866046154033__10	43	4	14	4	43	4	22	42	43	25	9
CCCACGCCCGCC__0.380686046005858__11	42	42	42	4	43	25	42	42	43	25	42
CCGAGGTCCGCG__0.380622242176493__9	42	43	22	9	42	4	22	42	43	25	43
CTCCCCCCCGCC__0.380328659598386__20	9	22	42	42	42	42	42	42	43	25	42
ACATCGTCCGCG__0.38016022405363__9	4	42	0	22	43	4	22	42	43	25	43
ACACCCTCCCCT__0.379826301843854__11	4	42	4	42	42	9	22	42	42	42	9
CTCGGGTCCGCG__0.379742934918023__13	9	22	43	42	42	4	22	42	43	25	43
ACCCCGCCCTCT__0.379715282246139__9	4	42	42	42	43	25	42	42	9	22	9
ACTCGGTCCGCA__0.379534755908603__11	4	9	22	43	42	4	22	42	43	25	42
TCCGCGTCCGCA__0.379469345419303__13	22	42	43	25	43	4	22	42	43	25	42
CCCCCATCCCCG__0.379344560971499__12	42	42	42	42	42	0	22	42	42	42	43
CTCTCCTCCTCC__0.379331426422457__13	9	22	9	22	42	9	22	42	9	22	42
CCCCCTCCCGCA__0.379160316658069__13	42	42	42	42	9	22	42	42	43	25	42
ATTACGTCCGCG__0.37901976138199__12	0	5	14	4	43	4	22	42	43	25	43
TACCCCTCCTCT__0.378412068490527__10	14	4	42	42	42	9	22	42	9	22	9
TCCGCGTCCGCC__0.3783650870991__13	22	42	43	25	43	4	22	42	43	25	42
TTAGCGTCCGCC__0.378171719811321__14	5	14	9	25	43	4	22	42	43	25	42
CAACCCTCCCCT__0.37809351140114__12	42	5	4	42	42	9	22	42	42	42	9
TCTACGTCCGCA__0.377954025136901__13	22	9	14	4	43	4	22	42	43	25	42
CTGCGGTCCGCA__0.377827014261476__13	9	42	25	43	42	4	22	42	43	25	42
TTTGCGTCCGCT__0.377739404444832__18	5	5	42	25	43	4	22	42	43	25	9
CCTCCATCCCCC__0.377522921907764__15	42	9	22	42	42	0	22	42	42	42	42
CCAACCTCCCCC__0.377388503271126__14	42	42	5	4	42	9	22	42	42	42	42
CCCTCCCCCGCT__0.377181127253171__16	42	42	9	22	42	42	42	42	43	25	9
ACCCCTTCCCCA__0.37711453789397__12	4	42	42	42	9	5	22	42	42	42	42
AGTACGTCCGCT__0.377028777524158__10	9	4	14	4	43	4	22	42	43	25	9
CGCCCCTCCCCT__0.377018698303275__13	43	25	42	42	42	9	22	42	42	42	9
ACTCCTTCCCCC__0.376920536528616__12	4	9	22	42	9	5	22	42	42	42	42
ATCCCCCCCGCC__0.376402113985706__19	0	22	42	42	42	42	42	42	43	25	42
ACAACTTCCCCC__0.37637107081404__12	4	42	5	4	9	5	22	42	42	42	42
GTGACGTCCGCG__0.376347457114185__10	4	42	22	4	43	4	22	42	43	25	43
ATCCCGCCCCCC__0.376291618442716__18	0	22	42	42	43	25	42	42	42	42	42
ATCAGGTCCGCT__0.375920101673937__11	0	22	42	9	42	4	22	42	43	25	9
CCTCCATCCTCA__0.375807631147874__11	42	9	22	42	42	0	22	42	9	22	42
ATACGGTCCGCA__0.375622242528896__11	0	14	4	43	42	4	22	42	43	25	42
ACAACGTCCGAC__0.375603949436975__9	4	42	5	4	43	4	22	42	43	22	4
CCCCCGCCCTCA__0.375343696541631__12	42	42	42	42	43	25	42	42	9	22	42
ATTGCGTCCGCC__0.375197897973006__14	0	5	42	25	43	4	22	42	43	25	42
TAAACGTCCGCA__0.374548314114758__10	14	5	5	4	43	4	22	42	43	25	42
TGAACGTCCGCC__0.374376163948685__10	42	22	5	4	43	4	22	42	43	25	42
TACTCATCCCCT__0.374235267436827__14	14	4	9	22	42	0	22	42	42	42	9
TCCCCTTCCTCC__0.374149321294816__12	22	42	42	42	9	5	22	42	9	22	42
GCCCCGTCCTCC__0.374139495042721__9	25	42	42	42	43	4	22	42	9	22	42
TCTACGTCCGCG__0.373957224001246__12	22	9	14	4	43	4	22	42	43	25	43
CCCCCCTCCACA__0.373938508883443__16	42	42	42	42	42	9	22	42	42	4	42
CACACCTCCCCC__0.37373040556942__14	42	4	42	4	42	9	22	42	42	42	42
CAACCTTCCCCC__0.373607960856583__13	42	5	4	42	9	5	22	42	42	42	42
CCCCGGTCCGCC__0.373497866325115__10	42	42	42	43	42	4	22	42	43	25	42
AACGCGTCCGCC__0.373245212649662__11	5	4	43	25	43	4	22	42	43	25	42
GCCCCGTCCGCG__0.372996634847774__9	25	42	42	42	43	4	22	42	43	25	43
TATCCCTCCCCC__0.372759826603329__18	14	0	22	42	42	9	22	42	42	42	42
AACCCCTCCCCA__0.372678245930253__15	5	4	42	42	42	9	22	42	42	42	42
CTTCCTTCCCCC__0.372592711213056__16	9	5	22	42	9	5	22	42	42	42	42
CCATCCTCCCCA__0.372555110281161__16	42	42	0	22	42	9	22	42	42	42	42
CCCCCGTACCCC__0.372458679363949__12	42	42	42	42	43	4	14	4	42	42	42
ATCCCCTCCCCG__0.372337138890037__13	0	22	42	42	42	9	22	42	42	42	43
CTACGGTCCGCA__0.372043389331494__11	9	14	4	43	42	4	22	42	43	25	42
TGCGCGTCCGCC__0.37199651300141__15	42	25	43	25	43	4	22	42	43	25	42
GCTCGGTCCGCT__0.371472280667034__11	25	9	22	43	42	4	22	42	43	25	9
CCTCGGTCCGCC__0.371102506639828__12	42	9	22	43	42	4	22	42	43	25	42
CAACCCTCCCCA__0.370845479574639__15	42	5	4	42	42	9	22	42	42	42	42
CTACCTTCCTCT__0.370832109873733__10	9	14	4	42	9	5	22	42	9	22	9
CCCCCCACCGCT__0.370792912115725__13	42	42	42	42	42	42	4	42	43	25	9
TTCCCATCCCCT__0.370659595428128__14	5	22	42	42	42	0	22	42	42	42	9
CAACGGTCCGCG__0.370513515777354__9	42	5	4	43	42	4	22	42	43	25	43
CCCACGCCCTCC__0.37041707954094__10	42	42	42	4	43	25	42	42	9	22	42
CCCCCGACCCCT__0.370414428119725__9	42	42	42	42	43	22	4	42	42	42	9
CGCAAGTCCGCG__0.370231314401452__9	43	25	42	5	9	4	22	42	43	25	43
CCTGCCTCCCCC__0.369950653947694__15	42	9	42	25	42	9	22	42	42	42	42
CCCCCGTCCGCC__0.369905579295603__9	42	42	42	42	43	4	22	42	43	25	42
CCCCCGCCCGCC__0.369902675879649__12	42	42	42	42	43	25	42	42	43	25	42
CCTCCATCCCCT__0.369621062545715__11	42	9	22	42	42	0	22	42	42	42	9
TCTCCTTCCCCT__0.369447050782548__13	22	9	22	42	9	5	22	42	42	42	9
GACCCCTCCCCC__0.369285600340439__14	22	4	42	42	42	9	22	42	42	42	42
TCTCCTTCCCCC__0.369226072331366__15	22	9	22	42	9	5	22	42	42	42	42
ACACCTTCCCCT__0.369045817191864__9	4	42	4	42	9	5	22	42	42	42	9
CTCCCCCCCGCA__0.368281211933752__19	9	22	42	42	42	42	42	42	43	25	42
GCATGGTCCGCG__0.368232379249972__13	25	42	0	42	42	4	22	42	43	25	43
CCCGCGTCCGCA__0.368199429135336__10	42	42	43	25	43	4	22	42	43	25	42
TATCCCTCCCCT__0.368092075517187__14	14	0	22	42	42	9	22	42	42	42	9
TCTCGGTCCGCG__0.368088134453981__13	22	9	22	43	42	4	22	42	43	25	43
TCCCTGTCCCCT__0.368087583904078__12	22	42	42	9	42	4	22	42	42	42	9
TCCCCATCCCCA__0.368042429465131__15	22	42	42	42	42	0	22	42	42	42	42
GTGTGGTCCGCG__0.367992988124906__18	4	42	4	42	42	4	22	42	43	25	43
GGGGGGTGGGCG__0.36790093780052__20	42	42	42	42	42	4	42	42	42	25	43
CCCTCGCCCACC__0.367423462194591__15	42	42	9	22	43	25	42	42	42	4	42
ATTGGGTCCGCG__0.36729963186177__14	0	5	42	42	42	4	22	42	43	25	43
CACCCTTCCTCC__0.367242574247272__9	42	4	42	42	9	5	22	42	9	22	42
CACCAGTCCCCC__0.366953816931373__10	42	4	42	42	9	4	22	42	42	42	42
CCCCTTTCCGCC__0.366923919592742__12	42	42	42	9	5	5	22	42	43	25	42
ACCACGCCCCCC__0.36688382301876__14	4	42	42	4	43	25	42	42	42	42	42
TCACGGTCCGCA__0.36671171659574__11	22	42	4	43	42	4	22	42	43	25	42
ACACCATCCCCC__0.366513204063315__13	4	42	4	42	42	0	22	42	42	42	42
CCCACCTCCTCC__0.366455228721309__9	42	42	42	4	42	9	22	42	9	22	42
TTAACGTCCGCC__0.366434703438437__12	5	14	5	4	43	4	22	42	43	25	42
ACTGGGTCCGCG__0.366424590340188__11	4	9	42	42	42	4	22	42	43	25	43
CCCCCATCCGCC__0.366043906910838__11	42	42	42	42	42	0	22	42	43	25	42
CGTGCGTCCGCT__0.365792640640774__11	43	4	42	25	43	4	22	42	43	25	9
CCAACTTCCCCC__0.365675723864837__11	42	42	5	4	9	5	22	42	42	42	42
GCTGCGTCCGCC__0.365514737535303__12	25	9	42	25	43	4	22	42	43	25	42
ACTCCGTCCGCG__0.365398745718409__9	4	9	22	42	43	4	22	42	43	25	43
TACACATCCCCA__0.364942555166072__15	14	4	42	4	42	0	22	42	42	42	42
CACCCGTCCCAC__0.364923194539623__11	42	4	42	42	43	4	22	42	42	42	4
TCCCCGCCCTCC__0.364832153592418__12	22	42	42	42	43	25	42	42	9	22	42
ACCAGGTCCGCA__0.364825442853194__9	4	42	42	9	42	4	22	42	43	25	42
ATTAGGTCCGCG__0.364516413746016__12	0	5	14	9	42	4	22	42	43	25	43
TACCCCCCCGCC__0.364363470535271__17	14	4	42	42	42	42	42	42	43	25	42
AGTACGTCCGCC__0.364019566509372__10	9	4	14	4	43	4	22	42	43	25	42
CCTTCTTCCCCT__0.363781131134216__13	42	9	5	22	9	5	22	42	42	42	9
CCCAGGTCCGCG__0.363408479701814__9	42	42	42	9	42	4	22	42	43	25	43
TTCTCTTTCGCG__0.36327058171339__16	5	22	9	22	9	5	5	22	43	25	43
CACCCCTCCCCG__0.363228852869123__11	42	4	42	42	42	9	22	42	42	42	43
CATGCGTCCGCT__0.363162797204795__10	42	0	42	25	43	4	22	42	43	25	9
CACACCTCCCCA__0.363080020458813__13	42	4	42	4	42	9	22	42	42	42	42
AACCCTTCCCCT__0.36305318104702__9	5	4	42	42	9	5	22	42	42	42	9
CCAGGGTCCGCT__0.363007788214228__9	42	42	9	42	42	4	22	42	43	25	9
CCCCCCCCCGCT__0.36296271283238__15	42	42	42	42	42	42	42	42	43	25	9
CCCTCGTCCCTG__0.362925095880576__9	42	42	9	22	43	4	22	42	42	9	42
AGGGCGTCCGCT__0.362709872429146__9	9	42	42	25	43	4	22	42	43	25	9
CACCCATCCACC__0.362597807620385__13	42	4	42	42	42	0	22	42	42	4	42
ACTACGTCCGCC__0.362565716432435__9	4	9	14	4	43	4	22	42	43	25	42
CCACCCCCCGCC__0.362415611418553__15	42	42	4	42	42	42	42	42	43	25	42
GTAAGGTCCGCG__0.362392672676333__11	4	14	5	9	42	4	22	42	43	25	43
CACACCTCCCCG__0.362241164249834__10	42	4	42	4	42	9	22	42	42	42	43
CATACGTCCGCG__0.362226744232288__9	42	0	14	4	43	4	22	42	43	25	43
CCAACCCCCGCC__0.362085609418151__13	42	42	5	4	42	42	42	42	43	25	42
CCGCCTTCCCCC__0.362082066901797__11	42	43	25	42	9	5	22	42	42	42	42
TGTACGTCCGCG__0.362060227458441__12	42	4	14	4	43	4	22	42	43	25	43
CACCCGCCCCCC__0.361976029522135__15	42	4	42	42	43	25	42	42	42	42	42
CTCACGTCCGCA__0.361825263135645__9	9	22	42	4	43	4	22	42	43	25	42
CCCTGCTCCCCC__0.361783639982668__14	42	42	9	42	25	9	22	42	42	42	42
ATCACGTCCGCC__0.361767042843164__9	0	22	42	4	43	4	22	42	43	25	42
TTCCCATCCCCC__0.361699833785504__16	5	22	42	42	42	0	22	42	42	42	42
CTCCCCTCCCCG__0.361403949328568__12	9	22	42	42	42	9	22	42	42	42	43
CCCCCGTCCCTA__0.361224420238276__9	42	42	42	42	43	4	22	42	42	9	14
CTCACGTCCGCC__0.361083425200448__9	9	22	42	4	43	4	22	42	43	25	42
CCCCGTTCCCCC__0.360878927263088__12	42	42	42	43	4	5	22	42	42	42	42
TCTCCCTCCCCT__0.36079511202401__13	22	9	22	42	42	9	22	42	42	42	9
CCCCCATCCACC__0.360792626711496__13	42	42	42	42	42	0	22	42	42	4	42
CCACCATCCCCT__0.360722783927363__9	42	42	4	42	42	0	22	42	42	42	9
CACCCGCCCGCC__0.360698410250257__10	42	4	42	42	43	25	42	42	43	25	42
ATGGCGTCCGCG__0.360578446619611__10	0	42	42	25	43	4	22	42	43	25	43
CCCCCACCCGCT__0.360435494793749__11	42	42	42	42	42	4	42	42	43	25	9
TCCCCGTCACCC__0.360191227181527__10	22	42	42	42	43	4	22	42	4	42	42
AGGGGGTGGGCG__0.360009965279087__13	9	42	42	42	42	4	42	42	42	25	43
CTCCCTTTCGCG__0.360008327709066__9	9	22	42	42	9	5	5	22	43	25	43
CTCCCTTCCTCC__0.359956370927851__10	9	22	42	42	9	5	22	42	9	22	42
CTTTCTTCCTCT__0.359753317950819__16	9	5	5	22	9	5	22	42	9	22	9
ACCCCCTCCTCA__0.359602194506829__9	4	42	42	42	42	9	22	42	9	22	42
AAACCCTCCCCG__0.359586723254201__10	5	5	4	42	42	9	22	42	42	42	43
CCCCCGTACCCT__0.359483454727618__9	42	42	42	42	43	4	14	4	42	42	9
CTCCGGTCCGCG__0.359415492717096__9	9	22	42	43	42	4	22	42	43	25	43
TTGGCGTCCGCG__0.359390138366035__12	5	42	42	25	43	4	22	42	43	25	43
TCCCCGTCCCCT__0.359207842323355__9	22	42	42	42	43	4	22	42	42	42	9
ACACCGTCCCCC__0.359201417044003__9	4	42	4	42	43	4	22	42	42	42	42
GGGGGGTCAGGG__0.358947580958888__16	42	42	42	42	42	4	22	42	9	42	42
CCCCCTCCCGCG__0.358792425607868__10	42	42	42	42	9	22	42	42	43	25	43
CCCTGTTCCCCT__0.358765180005801__11	42	42	9	42	4	5	22	42	42	42	9
CCACCGTCCCCC__0.358661300542716__9	42	42	4	42	43	4	22	42	42	42	42
CGTCGGTCCGCG__0.358454204543301__10	43	4	22	43	42	4	22	42	43	25	43
TTTCCTTCCTCT__0.358449350344568__16	5	5	22	42	9	5	22	42	9	22	9
TTTTCTTCCTCT__0.358422167828384__22	5	5	5	22	9	5	22	42	9	22	9
CGCCCCTCCTCC__0.358367742413613__10	43	25	42	42	42	9	22	42	9	22	42
AATAGGTCCGCG__0.358305361655029__9	5	0	14	9	42	4	22	42	43	25	43
CCCCCTTCCGCC__0.358249988807324__9	42	42	42	42	9	5	22	42	43	25	42
AGGAGGTCCGCG__0.358056942326847__9	9	42	22	9	42	4	22	42	43	25	43
AATCCTTCCCCC__0.358019645409466__12	5	0	22	42	9	5	22	42	42	42	42
CCATCCTCCCCC__0.357900757912439__14	42	42	0	22	42	9	22	42	42	42	42
CCTACCTCCCCT__0.357878348694464__10	42	9	14	4	42	9	22	42	42	42	9
CTTCCCTCCCCG__0.357489560866561__13	9	5	22	42	42	9	22	42	42	42	43
CCCCCTCCCGCT__0.357371307790594__9	42	42	42	42	9	22	42	42	43	25	9
AGCAGGTCCGCA__0.357242953822482__10	9	25	42	9	42	4	22	42	43	25	42
GGGAGGTGCGGG__0.357208480100061__12	42	42	22	9	42	4	42	25	43	42	42
CAGCCCTCCCCC__0.357156207737234__14	42	9	25	42	42	9	22	42	42	42	42
CCCTTGTCCCCC__0.357055593178537__13	42	42	9	5	42	4	22	42	42	42	42
ACTAGGTCCGCG__0.356830118910235__9	4	9	14	9	42	4	22	42	43	25	43
TGCAGGTCCGCA__0.356777377650448__12	42	25	42	9	42	4	22	42	43	25	42
GGTACGTCCGCG__0.356706334394749__11	42	4	14	4	43	4	22	42	43	25	43
ATCACCTCCCCC__0.356625772556278__13	0	22	42	4	42	9	22	42	42	42	42
ACCTCCTCCCCC__0.356601117876805__13	4	42	9	22	42	9	22	42	42	42	42
TCTACGTCCGCT__0.356584692103938__10	22	9	14	4	43	4	22	42	43	25	9
CGGCGGTCCGCG__0.356536569539926__9	43	42	25	43	42	4	22	42	43	25	43
GCGTGGTCCGCG__0.356512422097781__13	25	43	4	42	42	4	22	42	43	25	43
TTCTGGTCCGCG__0.356469954969914__14	5	22	9	42	42	4	22	42	43	25	43
CCTCGGTCCGCG__0.356295137495684__10	42	9	22	43	42	4	22	42	43	25	43
TAAGCGTCCGCC__0.356286365439142__9	14	5	9	25	43	4	22	42	43	25	42
TTCCCGCCCCCC__0.356078265368905__17	5	22	42	42	43	25	42	42	42	42	42
CCACCCACCGCC__0.356067415945544__12	42	42	4	42	42	42	4	42	43	25	42
GCCCCCTCCCCT__0.355975522096212__11	25	42	42	42	42	9	22	42	42	42	9
CCTACTTCCCCC__0.35587879153171__11	42	9	14	4	9	5	22	42	42	42	42
TGCACGTCCGCC__0.35562598852227__10	42	25	42	4	43	4	22	42	43	25	42
GCATCGTCCGCG__0.355151002350974__9	25	42	0	22	43	4	22	42	43	25	43
ACCTCTTCCCCC__0.35508397572511__10	4	42	9	22	9	5	22	42	42	42	42
TTCCCTTCCCCA__0.355083651068474__15	5	22	42	42	9	5	22	42	42	42	42
ACCACCCCCGCC__0.35480822306005__13	4	42	42	4	42	42	42	42	43	25	42
AAAACGACCACC__0.354701485809028__10	5	5	5	4	43	22	4	42	42	4	42
CCTTTGTCCCCT__0.354620865209627__14	42	9	5	5	42	4	22	42	42	42	9
AACCCCTCCACC__0.354418123400529__12	5	4	42	42	42	9	22	42	42	4	42
CTTCCTTCCTCC__0.354268737540972__12	9	5	22	42	9	5	22	42	9	22	42
ACACCTTCCCCA__0.354241647268165__10	4	42	4	42	9	5	22	42	42	42	42
CTCCCATCCCCA__0.353734435029694__13	9	22	42	42	42	0	22	42	42	42	42
CCACCCTCCACA__0.353574298818659__12	42	42	4	42	42	9	22	42	42	4	42
CCCTCGCCCCCA__0.35338863918216__14	42	42	9	22	43	25	42	42	42	42	42
TGCCCTTCCCCC__0.353356872823314__13	42	25	42	42	9	5	22	42	42	42	42
AAGTGGTTTGCT__0.353315980347857__9	5	9	4	42	42	4	5	5	42	25	9
CATGCGTCCGCA__0.353163504288789__10	42	0	42	25	43	4	22	42	43	25	42
ACAACGACCACC__0.353133971610927__10	4	42	5	4	43	22	4	42	42	4	42
CCCCCTTCCACA__0.353003677706931__11	42	42	42	42	9	5	22	42	42	4	42
CGCCCCTCCCCA__0.352946819231446__14	43	25	42	42	42	9	22	42	42	42	42
TTCACGTCCGCA__0.352939703698215__11	5	22	42	4	43	4	22	42	43	25	42
CCTCCGTCCCCT__0.352897289303457__9	42	9	22	42	43	4	22	42	42	42	9
ATGCGGTCCGCT__0.352818750045875__10	0	42	25	43	42	4	22	42	43	25	9
TATCCTTCCCCC__0.35263776447617__14	14	0	22	42	9	5	22	42	42	42	42
TTTTCCTCCCCT__0.352632711026494__19	5	5	5	22	42	9	22	42	42	42	9
GCCCCCTCCCCG__0.35258251804361__11	25	42	42	42	42	9	22	42	42	42	43
CTTCGGTCCGCT__0.352382396198088__11	9	5	22	43	42	4	22	42	43	25	9
CTTTCCTCCCCC__0.352298794428479__17	9	5	5	22	42	9	22	42	42	42	42
AGCCCATCCCCC__0.352245772081671__13	9	25	42	42	42	0	22	42	42	42	42
CACCCATCCCCA__0.352239404782848__12	42	4	42	42	42	0	22	42	42	42	42
GGGGGGTTCGGG__0.352214516649693__15	42	42	42	42	42	4	5	22	43	42	42
TTCGGGTCCGCC__0.352193208302512__14	5	22	43	42	42	4	22	42	43	25	42
CACACATCCCCC__0.351782689032612__12	42	4	42	4	42	0	22	42	42	42	42
ACCCCCTCCGCC__0.351609915503902__10	4	42	42	42	42	9	22	42	43	25	42
AGCCCCTCCCCT__0.351292797661656__10	9	25	42	42	42	9	22	42	42	42	9
TACACTTCCACC__0.351121403730486__12	14	4	42	4	9	5	22	42	42	4	42
ATGAGGTCCGCG__0.351050628180971__9	0	42	22	9	42	4	22	42	43	25	43
TTCACGTCCGCT__0.350845121647092__10	5	22	42	4	43	4	22	42	43	25	9
CCACCATCCCCA__0.350721570487367__11	42	42	4	42	42	0	22	42	42	42	42
CCCCCACCCGCA__0.350515534996364__13	42	42	42	42	42	4	42	42	43	25	42
CGGCGGTCCGCA__0.35049412303395__9	43	42	25	43	42	4	22	42	43	25	42
TCCCCCTCCTCA__0.350395570063543__10	22	42	42	42	42	9	22	42	9	22	42
CCGCCCTCCCCT__0.350391746643582__10	42	43	25	42	42	9	22	42	42	42	9
TCCCCCTCCTCC__0.350144199243618__10	22	42	42	42	42	9	22	42	9	22	42
AACCCCACCGCT__0.349844214942002__10	5	4	42	42	42	42	4	42	43	25	9
CCTCGGTCCGCT__0.349250535378914__9	42	9	22	43	42	4	22	42	43	25	9
CCCCCTTCCACT__0.348961433081747__9	42	42	42	42	9	5	22	42	42	4	9
CCCACCTCCACC__0.348949944509651__11	42	42	42	4	42	9	22	42	42	4	42
CCCTGCTCCCCT__0.34893049550719__10	42	42	9	42	25	9	22	42	42	42	9
TAACCCTCCCCC__0.348916295934592__13	14	5	4	42	42	9	22	42	42	42	42
GCTGCGTTTGCG__0.348604999251935__10	25	9	42	25	43	4	5	5	42	25	43
TACGCGTCCGCC__0.348262081232302__11	14	4	43	25	43	4	22	42	43	25	42
CCCTCTTCCACT__0.348218759822907__9	42	42	9	22	9	5	22	42	42	4	9
AACCCTTCCACC__0.348164542248097__10	5	4	42	42	9	5	22	42	42	4	42
CCCACATCCACC__0.348153666522141__11	42	42	42	4	42	0	22	42	42	4	42
GGGGGGTGCGTG__0.348106372726869__16	42	42	42	42	42	4	42	25	43	4	42
AAGGGGTGGGCG__0.347904992816708__9	5	9	42	42	42	4	42	42	42	25	43
TTTCCTTCCCCC__0.347847232345759__17	5	5	22	42	9	5	22	42	42	42	42
CCCCTGTCCCCG__0.347743539377531__9	42	42	42	9	42	4	22	42	42	42	43
CGCCCTTCCCCT__0.347626936424972__9	43	25	42	42	9	5	22	42	42	42	9
CTACCCTCCCCT__0.347522611049172__10	9	14	4	42	42	9	22	42	42	42	9
CCTTCGTCCCTC__0.347441122163701__10	42	9	5	22	43	4	22	42	42	9	22
CCCTCCCCCGCC__0.347435160836408__15	42	42	9	22	42	42	42	42	43	25	42
CCCACATCCCCA__0.347375139193747__11	42	42	42	4	42	0	22	42	42	42	42
ATCGGGTCCGTG__0.347343998539234__9	0	22	43	42	42	4	22	42	43	4	42
TCCACTTCCCCC__0.347235468754534__11	22	42	42	4	9	5	22	42	42	42	42
CTTTCTTCCCCT__0.347009637470861__15	9	5	5	22	9	5	22	42	42	42	9
CTCCCGCCCCCT__0.346993301224274__10	9	22	42	42	43	25	42	42	42	42	9
CCCCCTTCCACG__0.346886615246248__9	42	42	42	42	9	5	22	42	42	4	43
GTACGGTCCGCT__0.3467466978263__9	4	14	4	43	42	4	22	42	43	25	9
CTCCCTTCCACC__0.346693706540434__11	9	22	42	42	9	5	22	42	42	4	42
ACGCGGTCCGCC__0.346607466946577__9	4	43	25	43	42	4	22	42	43	25	42
CGACCCTCCCCC__0.346535030074593__11	43	22	4	42	42	9	22	42	42	42	42
CATGCGTCCGCG__0.346400714688674__9	42	0	42	25	43	4	22	42	43	25	43
ACAGCGACCACC__0.346343763135939__10	4	42	9	25	43	22	4	42	42	4	42
GCCTGGTCCGCG__0.34618583662445__10	25	42	9	42	42	4	22	42	43	25	43
CAACCATCCCCC__0.346135179520641__11	42	5	4	42	42	0	22	42	42	42	42
CAATCCTCCCCA__0.346134693854612__13	42	5	0	22	42	9	22	42	42	42	42
ACCACTTCCCCC__0.34612136820278__9	4	42	42	4	9	5	22	42	42	42	42
ACTCCCTCCCCA__0.346040828319665__12	4	9	22	42	42	9	22	42	42	42	42
CCACCGCCCCCT__0.345963504410793__9	42	42	4	42	43	25	42	42	42	42	9
TCCTCTTCCCCT__0.34582297883457__10	22	42	9	22	9	5	22	42	42	42	9
GTATGGTCCGCG__0.345718414655736__12	4	14	0	42	42	4	22	42	43	25	43
AGCCCCCCCGCC__0.345664592762235__14	9	25	42	42	42	42	42	42	43	25	42
TCACCCTCCCCT__0.345576192528497__10	22	42	4	42	42	9	22	42	42	42	9
CCTTCCTCCTCT__0.345570471088236__9	42	9	5	22	42	9	22	42	9	22	9
TGTGCGTCCGCT__0.345495243300109__12	42	4	42	25	43	4	22	42	43	25	9
CTCTGGTCCGCT__0.345490811127399__10	9	22	9	42	42	4	22	42	43	25	9
CCCTCGACCCCC__0.345373091043736__10	42	42	9	22	43	22	4	42	42	42	42
TTTCCTTCCCCT__0.345193697830351__15	5	5	22	42	9	5	22	42	42	42	9
CACGCCTCCCCC__0.345142563112462__11	42	4	43	25	42	9	22	42	42	42	42
CATTCCTCCCCT__0.345124152194349__12	42	0	5	22	42	9	22	42	42	42	9
TCCACCTCCCCC__0.344890479752152__12	22	42	42	4	42	9	22	42	42	42	42
GTCCCTTCCCCC__0.344745370832657__12	4	22	42	42	9	5	22	42	42	42	42
CACTGGTCCGCG__0.344677771355289__9	42	4	9	42	42	4	22	42	43	25	43
GCAAGGTCCGCA__0.34436309817166__9	25	42	5	9	42	4	22	42	43	25	42
TTACCCTCCCCC__0.344344530995762__14	5	14	4	42	42	9	22	42	42	42	42
ACGTGGTCCGCT__0.343945435868883__9	4	43	4	42	42	4	22	42	43	25	9
TCTGCGTCCGCA__0.343702281444833__10	22	9	42	25	43	4	22	42	43	25	42
TCAAGGTCCGCG__0.343701212931797__9	22	42	5	9	42	4	22	42	43	25	43
CTGCCCTCCCCC__0.343375545300152__13	9	42	25	42	42	9	22	42	42	42	42
ACCCGATCCCCC__0.343223663752445__9	4	42	42	43	22	0	22	42	42	42	42
GCCCCATCCCCT__0.34320803407088__9	25	42	42	42	42	0	22	42	42	42	9
CCCACCCCCGCT__0.343119897266915__10	42	42	42	4	42	42	42	42	43	25	9
TATGCGTCCGCG__0.343011966009105__10	14	0	42	25	43	4	22	42	43	25	43
CCTCCGTCCCCC__0.342981748174314__10	42	9	22	42	43	4	22	42	42	42	42
CCCAGCTCCCCC__0.342959883528107__11	42	42	42	9	25	9	22	42	42	42	42
CACCCGCCCACC__0.342725531188176__12	42	4	42	42	43	25	42	42	42	4	42
AACCCATCCCCC__0.342666492095865__11	5	4	42	42	42	0	22	42	42	42	42
GCTCGGTCCGCG__0.342583458291878__9	25	9	22	43	42	4	22	42	43	25	43
CTCGCGTCCGCT__0.342140827033519__9	9	22	43	25	43	4	22	42	43	25	9
GATCCCTCCCCC__0.341773453826644__12	22	0	22	42	42	9	22	42	42	42	42
CTTGCGTCCGCC__0.34174947936394__10	9	5	42	25	43	4	22	42	43	25	42
AGGGGGTGGGCA__0.340961065011043__12	9	42	42	42	42	4	42	42	42	25	42
CTTGCGTCCGCT__0.340622755942601__9	9	5	42	25	43	4	22	42	43	25	9
CCACGCTCCCCC__0.340547655663935__10	42	42	4	43	25	9	22	42	42	42	42
CCTTCGTCCCCA__0.340485613936371__11	42	9	5	22	43	4	22	42	42	42	42
TCATGGTCCGCG__0.340230661948336__11	22	42	0	42	42	4	22	42	43	25	43
CATCCTTCCCCC__0.340150194398609__11	42	0	22	42	9	5	22	42	42	42	42
GTAGGGTCGGGG__0.340043946856589__9	4	14	9	42	42	4	22	43	42	42	42
CCACCCACCGCA__0.340042302875353__12	42	42	4	42	42	42	4	42	43	25	42
ACCCGCTCCCCC__0.339827773180287__10	4	42	42	43	25	9	22	42	42	42	42
CACCCTTCCCCA__0.339812374500101__9	42	4	42	42	9	5	22	42	42	42	42
CACTCCTCCCCC__0.339757885686188__11	42	4	9	22	42	9	22	42	42	42	42
CACTGCTCCCCT__0.339619235863044__9	42	4	9	42	25	9	22	42	42	42	9
TTTTCTTCCCCT__0.339549589196027__19	5	5	5	22	9	5	22	42	42	42	9
CCTTCATCCCCC__0.339368813478557__13	42	9	5	22	42	0	22	42	42	42	42
CCTCCCCCCGCC__0.339308882842005__14	42	9	22	42	42	42	42	42	43	25	42
CCCACGACCCCC__0.339116123191088__9	42	42	42	4	43	22	4	42	42	42	42
CTCACCTCCACC__0.338991390462948__11	9	22	42	4	42	9	22	42	42	4	42
TCCCAGTCCCCC__0.338750301514951__9	22	42	42	42	9	4	22	42	42	42	42
TCCCCTTCCCCG__0.338712791566518__9	22	42	42	42	9	5	22	42	42	42	43
TCTCCCTCCCCG__0.338632350930006__11	22	9	22	42	42	9	22	42	42	42	43
TGGAGGTCCGCG__0.338485743093946__10	42	42	22	9	42	4	22	42	43	25	43
GCGCGGTCCGCA__0.338438543219962__10	25	43	25	43	42	4	22	42	43	25	42
TTCTCCTCCCCC__0.338383351004906__15	5	22	9	22	42	9	22	42	42	42	42
AAACCTTCCCCC__0.338363444013187__9	5	5	4	42	9	5	22	42	42	42	42
CTAACTTCCCCC__0.338222656532204__10	9	14	5	4	9	5	22	42	42	42	42
ACTTCTTCCCCT__0.338192369975958__10	4	9	5	22	9	5	22	42	42	42	9
CCATGGTCCGCA__0.338054325033941__9	42	42	0	42	42	4	22	42	43	25	42
CCCCGTTCCCCA__0.33801056336623__10	42	42	42	43	4	5	22	42	42	42	42
CCCTCGCCCCCG__0.338005405548542__10	42	42	9	22	43	25	42	42	42	42	43
TATGCGTCCGCA__0.337944433082822__10	14	0	42	25	43	4	22	42	43	25	42
CAACCCCCCGCC__0.337902218755119__12	42	5	4	42	42	42	42	42	43	25	42
TTGCGGTCCGCG__0.337789464476278__11	5	42	25	43	42	4	22	42	43	25	43
CACCCCTCCACA__0.337659298314882__11	42	4	42	42	42	9	22	42	42	4	42
CCCACCACCGCC__0.337615848649122__10	42	42	42	4	42	42	4	42	43	25	42
TACTCTTCCCCT__0.337534019338391__9	14	4	9	22	9	5	22	42	42	42	9
CCCCCATCCACG__0.337384417919087__9	42	42	42	42	42	0	22	42	42	4	43
ACTGGGTCCGCA__0.337231129218629__9	4	9	42	42	42	4	22	42	43	25	42
CCAACGCCCCCC__0.336736440225006__11	42	42	5	4	43	25	42	42	42	42	42
CTTCCCCCCGCC__0.336507946886089__14	9	5	22	42	42	42	42	42	43	25	42
TAAACTTCCCCC__0.336493559735925__10	14	5	5	4	9	5	22	42	42	42	42
ACATCCTCCCCT__0.336302456644256__9	4	42	0	22	42	9	22	42	42	42	9
AACCCGCCCACC__0.336275891746455__11	5	4	42	42	43	25	42	42	42	4	42
GCCCGATCCCCC__0.336271237032209__9	25	42	42	43	22	0	22	42	42	42	42
ATCCCCTCCCCA__0.336156188980778__12	0	22	42	42	42	9	22	42	42	42	42
CACTCCCCCGCC__0.335760819650513__12	42	4	9	22	42	42	42	42	43	25	42
GGCGCGTCCGCC__0.335693067271474__10	42	25	43	25	43	4	22	42	43	25	42
CCCCTCTCCGCC__0.335323001626061__9	42	42	42	9	22	9	22	42	43	25	42
TCTTCCTCCCCC__0.334992901376933__14	22	9	5	22	42	9	22	42	42	42	42
ATCCCATCCCCC__0.334985177460784__11	0	22	42	42	42	0	22	42	42	42	42
GCCCCCCCCGCC__0.334686718865525__14	25	42	42	42	42	42	42	42	43	25	42
GGGGGGTTGGCG__0.3344659866355__12	42	42	42	42	42	4	5	42	42	25	43
CTTGGGTCCGCG__0.334370129311671__11	9	5	42	42	42	4	22	42	43	25	43
CCAAGCTCCCCC__0.334326238491223__9	42	42	5	9	25	9	22	42	42	42	42
CCCTCGCCCCCT__0.334307618585815__9	42	42	9	22	43	25	42	42	42	42	9
TTACGGTCCGCT__0.334232234374104__9	5	14	4	43	42	4	22	42	43	25	9
GGTGGGTCGGGG__0.33421498624925__12	42	4	42	42	42	4	22	43	42	42	42
CCCACCTCCACA__0.333931951721754__10	42	42	42	4	42	9	22	42	42	4	42
ATACCCTCCCCC__0.333835872212184__11	0	14	4	42	42	9	22	42	42	42	42
GCTAGGTCCGCG__0.333729045892919__9	25	9	14	9	42	4	22	42	43	25	43
CGCCCCTCCACT__0.333664027002471__9	43	25	42	42	42	9	22	42	42	4	9
CAATCCTCCCCT__0.33350308317036__9	42	5	0	22	42	9	22	42	42	42	9
ACTACCTCCCCC__0.333410034489447__10	4	9	14	4	42	9	22	42	42	42	42
TACCCCCCCGCT__0.333172697294025__11	14	4	42	42	42	42	42	42	43	25	9
CCTACCCCCGCC__0.332961453109092__11	42	9	14	4	42	42	42	42	43	25	42
TCTACGTCCGCC__0.332917917022117__9	22	9	14	4	43	4	22	42	43	25	42
ATTGCGTCCGTG__0.33269794739499__9	0	5	42	25	43	4	22	42	43	4	42
GGGGGGTCTGGG__0.332472683432446__12	42	42	42	42	42	4	22	9	42	42	42
TCCCCGCCCCCA__0.332453325754176__13	22	42	42	42	43	25	42	42	42	42	42
CACCTGTCCCCC__0.332392469257445__9	42	4	42	9	42	4	22	42	42	42	42
CTTCCTTCCTCT__0.33223702599728__9	9	5	22	42	9	5	22	42	9	22	9
TGCCCCTCCCCC__0.331367156821457__12	42	25	42	42	42	9	22	42	42	42	42
GTTCGGTCCGCG__0.331271193884625__11	4	5	22	43	42	4	22	42	43	25	43
AGCCCCTCCCCA__0.331235999388859__11	9	25	42	42	42	9	22	42	42	42	42
ATTCCTTCCCCT__0.331147944313417__10	0	5	22	42	9	5	22	42	42	42	9
CCCCCGCCCACA__0.331017219567482__12	42	42	42	42	43	25	42	42	42	4	42
GGCAGGTCCGCG__0.330927107057768__9	42	25	42	9	42	4	22	42	43	25	43
CACCCACCCGCC__0.330865369999851__10	42	4	42	42	42	4	42	42	43	25	42
TTTGCGTCCGCC__0.330701079856811__13	5	5	42	25	43	4	22	42	43	25	42
ACCTCGCCCCCC__0.330478991436815__11	4	42	9	22	43	25	42	42	42	42	42
CTATCCTCCCCC__0.330432710623227__12	9	14	0	22	42	9	22	42	42	42	42
CTTTGTTCCCCT__0.330404316136271__15	9	5	5	42	4	5	22	42	42	42	9
TATCCTTCCCCT__0.330360634700237__10	14	0	22	42	9	5	22	42	42	42	9
GGTGCGTCCGCT__0.330318522253589__10	42	4	42	25	43	4	22	42	43	25	9
TTCTCTTCCTCT__0.330303127275634__11	5	22	9	22	9	5	22	42	9	22	9
TCCCCCTCCGCC__0.330257854014002__10	22	42	42	42	42	9	22	42	43	25	42
ACCTCCCCCGCC__0.330231799767731__12	4	42	9	22	42	42	42	42	43	25	42
TCAACCCCCGCC__0.330063162341369__11	22	42	5	4	42	42	42	42	43	25	42
ACACCCTCCACC__0.329768634176892__9	4	42	4	42	42	9	22	42	42	4	42
GGGTGGTGCGCG__0.329765545509077__14	42	42	4	42	42	4	42	25	43	25	43
GTGTGGTCTGGG__0.329732624113777__12	4	42	4	42	42	4	22	9	42	42	42
CGCTCCTCCCCC__0.329706260518749__11	43	25	9	22	42	9	22	42	42	42	42
AATACCTCCCCA__0.329605312947842__10	5	0	14	4	42	9	22	42	42	42	42
CACGCTTCCCCC__0.329452776577163__9	42	4	43	25	9	5	22	42	42	42	42
CTTACTTCCCCC__0.329371071257428__11	9	5	14	4	9	5	22	42	42	42	42
CCCCCCACCGCA__0.329152819111563__12	42	42	42	42	42	42	4	42	43	25	42
ATTCCCTCCTCC__0.32911308864527__9	0	5	22	42	42	9	22	42	9	22	42
TTCCCCTCCCCA__0.329039257777369__13	5	22	42	42	42	9	22	42	42	42	42
AACGCGACCACC__0.328971194074918__10	5	4	43	25	43	22	4	42	42	4	42
CTATCCTCCCCA__0.328930537965927__12	9	14	0	22	42	9	22	42	42	42	42
GTTACGTCCGCT__0.328929416815697__9	4	5	14	4	43	4	22	42	43	25	9
CAATCCTCCCCC__0.32882428268609__11	42	5	0	22	42	9	22	42	42	42	42
TCCCCTCCCGCC__0.328699148509282__9	22	42	42	42	9	22	42	42	43	25	42
TTATGGTCCGCG__0.328615378889315__12	5	14	0	42	42	4	22	42	43	25	43
GGTGCGTCCGCG__0.328496988849071__10	42	4	42	25	43	4	22	42	43	25	43
AACTCCTCCCCC__0.328476045219866__10	5	4	9	22	42	9	22	42	42	42	42
GGGGGGTCAGTG__0.328421370366303__12	42	42	42	42	42	4	22	42	9	4	42
CTCCCCTCCACA__0.328322149321751__11	9	22	42	42	42	9	22	42	42	4	42
GTGGGGTTCGGG__0.32823720123855__12	4	42	42	42	42	4	5	22	43	42	42
CCCACACCCGCC__0.328189072636183__9	42	42	42	4	42	4	42	42	43	25	42
AGCCCTTCCCCC__0.327875893081067__9	9	25	42	42	9	5	22	42	42	42	42
GCACCTTCCCCC__0.327873904057817__9	25	42	4	42	9	5	22	42	42	42	42
CTGTGGTCCGCC__0.327736098887029__11	9	42	4	42	42	4	22	42	43	25	42
GGGTGGTCGGCG__0.32747047702146__10	42	42	4	42	42	4	22	43	42	25	43
CCACGCTCCCCA__0.327422235449502__9	42	42	4	43	25	9	22	42	42	42	42
GGATGGTGCGTT__0.32732260787496__9	42	22	0	42	42	4	42	25	43	4	5
TGGGGGTCAGGG__0.327322526862899__12	42	42	42	42	42	4	22	42	9	42	42
CCCTCACCCGCC__0.327076228010841__10	42	42	9	22	42	4	42	42	43	25	42
CGAACCTCCCCC__0.326721577688808__9	43	22	5	4	42	9	22	42	42	42	42
TGCCCCCCCGCC__0.326623417608106__13	42	25	42	42	42	42	42	42	43	25	42
CCACCCCCCGCT__0.326559735247897__9	42	42	4	42	42	42	42	42	43	25	9
GCACCTTCCCCA__0.326340532866597__9	25	42	4	42	9	5	22	42	42	42	42
GGTGGGTGCGGA__0.326303459267964__13	42	4	42	42	42	4	42	25	43	42	22
CCCACCCCCGCA__0.326285354414323__11	42	42	42	4	42	42	42	42	43	25	42
GCCCCATCCCCA__0.32618175889994__10	25	42	42	42	42	0	22	42	42	42	42
CCGCCCTCCACC__0.326147959829476__10	42	43	25	42	42	9	22	42	42	4	42
CCCCCCACCGCG__0.326126847091898__10	42	42	42	42	42	42	4	42	43	25	43
CTGTGGTCCGCT__0.325790316664049__10	9	42	4	42	42	4	22	42	43	25	9
CCCACGCCCCCA__0.325721442982922__10	42	42	42	4	43	25	42	42	42	42	42
CCTTCCTCCCCA__0.325624153795538__12	42	9	5	22	42	9	22	42	42	42	42
CCCCCCTCCGCA__0.325584452045459__9	42	42	42	42	42	9	22	42	43	25	42
TCATCTTCCCCC__0.325549881439021__11	22	42	0	22	9	5	22	42	42	42	42
AACACCTCCCCC__0.325435768620292__9	5	4	42	4	42	9	22	42	42	42	42
CGCACCTCCCCC__0.325308646345518__10	43	25	42	4	42	9	22	42	42	42	42
GCCCCCTCCGCC__0.325303905658691__9	25	42	42	42	42	9	22	42	43	25	42
CTCTCCTCCCCT__0.325182427275497__9	9	22	9	22	42	9	22	42	42	42	9
CACACCTCCACA__0.325178629394201__9	42	4	42	4	42	9	22	42	42	4	42
CTTCCCTCCCCA__0.324936622016788__12	9	5	22	42	42	9	22	42	42	42	42
CTGTGGTCCGTG__0.324737018968671__10	9	42	4	42	42	4	22	42	43	4	42
TTCCCTTCCTCC__0.324624818350755__10	5	22	42	42	9	5	22	42	9	22	42
TTCCCTCCCGCC__0.32460410871734__10	5	22	42	42	9	22	42	42	43	25	42
TACCCCTCCACC__0.324156491676301__10	14	4	42	42	42	9	22	42	42	4	42
CAATCTTCCCCC__0.323975010924097__9	42	5	0	22	9	5	22	42	42	42	42
TCCACCCCCGCT__0.323925039484961__9	22	42	42	4	42	42	42	42	43	25	9
CCCTCATCCCCA__0.323870954871865__10	42	42	9	22	42	0	22	42	42	42	42
GGTGGGTGGGCG__0.323868580025055__13	42	4	42	42	42	4	42	42	42	25	43
CACCGCTCCCCC__0.323657636881206__9	42	4	42	43	25	9	22	42	42	42	42
ACTTCGTCCCCC__0.32365044064272__9	4	9	5	22	43	4	22	42	42	42	42
CATACCCCCGCC__0.323446279148933__10	42	0	14	4	42	42	42	42	43	25	42
CTGCCCTCCCCA__0.323347525611177__11	9	42	25	42	42	9	22	42	42	42	42
ATCCCCTCCACC__0.323345099426215__10	0	22	42	42	42	9	22	42	42	4	42
TTCGCGTCCGCC__0.323249775666209__11	5	22	43	25	43	4	22	42	43	25	42
TTAGGGTGCGGT__0.323239608744782__10	5	14	9	42	42	4	42	25	43	42	4
TCCCCCTCCACG__0.32319604301177__9	22	42	42	42	42	9	22	42	42	4	43
TCCACCTCCCCA__0.323158929306318__10	22	42	42	4	42	9	22	42	42	42	42
TCTTCTTCCCCT__0.323144005755299__11	22	9	5	22	9	5	22	42	42	42	9
CTTCCATCCCCC__0.323121525595654__11	9	5	22	42	42	0	22	42	42	42	42
TATCGGTCCGCA__0.323003593952127__9	14	0	22	43	42	4	22	42	43	25	42
CATTCCTCCCCC__0.322965357174732__12	42	0	5	22	42	9	22	42	42	42	42
GGGGGGTGGGCT__0.322850186009451__14	42	42	42	42	42	4	42	42	42	25	9
CTTTCCTCCCCT__0.322668551941082__11	9	5	5	22	42	9	22	42	42	42	9
CATCCCTCCCCA__0.322664188899218__11	42	0	22	42	42	9	22	42	42	42	42
GGTGGGTGCGGG__0.322614862067793__12	42	4	42	42	42	4	42	25	43	42	42
TTCCCTTCCTCT__0.322585796353349__9	5	22	42	42	9	5	22	42	9	22	9
CCCGCATCCCCC__0.322391429181482__9	42	42	43	25	42	0	22	42	42	42	42
CTCCCACCCGCC__0.322360504218866__10	9	22	42	42	42	4	42	42	43	25	42
TACCCATCCCCC__0.322282723669186__10	14	4	42	42	42	0	22	42	42	42	42
TCCTCATCCCCC__0.322278981720003__11	22	42	9	22	42	0	22	42	42	42	42
TGGGCGTCCGCA__0.322215613822019__9	42	42	42	25	43	4	22	42	43	25	42
AGGGGGTTAGCA__0.322171114989002__10	9	42	42	42	42	4	5	14	9	25	42
ATTCGGTCCGCC__0.32202397547369__9	0	5	22	43	42	4	22	42	43	25	42
TCGCGGTCCGCC__0.321763362824152__9	22	43	25	43	42	4	22	42	43	25	42
ACCCCCCCCGCA__0.321659195950548__12	4	42	42	42	42	42	42	42	43	25	42
CTCTCATCCCCT__0.321631919719993__9	9	22	9	22	42	0	22	42	42	42	9
CTTACTTCCCCT__0.321623834792865__9	9	5	14	4	9	5	22	42	42	42	9
ACACCGCCCCCC__0.321304287545017__10	4	42	4	42	43	25	42	42	42	42	42
TGTAGGTCCGCA__0.32112531687799__10	42	4	14	9	42	4	22	42	43	25	42
TCACCTTCCCCC__0.321124653867894__9	22	42	4	42	9	5	22	42	42	42	42
CTCACCTCCCCA__0.321051283924187__10	9	22	42	4	42	9	22	42	42	42	42
ACACCCCCCGCC__0.320975237669889__10	4	42	4	42	42	42	42	42	43	25	42
TCCTCCTCCCCC__0.320740401692318__11	22	42	9	22	42	9	22	42	42	42	42
TCCCCACCCGCC__0.320399281210664__10	22	42	42	42	42	4	42	42	43	25	42
CAACCCTCCACC__0.320301855443451__9	42	5	4	42	42	9	22	42	42	4	42
TTTTCTTCCCCC__0.320001109514625__17	5	5	5	22	9	5	22	42	42	42	42
GTTACGTCCGCC__0.31951244787113__9	4	5	14	4	43	4	22	42	43	25	42
CCCACGCCCACC__0.319508424833871__9	42	42	42	4	43	25	42	42	42	4	42
TCTTCTTCCTCT__0.319460173297101__10	22	9	5	22	9	5	22	42	9	22	9
CCAGCCTCCCCC__0.31931774047701__9	42	42	9	25	42	9	22	42	42	42	42
CAACCATCCACA__0.319297192627217__9	42	5	4	42	42	0	22	42	42	4	42
CCTACATCCCCC__0.319015145011498__9	42	9	14	4	42	0	22	42	42	42	42
TCTCGGTCCGCC__0.318926140483772__9	22	9	22	43	42	4	22	42	43	25	42
GCAACCTCCCCA__0.318912787846342__9	25	42	5	4	42	9	22	42	42	42	42
CCTCCCTCCACA__0.318539738463826__10	42	9	22	42	42	9	22	42	42	4	42
TACTCCTCCCCC__0.318524771093256__10	14	4	9	22	42	9	22	42	42	42	42
TCTTCTTCCCCA__0.318519159275562__12	22	9	5	22	9	5	22	42	42	42	42
CCGCCCTCCCCA__0.318356014394767__10	42	43	25	42	42	9	22	42	42	42	42
TCCTCTTCCCCC__0.318256630785478__9	22	42	9	22	9	5	22	42	42	42	42
CACACATCCCCA__0.318233086503884__9	42	4	42	4	42	0	22	42	42	42	42
GCTCCCTCCCCC__0.318136141579429__10	25	9	22	42	42	9	22	42	42	42	42
TTTCCCCCCGCC__0.317839721772373__14	5	5	22	42	42	42	42	42	43	25	42
GTTTCCTCCTCT__0.317838866464789__10	4	5	5	22	42	9	22	42	9	22	9
TACCGCTCCCCC__0.317831658679479__9	14	4	42	43	25	9	22	42	42	42	42
CCTCCATCCACC__0.317720024541021__9	42	9	22	42	42	0	22	42	42	4	42
AGGGGGTAAGCG__0.317503865834358__9	9	42	42	42	42	4	14	5	9	25	43
ACCCCGCCCACC__0.317450976456296__10	4	42	42	42	43	25	42	42	42	4	42
CCCCGGCCCACC__0.317219773437091__9	42	42	42	43	42	25	42	42	42	4	42
TACCCCTCCCCA__0.317112740862938__10	14	4	42	42	42	9	22	42	42	42	42
ATTCCCTCCCCG__0.317110441272781__9	0	5	22	42	42	9	22	42	42	42	43
CACACCCCCGCC__0.316859915700586__9	42	4	42	4	42	42	42	42	43	25	42
TCCTCTTCCCCA__0.316695073248997__9	22	42	9	22	9	5	22	42	42	42	42
AGGGGGTGCGAG__0.315713646665599__9	9	42	42	42	42	4	42	25	43	22	9
GGTGGGAGCGCG__0.315705675541118__9	42	4	42	42	42	22	9	25	43	25	43
CGCCCACCCGCC__0.315675427971739__9	43	25	42	42	42	4	42	42	43	25	42
TGCTGGTCCGCG__0.31551603497595__9	42	25	9	42	42	4	22	42	43	25	43
GACCCCCCCGCC__0.315387042316776__10	22	4	42	42	42	42	42	42	43	25	42
TCCACATCCCCC__0.315204074987783__9	22	42	42	4	42	0	22	42	42	42	42
CCTCTGTCCCCC__0.31509434693007__9	42	9	22	9	42	4	22	42	42	42	42
AGTCCCTCCCCA__0.314789538247573__10	9	4	22	42	42	9	22	42	42	42	42
CACCCACCCGCA__0.314736557282976__9	42	4	42	42	42	4	42	42	43	25	42
CGCCCATCCCCC__0.314082938704266__9	43	25	42	42	42	0	22	42	42	42	42
ACGCCCTCCCCC__0.313902928762765__9	4	43	25	42	42	9	22	42	42	42	42
GTCCCCTCCCCC__0.31380546008415__10	4	22	42	42	42	9	22	42	42	42	42
CGCCCCCCCGCC__0.313615689041139__11	43	25	42	42	42	42	42	42	43	25	42
CGCACATCCCCC__0.313465906260127__9	43	25	42	4	42	0	22	42	42	42	42
TTCGGGTCCGCT__0.313223047956417__9	5	22	43	42	42	4	22	42	43	25	9
CACACGCCCCCC__0.312434119917646__9	42	4	42	4	43	25	42	42	42	42	42
CATACCTCCCCA__0.312161849576949__9	42	0	14	4	42	9	22	42	42	42	42
CCACCCCCCGCA__0.311908780962411__10	42	42	4	42	42	42	42	42	43	25	42
CCATCCCCCGCC__0.311895584212231__10	42	42	0	22	42	42	42	42	43	25	42
GGGGGGTGGGCA__0.311891405611592__13	42	42	42	42	42	4	42	42	42	25	42
GGTGGGTGGGCC__0.3115249932007__12	42	4	42	42	42	4	42	42	42	25	42
CCCACCACCGCA__0.311219013646732__9	42	42	42	4	42	42	4	42	43	25	42
CTTTCTTCCTCC__0.310952935402975__11	9	5	5	22	9	5	22	42	9	22	42
CTCACATCCCCC__0.310363543161313__9	9	22	42	4	42	0	22	42	42	42	42
ATTGGGTCCGCC__0.310310112583192__9	0	5	42	42	42	4	22	42	43	25	42
TTATGGTCCGCT__0.310058192136869__10	5	14	0	42	42	4	22	42	43	25	9
GGGTGGTGCGGG__0.310026693485062__11	42	42	4	42	42	4	42	25	43	42	42
CCTTCATCCCCA__0.309497693530611__10	42	9	5	22	42	0	22	42	42	42	42
TTCTGGTCCGCT__0.309359568262081__9	5	22	9	42	42	4	22	42	43	25	9
TCTTCATCCCCC__0.309320834431725__11	22	9	5	22	42	0	22	42	42	42	42
TTCCCCCCCGCC__0.308781013947815__12	5	22	42	42	42	42	42	42	43	25	42
TTTGGGTCCGCG__0.30875178813793__12	5	5	42	42	42	4	22	42	43	25	43
GGTGGGTCAGGG__0.308744183440176__10	42	4	42	42	42	4	22	42	9	42	42
TTCCTGTCCCCC__0.30853970841841__10	5	22	42	9	42	4	22	42	42	42	42
GTGTGGTGCGGG__0.308210093781131__11	4	42	4	42	42	4	42	25	43	42	42
TTTCGGTCCGCG__0.30786610697325__10	5	5	22	43	42	4	22	42	43	25	43
TTATGGTCTGGG__0.307857809286342__9	5	14	0	42	42	4	22	9	42	42	42
CTACCCTCCCCA__0.307385003937251__9	9	14	4	42	42	9	22	42	42	42	42
TTTACGTCCGCG__0.307348445550917__9	5	5	14	4	43	4	22	42	43	25	43
TTTACTTCCCCT__0.307145476303068__11	5	5	14	4	9	5	22	42	42	42	9
CTTTGGTCCGCT__0.306916932229686__10	9	5	5	42	42	4	22	42	43	25	9
TCCTGCTCCCCC__0.30687244148281__9	22	42	9	42	25	9	22	42	42	42	42
CTTTGGTCCGCG__0.30632104012703__10	9	5	5	42	42	4	22	42	43	25	43
CTTGGGTCCGCC__0.30607919308071__9	9	5	42	42	42	4	22	42	43	25	42
CTCACCCCCGCC__0.30585069063851__9	9	22	42	4	42	42	42	42	43	25	42
CACCCCCCCGCG__0.30577439703583__9	42	4	42	42	42	42	42	42	43	25	43
ATTTCTTCCCCT__0.305717814701934__10	0	5	5	22	9	5	22	42	42	42	9
TAGGGGTGGGCA__0.305396054462224__9	14	9	42	42	42	4	42	42	42	25	42
AGTCCCTCCCCC__0.305257222042025__9	9	4	22	42	42	9	22	42	42	42	42
TTGTGGTCCGCG__0.305145107026618__11	5	42	4	42	42	4	22	42	43	25	43
CTACCGCCCCCC__0.305111074640431__9	9	14	4	42	43	25	42	42	42	42	42
ACCCCGCCCACA__0.305051112046674__9	4	42	42	42	43	25	42	42	42	4	42
CTTTCATCCCCT__0.304712395641117__10	9	5	5	22	42	0	22	42	42	42	9
CCCCCCCCCGCA__0.304068493579286__11	42	42	42	42	42	42	42	42	43	25	42
ATTACCCCCGCC__0.303857837565572__9	0	5	14	4	42	42	42	42	43	25	42
GGTGGGTGGGCT__0.302784230959213__11	42	4	42	42	42	4	42	42	42	25	9
CTCCCGCCCCCA__0.302546520314913__9	9	22	42	42	43	25	42	42	42	42	42
TTCTCTTCCCCC__0.302537101644094__10	5	22	9	22	9	5	22	42	42	42	42
GCACCCCCCGCC__0.302379637425018__9	25	42	4	42	42	42	42	42	43	25	42
TCTTCTTCCCCC__0.301266156798369__10	22	9	5	22	9	5	22	42	42	42	42
CTTCCCTCCACC__0.301252893691256__9	9	5	22	42	42	9	22	42	42	4	42
CTTTCGTCCCCC__0.30073158608344__9	9	5	5	22	43	4	22	42	42	42	42
ATTCCATCCCCC__0.300547972242225__9	0	5	22	42	42	0	22	42	42	42	42
GGGGGGTCTGTG__0.30033375933638__9	42	42	42	42	42	4	22	9	42	4	42
GTGGGGTGCGGG__0.300319016480203__10	4	42	42	42	42	4	42	25	43	42	42
TCCCCCCCCGCG__0.300253674053113__10	22	42	42	42	42	42	42	42	43	25	43
CTTGCTTCCCCC__0.300169770261545__9	9	5	42	25	9	5	22	42	42	42	42
CGTCCCTCCCCC__0.300040466682621__9	43	4	22	42	42	9	22	42	42	42	42
TTTCCTTCCTCC__0.299791242780742__10	5	5	22	42	9	5	22	42	9	22	42
ATTTCTTCCTCT__0.299733123442267__9	0	5	5	22	9	5	22	42	9	22	9
TGCCCCTCCCCA__0.299723652319326__9	42	25	42	42	42	9	22	42	42	42	42
GGGTGGTGCGTG__0.299284004568614__10	42	42	4	42	42	4	42	25	43	4	42
TCAACGCCCCCC__0.298917418458409__9	22	42	5	4	43	25	42	42	42	42	42
CTTTCCTCCACC__0.298870943707741__10	9	5	5	22	42	9	22	42	42	4	42
TACCCGCCCCCC__0.298054755921616__9	14	4	42	42	43	25	42	42	42	42	42
GTCTCCTCCCCC__0.297647815701405__9	4	22	9	22	42	9	22	42	42	42	42
TTCCCTTCCACC__0.297448827132029__9	5	22	42	42	9	5	22	42	42	4	42
TGGTGGTCTGAG__0.297285222024826__9	42	42	4	42	42	4	22	9	42	22	9
TTCCCATCCCCA__0.297215197031055__9	5	22	42	42	42	0	22	42	42	42	42
CTGTCCTCCCCC__0.297010065811244__9	9	42	4	22	42	9	22	42	42	42	42
TCACCCCCCGCC__0.296720892505581__9	22	42	4	42	42	42	42	42	43	25	42
TTGCCCTCCCCC__0.296217993050853__9	5	42	25	42	42	9	22	42	42	42	42
TATCTGTCCCCC__0.296119842843196__9	14	0	22	9	42	4	22	42	42	42	42
TCTCCCCCCGCC__0.295789249983044__10	22	9	22	42	42	42	42	42	43	25	42
TATTGGTCAGAT__0.295699756303252__9	14	0	5	42	42	4	22	42	9	22	0
TTTGCGTCCGCA__0.295093176417588__9	5	5	42	25	43	4	22	42	43	25	42
GCTCCCCCCGCC__0.294750817616473__9	25	9	22	42	42	42	42	42	43	25	42
CTTTCCCCCGCC__0.294622016871147__10	9	5	5	22	42	42	42	42	43	25	42
TTTCCCTCCACT__0.294576393118771__9	5	5	22	42	42	9	22	42	42	4	9
GGGGGGTGCGGA__0.294349642601797__10	42	42	42	42	42	4	42	25	43	42	22
TTATCTTCCCCT__0.294114737956409__9	5	14	0	22	9	5	22	42	42	42	9
TGGTGGTCCGCT__0.293979209650617__9	42	42	4	42	42	4	22	42	43	25	9
TGGTGGTCCGCG__0.293977849619929__9	42	42	4	42	42	4	22	42	43	25	43
CTTTCTTTCGCT__0.293941446898613__9	9	5	5	22	9	5	5	22	43	25	9
CCCGCGCCCCCC__0.293816445718677__9	42	42	43	25	43	25	42	42	42	42	42
CTTTCCTCCCCA__0.293783097186135__10	9	5	5	22	42	9	22	42	42	42	42
TTTGGGTCCGCC__0.293254686703272__11	5	5	42	42	42	4	22	42	43	25	42
CCTTCCCCCGCC__0.293090559330513__9	42	9	5	22	42	42	42	42	43	25	42
CTTTCTTCCCCA__0.291967017413793__10	9	5	5	22	9	5	22	42	42	42	42
TGTGGGTGCGGG__0.291617796026402__9	42	4	42	42	42	4	42	25	43	42	42
GGGGGGTGTGCG__0.291197337676982__9	42	42	42	42	42	4	42	4	42	25	43
TTTACATCCACT__0.290496740985621__9	5	5	14	4	42	0	22	42	42	4	9
GGGTGGTGGGCG__0.290016064420151__9	42	42	4	42	42	4	42	42	42	25	43
TTTTCCTCCGCT__0.289734769562378__11	5	5	5	22	42	9	22	42	43	25	9
TGTCCCTCCCCC__0.28971336561806__9	42	4	22	42	42	9	22	42	42	42	42
CCCTCCCCCGCA__0.288664392512507__9	42	42	9	22	42	42	42	42	43	25	42
TTCTCCCCCGCC__0.288632738913231__10	5	22	9	22	42	42	42	42	43	25	42
TTTACCTCCCCC__0.287687322663054__9	5	5	14	4	42	9	22	42	42	42	42
TTACCCCCCGCA__0.28750978231264__9	5	14	4	42	42	42	42	42	43	25	42
GGGGGGGCTGCA__0.2853596553481__10	42	42	42	42	42	42	25	9	42	25	42
GGGGGGTGCGTT__0.285039530391847__9	42	42	42	42	42	4	42	25	43	4	5
TATTCCTCCCCA__0.283760890370676__9	14	0	5	22	42	9	22	42	42	42	42
TTATCCTCCCCC__0.283563625186509__9	5	14	0	22	42	9	22	42	42	42	42
GTGGGGTGGGCG__0.283280431514041__9	4	42	42	42	42	4	42	42	42	25	43
TTTTCGTTCGGT__0.282904743212554__9	5	5	5	22	43	4	5	22	43	42	4
GTTGGGTGGGCG__0.282781992744113__9	4	5	42	42	42	4	42	42	42	25	43
GGGGGGTGCGCG__0.282694709832226__9	42	42	42	42	42	4	42	25	43	25	43
TGTTGGTGTGCA__0.28073529443512__9	42	4	5	42	42	4	42	4	42	25	42
GGGGGGGGCGCG__0.28046794540162__10	42	42	42	42	42	42	42	25	43	25	43
TTTTCTTCCTCC__0.280455536124896__11	5	5	5	22	9	5	22	42	9	22	42
GTGGGGTGGGCT__0.279895913350167__9	4	42	42	42	42	4	42	42	42	25	9
TTGTGGTCCGCC__0.279027219782078__9	5	42	4	42	42	4	22	42	43	25	42
TTTTCTTTCGCG__0.271826642526648__10	5	5	5	22	9	5	5	22	43	25	43
TTTATGTCCCCC__0.270203422322961__9	5	5	14	0	42	4	22	42	42	42	42
TTTTCATCCCCT__0.268966984078409__9	5	5	5	22	42	0	22	42	42	42	9
TTTTCTTCCCCG__0.264888710369044__9	5	5	5	22	9	5	22	42	42	42	43
TTTTGTTCCCCT__0.261071170029059__10	5	5	5	42	4	5	22	42	42	42	9
TTTTGTTCCGTT__0.257420750954166__9	5	5	5	42	4	5	22	42	43	4	5
TTTTTGTGCGCG__0.252447535410523__9	5	5	5	5	42	4	42	25	43	25	43
TTTTGTTCCTCC__0.251437284344093__9	5	5	5	42	4	5	22	42	9	22	42
