ACAACGTCCGCG__1__152	4.2	6.5	3.9	4.2	5.5	4.2	4.4	5.2	5.5	4.7	5.5
ACAACGTCCGCT__0.94017138236735__117	4.2	6.5	3.9	4.2	5.5	4.2	4.4	5.2	5.5	4.7	4.5
CCCACCTCCCCA__0.90237895345865__205	5.2	5.2	6.5	4.2	5.2	4.5	4.4	5.2	5.2	5.2	6.5
GCAACGTCCGCG__0.892159680833858__125	4.7	6.5	3.9	4.2	5.5	4.2	4.4	5.2	5.5	4.7	5.5
CCCCCCTCCCCC__0.871547443612164__207	5.2	5.2	5.2	5.2	5.2	4.5	4.4	5.2	5.2	5.2	5.2
ACAGCGTCCGCG__0.844100564723036__96	4.2	6.5	4.5	4.7	5.5	4.2	4.4	5.2	5.5	4.7	5.5
CCCCCCTCCCCA__0.807855491025423__167	5.2	5.2	5.2	5.2	5.2	4.5	4.4	5.2	5.2	5.2	6.5
ACAGCGTCCGCT__0.802995226281008__78	4.2	6.5	4.5	4.7	5.5	4.2	4.4	5.2	5.5	4.7	4.5
GCAACGTCCGCT__0.802950320515346__86	4.7	6.5	3.9	4.2	5.5	4.2	4.4	5.2	5.5	4.7	4.5
ACAACGTCCGCA__0.798718676505957__82	4.2	6.5	3.9	4.2	5.5	4.2	4.4	5.2	5.5	4.7	6.5
CCAACGTCCGCG__0.795494993819472__76	5.2	6.5	3.9	4.2	5.5	4.2	4.4	5.2	5.5	4.7	5.5
CCCCCTTCCCCC__0.793131599852977__118	5.2	5.2	5.2	5.2	4.5	3.9	4.4	5.2	5.2	5.2	5.2
CCGCGGTCCGCG__0.784111605553577__95	5.2	5.5	4.7	5.5	5.2	4.2	4.4	5.2	5.5	4.7	5.5
ACAACGTCCGCC__0.775722412325231__75	4.2	6.5	3.9	4.2	5.5	4.2	4.4	5.2	5.5	4.7	5.2
GCAGCGTCCGCG__0.775587806397203__89	4.7	6.5	4.5	4.7	5.5	4.2	4.4	5.2	5.5	4.7	5.5
ACCACGTCCGCG__0.755669132952284__63	4.2	5.2	6.5	4.2	5.5	4.2	4.4	5.2	5.5	4.7	5.5
CCAACGTCCGCT__0.749571099914734__59	5.2	6.5	3.9	4.2	5.5	4.2	4.4	5.2	5.5	4.7	4.5
ACCGCGTCCGCG__0.721197939038591__68	4.2	5.2	5.5	4.7	5.5	4.2	4.4	5.2	5.5	4.7	5.5
CCAGCGTCCGCG__0.71886088244946__61	5.2	6.5	4.5	4.7	5.5	4.2	4.4	5.2	5.5	4.7	5.5
CCCCCCTCCCCT__0.716480388850868__89	5.2	5.2	5.2	5.2	5.2	4.5	4.4	5.2	5.2	5.2	4.5
ACAGCGTCCGCC__0.71171988719857__61	4.2	6.5	4.5	4.7	5.5	4.2	4.4	5.2	5.5	4.7	5.2
TCAACGTCCGCG__0.711214480536937__71	4.4	6.5	3.9	4.2	5.5	4.2	4.4	5.2	5.5	4.7	5.5
CCCCCTTCCCCT__0.71070808926217__71	5.2	5.2	5.2	5.2	4.5	3.9	4.4	5.2	5.2	5.2	4.5
ACAGCGTCCGCA__0.688878565363311__55	4.2	6.5	4.5	4.7	5.5	4.2	4.4	5.2	5.5	4.7	6.5
CCCCCCTCCTCC__0.685798069342943__70	5.2	5.2	5.2	5.2	5.2	4.5	4.4	5.2	4.5	4.4	5.2
ACGACGTCCGCG__0.685650975741387__38	4.2	5.5	4.4	4.2	5.5	4.2	4.4	5.2	5.5	4.7	5.5
CCGCGGTCCGCT__0.680328027470949__59	5.2	5.5	4.7	5.5	5.2	4.2	4.4	5.2	5.5	4.7	4.5
ACCCCCTCCCCC__0.674113468179538__88	4.2	5.2	5.2	5.2	5.2	4.5	4.4	5.2	5.2	5.2	5.2
CTAACGTCCGCG__0.667560266638486__53	4.5	5.5	3.9	4.2	5.5	4.2	4.4	5.2	5.5	4.7	5.5
GCAACGTCCGCA__0.658589067403653__53	4.7	6.5	3.9	4.2	5.5	4.2	4.4	5.2	5.5	4.7	6.5
ACCACGTCCGCC__0.658217003539907__44	4.2	5.2	6.5	4.2	5.5	4.2	4.4	5.2	5.5	4.7	5.2
CCAGCGTCCGCT__0.656868239776775__44	5.2	6.5	4.5	4.7	5.5	4.2	4.4	5.2	5.5	4.7	4.5
CCCCCATCCCCC__0.65416624084019__77	5.2	5.2	5.2	5.2	6.5	4.5	4.4	5.2	5.2	5.2	5.2
CCAACGTCCGCC__0.650796493855165__44	5.2	6.5	3.9	4.2	5.5	4.2	4.4	5.2	5.5	4.7	5.2
ACCGCGTCCGCT__0.648161299467267__46	4.2	5.2	5.5	4.7	5.5	4.2	4.4	5.2	5.5	4.7	4.5
CTCCCCTCCCCC__0.644594387430727__85	4.5	4.4	5.2	5.2	5.2	4.5	4.4	5.2	5.2	5.2	5.2
ACTGCGTCCGCG__0.643177372542569__52	4.2	4.5	6.5	4.7	5.5	4.2	4.4	5.2	5.5	4.7	5.5
ACGCGGTCCGCG__0.642558795860396__54	4.2	5.5	4.7	5.5	5.2	4.2	4.4	5.2	5.5	4.7	5.5
GCAACGTCCGCC__0.64037470640118__49	4.7	6.5	3.9	4.2	5.5	4.2	4.4	5.2	5.5	4.7	5.2
TCAGCGTCCGCG__0.636516113366776__53	4.4	6.5	4.5	4.7	5.5	4.2	4.4	5.2	5.5	4.7	5.5
TCCCCCTCCCCC__0.635379191169503__84	4.4	5.2	5.2	5.2	5.2	4.5	4.4	5.2	5.2	5.2	5.2
CACCCCTCCCCC__0.635078500511295__75	6.5	4.2	5.2	5.2	5.2	4.5	4.4	5.2	5.2	5.2	5.2
ACCACGTCCGCT__0.631480618378383__34	4.2	5.2	6.5	4.2	5.5	4.2	4.4	5.2	5.5	4.7	4.5
GCAGCGTCCGCT__0.63057577527073__46	4.7	6.5	4.5	4.7	5.5	4.2	4.4	5.2	5.5	4.7	4.5
CCAACGTCCGCA__0.630258774678437__40	5.2	6.5	3.9	4.2	5.5	4.2	4.4	5.2	5.5	4.7	6.5
CCAACCTCCCCA__0.630126273870462__66	5.2	6.5	3.9	4.2	5.2	4.5	4.4	5.2	5.2	5.2	6.5
CGCACGTCCGCG__0.628193153043728__42	5.5	4.7	6.5	4.2	5.5	4.2	4.4	5.2	5.5	4.7	5.5
ATAGCGTCCGCG__0.627206526488159__44	4.5	5.5	4.5	4.7	5.5	4.2	4.4	5.2	5.5	4.7	5.5
AGCGCGTCCGCG__0.625165033515451__52	4.5	4.7	5.5	4.7	5.5	4.2	4.4	5.2	5.5	4.7	5.5
CCTCCCTCCCCC__0.624590312201782__77	5.2	4.5	4.4	5.2	5.2	4.5	4.4	5.2	5.2	5.2	5.2
AGCACGTCCGCG__0.616785692861815__39	4.5	4.7	6.5	4.2	5.5	4.2	4.4	5.2	5.5	4.7	5.5
GCACGGTCCGCG__0.608891082330445__45	4.7	6.5	4.2	5.5	5.2	4.2	4.4	5.2	5.5	4.7	5.5
GCAGCGTCCGCA__0.603534802357739__44	4.7	6.5	4.5	4.7	5.5	4.2	4.4	5.2	5.5	4.7	6.5
GCGACGTCCGCG__0.602225543159591__31	4.7	5.5	4.4	4.2	5.5	4.2	4.4	5.2	5.5	4.7	5.5
TCAACGTCCGCT__0.602003607091691__41	4.4	6.5	3.9	4.2	5.5	4.2	4.4	5.2	5.5	4.7	4.5
ACACGGTCCGCG__0.60139090332757__36	4.2	6.5	4.2	5.5	5.2	4.2	4.4	5.2	5.5	4.7	5.5
GTAACGTCCGCG__0.59965649184016__42	4.2	5.5	3.9	4.2	5.5	4.2	4.4	5.2	5.5	4.7	5.5
CCACCCTCCCCC__0.599535564749273__60	5.2	6.5	4.2	5.2	5.2	4.5	4.4	5.2	5.2	5.2	5.2
GCAGCGTCCGCC__0.596310451682498__43	4.7	6.5	4.5	4.7	5.5	4.2	4.4	5.2	5.5	4.7	5.2
TCAGCGTCCGCT__0.595761498734968__42	4.4	6.5	4.5	4.7	5.5	4.2	4.4	5.2	5.5	4.7	4.5
CCCACCTCCCCC__0.594867748893078__58	5.2	5.2	6.5	4.2	5.2	4.5	4.4	5.2	5.2	5.2	5.2
CGAACGTCCGCT__0.592423446529644__27	5.5	4.4	3.9	4.2	5.5	4.2	4.4	5.2	5.5	4.7	4.5
CCCACGTCCGCG__0.586550285053418__31	5.2	5.2	6.5	4.2	5.5	4.2	4.4	5.2	5.5	4.7	5.5
CCAGCGTCCGCC__0.585798692320536__35	5.2	6.5	4.5	4.7	5.5	4.2	4.4	5.2	5.5	4.7	5.2
CCGCGGTCCGCC__0.585624050715928__42	5.2	5.5	4.7	5.5	5.2	4.2	4.4	5.2	5.5	4.7	5.2
ACGACGTCCGCT__0.583943778013417__21	4.2	5.5	4.4	4.2	5.5	4.2	4.4	5.2	5.5	4.7	4.5
ATCGCGTCCGCG__0.583684060090131__44	4.5	4.4	5.5	4.7	5.5	4.2	4.4	5.2	5.5	4.7	5.5
GCCACGTCCGCG__0.582252967455788__33	4.7	5.2	6.5	4.2	5.5	4.2	4.4	5.2	5.5	4.7	5.5
CCCCCCTCCCCG__0.581350284741014__49	5.2	5.2	5.2	5.2	5.2	4.5	4.4	5.2	5.2	5.2	5.5
TGAACGTCCGCG__0.579671163403768__35	6.5	4.4	3.9	4.2	5.5	4.2	4.4	5.2	5.5	4.7	5.5
GTAGCGTCCGCG__0.577376018923178__40	4.2	5.5	4.5	4.7	5.5	4.2	4.4	5.2	5.5	4.7	5.5
CGCACGTCCGCT__0.573217647706642__30	5.5	4.7	6.5	4.2	5.5	4.2	4.4	5.2	5.5	4.7	4.5
CCCCCGTCCCCC__0.572935439945894__41	5.2	5.2	5.2	5.2	5.5	4.2	4.4	5.2	5.2	5.2	5.2
CTAGCGTCCGCG__0.571947850066308__35	4.5	5.5	4.5	4.7	5.5	4.2	4.4	5.2	5.5	4.7	5.5
TCCCCTTCCCCC__0.571559588319776__50	4.4	5.2	5.2	5.2	4.5	3.9	4.4	5.2	5.2	5.2	5.2
ACCCCTTCCCCC__0.570612326320312__41	4.2	5.2	5.2	5.2	4.5	3.9	4.4	5.2	5.2	5.2	5.2
AGCACGTCCGCT__0.570231959793896__29	4.5	4.7	6.5	4.2	5.5	4.2	4.4	5.2	5.5	4.7	4.5
CCCGCGTCCGCG__0.569315652816877__35	5.2	5.2	5.5	4.7	5.5	4.2	4.4	5.2	5.5	4.7	5.5
CCTACCTCCCCA__0.567693013880155__52	5.2	4.5	5.5	4.2	5.2	4.5	4.4	5.2	5.2	5.2	6.5
CCCTCCTCCCCC__0.565726428515479__56	5.2	5.2	4.5	4.4	5.2	4.5	4.4	5.2	5.2	5.2	5.2
ATAGCGTCCGCT__0.565536468150814__31	4.5	5.5	4.5	4.7	5.5	4.2	4.4	5.2	5.5	4.7	4.5
ACGGCGTCCGCG__0.563899381624572__29	4.2	5.5	5.2	4.7	5.5	4.2	4.4	5.2	5.5	4.7	5.5
TCACGGTCCGCG__0.563825369085618__38	4.4	6.5	4.2	5.5	5.2	4.2	4.4	5.2	5.5	4.7	5.5
CCCCCGCCCCCC__0.563275650191233__62	5.2	5.2	5.2	5.2	5.5	4.7	5.2	5.2	5.2	5.2	5.2
CGCGCGTCCGCG__0.559659793887229__44	5.5	4.7	5.5	4.7	5.5	4.2	4.4	5.2	5.5	4.7	5.5
ACGACGTCCGCA__0.559189758390896__22	4.2	5.5	4.4	4.2	5.5	4.2	4.4	5.2	5.5	4.7	6.5
ACCACGTCCGCA__0.558929986753413__27	4.2	5.2	6.5	4.2	5.5	4.2	4.4	5.2	5.5	4.7	6.5
ATAACGTCCGCG__0.556686042153408__30	4.5	5.5	3.9	4.2	5.5	4.2	4.4	5.2	5.5	4.7	5.5
CCGACGTCCGCG__0.556175393176774__20	5.2	5.5	4.4	4.2	5.5	4.2	4.4	5.2	5.5	4.7	5.5
TGCGCGTCCGCG__0.555753059239189__47	6.5	4.7	5.5	4.7	5.5	4.2	4.4	5.2	5.5	4.7	5.5
CCCGCCTCCCCA__0.555631660406695__48	5.2	5.2	5.5	4.7	5.2	4.5	4.4	5.2	5.2	5.2	6.5
CCCCCTTCCCCA__0.554959693911308__41	5.2	5.2	5.2	5.2	4.5	3.9	4.4	5.2	5.2	5.2	6.5
CCCTCTTCCCCT__0.554861389111542__34	5.2	5.2	4.5	4.4	4.5	3.9	4.4	5.2	5.2	5.2	4.5
AGCACGTCCGCC__0.554344277844042__30	4.5	4.7	6.5	4.2	5.5	4.2	4.4	5.2	5.5	4.7	5.2
ACGACGTCCGCC__0.553284995035895__21	4.2	5.5	4.4	4.2	5.5	4.2	4.4	5.2	5.5	4.7	5.2
TTAGCGTCCGCG__0.552770950751928__41	3.9	5.5	4.5	4.7	5.5	4.2	4.4	5.2	5.5	4.7	5.5
CCACGGTCCGCG__0.54972655576079__29	5.2	6.5	4.2	5.5	5.2	4.2	4.4	5.2	5.5	4.7	5.5
AAAACGTCCGCG__0.548308906870284__24	3.9	3.9	3.9	4.2	5.5	4.2	4.4	5.2	5.5	4.7	5.5
CGAACGTCCGCG__0.546799313264253__23	5.5	4.4	3.9	4.2	5.5	4.2	4.4	5.2	5.5	4.7	5.5
CCAGCGTCCGCA__0.544962238933984__28	5.2	6.5	4.5	4.7	5.5	4.2	4.4	5.2	5.5	4.7	6.5
ACCGCGTCCGCA__0.544859088133345__31	4.2	5.2	5.5	4.7	5.5	4.2	4.4	5.2	5.5	4.7	6.5
ACCGCGTCCGCC__0.544722339531155__31	4.2	5.2	5.5	4.7	5.5	4.2	4.4	5.2	5.5	4.7	5.2
GCCGCGTCCGCG__0.54471999084616__32	4.7	5.2	5.5	4.7	5.5	4.2	4.4	5.2	5.5	4.7	5.5
CCCACTTCCCCC__0.544199332534405__36	5.2	5.2	6.5	4.2	4.5	3.9	4.4	5.2	5.2	5.2	5.2
ATAACGTCCGCT__0.541007257087746__26	4.5	5.5	3.9	4.2	5.5	4.2	4.4	5.2	5.5	4.7	4.5
TCCACGTCCGCG__0.540400337646591__29	4.4	5.2	6.5	4.2	5.5	4.2	4.4	5.2	5.5	4.7	5.5
TGCACGTCCGCG__0.540225169469947__33	6.5	4.7	6.5	4.2	5.5	4.2	4.4	5.2	5.5	4.7	5.5
AAAGCGTCCGCG__0.536900039242126__23	3.9	3.9	4.5	4.7	5.5	4.2	4.4	5.2	5.5	4.7	5.5
CACCCTTCCCCC__0.536826412011238__35	6.5	4.2	5.2	5.2	4.5	3.9	4.4	5.2	5.2	5.2	5.2
AGCGCGTCCGCT__0.535033015938171__31	4.5	4.7	5.5	4.7	5.5	4.2	4.4	5.2	5.5	4.7	4.5
CCCCCTTCCTCC__0.534087384324875__30	5.2	5.2	5.2	5.2	4.5	3.9	4.4	5.2	4.5	4.4	5.2
TCCCCATCCCCC__0.533167293554718__45	4.4	5.2	5.2	5.2	6.5	4.5	4.4	5.2	5.2	5.2	5.2
ACTACGTCCGCG__0.533092923923676__27	4.2	4.5	5.5	4.2	5.5	4.2	4.4	5.2	5.5	4.7	5.5
ACTGCGTCCGCT__0.532123743873091__28	4.2	4.5	6.5	4.7	5.5	4.2	4.4	5.2	5.5	4.7	4.5
CTCCCCTCCCCT__0.531163304130285__37	4.5	4.4	5.2	5.2	5.2	4.5	4.4	5.2	5.2	5.2	4.5
CGCGCGTCCGCT__0.530107991205331__36	5.5	4.7	5.5	4.7	5.5	4.2	4.4	5.2	5.5	4.7	4.5
ATTGCGTCCGCG__0.529719776306262__37	4.5	3.9	6.5	4.7	5.5	4.2	4.4	5.2	5.5	4.7	5.5
TTAACGTCCGCG__0.52937011264805__34	3.9	5.5	3.9	4.2	5.5	4.2	4.4	5.2	5.5	4.7	5.5
GCAAGGTCCGCG__0.529271720283596__31	4.7	6.5	3.9	4.5	5.2	4.2	4.4	5.2	5.5	4.7	5.5
TCAACGTCCGCC__0.528935503507717__31	4.4	6.5	3.9	4.2	5.5	4.2	4.4	5.2	5.5	4.7	5.2
GCTGCGTCCGCG__0.528079615605802__34	4.7	4.5	6.5	4.7	5.5	4.2	4.4	5.2	5.5	4.7	5.5
CCCACGTCCGCT__0.527979209498366__21	5.2	5.2	6.5	4.2	5.5	4.2	4.4	5.2	5.5	4.7	4.5
ACCCCCTCCCCT__0.527634760265663__32	4.2	5.2	5.2	5.2	5.2	4.5	4.4	5.2	5.2	5.2	4.5
GCTACGTCCGCG__0.527322801543817__31	4.7	4.5	5.5	4.2	5.5	4.2	4.4	5.2	5.5	4.7	5.5
CAAACGTCCGCG__0.526937084122592__23	6.5	3.9	3.9	4.2	5.5	4.2	4.4	5.2	5.5	4.7	5.5
AGCGCGTCCGCC__0.526695101802365__33	4.5	4.7	5.5	4.7	5.5	4.2	4.4	5.2	5.5	4.7	5.2
ACGGCGTCCGCT__0.525962741654032__22	4.2	5.5	5.2	4.7	5.5	4.2	4.4	5.2	5.5	4.7	4.5
CCACCCTCCTCC__0.525896352416603__27	5.2	6.5	4.2	5.2	5.2	4.5	4.4	5.2	4.5	4.4	5.2
CACGCGTCCGCG__0.525320437078283__30	6.5	4.2	5.5	4.7	5.5	4.2	4.4	5.2	5.5	4.7	5.5
ACGCGGTCCGCT__0.524247144382021__28	4.2	5.5	4.7	5.5	5.2	4.2	4.4	5.2	5.5	4.7	4.5
ACAAGGTCCGCG__0.523584902003414__25	4.2	6.5	3.9	4.5	5.2	4.2	4.4	5.2	5.5	4.7	5.5
AGAACGTCCGCT__0.52155713919884__19	4.5	4.4	3.9	4.2	5.5	4.2	4.4	5.2	5.5	4.7	4.5
CCCACGTCCGCC__0.521196783982171__23	5.2	5.2	6.5	4.2	5.5	4.2	4.4	5.2	5.5	4.7	5.2
CCCTCATCCCCC__0.520687134131056__41	5.2	5.2	4.5	4.4	6.5	4.5	4.4	5.2	5.2	5.2	5.2
CCCCCATCCCCT__0.519976147246822__30	5.2	5.2	5.2	5.2	6.5	4.5	4.4	5.2	5.2	5.2	4.5
TCCCCTTCCCCT__0.519162856413411__32	4.4	5.2	5.2	5.2	4.5	3.9	4.4	5.2	5.2	5.2	4.5
AACACGTCCGCG__0.518953695616768__21	3.9	4.2	6.5	4.2	5.5	4.2	4.4	5.2	5.5	4.7	5.5
CCCTCTTCCCCC__0.518805403852019__33	5.2	5.2	4.5	4.4	4.5	3.9	4.4	5.2	5.2	5.2	5.2
GGAACGTCCGCG__0.517925159579147__25	5.2	4.4	3.9	4.2	5.5	4.2	4.4	5.2	5.5	4.7	5.5
AGAACGTCCGCG__0.51740595590766__20	4.5	4.4	3.9	4.2	5.5	4.2	4.4	5.2	5.5	4.7	5.5
ACTACGTCCGCT__0.515682840019768__23	4.2	4.5	5.5	4.2	5.5	4.2	4.4	5.2	5.5	4.7	4.5
AGCACGTCCGCA__0.515384442803658__24	4.5	4.7	6.5	4.2	5.5	4.2	4.4	5.2	5.5	4.7	6.5
ATAACGTCCGCA__0.514775512841017__25	4.5	5.5	3.9	4.2	5.5	4.2	4.4	5.2	5.5	4.7	6.5
CCAGCCTCCCCA__0.513874982717674__38	5.2	6.5	4.5	4.7	5.2	4.5	4.4	5.2	5.2	5.2	6.5
CCCCCGTCCCCT__0.513682628031463__24	5.2	5.2	5.2	5.2	5.5	4.2	4.4	5.2	5.2	5.2	4.5
CCCCTGTCCCCC__0.512476134046658__34	5.2	5.2	5.2	4.5	6.5	4.2	4.4	5.2	5.2	5.2	5.2
GTAACGTCCGCT__0.512181932605199__25	4.2	5.5	3.9	4.2	5.5	4.2	4.4	5.2	5.5	4.7	4.5
CGCACGTCCGCC__0.511359510987281__24	5.5	4.7	6.5	4.2	5.5	4.2	4.4	5.2	5.5	4.7	5.2
CAAGCGTCCGCG__0.511188137765507__22	6.5	3.9	4.5	4.7	5.5	4.2	4.4	5.2	5.5	4.7	5.5
TACCCCTCCCCC__0.509777550045266__41	5.5	4.2	5.2	5.2	5.2	4.5	4.4	5.2	5.2	5.2	5.2
CTCCCTTCCCCC__0.509712969647011__34	4.5	4.4	5.2	5.2	4.5	3.9	4.4	5.2	5.2	5.2	5.2
CACCCCTCCCCA__0.508552432316456__39	6.5	4.2	5.2	5.2	5.2	4.5	4.4	5.2	5.2	5.2	6.5
ACACGGTCCGCA__0.508146276955593__23	4.2	6.5	4.2	5.5	5.2	4.2	4.4	5.2	5.5	4.7	6.5
GCCCCCTCCCCC__0.508056158228667__41	4.7	5.2	5.2	5.2	5.2	4.5	4.4	5.2	5.2	5.2	5.2
CACACGTCCGCG__0.507213416143472__20	6.5	4.2	6.5	4.2	5.5	4.2	4.4	5.2	5.5	4.7	5.5
CCGCGGTCCGCA__0.506879093423638__27	5.2	5.5	4.7	5.5	5.2	4.2	4.4	5.2	5.5	4.7	6.5
ATAACGTCCGCC__0.506825749794043__24	4.5	5.5	3.9	4.2	5.5	4.2	4.4	5.2	5.5	4.7	5.2
TCAACGTCCGCA__0.506678869050113__27	4.4	6.5	3.9	4.2	5.5	4.2	4.4	5.2	5.5	4.7	6.5
GCGACGTCCGCT__0.505277516545149__17	4.7	5.5	4.4	4.2	5.5	4.2	4.4	5.2	5.5	4.7	4.5
CCTCCTTCCCCC__0.503013456399384__32	5.2	4.5	4.4	5.2	4.5	3.9	4.4	5.2	5.2	5.2	5.2
CCCCCGTCCCCA__0.5022440188469__28	5.2	5.2	5.2	5.2	5.5	4.2	4.4	5.2	5.2	5.2	6.5
ACCCCATCCCCC__0.500609657759379__33	4.2	5.2	5.2	5.2	6.5	4.5	4.4	5.2	5.2	5.2	5.2
CCCTCTTCCCCA__0.500194355736012__30	5.2	5.2	4.5	4.4	4.5	3.9	4.4	5.2	5.2	5.2	6.5
CCCCCCTCCACC__0.500185221014213__37	5.2	5.2	5.2	5.2	5.2	4.5	4.4	5.2	6.5	4.2	5.2
CGGACGTCCGCG__0.498390345777908__19	5.5	5.2	4.4	4.2	5.5	4.2	4.4	5.2	5.5	4.7	5.5
CCCCCGCCCCCT__0.497853751748555__31	5.2	5.2	5.2	5.2	5.5	4.7	5.2	5.2	5.2	5.2	4.5
CCCCCATCCCCA__0.495989741845531__34	5.2	5.2	5.2	5.2	6.5	4.5	4.4	5.2	5.2	5.2	6.5
ATCCCCTCCCCC__0.49581081926577__38	4.5	4.4	5.2	5.2	5.2	4.5	4.4	5.2	5.2	5.2	5.2
TGCACGTCCGCT__0.492983887350303__24	6.5	4.7	6.5	4.2	5.5	4.2	4.4	5.2	5.5	4.7	4.5
CTACGGTCCGCT__0.492438042307478__23	4.5	5.5	4.2	5.5	5.2	4.2	4.4	5.2	5.5	4.7	4.5
CCTGCGTCCGCG__0.492005823806716__24	5.2	4.5	6.5	4.7	5.5	4.2	4.4	5.2	5.5	4.7	5.5
TCAGCGTCCGCC__0.491754343443051__26	4.4	6.5	4.5	4.7	5.5	4.2	4.4	5.2	5.5	4.7	5.2
ACACGGTCCGCT__0.489898237691973__18	4.2	6.5	4.2	5.5	5.2	4.2	4.4	5.2	5.5	4.7	4.5
TAAGCGTCCGCG__0.489764941279939__22	5.5	3.9	4.5	4.7	5.5	4.2	4.4	5.2	5.5	4.7	5.5
AGTGCGTCCGCG__0.48813195257697__26	4.5	4.2	6.5	4.7	5.5	4.2	4.4	5.2	5.5	4.7	5.5
CTCCCTTCCCCT__0.487937369454134__25	4.5	4.4	5.2	5.2	4.5	3.9	4.4	5.2	5.2	5.2	4.5
ATAGCGTCCGCC__0.487787465887298__22	4.5	5.5	4.5	4.7	5.5	4.2	4.4	5.2	5.5	4.7	5.2
ATTGCGTCCGCT__0.487264098977057__28	4.5	3.9	6.5	4.7	5.5	4.2	4.4	5.2	5.5	4.7	4.5
TTCCCCTCCCCT__0.487233579122076__34	3.9	4.4	5.2	5.2	5.2	4.5	4.4	5.2	5.2	5.2	4.5
CCGACGTCCGCT__0.486375778100419__12	5.2	5.5	4.4	4.2	5.5	4.2	4.4	5.2	5.5	4.7	4.5
CCTCCCTCCCCT__0.485078870276228__28	5.2	4.5	4.4	5.2	5.2	4.5	4.4	5.2	5.2	5.2	4.5
TACACGTCCGCT__0.484653560600404__19	5.5	4.2	6.5	4.2	5.5	4.2	4.4	5.2	5.5	4.7	4.5
CTCCCATCCCCC__0.484645809097713__33	4.5	4.4	5.2	5.2	6.5	4.5	4.4	5.2	5.2	5.2	5.2
TGCGCGTCCGCT__0.483639211338678__30	6.5	4.7	5.5	4.7	5.5	4.2	4.4	5.2	5.5	4.7	4.5
CTAACGTCCGCT__0.483100163018618__19	4.5	5.5	3.9	4.2	5.5	4.2	4.4	5.2	5.5	4.7	4.5
TTAACGTCCGCT__0.482999640420392__25	3.9	5.5	3.9	4.2	5.5	4.2	4.4	5.2	5.5	4.7	4.5
CTCCCCTCCTCC__0.482921851591429__25	4.5	4.4	5.2	5.2	5.2	4.5	4.4	5.2	4.5	4.4	5.2
CCCCCCCCCGCC__0.48247312362113__42	5.2	5.2	5.2	5.2	5.2	5.2	5.2	5.2	5.5	4.7	5.2
CCCACATCCCCC__0.481952710023824__29	5.2	5.2	6.5	4.2	6.5	4.5	4.4	5.2	5.2	5.2	5.2
CGCACGTCCGCA__0.481878008191346__20	5.5	4.7	6.5	4.2	5.5	4.2	4.4	5.2	5.5	4.7	6.5
AACCCCTCCCCC__0.481785030094219__32	3.9	4.2	5.2	5.2	5.2	4.5	4.4	5.2	5.2	5.2	5.2
CCCTCCTCCCCA__0.481587111584917__35	5.2	5.2	4.5	4.4	5.2	4.5	4.4	5.2	5.2	5.2	6.5
TGAACGTCCGCT__0.481496469518525__19	6.5	4.4	3.9	4.2	5.5	4.2	4.4	5.2	5.5	4.7	4.5
AAAACGTCCGCT__0.481429894311854__15	3.9	3.9	3.9	4.2	5.5	4.2	4.4	5.2	5.5	4.7	4.5
CCCACCTCCCCT__0.480843425324733__23	5.2	5.2	6.5	4.2	5.2	4.5	4.4	5.2	5.2	5.2	4.5
ACCCCTTCCCCT__0.480194274972899__20	4.2	5.2	5.2	5.2	4.5	3.9	4.4	5.2	5.2	5.2	4.5
ACAACGTCCGGT__0.479960576311075__14	4.2	6.5	3.9	4.2	5.5	4.2	4.4	5.2	5.5	5.2	4.2
TCGCGGTCCGCG__0.479718664031708__28	4.4	5.5	4.7	5.5	5.2	4.2	4.4	5.2	5.5	4.7	5.5
CCCCCTCCCGCC__0.478778246330866__25	5.2	5.2	5.2	5.2	4.5	4.4	5.2	5.2	5.5	4.7	5.2
TCCACGTCCGCT__0.477904496119736__19	4.4	5.2	6.5	4.2	5.5	4.2	4.4	5.2	5.5	4.7	4.5
ACAAGGTCCGCC__0.477102109207259__20	4.2	6.5	3.9	4.5	5.2	4.2	4.4	5.2	5.5	4.7	5.2
CTACGGTCCGCG__0.476820292780795__22	4.5	5.5	4.2	5.5	5.2	4.2	4.4	5.2	5.5	4.7	5.5
GCCACGTCCGCT__0.476610705085781__17	4.7	5.2	6.5	4.2	5.5	4.2	4.4	5.2	5.5	4.7	4.5
GCCGCGTCCGCT__0.475651693370804__20	4.7	5.2	5.5	4.7	5.5	4.2	4.4	5.2	5.5	4.7	4.5
CCACCTTCCCCC__0.475176013743581__24	5.2	6.5	4.2	5.2	4.5	3.9	4.4	5.2	5.2	5.2	5.2
ATAGCGTCCGCA__0.47456560977842__20	4.5	5.5	4.5	4.7	5.5	4.2	4.4	5.2	5.5	4.7	6.5
CCGACGTCCGCC__0.473686183524497__13	5.2	5.5	4.4	4.2	5.5	4.2	4.4	5.2	5.5	4.7	5.2
GCACGGTCCGCT__0.473548960550206__20	4.7	6.5	4.2	5.5	5.2	4.2	4.4	5.2	5.5	4.7	4.5
CTCCCATCCCCT__0.473465955172851__24	4.5	4.4	5.2	5.2	6.5	4.5	4.4	5.2	5.2	5.2	4.5
AGCAGGTCCGCG__0.472650059274353__22	4.5	4.7	6.5	4.5	5.2	4.2	4.4	5.2	5.5	4.7	5.5
TTCCCCTCCCCC__0.47263179534562__38	3.9	4.4	5.2	5.2	5.2	4.5	4.4	5.2	5.2	5.2	5.2
CACACGTCCGCT__0.472544328111325__15	6.5	4.2	6.5	4.2	5.5	4.2	4.4	5.2	5.5	4.7	4.5
AACGCGTCCGCG__0.472081184042842__21	3.9	4.2	5.5	4.7	5.5	4.2	4.4	5.2	5.5	4.7	5.5
TGTGCGTCCGCG__0.471719453789926__31	6.5	4.2	6.5	4.7	5.5	4.2	4.4	5.2	5.5	4.7	5.5
TCACGGTCCGCT__0.470541941286754__21	4.4	6.5	4.2	5.5	5.2	4.2	4.4	5.2	5.5	4.7	4.5
CCCTCCTCCCCT__0.469606687826607__25	5.2	5.2	4.5	4.4	5.2	4.5	4.4	5.2	5.2	5.2	4.5
GTTGCGTCCGCG__0.468964507837811__30	4.2	3.9	6.5	4.7	5.5	4.2	4.4	5.2	5.5	4.7	5.5
ACCCCCTCCCCA__0.468940388838841__30	4.2	5.2	5.2	5.2	5.2	4.5	4.4	5.2	5.2	5.2	6.5
CCACGGTCCGCA__0.46855927017891__19	5.2	6.5	4.2	5.5	5.2	4.2	4.4	5.2	5.5	4.7	6.5
CCCACCTCCCCG__0.468145713811885__22	5.2	5.2	6.5	4.2	5.2	4.5	4.4	5.2	5.2	5.2	5.5
GTACGGTCCGCG__0.467826054099182__23	4.2	5.5	4.2	5.5	5.2	4.2	4.4	5.2	5.5	4.7	5.5
GAAACGTCCGCT__0.467314416047172__14	4.4	3.9	3.9	4.2	5.5	4.2	4.4	5.2	5.5	4.7	4.5
CGCAGGTCCGCG__0.467234503145766__22	5.5	4.7	6.5	4.5	5.2	4.2	4.4	5.2	5.5	4.7	5.5
ATACGGTCCGCG__0.466447976046913__20	4.5	5.5	4.2	5.5	5.2	4.2	4.4	5.2	5.5	4.7	5.5
ATCCCTTCCCCC__0.466092925672737__27	4.5	4.4	5.2	5.2	4.5	3.9	4.4	5.2	5.2	5.2	5.2
ACACCCTCCCCC__0.465869936683851__27	4.2	6.5	4.2	5.2	5.2	4.5	4.4	5.2	5.2	5.2	5.2
TCCCCCTCCCCT__0.465519367982225__26	4.4	5.2	5.2	5.2	5.2	4.5	4.4	5.2	5.2	5.2	4.5
CGAACGTCCGCA__0.465123967002615__15	5.5	4.4	3.9	4.2	5.5	4.2	4.4	5.2	5.5	4.7	6.5
CTAACGTCCGCC__0.465046525484468__19	4.5	5.5	3.9	4.2	5.5	4.2	4.4	5.2	5.5	4.7	5.2
ACCCCATCCTCC__0.464926719803543__19	4.2	5.2	5.2	5.2	6.5	4.5	4.4	5.2	4.5	4.4	5.2
TCGACGTCCGCG__0.464904673553242__15	4.4	5.5	4.4	4.2	5.5	4.2	4.4	5.2	5.5	4.7	5.5
ATCACGTCCGCT__0.464854398011977__17	4.5	4.4	6.5	4.2	5.5	4.2	4.4	5.2	5.5	4.7	4.5
ATCACGTCCGCG__0.464739582167978__18	4.5	4.4	6.5	4.2	5.5	4.2	4.4	5.2	5.5	4.7	5.5
GACACGTCCGCG__0.464597120621956__15	4.4	4.2	6.5	4.2	5.5	4.2	4.4	5.2	5.5	4.7	5.5
ACATGGTCCGCG__0.464558632872487__21	4.2	6.5	4.5	6.5	5.2	4.2	4.4	5.2	5.5	4.7	5.5
CTAGCGTCCGCT__0.464295399430795__18	4.5	5.5	4.5	4.7	5.5	4.2	4.4	5.2	5.5	4.7	4.5
CCCCCCTCCTCT__0.464286324256699__18	5.2	5.2	5.2	5.2	5.2	4.5	4.4	5.2	4.5	4.4	4.5
CCCCTGTCCCCT__0.46384767343364__21	5.2	5.2	5.2	4.5	6.5	4.2	4.4	5.2	5.2	5.2	4.5
GCCCCTTCCCCC__0.463673770657791__25	4.7	5.2	5.2	5.2	4.5	3.9	4.4	5.2	5.2	5.2	5.2
TAAACGTCCGCG__0.463602949932599__18	5.5	3.9	3.9	4.2	5.5	4.2	4.4	5.2	5.5	4.7	5.5
CTGTGGTCCGCG__0.462713546805218__29	4.5	6.5	4.2	6.5	5.2	4.2	4.4	5.2	5.5	4.7	5.5
CGCCCCTCCCCC__0.462012411458589__31	5.5	4.7	5.2	5.2	5.2	4.5	4.4	5.2	5.2	5.2	5.2
CCCCCATCCTCC__0.461990080042821__20	5.2	5.2	5.2	5.2	6.5	4.5	4.4	5.2	4.5	4.4	5.2
CACCCCCCCGCC__0.461914859115488__33	6.5	4.2	5.2	5.2	5.2	5.2	5.2	5.2	5.5	4.7	5.2
GCGCGGTCCGCG__0.460101247947386__24	4.7	5.5	4.7	5.5	5.2	4.2	4.4	5.2	5.5	4.7	5.5
GTCACGTCCGCG__0.459967122714776__20	4.2	4.4	6.5	4.2	5.5	4.2	4.4	5.2	5.5	4.7	5.5
ACACGGTCCGCC__0.459764679485989__17	4.2	6.5	4.2	5.5	5.2	4.2	4.4	5.2	5.5	4.7	5.2
CCGACGTCCGCA__0.459126160303982__12	5.2	5.5	4.4	4.2	5.5	4.2	4.4	5.2	5.5	4.7	6.5
CCTGCCTCCCCA__0.4588378523128__29	5.2	4.5	6.5	4.7	5.2	4.5	4.4	5.2	5.2	5.2	6.5
TTAGCGTCCGCT__0.458745546237111__23	3.9	5.5	4.5	4.7	5.5	4.2	4.4	5.2	5.5	4.7	4.5
GGCGCGTCCGCG__0.458740932907115__24	5.2	4.7	5.5	4.7	5.5	4.2	4.4	5.2	5.5	4.7	5.5
CAAACGTCCGCC__0.4582708425465__16	6.5	3.9	3.9	4.2	5.5	4.2	4.4	5.2	5.5	4.7	5.2
CCCGCGTCCGCT__0.457546794762367__17	5.2	5.2	5.5	4.7	5.5	4.2	4.4	5.2	5.5	4.7	4.5
TCGGCGTCCGCG__0.457009178366879__20	4.4	5.5	5.2	4.7	5.5	4.2	4.4	5.2	5.5	4.7	5.5
CCACCCTCCCCT__0.456901035691035__20	5.2	6.5	4.2	5.2	5.2	4.5	4.4	5.2	5.2	5.2	4.5
GCGGCGTCCGCT__0.456885413006974__19	4.7	5.5	5.2	4.7	5.5	4.2	4.4	5.2	5.5	4.7	4.5
CGCGCGTCCGCA__0.456222365044086__25	5.5	4.7	5.5	4.7	5.5	4.2	4.4	5.2	5.5	4.7	6.5
ACTCGGTCCGCG__0.455041362909525__18	4.2	4.5	4.4	5.5	5.2	4.2	4.4	5.2	5.5	4.7	5.5
TCGACGTCCGCT__0.454693895956268__13	4.4	5.5	4.4	4.2	5.5	4.2	4.4	5.2	5.5	4.7	4.5
CCTGCGTCCGCT__0.454018161514117__18	5.2	4.5	6.5	4.7	5.5	4.2	4.4	5.2	5.5	4.7	4.5
GCGACGTCCGCA__0.453420642467073__14	4.7	5.5	4.4	4.2	5.5	4.2	4.4	5.2	5.5	4.7	6.5
TCAGCGTCCGCA__0.452849879259128__20	4.4	6.5	4.5	4.7	5.5	4.2	4.4	5.2	5.5	4.7	6.5
CCACGGTCCGCT__0.452271815664606__15	5.2	6.5	4.2	5.5	5.2	4.2	4.4	5.2	5.5	4.7	4.5
CCCACGTCCGCA__0.451904618022465__15	5.2	5.2	6.5	4.2	5.5	4.2	4.4	5.2	5.5	4.7	6.5
GTCGCGTCCGCG__0.451851686429194__23	4.2	4.4	5.5	4.7	5.5	4.2	4.4	5.2	5.5	4.7	5.5
CCACCCTCCCCA__0.451796034120961__26	5.2	6.5	4.2	5.2	5.2	4.5	4.4	5.2	5.2	5.2	6.5
TTTGCGTCCGCG__0.451647262987768__31	3.9	3.9	6.5	4.7	5.5	4.2	4.4	5.2	5.5	4.7	5.5
TCCCCGCCCCCC__0.451347692565906__33	4.4	5.2	5.2	5.2	5.5	4.7	5.2	5.2	5.2	5.2	5.2
CCCCCTTCCTCT__0.451303963947001__16	5.2	5.2	5.2	5.2	4.5	3.9	4.4	5.2	4.5	4.4	4.5
ACAACGTCCGGG__0.450703254092215__12	4.2	6.5	3.9	4.2	5.5	4.2	4.4	5.2	5.5	5.2	5.2
CGGACGTCCGCT__0.450101880755441__13	5.5	5.2	4.4	4.2	5.5	4.2	4.4	5.2	5.5	4.7	4.5
TGCACGTCCGCA__0.449734465552517__20	6.5	4.7	6.5	4.2	5.5	4.2	4.4	5.2	5.5	4.7	6.5
ACTCCCTCCCCC__0.449676065730288__26	4.2	4.5	4.4	5.2	5.2	4.5	4.4	5.2	5.2	5.2	5.2
AACCCTTCCCCC__0.44920680001672__21	3.9	4.2	5.2	5.2	4.5	3.9	4.4	5.2	5.2	5.2	5.2
GCACGGTCCGCA__0.44889300138957__19	4.7	6.5	4.2	5.5	5.2	4.2	4.4	5.2	5.5	4.7	6.5
ACCCCGCCCCCC__0.448860212193036__30	4.2	5.2	5.2	5.2	5.5	4.7	5.2	5.2	5.2	5.2	5.2
CCTTCCTCCCCC__0.448826002612272__31	5.2	4.5	3.9	4.4	5.2	4.5	4.4	5.2	5.2	5.2	5.2
ATCGCGTCCGCA__0.448655468445452__21	4.5	4.4	5.5	4.7	5.5	4.2	4.4	5.2	5.5	4.7	6.5
ACCCCATCCCCT__0.448018441270269__18	4.2	5.2	5.2	5.2	6.5	4.5	4.4	5.2	5.2	5.2	4.5
ATCGCGTCCGCT__0.44794790794342__19	4.5	4.4	5.5	4.7	5.5	4.2	4.4	5.2	5.5	4.7	4.5
CTTCCCTCCCCC__0.447875126341375__31	4.5	3.9	4.4	5.2	5.2	4.5	4.4	5.2	5.2	5.2	5.2
CCTCCTTCCCCT__0.447778966334926__19	5.2	4.5	4.4	5.2	4.5	3.9	4.4	5.2	5.2	5.2	4.5
ACGCCGTCCGCG__0.447643203835182__13	4.2	5.5	4.7	5.2	5.5	4.2	4.4	5.2	5.5	4.7	5.5
CCCCCATCCTCT__0.447351842740957__15	5.2	5.2	5.2	5.2	6.5	4.5	4.4	5.2	4.5	4.4	4.5
GCTGCGTCCGCT__0.447071853599405__20	4.7	4.5	6.5	4.7	5.5	4.2	4.4	5.2	5.5	4.7	4.5
TCTGCGTCCGCG__0.447044837722397__21	4.4	4.5	6.5	4.7	5.5	4.2	4.4	5.2	5.5	4.7	5.5
CCCACGTCCCCC__0.446704417578724__18	5.2	5.2	6.5	4.2	5.5	4.2	4.4	5.2	5.2	5.2	5.2
TAAGCGTCCGCT__0.446586720675122__16	5.5	3.9	4.5	4.7	5.5	4.2	4.4	5.2	5.5	4.7	4.5
CCCCCCTCCGCC__0.446516248589393__23	5.2	5.2	5.2	5.2	5.2	4.5	4.4	5.2	5.5	4.7	5.2
AGCAAGTCCGCT__0.444654581554804__14	4.5	4.7	6.5	3.9	4.5	4.2	4.4	5.2	5.5	4.7	4.5
ACGGCGTCCGCA__0.444449769051481__15	4.2	5.5	5.2	4.7	5.5	4.2	4.4	5.2	5.5	4.7	6.5
CCTACGTCCGCG__0.444226447876947__16	5.2	4.5	5.5	4.2	5.5	4.2	4.4	5.2	5.5	4.7	5.5
ACTGCGTCCGCA__0.444017844372315__18	4.2	4.5	6.5	4.7	5.5	4.2	4.4	5.2	5.5	4.7	6.5
CCTCCCTCCCCA__0.443886013397167__28	5.2	4.5	4.4	5.2	5.2	4.5	4.4	5.2	5.2	5.2	6.5
AGTACGTCCGCG__0.4432593455973__17	4.5	4.2	5.5	4.2	5.5	4.2	4.4	5.2	5.5	4.7	5.5
CTGCGGTCCGCG__0.443158169993512__20	4.5	6.5	4.7	5.5	5.2	4.2	4.4	5.2	5.5	4.7	5.5
ACTGCGTCCGCC__0.442744151843071__18	4.2	4.5	6.5	4.7	5.5	4.2	4.4	5.2	5.5	4.7	5.2
GCGGCGTCCGCG__0.44257729630413__18	4.7	5.5	5.2	4.7	5.5	4.2	4.4	5.2	5.5	4.7	5.5
CACCCATCCTCC__0.442533844566278__17	6.5	4.2	5.2	5.2	6.5	4.5	4.4	5.2	4.5	4.4	5.2
GTCACGTCCGCT__0.442285174439417__17	4.2	4.4	6.5	4.2	5.5	4.2	4.4	5.2	5.5	4.7	4.5
CACCCCTCCCCT__0.440801546738052__19	6.5	4.2	5.2	5.2	5.2	4.5	4.4	5.2	5.2	5.2	4.5
ACCAGGTCCGCG__0.440579104888819__15	4.2	5.2	6.5	4.5	5.2	4.2	4.4	5.2	5.5	4.7	5.5
ACCAGGTCCGCT__0.440528164559084__14	4.2	5.2	6.5	4.5	5.2	4.2	4.4	5.2	5.5	4.7	4.5
CTAGCGTCCGCC__0.440527898174145__17	4.5	5.5	4.5	4.7	5.5	4.2	4.4	5.2	5.5	4.7	5.2
CCCCCGTCCCTC__0.440340183083476__15	5.2	5.2	5.2	5.2	5.5	4.2	4.4	5.2	5.2	4.5	4.4
GGGGGGTGCGGG__0.44027983760872__32	5.2	5.2	5.2	5.2	5.2	4.2	6.5	4.7	5.5	5.2	5.2
CTAACGTCCGCA__0.440116866663402__16	4.5	5.5	3.9	4.2	5.5	4.2	4.4	5.2	5.5	4.7	6.5
TTCGCGTCCGCG__0.43981567193416__26	3.9	4.4	5.5	4.7	5.5	4.2	4.4	5.2	5.5	4.7	5.5
GCCACGTCCGCC__0.439174709941878__15	4.7	5.2	6.5	4.2	5.5	4.2	4.4	5.2	5.5	4.7	5.2
TGAACGTCCGCA__0.438912593983394__16	6.5	4.4	3.9	4.2	5.5	4.2	4.4	5.2	5.5	4.7	6.5
TTTCCCTCCCCC__0.438877246305777__35	3.9	3.9	4.4	5.2	5.2	4.5	4.4	5.2	5.2	5.2	5.2
CGTACGTCCGCG__0.438543073351838__16	5.5	4.2	5.5	4.2	5.5	4.2	4.4	5.2	5.5	4.7	5.5
TCTCCCTCCCCC__0.438439273628956__29	4.4	4.5	4.4	5.2	5.2	4.5	4.4	5.2	5.2	5.2	5.2
TCCGCGTCCGCG__0.437981434046287__19	4.4	5.2	5.5	4.7	5.5	4.2	4.4	5.2	5.5	4.7	5.5
CTCCCCTCCCCA__0.437908884243028__27	4.5	4.4	5.2	5.2	5.2	4.5	4.4	5.2	5.2	5.2	6.5
CCGGCGTCCGCT__0.436615121969047__13	5.2	5.5	5.2	4.7	5.5	4.2	4.4	5.2	5.5	4.7	4.5
CTCACGTCCGCG__0.436537415175776__15	4.5	4.4	6.5	4.2	5.5	4.2	4.4	5.2	5.5	4.7	5.5
CCCCCACCCGCC__0.436437739742331__24	5.2	5.2	5.2	5.2	6.5	4.2	5.2	5.2	5.5	4.7	5.2
TTCCCTTCCCCT__0.436019389369649__24	3.9	4.4	5.2	5.2	4.5	3.9	4.4	5.2	5.2	5.2	4.5
CTTCCCTCCCCT__0.435666516304546__23	4.5	3.9	4.4	5.2	5.2	4.5	4.4	5.2	5.2	5.2	4.5
TGAGCGTCCGCA__0.435031440868863__16	6.5	4.4	4.5	4.7	5.5	4.2	4.4	5.2	5.5	4.7	6.5
GTAACGTCCGCC__0.434776622061469__17	4.2	5.5	3.9	4.2	5.5	4.2	4.4	5.2	5.5	4.7	5.2
CAAACGTCCGCT__0.434723043647778__12	6.5	3.9	3.9	4.2	5.5	4.2	4.4	5.2	5.5	4.7	4.5
GGAACGTCCGCT__0.434680832221305__14	5.2	4.4	3.9	4.2	5.5	4.2	4.4	5.2	5.5	4.7	4.5
ACACCGTCCGCT__0.433815619449499__11	4.2	6.5	4.2	5.2	5.5	4.2	4.4	5.2	5.5	4.7	4.5
CACCCTTCCCCT__0.433558234146542__15	6.5	4.2	5.2	5.2	4.5	3.9	4.4	5.2	5.2	5.2	4.5
CTCACTTCCCCC__0.433358878197787__22	4.5	4.4	6.5	4.2	4.5	3.9	4.4	5.2	5.2	5.2	5.2
ACAAGGTCCGCA__0.433348846328151__15	4.2	6.5	3.9	4.5	5.2	4.2	4.4	5.2	5.5	4.7	6.5
AGCAGGTCCGCT__0.432585584077089__16	4.5	4.7	6.5	4.5	5.2	4.2	4.4	5.2	5.5	4.7	4.5
ATGCGGTCCGCG__0.431762159654865__19	4.5	6.5	4.7	5.5	5.2	4.2	4.4	5.2	5.5	4.7	5.5
TTACGGTCCGCG__0.431664425895875__20	3.9	5.5	4.2	5.5	5.2	4.2	4.4	5.2	5.5	4.7	5.5
CCTGCGTCCGCA__0.431349987266502__17	5.2	4.5	6.5	4.7	5.5	4.2	4.4	5.2	5.5	4.7	6.5
CCCCCGTCCCTT__0.431158116901128__13	5.2	5.2	5.2	5.2	5.5	4.2	4.4	5.2	5.2	4.5	3.9
CCCCCGACCTCC__0.431093249481182__13	5.2	5.2	5.2	5.2	5.5	4.4	4.2	5.2	4.5	4.4	5.2
TCACGGTCCGCC__0.43089853052285__18	4.4	6.5	4.2	5.5	5.2	4.2	4.4	5.2	5.5	4.7	5.2
CCCACATCCCCT__0.430683602089204__16	5.2	5.2	6.5	4.2	6.5	4.5	4.4	5.2	5.2	5.2	4.5
ACCCGGTCCGCT__0.430012774463061__12	4.2	5.2	5.2	5.5	5.2	4.2	4.4	5.2	5.5	4.7	4.5
TCCCCCTCCCCG__0.429633434068855__21	4.4	5.2	5.2	5.2	5.2	4.5	4.4	5.2	5.2	5.2	5.5
TCCCCGCCCCCT__0.429554266747538__21	4.4	5.2	5.2	5.2	5.5	4.7	5.2	5.2	5.2	5.2	4.5
CAACCCTCCCCC__0.429455191804498__23	6.5	3.9	4.2	5.2	5.2	4.5	4.4	5.2	5.2	5.2	5.2
AACACGTCCGCT__0.429209419804419__11	3.9	4.2	6.5	4.2	5.5	4.2	4.4	5.2	5.5	4.7	4.5
ACTCGGTCCGCC__0.429036267618937__16	4.2	4.5	4.4	5.5	5.2	4.2	4.4	5.2	5.5	4.7	5.2
AAAGCGTCCGCT__0.42900487679099__11	3.9	3.9	4.5	4.7	5.5	4.2	4.4	5.2	5.5	4.7	4.5
ACAACGTCCGTT__0.428520004629726__11	4.2	6.5	3.9	4.2	5.5	4.2	4.4	5.2	5.5	4.2	3.9
AGAACGTCCGCC__0.428370724464983__12	4.5	4.4	3.9	4.2	5.5	4.2	4.4	5.2	5.5	4.7	5.2
CCCCCCTCCACT__0.428358816932622__19	5.2	5.2	5.2	5.2	5.2	4.5	4.4	5.2	6.5	4.2	4.5
CTGACGTCCGCG__0.428312214655615__12	4.5	6.5	4.4	4.2	5.5	4.2	4.4	5.2	5.5	4.7	5.5
CCCCCCTCCTCA__0.428031632807009__17	5.2	5.2	5.2	5.2	5.2	4.5	4.4	5.2	4.5	4.4	6.5
AGTGCGTCCGCT__0.428019548405517__17	4.5	4.2	6.5	4.7	5.5	4.2	4.4	5.2	5.5	4.7	4.5
AACGGGTCCGCG__0.427989090527897__15	3.9	4.2	5.5	5.2	5.2	4.2	4.4	5.2	5.5	4.7	5.5
GCACCGTCCGCG__0.427095999085188__13	4.7	6.5	4.2	5.2	5.5	4.2	4.4	5.2	5.5	4.7	5.5
CGCCCTTCCCCC__0.426685373389162__20	5.5	4.7	5.2	5.2	4.5	3.9	4.4	5.2	5.2	5.2	5.2
TCCACGTCCGCA__0.426377856617575__15	4.4	5.2	6.5	4.2	5.5	4.2	4.4	5.2	5.5	4.7	6.5
CATCCCTCCCCC__0.426094670177834__25	6.5	4.5	4.4	5.2	5.2	4.5	4.4	5.2	5.2	5.2	5.2
TCCACGTCCGCC__0.425364404686466__15	4.4	5.2	6.5	4.2	5.5	4.2	4.4	5.2	5.5	4.7	5.2
TCCCCCCCCGCC__0.425087337105211__30	4.4	5.2	5.2	5.2	5.2	5.2	5.2	5.2	5.5	4.7	5.2
ATTGCGTCCGCA__0.425043510230617__20	4.5	3.9	6.5	4.7	5.5	4.2	4.4	5.2	5.5	4.7	6.5
CACGCGTCCGCT__0.424982699218136__15	6.5	4.2	5.5	4.7	5.5	4.2	4.4	5.2	5.5	4.7	4.5
CCCTGTTCCCCC__0.424924846963351__21	5.2	5.2	4.5	6.5	4.2	3.9	4.4	5.2	5.2	5.2	5.2
TGCGCGTCCGCA__0.424906400675671__22	6.5	4.7	5.5	4.7	5.5	4.2	4.4	5.2	5.5	4.7	6.5
GCCGCGTCCGCA__0.424646488449514__16	4.7	5.2	5.5	4.7	5.5	4.2	4.4	5.2	5.5	4.7	6.5
TAAACGTCCGCT__0.423773051536893__13	5.5	3.9	3.9	4.2	5.5	4.2	4.4	5.2	5.5	4.7	4.5
CCCACGCCCCCT__0.423257816720217__16	5.2	5.2	6.5	4.2	5.5	4.7	5.2	5.2	5.2	5.2	4.5
CTCCCCTCCTCT__0.423046466207754__14	4.5	4.4	5.2	5.2	5.2	4.5	4.4	5.2	4.5	4.4	4.5
AATGCGTCCGCG__0.422944358569344__15	3.9	4.5	6.5	4.7	5.5	4.2	4.4	5.2	5.5	4.7	5.5
CCACCATCCCCC__0.422591094939359__19	5.2	6.5	4.2	5.2	6.5	4.5	4.4	5.2	5.2	5.2	5.2
AACACGTCCGCA__0.422512613635103__12	3.9	4.2	6.5	4.2	5.5	4.2	4.4	5.2	5.5	4.7	6.5
ACACCGTCCGCG__0.422423307317214__11	4.2	6.5	4.2	5.2	5.5	4.2	4.4	5.2	5.5	4.7	5.5
GCGCGGTCCGCT__0.422276648664777__18	4.7	5.5	4.7	5.5	5.2	4.2	4.4	5.2	5.5	4.7	4.5
CTACCCTCCCCC__0.42208349182311__23	4.5	5.5	4.2	5.2	5.2	4.5	4.4	5.2	5.2	5.2	5.2
ACAGGGTCCGCG__0.422044722054312__14	4.2	6.5	4.5	5.2	5.2	4.2	4.4	5.2	5.5	4.7	5.5
GGCGCGTCCGCT__0.422018776021881__18	5.2	4.7	5.5	4.7	5.5	4.2	4.4	5.2	5.5	4.7	4.5
AGAAGGTCCGCG__0.421932369512184__13	4.5	4.4	3.9	4.5	5.2	4.2	4.4	5.2	5.5	4.7	5.5
AAGGCGTCCGCG__0.421203353639216__12	3.9	4.5	5.2	4.7	5.5	4.2	4.4	5.2	5.5	4.7	5.5
CCACCGTCCGCT__0.421014574992847__10	5.2	6.5	4.2	5.2	5.5	4.2	4.4	5.2	5.5	4.7	4.5
TCACCCTCCCCC__0.420838468735115__23	4.4	6.5	4.2	5.2	5.2	4.5	4.4	5.2	5.2	5.2	5.2
CCCTCGCCCCCC__0.420792620091251__24	5.2	5.2	4.5	4.4	5.5	4.7	5.2	5.2	5.2	5.2	5.2
ACAAGGTCCGCT__0.420300655222487__12	4.2	6.5	3.9	4.5	5.2	4.2	4.4	5.2	5.5	4.7	4.5
GCTACGTCCGCT__0.419812149379432__15	4.7	4.5	5.5	4.2	5.5	4.2	4.4	5.2	5.5	4.7	4.5
ATGACGTCCGCT__0.419372006761493__11	4.5	6.5	4.4	4.2	5.5	4.2	4.4	5.2	5.5	4.7	4.5
CCACCCTCCCCG__0.419192667557376__16	5.2	6.5	4.2	5.2	5.2	4.5	4.4	5.2	5.2	5.2	5.5
GACGCGTCCGCG__0.418897862703231__13	4.4	4.2	5.5	4.7	5.5	4.2	4.4	5.2	5.5	4.7	5.5
ACCCGGTCCGCG__0.418770363906192__12	4.2	5.2	5.2	5.5	5.2	4.2	4.4	5.2	5.5	4.7	5.5
AGAGCGTCCGCT__0.418692507486652__10	4.5	4.4	4.5	4.7	5.5	4.2	4.4	5.2	5.5	4.7	4.5
TACACGTCCGCG__0.418662843796339__13	5.5	4.2	6.5	4.2	5.5	4.2	4.4	5.2	5.5	4.7	5.5
CAAAGGTCCGCG__0.418604435195141__13	6.5	3.9	3.9	4.5	5.2	4.2	4.4	5.2	5.5	4.7	5.5
ACCACGTCCGTG__0.418583734717028__10	4.2	5.2	6.5	4.2	5.5	4.2	4.4	5.2	5.5	4.2	6.5
CGTGCGTCCGCG__0.418528881137527__17	5.5	4.2	6.5	4.7	5.5	4.2	4.4	5.2	5.5	4.7	5.5
TAAACGTCCGCC__0.418104157445998__14	5.5	3.9	3.9	4.2	5.5	4.2	4.4	5.2	5.5	4.7	5.2
AAACCCTCCCCC__0.418038511277058__20	3.9	3.9	4.2	5.2	5.2	4.5	4.4	5.2	5.2	5.2	5.2
CCTACGTCCGCA__0.41743837221014__14	5.2	4.5	5.5	4.2	5.5	4.2	4.4	5.2	5.5	4.7	6.5
TTCCCTTCCCCC__0.417386845927756__24	3.9	4.4	5.2	5.2	4.5	3.9	4.4	5.2	5.2	5.2	5.2
CCCCCTACCGCC__0.417225928768331__15	5.2	5.2	5.2	5.2	4.5	5.5	4.2	5.2	5.5	4.7	5.2
CTCGCGTCCGCG__0.416836052194807__17	4.5	4.4	5.5	4.7	5.5	4.2	4.4	5.2	5.5	4.7	5.5
CACCCATCCCCT__0.416683115502496__15	6.5	4.2	5.2	5.2	6.5	4.5	4.4	5.2	5.2	5.2	4.5
TACGCGTCCGCT__0.416609713218609__17	5.5	4.2	5.5	4.7	5.5	4.2	4.4	5.2	5.5	4.7	4.5
TCCCCATCCCCT__0.416542290220582__17	4.4	5.2	5.2	5.2	6.5	4.5	4.4	5.2	5.2	5.2	4.5
CTTGCGTCCGCG__0.416388899205036__17	4.5	3.9	6.5	4.7	5.5	4.2	4.4	5.2	5.5	4.7	5.5
CCCCAGTCCCCC__0.416124158863425__15	5.2	5.2	5.2	6.5	4.5	4.2	4.4	5.2	5.2	5.2	5.2
CGAGCGTCCGCG__0.415716871782066__10	5.5	4.4	4.5	4.7	5.5	4.2	4.4	5.2	5.5	4.7	5.5
ACCCCGCCCCCT__0.415683273443505__17	4.2	5.2	5.2	5.2	5.5	4.7	5.2	5.2	5.2	5.2	4.5
CCCACGCCCCCC__0.415367737320635__21	5.2	5.2	6.5	4.2	5.5	4.7	5.2	5.2	5.2	5.2	5.2
CCCCAGTCCCCT__0.415011720865052__12	5.2	5.2	5.2	6.5	4.5	4.2	4.4	5.2	5.2	5.2	4.5
TCACCGTCCGCG__0.414804151500749__13	4.4	6.5	4.2	5.2	5.5	4.2	4.4	5.2	5.5	4.7	5.5
GGCACGTCCGCG__0.414800547058486__14	5.2	4.7	6.5	4.2	5.5	4.2	4.4	5.2	5.5	4.7	5.5
AAAACGTCCGCA__0.414682644327599__11	3.9	3.9	3.9	4.2	5.5	4.2	4.4	5.2	5.5	4.7	6.5
CGCGCGTCCGCC__0.414459322681638__19	5.5	4.7	5.5	4.7	5.5	4.2	4.4	5.2	5.5	4.7	5.2
TTCACGTCCGCG__0.414374417499512__17	3.9	4.4	6.5	4.2	5.5	4.2	4.4	5.2	5.5	4.7	5.5
ACACCGTCCGCA__0.414357976956811__11	4.2	6.5	4.2	5.2	5.5	4.2	4.4	5.2	5.5	4.7	6.5
CACCCCTCCTCC__0.414238571327534__14	6.5	4.2	5.2	5.2	5.2	4.5	4.4	5.2	4.5	4.4	5.2
CCTCCCTCCTCT__0.414043906507144__13	5.2	4.5	4.4	5.2	5.2	4.5	4.4	5.2	4.5	4.4	4.5
CTGACGTCCGCT__0.413463337805577__10	4.5	6.5	4.4	4.2	5.5	4.2	4.4	5.2	5.5	4.7	4.5
CCACGGTCCGCC__0.412954630755903__13	5.2	6.5	4.2	5.5	5.2	4.2	4.4	5.2	5.5	4.7	5.2
ATTGAGTCCGCG__0.412469861138523__14	4.5	3.9	6.5	4.4	4.5	4.2	4.4	5.2	5.5	4.7	5.5
CACCCATCCCCC__0.412295652900429__19	6.5	4.2	5.2	5.2	6.5	4.5	4.4	5.2	5.2	5.2	5.2
TCCCCTTCCCCA__0.411990872133667__19	4.4	5.2	5.2	5.2	4.5	3.9	4.4	5.2	5.2	5.2	6.5
CCCCCCTCAGCC__0.411840762943646__16	5.2	5.2	5.2	5.2	5.2	4.5	4.4	6.5	4.5	4.7	5.2
TTCGGGTCCGCG__0.411713995769246__21	3.9	4.4	5.5	5.2	5.2	4.2	4.4	5.2	5.5	4.7	5.5
TCGACGTCCGCA__0.411345358591598__11	4.4	5.5	4.4	4.2	5.5	4.2	4.4	5.2	5.5	4.7	6.5
CCCCCCTCTGCC__0.41108289979971__14	5.2	5.2	5.2	5.2	5.2	4.5	4.4	4.5	6.5	4.7	5.2
ACTAGGTCCGCT__0.410924879798105__13	4.2	4.5	5.5	4.5	5.2	4.2	4.4	5.2	5.5	4.7	4.5
AACACGTCCGCC__0.410672123516754__11	3.9	4.2	6.5	4.2	5.5	4.2	4.4	5.2	5.5	4.7	5.2
GTAGCGTCCGCT__0.410594702576608__14	4.2	5.5	4.5	4.7	5.5	4.2	4.4	5.2	5.5	4.7	4.5
CCCCGATCCCCC__0.410546345721211__16	5.2	5.2	5.2	5.5	4.4	4.5	4.4	5.2	5.2	5.2	5.2
ACTACGTCCGCA__0.410469642904943__13	4.2	4.5	5.5	4.2	5.5	4.2	4.4	5.2	5.5	4.7	6.5
CGAAGGTCCGCG__0.41039363698857__12	5.5	4.4	3.9	4.5	5.2	4.2	4.4	5.2	5.5	4.7	5.5
AACCCCTCCCCT__0.41010248551846__15	3.9	4.2	5.2	5.2	5.2	4.5	4.4	5.2	5.2	5.2	4.5
TTCGCGTCCGCA__0.409932194496214__22	3.9	4.4	5.5	4.7	5.5	4.2	4.4	5.2	5.5	4.7	6.5
CACCCCTCCTCT__0.409917968575778__11	6.5	4.2	5.2	5.2	5.2	4.5	4.4	5.2	4.5	4.4	4.5
ATCACGTCCGCA__0.40971664156425__13	4.5	4.4	6.5	4.2	5.5	4.2	4.4	5.2	5.5	4.7	6.5
CCCGCCTCCCCC__0.409698349254477__19	5.2	5.2	5.5	4.7	5.2	4.5	4.4	5.2	5.2	5.2	5.2
CCACCGTCCGCG__0.409507490346297__10	5.2	6.5	4.2	5.2	5.5	4.2	4.4	5.2	5.5	4.7	5.5
TACCCTTCCCCC__0.409132078064858__18	5.5	4.2	5.2	5.2	4.5	3.9	4.4	5.2	5.2	5.2	5.2
AACAGGTCCGCG__0.4086471203918__12	3.9	4.2	6.5	4.5	5.2	4.2	4.4	5.2	5.5	4.7	5.5
GCACCGTCCGCA__0.408477144104213__12	4.7	6.5	4.2	5.2	5.5	4.2	4.4	5.2	5.5	4.7	6.5
CCTCCCTCCTCC__0.408324292837141__15	5.2	4.5	4.4	5.2	5.2	4.5	4.4	5.2	4.5	4.4	5.2
CCCCCGTCCCAC__0.407913697336494__16	5.2	5.2	5.2	5.2	5.5	4.2	4.4	5.2	5.2	6.5	4.2
CCCCCGTCCCAT__0.407778655662081__13	5.2	5.2	5.2	5.2	5.5	4.2	4.4	5.2	5.2	6.5	4.5
CCTTCTTCCCCC__0.407761898538479__21	5.2	4.5	3.9	4.4	4.5	3.9	4.4	5.2	5.2	5.2	5.2
CGACGGTCCGCT__0.407621606751525__9	5.5	4.4	4.2	5.5	5.2	4.2	4.4	5.2	5.5	4.7	4.5
CCTACCTCCCCC__0.40761213619138__19	5.2	4.5	5.5	4.2	5.2	4.5	4.4	5.2	5.2	5.2	5.2
CTCTCTTCCCCC__0.407314299071861__19	4.5	4.4	4.5	4.4	4.5	3.9	4.4	5.2	5.2	5.2	5.2
GAAACGTCCGCG__0.407096351699261__10	4.4	3.9	3.9	4.2	5.5	4.2	4.4	5.2	5.5	4.7	5.5
ACCACCTCCCCA__0.40682586533019__18	4.2	5.2	6.5	4.2	5.2	4.5	4.4	5.2	5.2	5.2	6.5
ACCCCCTCCTCC__0.406517825270989__13	4.2	5.2	5.2	5.2	5.2	4.5	4.4	5.2	4.5	4.4	5.2
CCCCCGCCCCCA__0.406484293021487__23	5.2	5.2	5.2	5.2	5.5	4.7	5.2	5.2	5.2	5.2	6.5
CTTCCTTCCCCT__0.406383973282164__18	4.5	3.9	4.4	5.2	4.5	3.9	4.4	5.2	5.2	5.2	4.5
AGCGCGTCCGCA__0.406142122045376__15	4.5	4.7	5.5	4.7	5.5	4.2	4.4	5.2	5.5	4.7	6.5
TTCGCGTCCGCT__0.406104063839087__20	3.9	4.4	5.5	4.7	5.5	4.2	4.4	5.2	5.5	4.7	4.5
CATCCCTCCCCT__0.406077589896902__17	6.5	4.5	4.4	5.2	5.2	4.5	4.4	5.2	5.2	5.2	4.5
TTTTCCTCCCCC__0.406039157745433__33	3.9	3.9	3.9	4.4	5.2	4.5	4.4	5.2	5.2	5.2	5.2
CCTCCCTCCACC__0.405921741349344__20	5.2	4.5	4.4	5.2	5.2	4.5	4.4	5.2	6.5	4.2	5.2
ATCGGGTCCGCG__0.405710970653634__15	4.5	4.4	5.5	5.2	5.2	4.2	4.4	5.2	5.5	4.7	5.5
ACCCCCCCCGCC__0.405590292177159__23	4.2	5.2	5.2	5.2	5.2	5.2	5.2	5.2	5.5	4.7	5.2
TTAACGTCCGCA__0.405439299499311__16	3.9	5.5	3.9	4.2	5.5	4.2	4.4	5.2	5.5	4.7	6.5
GCGACGTCCGCC__0.405403061583253__10	4.7	5.5	4.4	4.2	5.5	4.2	4.4	5.2	5.5	4.7	5.2
GTCGCGTCCGCT__0.4052206348357__16	4.2	4.4	5.5	4.7	5.5	4.2	4.4	5.2	5.5	4.7	4.5
CCCGCCTCCCCT__0.405071955321857__14	5.2	5.2	5.5	4.7	5.2	4.5	4.4	5.2	5.2	5.2	4.5
ACTCGGTCCGCT__0.40483621569372__12	4.2	4.5	4.4	5.5	5.2	4.2	4.4	5.2	5.5	4.7	4.5
TCTGCGTCCGCT__0.404144099445347__15	4.4	4.5	6.5	4.7	5.5	4.2	4.4	5.2	5.5	4.7	4.5
CCCCGTTCCCCT__0.404007922473628__14	5.2	5.2	5.2	5.5	4.2	3.9	4.4	5.2	5.2	5.2	4.5
ACAACGTCCGGC__0.403700227619014__9	4.2	6.5	3.9	4.2	5.5	4.2	4.4	5.2	5.5	5.2	4.7
CCACCGCCCCCC__0.403334880900031__20	5.2	6.5	4.2	5.2	5.5	4.7	5.2	5.2	5.2	5.2	5.2
CTTCGGTCCGCG__0.403180139014373__17	4.5	3.9	4.4	5.5	5.2	4.2	4.4	5.2	5.5	4.7	5.5
ACAAAGTCCGCG__0.403062473269507__10	4.2	6.5	3.9	3.9	4.5	4.2	4.4	5.2	5.5	4.7	5.5
ACGCGGTCCGCA__0.402979447200459__14	4.2	5.5	4.7	5.5	5.2	4.2	4.4	5.2	5.5	4.7	6.5
ATCCCCTCCCCT__0.40267074853974__16	4.5	4.4	5.2	5.2	5.2	4.5	4.4	5.2	5.2	5.2	4.5
TACGCGTCCGCG__0.402666464366593__16	5.5	4.2	5.5	4.7	5.5	4.2	4.4	5.2	5.5	4.7	5.5
CCCACTTCCCCT__0.40244401067338__12	5.2	5.2	6.5	4.2	4.5	3.9	4.4	5.2	5.2	5.2	4.5
AACCCGCCCCCC__0.402429689247891__20	3.9	4.2	5.2	5.2	5.5	4.7	5.2	5.2	5.2	5.2	5.2
TCCGCGTCCGCT__0.402252225355512__14	4.4	5.2	5.5	4.7	5.5	4.2	4.4	5.2	5.5	4.7	4.5
CACCCCCCCGCT__0.402167891484319__18	6.5	4.2	5.2	5.2	5.2	5.2	5.2	5.2	5.5	4.7	4.5
CCACCGTCCGCC__0.4021314494392__10	5.2	6.5	4.2	5.2	5.5	4.2	4.4	5.2	5.5	4.7	5.2
ACACCGTCCGCC__0.401777910599901__10	4.2	6.5	4.2	5.2	5.5	4.2	4.4	5.2	5.5	4.7	5.2
CCCCCCTACGCC__0.401701284543202__15	5.2	5.2	5.2	5.2	5.2	4.5	5.5	4.2	5.5	4.7	5.2
CCCGCGTCCGCC__0.401538065303688__13	5.2	5.2	5.5	4.7	5.5	4.2	4.4	5.2	5.5	4.7	5.2
CCCCGCTCCCCC__0.401514783064225__18	5.2	5.2	5.2	5.5	4.7	4.5	4.4	5.2	5.2	5.2	5.2
CCCTCATCCCCT__0.401384874804152__15	5.2	5.2	4.5	4.4	6.5	4.5	4.4	5.2	5.2	5.2	4.5
CCCCCTTCCCCG__0.401384737425708__13	5.2	5.2	5.2	5.2	4.5	3.9	4.4	5.2	5.2	5.2	5.5
TGAGCGTCCGCG__0.401259693805354__12	6.5	4.4	4.5	4.7	5.5	4.2	4.4	5.2	5.5	4.7	5.5
GGGGGGTCGGGG__0.400532395762615__21	5.2	5.2	5.2	5.2	5.2	4.2	4.4	5.5	5.2	5.2	5.2
TACACGTCCGCA__0.40049844535707__12	5.5	4.2	6.5	4.2	5.5	4.2	4.4	5.2	5.5	4.7	6.5
AACCCCCCCGCC__0.400449453054314__21	3.9	4.2	5.2	5.2	5.2	5.2	5.2	5.2	5.5	4.7	5.2
CTCTCCTCCCCC__0.400199970491249__21	4.5	4.4	4.5	4.4	5.2	4.5	4.4	5.2	5.2	5.2	5.2
ACCCCGTCCCCC__0.400157617835753__13	4.2	5.2	5.2	5.2	5.5	4.2	4.4	5.2	5.2	5.2	5.2
CACACCTCCCCT__0.399852370694113__13	6.5	4.2	6.5	4.2	5.2	4.5	4.4	5.2	5.2	5.2	4.5
ACAGCGTCCGGG__0.399830327192153__9	4.2	6.5	4.5	4.7	5.5	4.2	4.4	5.2	5.5	5.2	5.2
ATCGCGTCCGCC__0.39965611489268__15	4.5	4.4	5.5	4.7	5.5	4.2	4.4	5.2	5.5	4.7	5.2
CACGCGTCCGCC__0.399615317215719__14	6.5	4.2	5.5	4.7	5.5	4.2	4.4	5.2	5.5	4.7	5.2
CCCCCGTTCCCT__0.399586799911347__11	5.2	5.2	5.2	5.2	5.5	4.2	3.9	4.4	5.2	5.2	4.5
GCACCGTCCGCT__0.399545621437621__10	4.7	6.5	4.2	5.2	5.5	4.2	4.4	5.2	5.5	4.7	4.5
AACGCGTCCGCT__0.399524922254206__12	3.9	4.2	5.5	4.7	5.5	4.2	4.4	5.2	5.5	4.7	4.5
GTAACGTCCGCA__0.398974070361475__13	4.2	5.5	3.9	4.2	5.5	4.2	4.4	5.2	5.5	4.7	6.5
TCGACGTCCGCC__0.398685756248292__10	4.4	5.5	4.4	4.2	5.5	4.2	4.4	5.2	5.5	4.7	5.2
ACAACGTCCGTG__0.398542664029614__9	4.2	6.5	3.9	4.2	5.5	4.2	4.4	5.2	5.5	4.2	6.5
CTCCCGTCCCCC__0.398523290147453__14	4.5	4.4	5.2	5.2	5.5	4.2	4.4	5.2	5.2	5.2	5.2
GCCCCATCCCCC__0.398518686630048__18	4.7	5.2	5.2	5.2	6.5	4.5	4.4	5.2	5.2	5.2	5.2
GTAGCGTCCGCC__0.398442959184676__14	4.2	5.5	4.5	4.7	5.5	4.2	4.4	5.2	5.5	4.7	5.2
CTCCCCTCCACC__0.398411002291192__19	4.5	4.4	5.2	5.2	5.2	4.5	4.4	5.2	6.5	4.2	5.2
ATTCGGTCCGCG__0.398339523916834__16	4.5	3.9	4.4	5.5	5.2	4.2	4.4	5.2	5.5	4.7	5.5
CTTTCTTCCCCC__0.398322621544972__25	4.5	3.9	3.9	4.4	4.5	3.9	4.4	5.2	5.2	5.2	5.2
CGCAGGTCCGCT__0.398277125249771__13	5.5	4.7	6.5	4.5	5.2	4.2	4.4	5.2	5.5	4.7	4.5
TTAGCGTCCGCA__0.398207493935193__16	3.9	5.5	4.5	4.7	5.5	4.2	4.4	5.2	5.5	4.7	6.5
CACACTTCCCCC__0.397935374420703__15	6.5	4.2	6.5	4.2	4.5	3.9	4.4	5.2	5.2	5.2	5.2
AGAGCGTCCGCG__0.397899422090045__9	4.5	4.4	4.5	4.7	5.5	4.2	4.4	5.2	5.5	4.7	5.5
CCGCCCTCCTCC__0.397713367490678__13	5.2	5.5	4.7	5.2	5.2	4.5	4.4	5.2	4.5	4.4	5.2
TTTCCCTCCCCT__0.397537833892581__22	3.9	3.9	4.4	5.2	5.2	4.5	4.4	5.2	5.2	5.2	4.5
ATGACGTCCGCG__0.397101551700195__10	4.5	6.5	4.4	4.2	5.5	4.2	4.4	5.2	5.5	4.7	5.5
AGGACGTCCGCT__0.397087150644332__9	4.5	5.2	4.4	4.2	5.5	4.2	4.4	5.2	5.5	4.7	4.5
GCCACGTCCGCA__0.396541368424895__11	4.7	5.2	6.5	4.2	5.5	4.2	4.4	5.2	5.5	4.7	6.5
CACAGGTCCGCT__0.395815024574975__11	6.5	4.2	6.5	4.5	5.2	4.2	4.4	5.2	5.5	4.7	4.5
GCCGCGTCCGCC__0.395776391698299__13	4.7	5.2	5.5	4.7	5.5	4.2	4.4	5.2	5.5	4.7	5.2
ACGAGGTCCGCG__0.395232414872655__10	4.2	5.5	4.4	4.5	5.2	4.2	4.4	5.2	5.5	4.7	5.5
TACCCCTCCCCT__0.395168060612155__15	5.5	4.2	5.2	5.2	5.2	4.5	4.4	5.2	5.2	5.2	4.5
TGGACGTCCGCG__0.395063039945779__12	6.5	5.2	4.4	4.2	5.5	4.2	4.4	5.2	5.5	4.7	5.5
CTCCCTTCCCCA__0.394593014885871__16	4.5	4.4	5.2	5.2	4.5	3.9	4.4	5.2	5.2	5.2	6.5
CCCCGCTCCCCT__0.394591478627037__13	5.2	5.2	5.2	5.5	4.7	4.5	4.4	5.2	5.2	5.2	4.5
CCCCCGCCCACC__0.394189620103743__20	5.2	5.2	5.2	5.2	5.5	4.7	5.2	5.2	6.5	4.2	5.2
TCCCCCTCCACC__0.393939782473463__19	4.4	5.2	5.2	5.2	5.2	4.5	4.4	5.2	6.5	4.2	5.2
CCCCCCACCGCC__0.393826165995228__18	5.2	5.2	5.2	5.2	5.2	6.5	4.2	5.2	5.5	4.7	5.2
CCACGGTCCGTG__0.39380859412947__10	5.2	6.5	4.2	5.5	5.2	4.2	4.4	5.2	5.5	4.2	6.5
ACCCCGCCCCCA__0.393677504900445__20	4.2	5.2	5.2	5.2	5.5	4.7	5.2	5.2	5.2	5.2	6.5
CACTCTTCCCCC__0.393423823995391__14	6.5	4.2	4.5	4.4	4.5	3.9	4.4	5.2	5.2	5.2	5.2
CCACCTTCCCCT__0.393201490040068__11	5.2	6.5	4.2	5.2	4.5	3.9	4.4	5.2	5.2	5.2	4.5
CTCCCGCCCCCC__0.393072690113421__20	4.5	4.4	5.2	5.2	5.5	4.7	5.2	5.2	5.2	5.2	5.2
CCACCGTCCCCA__0.393010105181334__12	5.2	6.5	4.2	5.2	5.5	4.2	4.4	5.2	5.2	5.2	6.5
CCAACCTCCCCT__0.39282286238789__12	5.2	6.5	3.9	4.2	5.2	4.5	4.4	5.2	5.2	5.2	4.5
CAACCCTCCTCC__0.392810268861272__12	6.5	3.9	4.2	5.2	5.2	4.5	4.4	5.2	4.5	4.4	5.2
ACCACCTCCCCC__0.392778042115137__16	4.2	5.2	6.5	4.2	5.2	4.5	4.4	5.2	5.2	5.2	5.2
AATCCCTCCCCC__0.392616915822597__18	3.9	4.5	4.4	5.2	5.2	4.5	4.4	5.2	5.2	5.2	5.2
CCAAGGTCCGCG__0.392535303682664__11	5.2	6.5	3.9	4.5	5.2	4.2	4.4	5.2	5.5	4.7	5.5
GCAACGTCCGTT__0.392178278721008__10	4.7	6.5	3.9	4.2	5.5	4.2	4.4	5.2	5.5	4.2	3.9
TCCCCCTCCCCA__0.392078437712713__20	4.4	5.2	5.2	5.2	5.2	4.5	4.4	5.2	5.2	5.2	6.5
TCCCTGTCCCCC__0.392044554630222__17	4.4	5.2	5.2	4.5	6.5	4.2	4.4	5.2	5.2	5.2	5.2
AGCCCCTCCCCC__0.392010863731314__18	4.5	4.7	5.2	5.2	5.2	4.5	4.4	5.2	5.2	5.2	5.2
GTCACGTCCGCA__0.391927104361972__13	4.2	4.4	6.5	4.2	5.5	4.2	4.4	5.2	5.5	4.7	6.5
CAAACGTCCGCA__0.391766961014325__10	6.5	3.9	3.9	4.2	5.5	4.2	4.4	5.2	5.5	4.7	6.5
CCCCCGTCCTCC__0.391521551225539__10	5.2	5.2	5.2	5.2	5.5	4.2	4.4	5.2	4.5	4.4	5.2
GCCCCCTCCCCA__0.391451668490485__19	4.7	5.2	5.2	5.2	5.2	4.5	4.4	5.2	5.2	5.2	6.5
TCCCCGTCCCCC__0.391402585501284__14	4.4	5.2	5.2	5.2	5.5	4.2	4.4	5.2	5.2	5.2	5.2
ATCAGGTCCGCG__0.391320548637416__13	4.5	4.4	6.5	4.5	5.2	4.2	4.4	5.2	5.5	4.7	5.5
AGAGCGTCCGCA__0.391312971180302__9	4.5	4.4	4.5	4.7	5.5	4.2	4.4	5.2	5.5	4.7	6.5
GTAGCGTCCGCA__0.39104907678508__13	4.2	5.5	4.5	4.7	5.5	4.2	4.4	5.2	5.5	4.7	6.5
CACCCCTCCGCC__0.391041494260495__14	6.5	4.2	5.2	5.2	5.2	4.5	4.4	5.2	5.5	4.7	5.2
ACTCCCTCCCCT__0.39057404704772__13	4.2	4.5	4.4	5.2	5.2	4.5	4.4	5.2	5.2	5.2	4.5
CCCACCCCCGCC__0.390268534645356__18	5.2	5.2	6.5	4.2	5.2	5.2	5.2	5.2	5.5	4.7	5.2
TACAGGTCCGCG__0.390194721168493__13	5.5	4.2	6.5	4.5	5.2	4.2	4.4	5.2	5.5	4.7	5.5
GGACCGTCCGCG__0.390174999884392__10	5.2	4.4	4.2	5.2	5.5	4.2	4.4	5.2	5.5	4.7	5.5
ACACAGTCCGCG__0.390118572174453__9	4.2	6.5	4.2	6.5	4.5	4.2	4.4	5.2	5.5	4.7	5.5
CCTCCCTCCCCG__0.390095156341336__15	5.2	4.5	4.4	5.2	5.2	4.5	4.4	5.2	5.2	5.2	5.5
ACCCCCTCCACC__0.389641234701654__16	4.2	5.2	5.2	5.2	5.2	4.5	4.4	5.2	6.5	4.2	5.2
AGCAAGTCCGCG__0.389333469423333__10	4.5	4.7	6.5	3.9	4.5	4.2	4.4	5.2	5.5	4.7	5.5
AGAACGTCCGCA__0.389062308120873__9	4.5	4.4	3.9	4.2	5.5	4.2	4.4	5.2	5.5	4.7	6.5
CTGCGGTCCGCT__0.388741412481326__13	4.5	6.5	4.7	5.5	5.2	4.2	4.4	5.2	5.5	4.7	4.5
CCACCTTCCTCT__0.388714848695993__9	5.2	6.5	4.2	5.2	4.5	3.9	4.4	5.2	4.5	4.4	4.5
CTCACGTCCGCT__0.388621392931541__10	4.5	4.4	6.5	4.2	5.5	4.2	4.4	5.2	5.5	4.7	4.5
CCATGGTCCGCG__0.388415717500399__13	5.2	6.5	4.5	6.5	5.2	4.2	4.4	5.2	5.5	4.7	5.5
ATTCCCTCCCCC__0.388344878675365__20	4.5	3.9	4.4	5.2	5.2	4.5	4.4	5.2	5.2	5.2	5.2
CCCCCCTCCGCT__0.388039003886637__13	5.2	5.2	5.2	5.2	5.2	4.5	4.4	5.2	5.5	4.7	4.5
ACGGCGTCCGCC__0.388003646528207__10	4.2	5.5	5.2	4.7	5.5	4.2	4.4	5.2	5.5	4.7	5.2
CCTACGTCCGCT__0.387450448643672__10	5.2	4.5	5.5	4.2	5.5	4.2	4.4	5.2	5.5	4.7	4.5
ATCCCTTCCCCT__0.387246874773129__13	4.5	4.4	5.2	5.2	4.5	3.9	4.4	5.2	5.2	5.2	4.5
GGAACGTCCGCA__0.387197361315636__11	5.2	4.4	3.9	4.2	5.5	4.2	4.4	5.2	5.5	4.7	6.5
CACCCCTCCACC__0.38719461574059__16	6.5	4.2	5.2	5.2	5.2	4.5	4.4	5.2	6.5	4.2	5.2
GCTGCGTCCGCA__0.386889155434743__14	4.7	4.5	6.5	4.7	5.5	4.2	4.4	5.2	5.5	4.7	6.5
TCACCGTCCGCT__0.386849204949291__10	4.4	6.5	4.2	5.2	5.5	4.2	4.4	5.2	5.5	4.7	4.5
CCTTCCTCCCCT__0.386672965659819__16	5.2	4.5	3.9	4.4	5.2	4.5	4.4	5.2	5.2	5.2	4.5
CCCCCTTCCACC__0.386188123366403__14	5.2	5.2	5.2	5.2	4.5	3.9	4.4	5.2	6.5	4.2	5.2
CCCCCGGCCCCC__0.386118732695601__13	5.2	5.2	5.2	5.2	5.5	5.2	4.7	5.2	5.2	5.2	5.2
GGCGCGTCCGCA__0.386044400041871__15	5.2	4.7	5.5	4.7	5.5	4.2	4.4	5.2	5.5	4.7	6.5
AGGGGGTCAGGG__0.385955941408319__14	4.5	5.2	5.2	5.2	5.2	4.2	4.4	6.5	4.5	5.2	5.2
AAAGCGTCCGCA__0.385670748761754__9	3.9	3.9	4.5	4.7	5.5	4.2	4.4	5.2	5.5	4.7	6.5
CCACCCTCCACC__0.385530126906857__15	5.2	6.5	4.2	5.2	5.2	4.5	4.4	5.2	6.5	4.2	5.2
CCCCCGACCCCC__0.385363808042195__14	5.2	5.2	5.2	5.2	5.5	4.4	4.2	5.2	5.2	5.2	5.2
GCGCGGTCCGCC__0.385273147936085__15	4.7	5.5	4.7	5.5	5.2	4.2	4.4	5.2	5.5	4.7	5.2
CACCCCCCCGCA__0.385090052647421__20	6.5	4.2	5.2	5.2	5.2	5.2	5.2	5.2	5.5	4.7	6.5
CCCAGCTCCCCT__0.385068594006017__12	5.2	5.2	6.5	4.5	4.7	4.5	4.4	5.2	5.2	5.2	4.5
GCTGCGTCCGGG__0.384957119311397__12	4.7	4.5	6.5	4.7	5.5	4.2	4.4	5.2	5.5	5.2	5.2
CCGTGGTCCGCG__0.384892935014301__13	5.2	5.5	4.2	6.5	5.2	4.2	4.4	5.2	5.5	4.7	5.5
CCCCGCTCCCCA__0.384428105748766__16	5.2	5.2	5.2	5.5	4.7	4.5	4.4	5.2	5.2	5.2	6.5
CTATGGTCCGCG__0.384424196195911__15	4.5	5.5	4.5	6.5	5.2	4.2	4.4	5.2	5.5	4.7	5.5
GCACGGTCCGCC__0.384356384977159__12	4.7	6.5	4.2	5.5	5.2	4.2	4.4	5.2	5.5	4.7	5.2
ACGTGGTCCGCG__0.384338795237011__13	4.2	5.5	4.2	6.5	5.2	4.2	4.4	5.2	5.5	4.7	5.5
CCTCCATCCCCA__0.384053812272581__16	5.2	4.5	4.4	5.2	6.5	4.5	4.4	5.2	5.2	5.2	6.5
ACCCCATCCCCA__0.383285668853492__15	4.2	5.2	5.2	5.2	6.5	4.5	4.4	5.2	5.2	5.2	6.5
ACCCCGTCCCTC__0.383245740294968__9	4.2	5.2	5.2	5.2	5.5	4.2	4.4	5.2	5.2	4.5	4.4
GGACGCTCAGCA__0.383208194077211__11	5.2	4.4	4.2	5.5	4.7	4.5	4.4	6.5	4.5	4.7	6.5
CCTGCGTCCGCC__0.382774420926872__12	5.2	4.5	6.5	4.7	5.5	4.2	4.4	5.2	5.5	4.7	5.2
AGTAGGTCCGCG__0.382612568193224__12	4.5	4.2	5.5	4.5	5.2	4.2	4.4	5.2	5.5	4.7	5.5
GTGCGGTCCGCG__0.382311991493712__16	4.2	6.5	4.7	5.5	5.2	4.2	4.4	5.2	5.5	4.7	5.5
GTTGCGTCCGCT__0.382137331299445__16	4.2	3.9	6.5	4.7	5.5	4.2	4.4	5.2	5.5	4.7	4.5
GCAAGGTCCGCT__0.382028494475605__11	4.7	6.5	3.9	4.5	5.2	4.2	4.4	5.2	5.5	4.7	4.5
CCGCCCTCCCCC__0.381558495335482__17	5.2	5.5	4.7	5.2	5.2	4.5	4.4	5.2	5.2	5.2	5.2
AGTGCGTCCGCA__0.381545428890218__13	4.5	4.2	6.5	4.7	5.5	4.2	4.4	5.2	5.5	4.7	6.5
TGCAGGTCCGCG__0.381449638345268__14	6.5	4.7	6.5	4.5	5.2	4.2	4.4	5.2	5.5	4.7	5.5
CCCCCGCCCTCC__0.381428325091743__13	5.2	5.2	5.2	5.2	5.5	4.7	5.2	5.2	4.5	4.4	5.2
CACACGTCCGCA__0.381397607393658__9	6.5	4.2	6.5	4.2	5.5	4.2	4.4	5.2	5.5	4.7	6.5
ACACCCTCCCCA__0.38138580979871__15	4.2	6.5	4.2	5.2	5.2	4.5	4.4	5.2	5.2	5.2	6.5
TGAGCGTCCGCT__0.381136264706025__10	6.5	4.4	4.5	4.7	5.5	4.2	4.4	5.2	5.5	4.7	4.5
GGAAGGTCCGCG__0.380982757758912__12	5.2	4.4	3.9	4.5	5.2	4.2	4.4	5.2	5.5	4.7	5.5
CGTACGTCCGCT__0.380866046154033__10	5.5	4.2	5.5	4.2	5.5	4.2	4.4	5.2	5.5	4.7	4.5
CCCACGCCCGCC__0.380686046005858__11	5.2	5.2	6.5	4.2	5.5	4.7	5.2	5.2	5.5	4.7	5.2
CCGAGGTCCGCG__0.380622242176493__9	5.2	5.5	4.4	4.5	5.2	4.2	4.4	5.2	5.5	4.7	5.5
CTCCCCCCCGCC__0.380328659598386__20	4.5	4.4	5.2	5.2	5.2	5.2	5.2	5.2	5.5	4.7	5.2
ACATCGTCCGCG__0.38016022405363__9	4.2	6.5	4.5	4.4	5.5	4.2	4.4	5.2	5.5	4.7	5.5
ACACCCTCCCCT__0.379826301843854__11	4.2	6.5	4.2	5.2	5.2	4.5	4.4	5.2	5.2	5.2	4.5
CTCGGGTCCGCG__0.379742934918023__13	4.5	4.4	5.5	5.2	5.2	4.2	4.4	5.2	5.5	4.7	5.5
ACCCCGCCCTCT__0.379715282246139__9	4.2	5.2	5.2	5.2	5.5	4.7	5.2	5.2	4.5	4.4	4.5
ACTCGGTCCGCA__0.379534755908603__11	4.2	4.5	4.4	5.5	5.2	4.2	4.4	5.2	5.5	4.7	6.5
TCCGCGTCCGCA__0.379469345419303__13	4.4	5.2	5.5	4.7	5.5	4.2	4.4	5.2	5.5	4.7	6.5
CCCCCATCCCCG__0.379344560971499__12	5.2	5.2	5.2	5.2	6.5	4.5	4.4	5.2	5.2	5.2	5.5
CTCTCCTCCTCC__0.379331426422457__13	4.5	4.4	4.5	4.4	5.2	4.5	4.4	5.2	4.5	4.4	5.2
CCCCCTCCCGCA__0.379160316658069__13	5.2	5.2	5.2	5.2	4.5	4.4	5.2	5.2	5.5	4.7	6.5
ATTACGTCCGCG__0.37901976138199__12	4.5	3.9	5.5	4.2	5.5	4.2	4.4	5.2	5.5	4.7	5.5
TACCCCTCCTCT__0.378412068490527__10	5.5	4.2	5.2	5.2	5.2	4.5	4.4	5.2	4.5	4.4	4.5
TCCGCGTCCGCC__0.3783650870991__13	4.4	5.2	5.5	4.7	5.5	4.2	4.4	5.2	5.5	4.7	5.2
TTAGCGTCCGCC__0.378171719811321__14	3.9	5.5	4.5	4.7	5.5	4.2	4.4	5.2	5.5	4.7	5.2
CAACCCTCCCCT__0.37809351140114__12	6.5	3.9	4.2	5.2	5.2	4.5	4.4	5.2	5.2	5.2	4.5
TCTACGTCCGCA__0.377954025136901__13	4.4	4.5	5.5	4.2	5.5	4.2	4.4	5.2	5.5	4.7	6.5
CTGCGGTCCGCA__0.377827014261476__13	4.5	6.5	4.7	5.5	5.2	4.2	4.4	5.2	5.5	4.7	6.5
TTTGCGTCCGCT__0.377739404444832__18	3.9	3.9	6.5	4.7	5.5	4.2	4.4	5.2	5.5	4.7	4.5
CCTCCATCCCCC__0.377522921907764__15	5.2	4.5	4.4	5.2	6.5	4.5	4.4	5.2	5.2	5.2	5.2
CCAACCTCCCCC__0.377388503271126__14	5.2	6.5	3.9	4.2	5.2	4.5	4.4	5.2	5.2	5.2	5.2
CCCTCCCCCGCT__0.377181127253171__16	5.2	5.2	4.5	4.4	5.2	5.2	5.2	5.2	5.5	4.7	4.5
ACCCCTTCCCCA__0.37711453789397__12	4.2	5.2	5.2	5.2	4.5	3.9	4.4	5.2	5.2	5.2	6.5
AGTACGTCCGCT__0.377028777524158__10	4.5	4.2	5.5	4.2	5.5	4.2	4.4	5.2	5.5	4.7	4.5
CGCCCCTCCCCT__0.377018698303275__13	5.5	4.7	5.2	5.2	5.2	4.5	4.4	5.2	5.2	5.2	4.5
ACTCCTTCCCCC__0.376920536528616__12	4.2	4.5	4.4	5.2	4.5	3.9	4.4	5.2	5.2	5.2	5.2
ATCCCCCCCGCC__0.376402113985706__19	4.5	4.4	5.2	5.2	5.2	5.2	5.2	5.2	5.5	4.7	5.2
ACAACTTCCCCC__0.37637107081404__12	4.2	6.5	3.9	4.2	4.5	3.9	4.4	5.2	5.2	5.2	5.2
GTGACGTCCGCG__0.376347457114185__10	4.2	6.5	4.4	4.2	5.5	4.2	4.4	5.2	5.5	4.7	5.5
ATCCCGCCCCCC__0.376291618442716__18	4.5	4.4	5.2	5.2	5.5	4.7	5.2	5.2	5.2	5.2	5.2
ATCAGGTCCGCT__0.375920101673937__11	4.5	4.4	6.5	4.5	5.2	4.2	4.4	5.2	5.5	4.7	4.5
CCTCCATCCTCA__0.375807631147874__11	5.2	4.5	4.4	5.2	6.5	4.5	4.4	5.2	4.5	4.4	6.5
ATACGGTCCGCA__0.375622242528896__11	4.5	5.5	4.2	5.5	5.2	4.2	4.4	5.2	5.5	4.7	6.5
ACAACGTCCGAC__0.375603949436975__9	4.2	6.5	3.9	4.2	5.5	4.2	4.4	5.2	5.5	4.4	4.2
CCCCCGCCCTCA__0.375343696541631__12	5.2	5.2	5.2	5.2	5.5	4.7	5.2	5.2	4.5	4.4	6.5
ATTGCGTCCGCC__0.375197897973006__14	4.5	3.9	6.5	4.7	5.5	4.2	4.4	5.2	5.5	4.7	5.2
TAAACGTCCGCA__0.374548314114758__10	5.5	3.9	3.9	4.2	5.5	4.2	4.4	5.2	5.5	4.7	6.5
TGAACGTCCGCC__0.374376163948685__10	6.5	4.4	3.9	4.2	5.5	4.2	4.4	5.2	5.5	4.7	5.2
TACTCATCCCCT__0.374235267436827__14	5.5	4.2	4.5	4.4	6.5	4.5	4.4	5.2	5.2	5.2	4.5
TCCCCTTCCTCC__0.374149321294816__12	4.4	5.2	5.2	5.2	4.5	3.9	4.4	5.2	4.5	4.4	5.2
GCCCCGTCCTCC__0.374139495042721__9	4.7	5.2	5.2	5.2	5.5	4.2	4.4	5.2	4.5	4.4	5.2
TCTACGTCCGCG__0.373957224001246__12	4.4	4.5	5.5	4.2	5.5	4.2	4.4	5.2	5.5	4.7	5.5
CCCCCCTCCACA__0.373938508883443__16	5.2	5.2	5.2	5.2	5.2	4.5	4.4	5.2	6.5	4.2	6.5
CACACCTCCCCC__0.37373040556942__14	6.5	4.2	6.5	4.2	5.2	4.5	4.4	5.2	5.2	5.2	5.2
CAACCTTCCCCC__0.373607960856583__13	6.5	3.9	4.2	5.2	4.5	3.9	4.4	5.2	5.2	5.2	5.2
CCCCGGTCCGCC__0.373497866325115__10	5.2	5.2	5.2	5.5	5.2	4.2	4.4	5.2	5.5	4.7	5.2
AACGCGTCCGCC__0.373245212649662__11	3.9	4.2	5.5	4.7	5.5	4.2	4.4	5.2	5.5	4.7	5.2
GCCCCGTCCGCG__0.372996634847774__9	4.7	5.2	5.2	5.2	5.5	4.2	4.4	5.2	5.5	4.7	5.5
TATCCCTCCCCC__0.372759826603329__18	5.5	4.5	4.4	5.2	5.2	4.5	4.4	5.2	5.2	5.2	5.2
AACCCCTCCCCA__0.372678245930253__15	3.9	4.2	5.2	5.2	5.2	4.5	4.4	5.2	5.2	5.2	6.5
CTTCCTTCCCCC__0.372592711213056__16	4.5	3.9	4.4	5.2	4.5	3.9	4.4	5.2	5.2	5.2	5.2
CCATCCTCCCCA__0.372555110281161__16	5.2	6.5	4.5	4.4	5.2	4.5	4.4	5.2	5.2	5.2	6.5
CCCCCGTACCCC__0.372458679363949__12	5.2	5.2	5.2	5.2	5.5	4.2	5.5	4.2	5.2	5.2	5.2
ATCCCCTCCCCG__0.372337138890037__13	4.5	4.4	5.2	5.2	5.2	4.5	4.4	5.2	5.2	5.2	5.5
CTACGGTCCGCA__0.372043389331494__11	4.5	5.5	4.2	5.5	5.2	4.2	4.4	5.2	5.5	4.7	6.5
TGCGCGTCCGCC__0.37199651300141__15	6.5	4.7	5.5	4.7	5.5	4.2	4.4	5.2	5.5	4.7	5.2
GCTCGGTCCGCT__0.371472280667034__11	4.7	4.5	4.4	5.5	5.2	4.2	4.4	5.2	5.5	4.7	4.5
CCTCGGTCCGCC__0.371102506639828__12	5.2	4.5	4.4	5.5	5.2	4.2	4.4	5.2	5.5	4.7	5.2
CAACCCTCCCCA__0.370845479574639__15	6.5	3.9	4.2	5.2	5.2	4.5	4.4	5.2	5.2	5.2	6.5
CTACCTTCCTCT__0.370832109873733__10	4.5	5.5	4.2	5.2	4.5	3.9	4.4	5.2	4.5	4.4	4.5
CCCCCCACCGCT__0.370792912115725__13	5.2	5.2	5.2	5.2	5.2	6.5	4.2	5.2	5.5	4.7	4.5
TTCCCATCCCCT__0.370659595428128__14	3.9	4.4	5.2	5.2	6.5	4.5	4.4	5.2	5.2	5.2	4.5
CAACGGTCCGCG__0.370513515777354__9	6.5	3.9	4.2	5.5	5.2	4.2	4.4	5.2	5.5	4.7	5.5
CCCACGCCCTCC__0.37041707954094__10	5.2	5.2	6.5	4.2	5.5	4.7	5.2	5.2	4.5	4.4	5.2
CCCCCGACCCCT__0.370414428119725__9	5.2	5.2	5.2	5.2	5.5	4.4	4.2	5.2	5.2	5.2	4.5
CGCAAGTCCGCG__0.370231314401452__9	5.5	4.7	6.5	3.9	4.5	4.2	4.4	5.2	5.5	4.7	5.5
CCTGCCTCCCCC__0.369950653947694__15	5.2	4.5	6.5	4.7	5.2	4.5	4.4	5.2	5.2	5.2	5.2
CCCCCGTCCGCC__0.369905579295603__9	5.2	5.2	5.2	5.2	5.5	4.2	4.4	5.2	5.5	4.7	5.2
CCCCCGCCCGCC__0.369902675879649__12	5.2	5.2	5.2	5.2	5.5	4.7	5.2	5.2	5.5	4.7	5.2
CCTCCATCCCCT__0.369621062545715__11	5.2	4.5	4.4	5.2	6.5	4.5	4.4	5.2	5.2	5.2	4.5
TCTCCTTCCCCT__0.369447050782548__13	4.4	4.5	4.4	5.2	4.5	3.9	4.4	5.2	5.2	5.2	4.5
GACCCCTCCCCC__0.369285600340439__14	4.4	4.2	5.2	5.2	5.2	4.5	4.4	5.2	5.2	5.2	5.2
TCTCCTTCCCCC__0.369226072331366__15	4.4	4.5	4.4	5.2	4.5	3.9	4.4	5.2	5.2	5.2	5.2
ACACCTTCCCCT__0.369045817191864__9	4.2	6.5	4.2	5.2	4.5	3.9	4.4	5.2	5.2	5.2	4.5
CTCCCCCCCGCA__0.368281211933752__19	4.5	4.4	5.2	5.2	5.2	5.2	5.2	5.2	5.5	4.7	6.5
GCATGGTCCGCG__0.368232379249972__13	4.7	6.5	4.5	6.5	5.2	4.2	4.4	5.2	5.5	4.7	5.5
CCCGCGTCCGCA__0.368199429135336__10	5.2	5.2	5.5	4.7	5.5	4.2	4.4	5.2	5.5	4.7	6.5
TATCCCTCCCCT__0.368092075517187__14	5.5	4.5	4.4	5.2	5.2	4.5	4.4	5.2	5.2	5.2	4.5
TCTCGGTCCGCG__0.368088134453981__13	4.4	4.5	4.4	5.5	5.2	4.2	4.4	5.2	5.5	4.7	5.5
TCCCTGTCCCCT__0.368087583904078__12	4.4	5.2	5.2	4.5	6.5	4.2	4.4	5.2	5.2	5.2	4.5
TCCCCATCCCCA__0.368042429465131__15	4.4	5.2	5.2	5.2	6.5	4.5	4.4	5.2	5.2	5.2	6.5
GTGTGGTCCGCG__0.367992988124906__18	4.2	6.5	4.2	6.5	5.2	4.2	4.4	5.2	5.5	4.7	5.5
GGGGGGTGGGCG__0.36790093780052__20	5.2	5.2	5.2	5.2	5.2	4.2	6.5	5.2	5.2	4.7	5.5
CCCTCGCCCACC__0.367423462194591__15	5.2	5.2	4.5	4.4	5.5	4.7	5.2	5.2	6.5	4.2	5.2
ATTGGGTCCGCG__0.36729963186177__14	4.5	3.9	6.5	5.2	5.2	4.2	4.4	5.2	5.5	4.7	5.5
CACCCTTCCTCC__0.367242574247272__9	6.5	4.2	5.2	5.2	4.5	3.9	4.4	5.2	4.5	4.4	5.2
CACCAGTCCCCC__0.366953816931373__10	6.5	4.2	5.2	6.5	4.5	4.2	4.4	5.2	5.2	5.2	5.2
CCCCTTTCCGCC__0.366923919592742__12	5.2	5.2	5.2	4.5	3.9	3.9	4.4	5.2	5.5	4.7	5.2
ACCACGCCCCCC__0.36688382301876__14	4.2	5.2	6.5	4.2	5.5	4.7	5.2	5.2	5.2	5.2	5.2
TCACGGTCCGCA__0.36671171659574__11	4.4	6.5	4.2	5.5	5.2	4.2	4.4	5.2	5.5	4.7	6.5
ACACCATCCCCC__0.366513204063315__13	4.2	6.5	4.2	5.2	6.5	4.5	4.4	5.2	5.2	5.2	5.2
CCCACCTCCTCC__0.366455228721309__9	5.2	5.2	6.5	4.2	5.2	4.5	4.4	5.2	4.5	4.4	5.2
TTAACGTCCGCC__0.366434703438437__12	3.9	5.5	3.9	4.2	5.5	4.2	4.4	5.2	5.5	4.7	5.2
ACTGGGTCCGCG__0.366424590340188__11	4.2	4.5	6.5	5.2	5.2	4.2	4.4	5.2	5.5	4.7	5.5
CCCCCATCCGCC__0.366043906910838__11	5.2	5.2	5.2	5.2	6.5	4.5	4.4	5.2	5.5	4.7	5.2
CGTGCGTCCGCT__0.365792640640774__11	5.5	4.2	6.5	4.7	5.5	4.2	4.4	5.2	5.5	4.7	4.5
CCAACTTCCCCC__0.365675723864837__11	5.2	6.5	3.9	4.2	4.5	3.9	4.4	5.2	5.2	5.2	5.2
GCTGCGTCCGCC__0.365514737535303__12	4.7	4.5	6.5	4.7	5.5	4.2	4.4	5.2	5.5	4.7	5.2
ACTCCGTCCGCG__0.365398745718409__9	4.2	4.5	4.4	5.2	5.5	4.2	4.4	5.2	5.5	4.7	5.5
TACACATCCCCA__0.364942555166072__15	5.5	4.2	6.5	4.2	6.5	4.5	4.4	5.2	5.2	5.2	6.5
CACCCGTCCCAC__0.364923194539623__11	6.5	4.2	5.2	5.2	5.5	4.2	4.4	5.2	5.2	6.5	4.2
TCCCCGCCCTCC__0.364832153592418__12	4.4	5.2	5.2	5.2	5.5	4.7	5.2	5.2	4.5	4.4	5.2
ACCAGGTCCGCA__0.364825442853194__9	4.2	5.2	6.5	4.5	5.2	4.2	4.4	5.2	5.5	4.7	6.5
ATTAGGTCCGCG__0.364516413746016__12	4.5	3.9	5.5	4.5	5.2	4.2	4.4	5.2	5.5	4.7	5.5
TACCCCCCCGCC__0.364363470535271__17	5.5	4.2	5.2	5.2	5.2	5.2	5.2	5.2	5.5	4.7	5.2
AGTACGTCCGCC__0.364019566509372__10	4.5	4.2	5.5	4.2	5.5	4.2	4.4	5.2	5.5	4.7	5.2
CCTTCTTCCCCT__0.363781131134216__13	5.2	4.5	3.9	4.4	4.5	3.9	4.4	5.2	5.2	5.2	4.5
CCCAGGTCCGCG__0.363408479701814__9	5.2	5.2	6.5	4.5	5.2	4.2	4.4	5.2	5.5	4.7	5.5
TTCTCTTTCGCG__0.36327058171339__16	3.9	4.4	4.5	4.4	4.5	3.9	3.9	4.4	5.5	4.7	5.5
CACCCCTCCCCG__0.363228852869123__11	6.5	4.2	5.2	5.2	5.2	4.5	4.4	5.2	5.2	5.2	5.5
CATGCGTCCGCT__0.363162797204795__10	6.5	4.5	6.5	4.7	5.5	4.2	4.4	5.2	5.5	4.7	4.5
CACACCTCCCCA__0.363080020458813__13	6.5	4.2	6.5	4.2	5.2	4.5	4.4	5.2	5.2	5.2	6.5
AACCCTTCCCCT__0.36305318104702__9	3.9	4.2	5.2	5.2	4.5	3.9	4.4	5.2	5.2	5.2	4.5
CCAGGGTCCGCT__0.363007788214228__9	5.2	6.5	4.5	5.2	5.2	4.2	4.4	5.2	5.5	4.7	4.5
CCCCCCCCCGCT__0.36296271283238__15	5.2	5.2	5.2	5.2	5.2	5.2	5.2	5.2	5.5	4.7	4.5
CCCTCGTCCCTG__0.362925095880576__9	5.2	5.2	4.5	4.4	5.5	4.2	4.4	5.2	5.2	4.5	6.5
AGGGCGTCCGCT__0.362709872429146__9	4.5	5.2	5.2	4.7	5.5	4.2	4.4	5.2	5.5	4.7	4.5
CACCCATCCACC__0.362597807620385__13	6.5	4.2	5.2	5.2	6.5	4.5	4.4	5.2	6.5	4.2	5.2
ACTACGTCCGCC__0.362565716432435__9	4.2	4.5	5.5	4.2	5.5	4.2	4.4	5.2	5.5	4.7	5.2
CCACCCCCCGCC__0.362415611418553__15	5.2	6.5	4.2	5.2	5.2	5.2	5.2	5.2	5.5	4.7	5.2
GTAAGGTCCGCG__0.362392672676333__11	4.2	5.5	3.9	4.5	5.2	4.2	4.4	5.2	5.5	4.7	5.5
CACACCTCCCCG__0.362241164249834__10	6.5	4.2	6.5	4.2	5.2	4.5	4.4	5.2	5.2	5.2	5.5
CATACGTCCGCG__0.362226744232288__9	6.5	4.5	5.5	4.2	5.5	4.2	4.4	5.2	5.5	4.7	5.5
CCAACCCCCGCC__0.362085609418151__13	5.2	6.5	3.9	4.2	5.2	5.2	5.2	5.2	5.5	4.7	5.2
CCGCCTTCCCCC__0.362082066901797__11	5.2	5.5	4.7	5.2	4.5	3.9	4.4	5.2	5.2	5.2	5.2
TGTACGTCCGCG__0.362060227458441__12	6.5	4.2	5.5	4.2	5.5	4.2	4.4	5.2	5.5	4.7	5.5
CACCCGCCCCCC__0.361976029522135__15	6.5	4.2	5.2	5.2	5.5	4.7	5.2	5.2	5.2	5.2	5.2
CTCACGTCCGCA__0.361825263135645__9	4.5	4.4	6.5	4.2	5.5	4.2	4.4	5.2	5.5	4.7	6.5
CCCTGCTCCCCC__0.361783639982668__14	5.2	5.2	4.5	6.5	4.7	4.5	4.4	5.2	5.2	5.2	5.2
ATCACGTCCGCC__0.361767042843164__9	4.5	4.4	6.5	4.2	5.5	4.2	4.4	5.2	5.5	4.7	5.2
TTCCCATCCCCC__0.361699833785504__16	3.9	4.4	5.2	5.2	6.5	4.5	4.4	5.2	5.2	5.2	5.2
CTCCCCTCCCCG__0.361403949328568__12	4.5	4.4	5.2	5.2	5.2	4.5	4.4	5.2	5.2	5.2	5.5
CCCCCGTCCCTA__0.361224420238276__9	5.2	5.2	5.2	5.2	5.5	4.2	4.4	5.2	5.2	4.5	5.5
CTCACGTCCGCC__0.361083425200448__9	4.5	4.4	6.5	4.2	5.5	4.2	4.4	5.2	5.5	4.7	5.2
CCCCGTTCCCCC__0.360878927263088__12	5.2	5.2	5.2	5.5	4.2	3.9	4.4	5.2	5.2	5.2	5.2
TCTCCCTCCCCT__0.36079511202401__13	4.4	4.5	4.4	5.2	5.2	4.5	4.4	5.2	5.2	5.2	4.5
CCCCCATCCACC__0.360792626711496__13	5.2	5.2	5.2	5.2	6.5	4.5	4.4	5.2	6.5	4.2	5.2
CCACCATCCCCT__0.360722783927363__9	5.2	6.5	4.2	5.2	6.5	4.5	4.4	5.2	5.2	5.2	4.5
CACCCGCCCGCC__0.360698410250257__10	6.5	4.2	5.2	5.2	5.5	4.7	5.2	5.2	5.5	4.7	5.2
ATGGCGTCCGCG__0.360578446619611__10	4.5	6.5	5.2	4.7	5.5	4.2	4.4	5.2	5.5	4.7	5.5
CCCCCACCCGCT__0.360435494793749__11	5.2	5.2	5.2	5.2	6.5	4.2	5.2	5.2	5.5	4.7	4.5
TCCCCGTCACCC__0.360191227181527__10	4.4	5.2	5.2	5.2	5.5	4.2	4.4	6.5	4.2	5.2	5.2
AGGGGGTGGGCG__0.360009965279087__13	4.5	5.2	5.2	5.2	5.2	4.2	6.5	5.2	5.2	4.7	5.5
CTCCCTTTCGCG__0.360008327709066__9	4.5	4.4	5.2	5.2	4.5	3.9	3.9	4.4	5.5	4.7	5.5
CTCCCTTCCTCC__0.359956370927851__10	4.5	4.4	5.2	5.2	4.5	3.9	4.4	5.2	4.5	4.4	5.2
CTTTCTTCCTCT__0.359753317950819__16	4.5	3.9	3.9	4.4	4.5	3.9	4.4	5.2	4.5	4.4	4.5
ACCCCCTCCTCA__0.359602194506829__9	4.2	5.2	5.2	5.2	5.2	4.5	4.4	5.2	4.5	4.4	6.5
AAACCCTCCCCG__0.359586723254201__10	3.9	3.9	4.2	5.2	5.2	4.5	4.4	5.2	5.2	5.2	5.5
CCCCCGTACCCT__0.359483454727618__9	5.2	5.2	5.2	5.2	5.5	4.2	5.5	4.2	5.2	5.2	4.5
CTCCGGTCCGCG__0.359415492717096__9	4.5	4.4	5.2	5.5	5.2	4.2	4.4	5.2	5.5	4.7	5.5
TTGGCGTCCGCG__0.359390138366035__12	3.9	6.5	5.2	4.7	5.5	4.2	4.4	5.2	5.5	4.7	5.5
TCCCCGTCCCCT__0.359207842323355__9	4.4	5.2	5.2	5.2	5.5	4.2	4.4	5.2	5.2	5.2	4.5
ACACCGTCCCCC__0.359201417044003__9	4.2	6.5	4.2	5.2	5.5	4.2	4.4	5.2	5.2	5.2	5.2
GGGGGGTCAGGG__0.358947580958888__16	5.2	5.2	5.2	5.2	5.2	4.2	4.4	6.5	4.5	5.2	5.2
CCCCCTCCCGCG__0.358792425607868__10	5.2	5.2	5.2	5.2	4.5	4.4	5.2	5.2	5.5	4.7	5.5
CCCTGTTCCCCT__0.358765180005801__11	5.2	5.2	4.5	6.5	4.2	3.9	4.4	5.2	5.2	5.2	4.5
CCACCGTCCCCC__0.358661300542716__9	5.2	6.5	4.2	5.2	5.5	4.2	4.4	5.2	5.2	5.2	5.2
CGTCGGTCCGCG__0.358454204543301__10	5.5	4.2	4.4	5.5	5.2	4.2	4.4	5.2	5.5	4.7	5.5
TTTCCTTCCTCT__0.358449350344568__16	3.9	3.9	4.4	5.2	4.5	3.9	4.4	5.2	4.5	4.4	4.5
TTTTCTTCCTCT__0.358422167828384__22	3.9	3.9	3.9	4.4	4.5	3.9	4.4	5.2	4.5	4.4	4.5
CGCCCCTCCTCC__0.358367742413613__10	5.5	4.7	5.2	5.2	5.2	4.5	4.4	5.2	4.5	4.4	5.2
AATAGGTCCGCG__0.358305361655029__9	3.9	4.5	5.5	4.5	5.2	4.2	4.4	5.2	5.5	4.7	5.5
CCCCCTTCCGCC__0.358249988807324__9	5.2	5.2	5.2	5.2	4.5	3.9	4.4	5.2	5.5	4.7	5.2
AGGAGGTCCGCG__0.358056942326847__9	4.5	5.2	4.4	4.5	5.2	4.2	4.4	5.2	5.5	4.7	5.5
AATCCTTCCCCC__0.358019645409466__12	3.9	4.5	4.4	5.2	4.5	3.9	4.4	5.2	5.2	5.2	5.2
CCATCCTCCCCC__0.357900757912439__14	5.2	6.5	4.5	4.4	5.2	4.5	4.4	5.2	5.2	5.2	5.2
CCTACCTCCCCT__0.357878348694464__10	5.2	4.5	5.5	4.2	5.2	4.5	4.4	5.2	5.2	5.2	4.5
CTTCCCTCCCCG__0.357489560866561__13	4.5	3.9	4.4	5.2	5.2	4.5	4.4	5.2	5.2	5.2	5.5
CCCCCTCCCGCT__0.357371307790594__9	5.2	5.2	5.2	5.2	4.5	4.4	5.2	5.2	5.5	4.7	4.5
AGCAGGTCCGCA__0.357242953822482__10	4.5	4.7	6.5	4.5	5.2	4.2	4.4	5.2	5.5	4.7	6.5
GGGAGGTGCGGG__0.357208480100061__12	5.2	5.2	4.4	4.5	5.2	4.2	6.5	4.7	5.5	5.2	5.2
CAGCCCTCCCCC__0.357156207737234__14	6.5	4.5	4.7	5.2	5.2	4.5	4.4	5.2	5.2	5.2	5.2
CCCTTGTCCCCC__0.357055593178537__13	5.2	5.2	4.5	3.9	6.5	4.2	4.4	5.2	5.2	5.2	5.2
ACTAGGTCCGCG__0.356830118910235__9	4.2	4.5	5.5	4.5	5.2	4.2	4.4	5.2	5.5	4.7	5.5
TGCAGGTCCGCA__0.356777377650448__12	6.5	4.7	6.5	4.5	5.2	4.2	4.4	5.2	5.5	4.7	6.5
GGTACGTCCGCG__0.356706334394749__11	5.2	4.2	5.5	4.2	5.5	4.2	4.4	5.2	5.5	4.7	5.5
ATCACCTCCCCC__0.356625772556278__13	4.5	4.4	6.5	4.2	5.2	4.5	4.4	5.2	5.2	5.2	5.2
ACCTCCTCCCCC__0.356601117876805__13	4.2	5.2	4.5	4.4	5.2	4.5	4.4	5.2	5.2	5.2	5.2
TCTACGTCCGCT__0.356584692103938__10	4.4	4.5	5.5	4.2	5.5	4.2	4.4	5.2	5.5	4.7	4.5
CGGCGGTCCGCG__0.356536569539926__9	5.5	5.2	4.7	5.5	5.2	4.2	4.4	5.2	5.5	4.7	5.5
GCGTGGTCCGCG__0.356512422097781__13	4.7	5.5	4.2	6.5	5.2	4.2	4.4	5.2	5.5	4.7	5.5
TTCTGGTCCGCG__0.356469954969914__14	3.9	4.4	4.5	6.5	5.2	4.2	4.4	5.2	5.5	4.7	5.5
CCTCGGTCCGCG__0.356295137495684__10	5.2	4.5	4.4	5.5	5.2	4.2	4.4	5.2	5.5	4.7	5.5
TAAGCGTCCGCC__0.356286365439142__9	5.5	3.9	4.5	4.7	5.5	4.2	4.4	5.2	5.5	4.7	5.2
TTCCCGCCCCCC__0.356078265368905__17	3.9	4.4	5.2	5.2	5.5	4.7	5.2	5.2	5.2	5.2	5.2
CCACCCACCGCC__0.356067415945544__12	5.2	6.5	4.2	5.2	5.2	6.5	4.2	5.2	5.5	4.7	5.2
GCCCCCTCCCCT__0.355975522096212__11	4.7	5.2	5.2	5.2	5.2	4.5	4.4	5.2	5.2	5.2	4.5
CCTACTTCCCCC__0.35587879153171__11	5.2	4.5	5.5	4.2	4.5	3.9	4.4	5.2	5.2	5.2	5.2
TGCACGTCCGCC__0.35562598852227__10	6.5	4.7	6.5	4.2	5.5	4.2	4.4	5.2	5.5	4.7	5.2
GCATCGTCCGCG__0.355151002350974__9	4.7	6.5	4.5	4.4	5.5	4.2	4.4	5.2	5.5	4.7	5.5
ACCTCTTCCCCC__0.35508397572511__10	4.2	5.2	4.5	4.4	4.5	3.9	4.4	5.2	5.2	5.2	5.2
TTCCCTTCCCCA__0.355083651068474__15	3.9	4.4	5.2	5.2	4.5	3.9	4.4	5.2	5.2	5.2	6.5
ACCACCCCCGCC__0.35480822306005__13	4.2	5.2	6.5	4.2	5.2	5.2	5.2	5.2	5.5	4.7	5.2
AAAACGACCACC__0.354701485809028__10	3.9	3.9	3.9	4.2	5.5	4.4	4.2	5.2	6.5	4.2	5.2
CCTTTGTCCCCT__0.354620865209627__14	5.2	4.5	3.9	3.9	6.5	4.2	4.4	5.2	5.2	5.2	4.5
AACCCCTCCACC__0.354418123400529__12	3.9	4.2	5.2	5.2	5.2	4.5	4.4	5.2	6.5	4.2	5.2
CTTCCTTCCTCC__0.354268737540972__12	4.5	3.9	4.4	5.2	4.5	3.9	4.4	5.2	4.5	4.4	5.2
ACACCTTCCCCA__0.354241647268165__10	4.2	6.5	4.2	5.2	4.5	3.9	4.4	5.2	5.2	5.2	6.5
CTCCCATCCCCA__0.353734435029694__13	4.5	4.4	5.2	5.2	6.5	4.5	4.4	5.2	5.2	5.2	6.5
CCACCCTCCACA__0.353574298818659__12	5.2	6.5	4.2	5.2	5.2	4.5	4.4	5.2	6.5	4.2	6.5
CCCTCGCCCCCA__0.35338863918216__14	5.2	5.2	4.5	4.4	5.5	4.7	5.2	5.2	5.2	5.2	6.5
TGCCCTTCCCCC__0.353356872823314__13	6.5	4.7	5.2	5.2	4.5	3.9	4.4	5.2	5.2	5.2	5.2
AAGTGGTTTGCT__0.353315980347857__9	3.9	4.5	4.2	6.5	5.2	4.2	3.9	3.9	6.5	4.7	4.5
CATGCGTCCGCA__0.353163504288789__10	6.5	4.5	6.5	4.7	5.5	4.2	4.4	5.2	5.5	4.7	6.5
ACAACGACCACC__0.353133971610927__10	4.2	6.5	3.9	4.2	5.5	4.4	4.2	5.2	6.5	4.2	5.2
CCCCCTTCCACA__0.353003677706931__11	5.2	5.2	5.2	5.2	4.5	3.9	4.4	5.2	6.5	4.2	6.5
CGCCCCTCCCCA__0.352946819231446__14	5.5	4.7	5.2	5.2	5.2	4.5	4.4	5.2	5.2	5.2	6.5
TTCACGTCCGCA__0.352939703698215__11	3.9	4.4	6.5	4.2	5.5	4.2	4.4	5.2	5.5	4.7	6.5
CCTCCGTCCCCT__0.352897289303457__9	5.2	4.5	4.4	5.2	5.5	4.2	4.4	5.2	5.2	5.2	4.5
ATGCGGTCCGCT__0.352818750045875__10	4.5	6.5	4.7	5.5	5.2	4.2	4.4	5.2	5.5	4.7	4.5
TATCCTTCCCCC__0.35263776447617__14	5.5	4.5	4.4	5.2	4.5	3.9	4.4	5.2	5.2	5.2	5.2
TTTTCCTCCCCT__0.352632711026494__19	3.9	3.9	3.9	4.4	5.2	4.5	4.4	5.2	5.2	5.2	4.5
GCCCCCTCCCCG__0.35258251804361__11	4.7	5.2	5.2	5.2	5.2	4.5	4.4	5.2	5.2	5.2	5.5
CTTCGGTCCGCT__0.352382396198088__11	4.5	3.9	4.4	5.5	5.2	4.2	4.4	5.2	5.5	4.7	4.5
CTTTCCTCCCCC__0.352298794428479__17	4.5	3.9	3.9	4.4	5.2	4.5	4.4	5.2	5.2	5.2	5.2
AGCCCATCCCCC__0.352245772081671__13	4.5	4.7	5.2	5.2	6.5	4.5	4.4	5.2	5.2	5.2	5.2
CACCCATCCCCA__0.352239404782848__12	6.5	4.2	5.2	5.2	6.5	4.5	4.4	5.2	5.2	5.2	6.5
GGGGGGTTCGGG__0.352214516649693__15	5.2	5.2	5.2	5.2	5.2	4.2	3.9	4.4	5.5	5.2	5.2
TTCGGGTCCGCC__0.352193208302512__14	3.9	4.4	5.5	5.2	5.2	4.2	4.4	5.2	5.5	4.7	5.2
CACACATCCCCC__0.351782689032612__12	6.5	4.2	6.5	4.2	6.5	4.5	4.4	5.2	5.2	5.2	5.2
ACCCCCTCCGCC__0.351609915503902__10	4.2	5.2	5.2	5.2	5.2	4.5	4.4	5.2	5.5	4.7	5.2
AGCCCCTCCCCT__0.351292797661656__10	4.5	4.7	5.2	5.2	5.2	4.5	4.4	5.2	5.2	5.2	4.5
TACACTTCCACC__0.351121403730486__12	5.5	4.2	6.5	4.2	4.5	3.9	4.4	5.2	6.5	4.2	5.2
ATGAGGTCCGCG__0.351050628180971__9	4.5	6.5	4.4	4.5	5.2	4.2	4.4	5.2	5.5	4.7	5.5
TTCACGTCCGCT__0.350845121647092__10	3.9	4.4	6.5	4.2	5.5	4.2	4.4	5.2	5.5	4.7	4.5
CCACCATCCCCA__0.350721570487367__11	5.2	6.5	4.2	5.2	6.5	4.5	4.4	5.2	5.2	5.2	6.5
CCCCCACCCGCA__0.350515534996364__13	5.2	5.2	5.2	5.2	6.5	4.2	5.2	5.2	5.5	4.7	6.5
CGGCGGTCCGCA__0.35049412303395__9	5.5	5.2	4.7	5.5	5.2	4.2	4.4	5.2	5.5	4.7	6.5
TCCCCCTCCTCA__0.350395570063543__10	4.4	5.2	5.2	5.2	5.2	4.5	4.4	5.2	4.5	4.4	6.5
CCGCCCTCCCCT__0.350391746643582__10	5.2	5.5	4.7	5.2	5.2	4.5	4.4	5.2	5.2	5.2	4.5
TCCCCCTCCTCC__0.350144199243618__10	4.4	5.2	5.2	5.2	5.2	4.5	4.4	5.2	4.5	4.4	5.2
AACCCCACCGCT__0.349844214942002__10	3.9	4.2	5.2	5.2	5.2	6.5	4.2	5.2	5.5	4.7	4.5
CCTCGGTCCGCT__0.349250535378914__9	5.2	4.5	4.4	5.5	5.2	4.2	4.4	5.2	5.5	4.7	4.5
CCCCCTTCCACT__0.348961433081747__9	5.2	5.2	5.2	5.2	4.5	3.9	4.4	5.2	6.5	4.2	4.5
CCCACCTCCACC__0.348949944509651__11	5.2	5.2	6.5	4.2	5.2	4.5	4.4	5.2	6.5	4.2	5.2
CCCTGCTCCCCT__0.34893049550719__10	5.2	5.2	4.5	6.5	4.7	4.5	4.4	5.2	5.2	5.2	4.5
TAACCCTCCCCC__0.348916295934592__13	5.5	3.9	4.2	5.2	5.2	4.5	4.4	5.2	5.2	5.2	5.2
GCTGCGTTTGCG__0.348604999251935__10	4.7	4.5	6.5	4.7	5.5	4.2	3.9	3.9	6.5	4.7	5.5
TACGCGTCCGCC__0.348262081232302__11	5.5	4.2	5.5	4.7	5.5	4.2	4.4	5.2	5.5	4.7	5.2
CCCTCTTCCACT__0.348218759822907__9	5.2	5.2	4.5	4.4	4.5	3.9	4.4	5.2	6.5	4.2	4.5
AACCCTTCCACC__0.348164542248097__10	3.9	4.2	5.2	5.2	4.5	3.9	4.4	5.2	6.5	4.2	5.2
CCCACATCCACC__0.348153666522141__11	5.2	5.2	6.5	4.2	6.5	4.5	4.4	5.2	6.5	4.2	5.2
GGGGGGTGCGTG__0.348106372726869__16	5.2	5.2	5.2	5.2	5.2	4.2	6.5	4.7	5.5	4.2	6.5
AAGGGGTGGGCG__0.347904992816708__9	3.9	4.5	5.2	5.2	5.2	4.2	6.5	5.2	5.2	4.7	5.5
TTTCCTTCCCCC__0.347847232345759__17	3.9	3.9	4.4	5.2	4.5	3.9	4.4	5.2	5.2	5.2	5.2
CCCCTGTCCCCG__0.347743539377531__9	5.2	5.2	5.2	4.5	6.5	4.2	4.4	5.2	5.2	5.2	5.5
CGCCCTTCCCCT__0.347626936424972__9	5.5	4.7	5.2	5.2	4.5	3.9	4.4	5.2	5.2	5.2	4.5
CTACCCTCCCCT__0.347522611049172__10	4.5	5.5	4.2	5.2	5.2	4.5	4.4	5.2	5.2	5.2	4.5
CCTTCGTCCCTC__0.347441122163701__10	5.2	4.5	3.9	4.4	5.5	4.2	4.4	5.2	5.2	4.5	4.4
CCCTCCCCCGCC__0.347435160836408__15	5.2	5.2	4.5	4.4	5.2	5.2	5.2	5.2	5.5	4.7	5.2
CCCACATCCCCA__0.347375139193747__11	5.2	5.2	6.5	4.2	6.5	4.5	4.4	5.2	5.2	5.2	6.5
ATCGGGTCCGTG__0.347343998539234__9	4.5	4.4	5.5	5.2	5.2	4.2	4.4	5.2	5.5	4.2	6.5
TCCACTTCCCCC__0.347235468754534__11	4.4	5.2	6.5	4.2	4.5	3.9	4.4	5.2	5.2	5.2	5.2
CTTTCTTCCCCT__0.347009637470861__15	4.5	3.9	3.9	4.4	4.5	3.9	4.4	5.2	5.2	5.2	4.5
CTCCCGCCCCCT__0.346993301224274__10	4.5	4.4	5.2	5.2	5.5	4.7	5.2	5.2	5.2	5.2	4.5
CCCCCTTCCACG__0.346886615246248__9	5.2	5.2	5.2	5.2	4.5	3.9	4.4	5.2	6.5	4.2	5.5
GTACGGTCCGCT__0.3467466978263__9	4.2	5.5	4.2	5.5	5.2	4.2	4.4	5.2	5.5	4.7	4.5
CTCCCTTCCACC__0.346693706540434__11	4.5	4.4	5.2	5.2	4.5	3.9	4.4	5.2	6.5	4.2	5.2
ACGCGGTCCGCC__0.346607466946577__9	4.2	5.5	4.7	5.5	5.2	4.2	4.4	5.2	5.5	4.7	5.2
CGACCCTCCCCC__0.346535030074593__11	5.5	4.4	4.2	5.2	5.2	4.5	4.4	5.2	5.2	5.2	5.2
CATGCGTCCGCG__0.346400714688674__9	6.5	4.5	6.5	4.7	5.5	4.2	4.4	5.2	5.5	4.7	5.5
ACAGCGACCACC__0.346343763135939__10	4.2	6.5	4.5	4.7	5.5	4.4	4.2	5.2	6.5	4.2	5.2
GCCTGGTCCGCG__0.34618583662445__10	4.7	5.2	4.5	6.5	5.2	4.2	4.4	5.2	5.5	4.7	5.5
CAACCATCCCCC__0.346135179520641__11	6.5	3.9	4.2	5.2	6.5	4.5	4.4	5.2	5.2	5.2	5.2
CAATCCTCCCCA__0.346134693854612__13	6.5	3.9	4.5	4.4	5.2	4.5	4.4	5.2	5.2	5.2	6.5
ACCACTTCCCCC__0.34612136820278__9	4.2	5.2	6.5	4.2	4.5	3.9	4.4	5.2	5.2	5.2	5.2
ACTCCCTCCCCA__0.346040828319665__12	4.2	4.5	4.4	5.2	5.2	4.5	4.4	5.2	5.2	5.2	6.5
CCACCGCCCCCT__0.345963504410793__9	5.2	6.5	4.2	5.2	5.5	4.7	5.2	5.2	5.2	5.2	4.5
TCCTCTTCCCCT__0.34582297883457__10	4.4	5.2	4.5	4.4	4.5	3.9	4.4	5.2	5.2	5.2	4.5
GTATGGTCCGCG__0.345718414655736__12	4.2	5.5	4.5	6.5	5.2	4.2	4.4	5.2	5.5	4.7	5.5
AGCCCCCCCGCC__0.345664592762235__14	4.5	4.7	5.2	5.2	5.2	5.2	5.2	5.2	5.5	4.7	5.2
TCACCCTCCCCT__0.345576192528497__10	4.4	6.5	4.2	5.2	5.2	4.5	4.4	5.2	5.2	5.2	4.5
CCTTCCTCCTCT__0.345570471088236__9	5.2	4.5	3.9	4.4	5.2	4.5	4.4	5.2	4.5	4.4	4.5
TGTGCGTCCGCT__0.345495243300109__12	6.5	4.2	6.5	4.7	5.5	4.2	4.4	5.2	5.5	4.7	4.5
CTCTGGTCCGCT__0.345490811127399__10	4.5	4.4	4.5	6.5	5.2	4.2	4.4	5.2	5.5	4.7	4.5
CCCTCGACCCCC__0.345373091043736__10	5.2	5.2	4.5	4.4	5.5	4.4	4.2	5.2	5.2	5.2	5.2
TTTCCTTCCCCT__0.345193697830351__15	3.9	3.9	4.4	5.2	4.5	3.9	4.4	5.2	5.2	5.2	4.5
CACGCCTCCCCC__0.345142563112462__11	6.5	4.2	5.5	4.7	5.2	4.5	4.4	5.2	5.2	5.2	5.2
CATTCCTCCCCT__0.345124152194349__12	6.5	4.5	3.9	4.4	5.2	4.5	4.4	5.2	5.2	5.2	4.5
TCCACCTCCCCC__0.344890479752152__12	4.4	5.2	6.5	4.2	5.2	4.5	4.4	5.2	5.2	5.2	5.2
GTCCCTTCCCCC__0.344745370832657__12	4.2	4.4	5.2	5.2	4.5	3.9	4.4	5.2	5.2	5.2	5.2
CACTGGTCCGCG__0.344677771355289__9	6.5	4.2	4.5	6.5	5.2	4.2	4.4	5.2	5.5	4.7	5.5
GCAAGGTCCGCA__0.34436309817166__9	4.7	6.5	3.9	4.5	5.2	4.2	4.4	5.2	5.5	4.7	6.5
TTACCCTCCCCC__0.344344530995762__14	3.9	5.5	4.2	5.2	5.2	4.5	4.4	5.2	5.2	5.2	5.2
ACGTGGTCCGCT__0.343945435868883__9	4.2	5.5	4.2	6.5	5.2	4.2	4.4	5.2	5.5	4.7	4.5
TCTGCGTCCGCA__0.343702281444833__10	4.4	4.5	6.5	4.7	5.5	4.2	4.4	5.2	5.5	4.7	6.5
TCAAGGTCCGCG__0.343701212931797__9	4.4	6.5	3.9	4.5	5.2	4.2	4.4	5.2	5.5	4.7	5.5
CTGCCCTCCCCC__0.343375545300152__13	4.5	6.5	4.7	5.2	5.2	4.5	4.4	5.2	5.2	5.2	5.2
ACCCGATCCCCC__0.343223663752445__9	4.2	5.2	5.2	5.5	4.4	4.5	4.4	5.2	5.2	5.2	5.2
GCCCCATCCCCT__0.34320803407088__9	4.7	5.2	5.2	5.2	6.5	4.5	4.4	5.2	5.2	5.2	4.5
CCCACCCCCGCT__0.343119897266915__10	5.2	5.2	6.5	4.2	5.2	5.2	5.2	5.2	5.5	4.7	4.5
TATGCGTCCGCG__0.343011966009105__10	5.5	4.5	6.5	4.7	5.5	4.2	4.4	5.2	5.5	4.7	5.5
CCTCCGTCCCCC__0.342981748174314__10	5.2	4.5	4.4	5.2	5.5	4.2	4.4	5.2	5.2	5.2	5.2
CCCAGCTCCCCC__0.342959883528107__11	5.2	5.2	6.5	4.5	4.7	4.5	4.4	5.2	5.2	5.2	5.2
CACCCGCCCACC__0.342725531188176__12	6.5	4.2	5.2	5.2	5.5	4.7	5.2	5.2	6.5	4.2	5.2
AACCCATCCCCC__0.342666492095865__11	3.9	4.2	5.2	5.2	6.5	4.5	4.4	5.2	5.2	5.2	5.2
GCTCGGTCCGCG__0.342583458291878__9	4.7	4.5	4.4	5.5	5.2	4.2	4.4	5.2	5.5	4.7	5.5
CTCGCGTCCGCT__0.342140827033519__9	4.5	4.4	5.5	4.7	5.5	4.2	4.4	5.2	5.5	4.7	4.5
GATCCCTCCCCC__0.341773453826644__12	4.4	4.5	4.4	5.2	5.2	4.5	4.4	5.2	5.2	5.2	5.2
CTTGCGTCCGCC__0.34174947936394__10	4.5	3.9	6.5	4.7	5.5	4.2	4.4	5.2	5.5	4.7	5.2
AGGGGGTGGGCA__0.340961065011043__12	4.5	5.2	5.2	5.2	5.2	4.2	6.5	5.2	5.2	4.7	6.5
CTTGCGTCCGCT__0.340622755942601__9	4.5	3.9	6.5	4.7	5.5	4.2	4.4	5.2	5.5	4.7	4.5
CCACGCTCCCCC__0.340547655663935__10	5.2	6.5	4.2	5.5	4.7	4.5	4.4	5.2	5.2	5.2	5.2
CCTTCGTCCCCA__0.340485613936371__11	5.2	4.5	3.9	4.4	5.5	4.2	4.4	5.2	5.2	5.2	6.5
TCATGGTCCGCG__0.340230661948336__11	4.4	6.5	4.5	6.5	5.2	4.2	4.4	5.2	5.5	4.7	5.5
CATCCTTCCCCC__0.340150194398609__11	6.5	4.5	4.4	5.2	4.5	3.9	4.4	5.2	5.2	5.2	5.2
GTAGGGTCGGGG__0.340043946856589__9	4.2	5.5	4.5	5.2	5.2	4.2	4.4	5.5	5.2	5.2	5.2
CCACCCACCGCA__0.340042302875353__12	5.2	6.5	4.2	5.2	5.2	6.5	4.2	5.2	5.5	4.7	6.5
ACCCGCTCCCCC__0.339827773180287__10	4.2	5.2	5.2	5.5	4.7	4.5	4.4	5.2	5.2	5.2	5.2
CACCCTTCCCCA__0.339812374500101__9	6.5	4.2	5.2	5.2	4.5	3.9	4.4	5.2	5.2	5.2	6.5
CACTCCTCCCCC__0.339757885686188__11	6.5	4.2	4.5	4.4	5.2	4.5	4.4	5.2	5.2	5.2	5.2
CACTGCTCCCCT__0.339619235863044__9	6.5	4.2	4.5	6.5	4.7	4.5	4.4	5.2	5.2	5.2	4.5
TTTTCTTCCCCT__0.339549589196027__19	3.9	3.9	3.9	4.4	4.5	3.9	4.4	5.2	5.2	5.2	4.5
CCTTCATCCCCC__0.339368813478557__13	5.2	4.5	3.9	4.4	6.5	4.5	4.4	5.2	5.2	5.2	5.2
CCTCCCCCCGCC__0.339308882842005__14	5.2	4.5	4.4	5.2	5.2	5.2	5.2	5.2	5.5	4.7	5.2
CCCACGACCCCC__0.339116123191088__9	5.2	5.2	6.5	4.2	5.5	4.4	4.2	5.2	5.2	5.2	5.2
CTCACCTCCACC__0.338991390462948__11	4.5	4.4	6.5	4.2	5.2	4.5	4.4	5.2	6.5	4.2	5.2
TCCCAGTCCCCC__0.338750301514951__9	4.4	5.2	5.2	6.5	4.5	4.2	4.4	5.2	5.2	5.2	5.2
TCCCCTTCCCCG__0.338712791566518__9	4.4	5.2	5.2	5.2	4.5	3.9	4.4	5.2	5.2	5.2	5.5
TCTCCCTCCCCG__0.338632350930006__11	4.4	4.5	4.4	5.2	5.2	4.5	4.4	5.2	5.2	5.2	5.5
TGGAGGTCCGCG__0.338485743093946__10	6.5	5.2	4.4	4.5	5.2	4.2	4.4	5.2	5.5	4.7	5.5
GCGCGGTCCGCA__0.338438543219962__10	4.7	5.5	4.7	5.5	5.2	4.2	4.4	5.2	5.5	4.7	6.5
TTCTCCTCCCCC__0.338383351004906__15	3.9	4.4	4.5	4.4	5.2	4.5	4.4	5.2	5.2	5.2	5.2
AAACCTTCCCCC__0.338363444013187__9	3.9	3.9	4.2	5.2	4.5	3.9	4.4	5.2	5.2	5.2	5.2
CTAACTTCCCCC__0.338222656532204__10	4.5	5.5	3.9	4.2	4.5	3.9	4.4	5.2	5.2	5.2	5.2
ACTTCTTCCCCT__0.338192369975958__10	4.2	4.5	3.9	4.4	4.5	3.9	4.4	5.2	5.2	5.2	4.5
CCATGGTCCGCA__0.338054325033941__9	5.2	6.5	4.5	6.5	5.2	4.2	4.4	5.2	5.5	4.7	6.5
CCCCGTTCCCCA__0.33801056336623__10	5.2	5.2	5.2	5.5	4.2	3.9	4.4	5.2	5.2	5.2	6.5
CCCTCGCCCCCG__0.338005405548542__10	5.2	5.2	4.5	4.4	5.5	4.7	5.2	5.2	5.2	5.2	5.5
TATGCGTCCGCA__0.337944433082822__10	5.5	4.5	6.5	4.7	5.5	4.2	4.4	5.2	5.5	4.7	6.5
CAACCCCCCGCC__0.337902218755119__12	6.5	3.9	4.2	5.2	5.2	5.2	5.2	5.2	5.5	4.7	5.2
TTGCGGTCCGCG__0.337789464476278__11	3.9	6.5	4.7	5.5	5.2	4.2	4.4	5.2	5.5	4.7	5.5
CACCCCTCCACA__0.337659298314882__11	6.5	4.2	5.2	5.2	5.2	4.5	4.4	5.2	6.5	4.2	6.5
CCCACCACCGCC__0.337615848649122__10	5.2	5.2	6.5	4.2	5.2	6.5	4.2	5.2	5.5	4.7	5.2
TACTCTTCCCCT__0.337534019338391__9	5.5	4.2	4.5	4.4	4.5	3.9	4.4	5.2	5.2	5.2	4.5
CCCCCATCCACG__0.337384417919087__9	5.2	5.2	5.2	5.2	6.5	4.5	4.4	5.2	6.5	4.2	5.5
ACTGGGTCCGCA__0.337231129218629__9	4.2	4.5	6.5	5.2	5.2	4.2	4.4	5.2	5.5	4.7	6.5
CCAACGCCCCCC__0.336736440225006__11	5.2	6.5	3.9	4.2	5.5	4.7	5.2	5.2	5.2	5.2	5.2
CTTCCCCCCGCC__0.336507946886089__14	4.5	3.9	4.4	5.2	5.2	5.2	5.2	5.2	5.5	4.7	5.2
TAAACTTCCCCC__0.336493559735925__10	5.5	3.9	3.9	4.2	4.5	3.9	4.4	5.2	5.2	5.2	5.2
ACATCCTCCCCT__0.336302456644256__9	4.2	6.5	4.5	4.4	5.2	4.5	4.4	5.2	5.2	5.2	4.5
AACCCGCCCACC__0.336275891746455__11	3.9	4.2	5.2	5.2	5.5	4.7	5.2	5.2	6.5	4.2	5.2
GCCCGATCCCCC__0.336271237032209__9	4.7	5.2	5.2	5.5	4.4	4.5	4.4	5.2	5.2	5.2	5.2
ATCCCCTCCCCA__0.336156188980778__12	4.5	4.4	5.2	5.2	5.2	4.5	4.4	5.2	5.2	5.2	6.5
CACTCCCCCGCC__0.335760819650513__12	6.5	4.2	4.5	4.4	5.2	5.2	5.2	5.2	5.5	4.7	5.2
GGCGCGTCCGCC__0.335693067271474__10	5.2	4.7	5.5	4.7	5.5	4.2	4.4	5.2	5.5	4.7	5.2
CCCCTCTCCGCC__0.335323001626061__9	5.2	5.2	5.2	4.5	4.4	4.5	4.4	5.2	5.5	4.7	5.2
TCTTCCTCCCCC__0.334992901376933__14	4.4	4.5	3.9	4.4	5.2	4.5	4.4	5.2	5.2	5.2	5.2
ATCCCATCCCCC__0.334985177460784__11	4.5	4.4	5.2	5.2	6.5	4.5	4.4	5.2	5.2	5.2	5.2
GCCCCCCCCGCC__0.334686718865525__14	4.7	5.2	5.2	5.2	5.2	5.2	5.2	5.2	5.5	4.7	5.2
GGGGGGTTGGCG__0.3344659866355__12	5.2	5.2	5.2	5.2	5.2	4.2	3.9	6.5	5.2	4.7	5.5
CTTGGGTCCGCG__0.334370129311671__11	4.5	3.9	6.5	5.2	5.2	4.2	4.4	5.2	5.5	4.7	5.5
CCAAGCTCCCCC__0.334326238491223__9	5.2	6.5	3.9	4.5	4.7	4.5	4.4	5.2	5.2	5.2	5.2
CCCTCGCCCCCT__0.334307618585815__9	5.2	5.2	4.5	4.4	5.5	4.7	5.2	5.2	5.2	5.2	4.5
TTACGGTCCGCT__0.334232234374104__9	3.9	5.5	4.2	5.5	5.2	4.2	4.4	5.2	5.5	4.7	4.5
GGTGGGTCGGGG__0.33421498624925__12	5.2	4.2	6.5	5.2	5.2	4.2	4.4	5.5	5.2	5.2	5.2
CCCACCTCCACA__0.333931951721754__10	5.2	5.2	6.5	4.2	5.2	4.5	4.4	5.2	6.5	4.2	6.5
ATACCCTCCCCC__0.333835872212184__11	4.5	5.5	4.2	5.2	5.2	4.5	4.4	5.2	5.2	5.2	5.2
GCTAGGTCCGCG__0.333729045892919__9	4.7	4.5	5.5	4.5	5.2	4.2	4.4	5.2	5.5	4.7	5.5
CGCCCCTCCACT__0.333664027002471__9	5.5	4.7	5.2	5.2	5.2	4.5	4.4	5.2	6.5	4.2	4.5
CAATCCTCCCCT__0.33350308317036__9	6.5	3.9	4.5	4.4	5.2	4.5	4.4	5.2	5.2	5.2	4.5
ACTACCTCCCCC__0.333410034489447__10	4.2	4.5	5.5	4.2	5.2	4.5	4.4	5.2	5.2	5.2	5.2
TACCCCCCCGCT__0.333172697294025__11	5.5	4.2	5.2	5.2	5.2	5.2	5.2	5.2	5.5	4.7	4.5
CCTACCCCCGCC__0.332961453109092__11	5.2	4.5	5.5	4.2	5.2	5.2	5.2	5.2	5.5	4.7	5.2
TCTACGTCCGCC__0.332917917022117__9	4.4	4.5	5.5	4.2	5.5	4.2	4.4	5.2	5.5	4.7	5.2
ATTGCGTCCGTG__0.33269794739499__9	4.5	3.9	6.5	4.7	5.5	4.2	4.4	5.2	5.5	4.2	6.5
GGGGGGTCTGGG__0.332472683432446__12	5.2	5.2	5.2	5.2	5.2	4.2	4.4	4.5	6.5	5.2	5.2
TCCCCGCCCCCA__0.332453325754176__13	4.4	5.2	5.2	5.2	5.5	4.7	5.2	5.2	5.2	5.2	6.5
CACCTGTCCCCC__0.332392469257445__9	6.5	4.2	5.2	4.5	6.5	4.2	4.4	5.2	5.2	5.2	5.2
CTTCCTTCCTCT__0.33223702599728__9	4.5	3.9	4.4	5.2	4.5	3.9	4.4	5.2	4.5	4.4	4.5
TGCCCCTCCCCC__0.331367156821457__12	6.5	4.7	5.2	5.2	5.2	4.5	4.4	5.2	5.2	5.2	5.2
GTTCGGTCCGCG__0.331271193884625__11	4.2	3.9	4.4	5.5	5.2	4.2	4.4	5.2	5.5	4.7	5.5
AGCCCCTCCCCA__0.331235999388859__11	4.5	4.7	5.2	5.2	5.2	4.5	4.4	5.2	5.2	5.2	6.5
ATTCCTTCCCCT__0.331147944313417__10	4.5	3.9	4.4	5.2	4.5	3.9	4.4	5.2	5.2	5.2	4.5
CCCCCGCCCACA__0.331017219567482__12	5.2	5.2	5.2	5.2	5.5	4.7	5.2	5.2	6.5	4.2	6.5
GGCAGGTCCGCG__0.330927107057768__9	5.2	4.7	6.5	4.5	5.2	4.2	4.4	5.2	5.5	4.7	5.5
CACCCACCCGCC__0.330865369999851__10	6.5	4.2	5.2	5.2	6.5	4.2	5.2	5.2	5.5	4.7	5.2
TTTGCGTCCGCC__0.330701079856811__13	3.9	3.9	6.5	4.7	5.5	4.2	4.4	5.2	5.5	4.7	5.2
ACCTCGCCCCCC__0.330478991436815__11	4.2	5.2	4.5	4.4	5.5	4.7	5.2	5.2	5.2	5.2	5.2
CTATCCTCCCCC__0.330432710623227__12	4.5	5.5	4.5	4.4	5.2	4.5	4.4	5.2	5.2	5.2	5.2
CTTTGTTCCCCT__0.330404316136271__15	4.5	3.9	3.9	6.5	4.2	3.9	4.4	5.2	5.2	5.2	4.5
TATCCTTCCCCT__0.330360634700237__10	5.5	4.5	4.4	5.2	4.5	3.9	4.4	5.2	5.2	5.2	4.5
GGTGCGTCCGCT__0.330318522253589__10	5.2	4.2	6.5	4.7	5.5	4.2	4.4	5.2	5.5	4.7	4.5
TTCTCTTCCTCT__0.330303127275634__11	3.9	4.4	4.5	4.4	4.5	3.9	4.4	5.2	4.5	4.4	4.5
TCCCCCTCCGCC__0.330257854014002__10	4.4	5.2	5.2	5.2	5.2	4.5	4.4	5.2	5.5	4.7	5.2
ACCTCCCCCGCC__0.330231799767731__12	4.2	5.2	4.5	4.4	5.2	5.2	5.2	5.2	5.5	4.7	5.2
TCAACCCCCGCC__0.330063162341369__11	4.4	6.5	3.9	4.2	5.2	5.2	5.2	5.2	5.5	4.7	5.2
ACACCCTCCACC__0.329768634176892__9	4.2	6.5	4.2	5.2	5.2	4.5	4.4	5.2	6.5	4.2	5.2
GGGTGGTGCGCG__0.329765545509077__14	5.2	5.2	4.2	6.5	5.2	4.2	6.5	4.7	5.5	4.7	5.5
GTGTGGTCTGGG__0.329732624113777__12	4.2	6.5	4.2	6.5	5.2	4.2	4.4	4.5	6.5	5.2	5.2
CGCTCCTCCCCC__0.329706260518749__11	5.5	4.7	4.5	4.4	5.2	4.5	4.4	5.2	5.2	5.2	5.2
AATACCTCCCCA__0.329605312947842__10	3.9	4.5	5.5	4.2	5.2	4.5	4.4	5.2	5.2	5.2	6.5
CACGCTTCCCCC__0.329452776577163__9	6.5	4.2	5.5	4.7	4.5	3.9	4.4	5.2	5.2	5.2	5.2
CTTACTTCCCCC__0.329371071257428__11	4.5	3.9	5.5	4.2	4.5	3.9	4.4	5.2	5.2	5.2	5.2
CCCCCCACCGCA__0.329152819111563__12	5.2	5.2	5.2	5.2	5.2	6.5	4.2	5.2	5.5	4.7	6.5
ATTCCCTCCTCC__0.32911308864527__9	4.5	3.9	4.4	5.2	5.2	4.5	4.4	5.2	4.5	4.4	5.2
TTCCCCTCCCCA__0.329039257777369__13	3.9	4.4	5.2	5.2	5.2	4.5	4.4	5.2	5.2	5.2	6.5
AACGCGACCACC__0.328971194074918__10	3.9	4.2	5.5	4.7	5.5	4.4	4.2	5.2	6.5	4.2	5.2
CTATCCTCCCCA__0.328930537965927__12	4.5	5.5	4.5	4.4	5.2	4.5	4.4	5.2	5.2	5.2	6.5
GTTACGTCCGCT__0.328929416815697__9	4.2	3.9	5.5	4.2	5.5	4.2	4.4	5.2	5.5	4.7	4.5
CAATCCTCCCCC__0.32882428268609__11	6.5	3.9	4.5	4.4	5.2	4.5	4.4	5.2	5.2	5.2	5.2
TCCCCTCCCGCC__0.328699148509282__9	4.4	5.2	5.2	5.2	4.5	4.4	5.2	5.2	5.5	4.7	5.2
TTATGGTCCGCG__0.328615378889315__12	3.9	5.5	4.5	6.5	5.2	4.2	4.4	5.2	5.5	4.7	5.5
GGTGCGTCCGCG__0.328496988849071__10	5.2	4.2	6.5	4.7	5.5	4.2	4.4	5.2	5.5	4.7	5.5
AACTCCTCCCCC__0.328476045219866__10	3.9	4.2	4.5	4.4	5.2	4.5	4.4	5.2	5.2	5.2	5.2
GGGGGGTCAGTG__0.328421370366303__12	5.2	5.2	5.2	5.2	5.2	4.2	4.4	6.5	4.5	4.2	6.5
CTCCCCTCCACA__0.328322149321751__11	4.5	4.4	5.2	5.2	5.2	4.5	4.4	5.2	6.5	4.2	6.5
GTGGGGTTCGGG__0.32823720123855__12	4.2	6.5	5.2	5.2	5.2	4.2	3.9	4.4	5.5	5.2	5.2
CCCACACCCGCC__0.328189072636183__9	5.2	5.2	6.5	4.2	6.5	4.2	5.2	5.2	5.5	4.7	5.2
AGCCCTTCCCCC__0.327875893081067__9	4.5	4.7	5.2	5.2	4.5	3.9	4.4	5.2	5.2	5.2	5.2
GCACCTTCCCCC__0.327873904057817__9	4.7	6.5	4.2	5.2	4.5	3.9	4.4	5.2	5.2	5.2	5.2
CTGTGGTCCGCC__0.327736098887029__11	4.5	6.5	4.2	6.5	5.2	4.2	4.4	5.2	5.5	4.7	5.2
GGGTGGTCGGCG__0.32747047702146__10	5.2	5.2	4.2	6.5	5.2	4.2	4.4	5.5	5.2	4.7	5.5
CCACGCTCCCCA__0.327422235449502__9	5.2	6.5	4.2	5.5	4.7	4.5	4.4	5.2	5.2	5.2	6.5
GGATGGTGCGTT__0.32732260787496__9	5.2	4.4	4.5	6.5	5.2	4.2	6.5	4.7	5.5	4.2	3.9
TGGGGGTCAGGG__0.327322526862899__12	6.5	5.2	5.2	5.2	5.2	4.2	4.4	6.5	4.5	5.2	5.2
CCCTCACCCGCC__0.327076228010841__10	5.2	5.2	4.5	4.4	6.5	4.2	5.2	5.2	5.5	4.7	5.2
CGAACCTCCCCC__0.326721577688808__9	5.5	4.4	3.9	4.2	5.2	4.5	4.4	5.2	5.2	5.2	5.2
TGCCCCCCCGCC__0.326623417608106__13	6.5	4.7	5.2	5.2	5.2	5.2	5.2	5.2	5.5	4.7	5.2
CCACCCCCCGCT__0.326559735247897__9	5.2	6.5	4.2	5.2	5.2	5.2	5.2	5.2	5.5	4.7	4.5
GCACCTTCCCCA__0.326340532866597__9	4.7	6.5	4.2	5.2	4.5	3.9	4.4	5.2	5.2	5.2	6.5
GGTGGGTGCGGA__0.326303459267964__13	5.2	4.2	6.5	5.2	5.2	4.2	6.5	4.7	5.5	5.2	4.4
CCCACCCCCGCA__0.326285354414323__11	5.2	5.2	6.5	4.2	5.2	5.2	5.2	5.2	5.5	4.7	6.5
GCCCCATCCCCA__0.32618175889994__10	4.7	5.2	5.2	5.2	6.5	4.5	4.4	5.2	5.2	5.2	6.5
CCGCCCTCCACC__0.326147959829476__10	5.2	5.5	4.7	5.2	5.2	4.5	4.4	5.2	6.5	4.2	5.2
CCCCCCACCGCG__0.326126847091898__10	5.2	5.2	5.2	5.2	5.2	6.5	4.2	5.2	5.5	4.7	5.5
CTGTGGTCCGCT__0.325790316664049__10	4.5	6.5	4.2	6.5	5.2	4.2	4.4	5.2	5.5	4.7	4.5
CCCACGCCCCCA__0.325721442982922__10	5.2	5.2	6.5	4.2	5.5	4.7	5.2	5.2	5.2	5.2	6.5
CCTTCCTCCCCA__0.325624153795538__12	5.2	4.5	3.9	4.4	5.2	4.5	4.4	5.2	5.2	5.2	6.5
CCCCCCTCCGCA__0.325584452045459__9	5.2	5.2	5.2	5.2	5.2	4.5	4.4	5.2	5.5	4.7	6.5
TCATCTTCCCCC__0.325549881439021__11	4.4	6.5	4.5	4.4	4.5	3.9	4.4	5.2	5.2	5.2	5.2
AACACCTCCCCC__0.325435768620292__9	3.9	4.2	6.5	4.2	5.2	4.5	4.4	5.2	5.2	5.2	5.2
CGCACCTCCCCC__0.325308646345518__10	5.5	4.7	6.5	4.2	5.2	4.5	4.4	5.2	5.2	5.2	5.2
GCCCCCTCCGCC__0.325303905658691__9	4.7	5.2	5.2	5.2	5.2	4.5	4.4	5.2	5.5	4.7	5.2
CTCTCCTCCCCT__0.325182427275497__9	4.5	4.4	4.5	4.4	5.2	4.5	4.4	5.2	5.2	5.2	4.5
CACACCTCCACA__0.325178629394201__9	6.5	4.2	6.5	4.2	5.2	4.5	4.4	5.2	6.5	4.2	6.5
CTTCCCTCCCCA__0.324936622016788__12	4.5	3.9	4.4	5.2	5.2	4.5	4.4	5.2	5.2	5.2	6.5
CTGTGGTCCGTG__0.324737018968671__10	4.5	6.5	4.2	6.5	5.2	4.2	4.4	5.2	5.5	4.2	6.5
TTCCCTTCCTCC__0.324624818350755__10	3.9	4.4	5.2	5.2	4.5	3.9	4.4	5.2	4.5	4.4	5.2
TTCCCTCCCGCC__0.32460410871734__10	3.9	4.4	5.2	5.2	4.5	4.4	5.2	5.2	5.5	4.7	5.2
TACCCCTCCACC__0.324156491676301__10	5.5	4.2	5.2	5.2	5.2	4.5	4.4	5.2	6.5	4.2	5.2
CAATCTTCCCCC__0.323975010924097__9	6.5	3.9	4.5	4.4	4.5	3.9	4.4	5.2	5.2	5.2	5.2
TCCACCCCCGCT__0.323925039484961__9	4.4	5.2	6.5	4.2	5.2	5.2	5.2	5.2	5.5	4.7	4.5
CCCTCATCCCCA__0.323870954871865__10	5.2	5.2	4.5	4.4	6.5	4.5	4.4	5.2	5.2	5.2	6.5
GGTGGGTGGGCG__0.323868580025055__13	5.2	4.2	6.5	5.2	5.2	4.2	6.5	5.2	5.2	4.7	5.5
CACCGCTCCCCC__0.323657636881206__9	6.5	4.2	5.2	5.5	4.7	4.5	4.4	5.2	5.2	5.2	5.2
ACTTCGTCCCCC__0.32365044064272__9	4.2	4.5	3.9	4.4	5.5	4.2	4.4	5.2	5.2	5.2	5.2
CATACCCCCGCC__0.323446279148933__10	6.5	4.5	5.5	4.2	5.2	5.2	5.2	5.2	5.5	4.7	5.2
CTGCCCTCCCCA__0.323347525611177__11	4.5	6.5	4.7	5.2	5.2	4.5	4.4	5.2	5.2	5.2	6.5
ATCCCCTCCACC__0.323345099426215__10	4.5	4.4	5.2	5.2	5.2	4.5	4.4	5.2	6.5	4.2	5.2
TTCGCGTCCGCC__0.323249775666209__11	3.9	4.4	5.5	4.7	5.5	4.2	4.4	5.2	5.5	4.7	5.2
TTAGGGTGCGGT__0.323239608744782__10	3.9	5.5	4.5	5.2	5.2	4.2	6.5	4.7	5.5	5.2	4.2
TCCCCCTCCACG__0.32319604301177__9	4.4	5.2	5.2	5.2	5.2	4.5	4.4	5.2	6.5	4.2	5.5
TCCACCTCCCCA__0.323158929306318__10	4.4	5.2	6.5	4.2	5.2	4.5	4.4	5.2	5.2	5.2	6.5
TCTTCTTCCCCT__0.323144005755299__11	4.4	4.5	3.9	4.4	4.5	3.9	4.4	5.2	5.2	5.2	4.5
CTTCCATCCCCC__0.323121525595654__11	4.5	3.9	4.4	5.2	6.5	4.5	4.4	5.2	5.2	5.2	5.2
TATCGGTCCGCA__0.323003593952127__9	5.5	4.5	4.4	5.5	5.2	4.2	4.4	5.2	5.5	4.7	6.5
CATTCCTCCCCC__0.322965357174732__12	6.5	4.5	3.9	4.4	5.2	4.5	4.4	5.2	5.2	5.2	5.2
GGGGGGTGGGCT__0.322850186009451__14	5.2	5.2	5.2	5.2	5.2	4.2	6.5	5.2	5.2	4.7	4.5
CTTTCCTCCCCT__0.322668551941082__11	4.5	3.9	3.9	4.4	5.2	4.5	4.4	5.2	5.2	5.2	4.5
CATCCCTCCCCA__0.322664188899218__11	6.5	4.5	4.4	5.2	5.2	4.5	4.4	5.2	5.2	5.2	6.5
GGTGGGTGCGGG__0.322614862067793__12	5.2	4.2	6.5	5.2	5.2	4.2	6.5	4.7	5.5	5.2	5.2
TTCCCTTCCTCT__0.322585796353349__9	3.9	4.4	5.2	5.2	4.5	3.9	4.4	5.2	4.5	4.4	4.5
CCCGCATCCCCC__0.322391429181482__9	5.2	5.2	5.5	4.7	6.5	4.5	4.4	5.2	5.2	5.2	5.2
CTCCCACCCGCC__0.322360504218866__10	4.5	4.4	5.2	5.2	6.5	4.2	5.2	5.2	5.5	4.7	5.2
TACCCATCCCCC__0.322282723669186__10	5.5	4.2	5.2	5.2	6.5	4.5	4.4	5.2	5.2	5.2	5.2
TCCTCATCCCCC__0.322278981720003__11	4.4	5.2	4.5	4.4	6.5	4.5	4.4	5.2	5.2	5.2	5.2
TGGGCGTCCGCA__0.322215613822019__9	6.5	5.2	5.2	4.7	5.5	4.2	4.4	5.2	5.5	4.7	6.5
AGGGGGTTAGCA__0.322171114989002__10	4.5	5.2	5.2	5.2	5.2	4.2	3.9	5.5	4.5	4.7	6.5
ATTCGGTCCGCC__0.32202397547369__9	4.5	3.9	4.4	5.5	5.2	4.2	4.4	5.2	5.5	4.7	5.2
TCGCGGTCCGCC__0.321763362824152__9	4.4	5.5	4.7	5.5	5.2	4.2	4.4	5.2	5.5	4.7	5.2
ACCCCCCCCGCA__0.321659195950548__12	4.2	5.2	5.2	5.2	5.2	5.2	5.2	5.2	5.5	4.7	6.5
CTCTCATCCCCT__0.321631919719993__9	4.5	4.4	4.5	4.4	6.5	4.5	4.4	5.2	5.2	5.2	4.5
CTTACTTCCCCT__0.321623834792865__9	4.5	3.9	5.5	4.2	4.5	3.9	4.4	5.2	5.2	5.2	4.5
ACACCGCCCCCC__0.321304287545017__10	4.2	6.5	4.2	5.2	5.5	4.7	5.2	5.2	5.2	5.2	5.2
TGTAGGTCCGCA__0.32112531687799__10	6.5	4.2	5.5	4.5	5.2	4.2	4.4	5.2	5.5	4.7	6.5
TCACCTTCCCCC__0.321124653867894__9	4.4	6.5	4.2	5.2	4.5	3.9	4.4	5.2	5.2	5.2	5.2
CTCACCTCCCCA__0.321051283924187__10	4.5	4.4	6.5	4.2	5.2	4.5	4.4	5.2	5.2	5.2	6.5
ACACCCCCCGCC__0.320975237669889__10	4.2	6.5	4.2	5.2	5.2	5.2	5.2	5.2	5.5	4.7	5.2
TCCTCCTCCCCC__0.320740401692318__11	4.4	5.2	4.5	4.4	5.2	4.5	4.4	5.2	5.2	5.2	5.2
TCCCCACCCGCC__0.320399281210664__10	4.4	5.2	5.2	5.2	6.5	4.2	5.2	5.2	5.5	4.7	5.2
CAACCCTCCACC__0.320301855443451__9	6.5	3.9	4.2	5.2	5.2	4.5	4.4	5.2	6.5	4.2	5.2
TTTTCTTCCCCC__0.320001109514625__17	3.9	3.9	3.9	4.4	4.5	3.9	4.4	5.2	5.2	5.2	5.2
GTTACGTCCGCC__0.31951244787113__9	4.2	3.9	5.5	4.2	5.5	4.2	4.4	5.2	5.5	4.7	5.2
CCCACGCCCACC__0.319508424833871__9	5.2	5.2	6.5	4.2	5.5	4.7	5.2	5.2	6.5	4.2	5.2
TCTTCTTCCTCT__0.319460173297101__10	4.4	4.5	3.9	4.4	4.5	3.9	4.4	5.2	4.5	4.4	4.5
CCAGCCTCCCCC__0.31931774047701__9	5.2	6.5	4.5	4.7	5.2	4.5	4.4	5.2	5.2	5.2	5.2
CAACCATCCACA__0.319297192627217__9	6.5	3.9	4.2	5.2	6.5	4.5	4.4	5.2	6.5	4.2	6.5
CCTACATCCCCC__0.319015145011498__9	5.2	4.5	5.5	4.2	6.5	4.5	4.4	5.2	5.2	5.2	5.2
TCTCGGTCCGCC__0.318926140483772__9	4.4	4.5	4.4	5.5	5.2	4.2	4.4	5.2	5.5	4.7	5.2
GCAACCTCCCCA__0.318912787846342__9	4.7	6.5	3.9	4.2	5.2	4.5	4.4	5.2	5.2	5.2	6.5
CCTCCCTCCACA__0.318539738463826__10	5.2	4.5	4.4	5.2	5.2	4.5	4.4	5.2	6.5	4.2	6.5
TACTCCTCCCCC__0.318524771093256__10	5.5	4.2	4.5	4.4	5.2	4.5	4.4	5.2	5.2	5.2	5.2
TCTTCTTCCCCA__0.318519159275562__12	4.4	4.5	3.9	4.4	4.5	3.9	4.4	5.2	5.2	5.2	6.5
CCGCCCTCCCCA__0.318356014394767__10	5.2	5.5	4.7	5.2	5.2	4.5	4.4	5.2	5.2	5.2	6.5
TCCTCTTCCCCC__0.318256630785478__9	4.4	5.2	4.5	4.4	4.5	3.9	4.4	5.2	5.2	5.2	5.2
CACACATCCCCA__0.318233086503884__9	6.5	4.2	6.5	4.2	6.5	4.5	4.4	5.2	5.2	5.2	6.5
GCTCCCTCCCCC__0.318136141579429__10	4.7	4.5	4.4	5.2	5.2	4.5	4.4	5.2	5.2	5.2	5.2
TTTCCCCCCGCC__0.317839721772373__14	3.9	3.9	4.4	5.2	5.2	5.2	5.2	5.2	5.5	4.7	5.2
GTTTCCTCCTCT__0.317838866464789__10	4.2	3.9	3.9	4.4	5.2	4.5	4.4	5.2	4.5	4.4	4.5
TACCGCTCCCCC__0.317831658679479__9	5.5	4.2	5.2	5.5	4.7	4.5	4.4	5.2	5.2	5.2	5.2
CCTCCATCCACC__0.317720024541021__9	5.2	4.5	4.4	5.2	6.5	4.5	4.4	5.2	6.5	4.2	5.2
AGGGGGTAAGCG__0.317503865834358__9	4.5	5.2	5.2	5.2	5.2	4.2	5.5	3.9	4.5	4.7	5.5
ACCCCGCCCACC__0.317450976456296__10	4.2	5.2	5.2	5.2	5.5	4.7	5.2	5.2	6.5	4.2	5.2
CCCCGGCCCACC__0.317219773437091__9	5.2	5.2	5.2	5.5	5.2	4.7	5.2	5.2	6.5	4.2	5.2
TACCCCTCCCCA__0.317112740862938__10	5.5	4.2	5.2	5.2	5.2	4.5	4.4	5.2	5.2	5.2	6.5
ATTCCCTCCCCG__0.317110441272781__9	4.5	3.9	4.4	5.2	5.2	4.5	4.4	5.2	5.2	5.2	5.5
CACACCCCCGCC__0.316859915700586__9	6.5	4.2	6.5	4.2	5.2	5.2	5.2	5.2	5.5	4.7	5.2
TCCTCTTCCCCA__0.316695073248997__9	4.4	5.2	4.5	4.4	4.5	3.9	4.4	5.2	5.2	5.2	6.5
AGGGGGTGCGAG__0.315713646665599__9	4.5	5.2	5.2	5.2	5.2	4.2	6.5	4.7	5.5	4.4	4.5
GGTGGGAGCGCG__0.315705675541118__9	5.2	4.2	6.5	5.2	5.2	4.4	4.5	4.7	5.5	4.7	5.5
CGCCCACCCGCC__0.315675427971739__9	5.5	4.7	5.2	5.2	6.5	4.2	5.2	5.2	5.5	4.7	5.2
TGCTGGTCCGCG__0.31551603497595__9	6.5	4.7	4.5	6.5	5.2	4.2	4.4	5.2	5.5	4.7	5.5
GACCCCCCCGCC__0.315387042316776__10	4.4	4.2	5.2	5.2	5.2	5.2	5.2	5.2	5.5	4.7	5.2
TCCACATCCCCC__0.315204074987783__9	4.4	5.2	6.5	4.2	6.5	4.5	4.4	5.2	5.2	5.2	5.2
CCTCTGTCCCCC__0.31509434693007__9	5.2	4.5	4.4	4.5	6.5	4.2	4.4	5.2	5.2	5.2	5.2
AGTCCCTCCCCA__0.314789538247573__10	4.5	4.2	4.4	5.2	5.2	4.5	4.4	5.2	5.2	5.2	6.5
CACCCACCCGCA__0.314736557282976__9	6.5	4.2	5.2	5.2	6.5	4.2	5.2	5.2	5.5	4.7	6.5
CGCCCATCCCCC__0.314082938704266__9	5.5	4.7	5.2	5.2	6.5	4.5	4.4	5.2	5.2	5.2	5.2
ACGCCCTCCCCC__0.313902928762765__9	4.2	5.5	4.7	5.2	5.2	4.5	4.4	5.2	5.2	5.2	5.2
GTCCCCTCCCCC__0.31380546008415__10	4.2	4.4	5.2	5.2	5.2	4.5	4.4	5.2	5.2	5.2	5.2
CGCCCCCCCGCC__0.313615689041139__11	5.5	4.7	5.2	5.2	5.2	5.2	5.2	5.2	5.5	4.7	5.2
CGCACATCCCCC__0.313465906260127__9	5.5	4.7	6.5	4.2	6.5	4.5	4.4	5.2	5.2	5.2	5.2
TTCGGGTCCGCT__0.313223047956417__9	3.9	4.4	5.5	5.2	5.2	4.2	4.4	5.2	5.5	4.7	4.5
CACACGCCCCCC__0.312434119917646__9	6.5	4.2	6.5	4.2	5.5	4.7	5.2	5.2	5.2	5.2	5.2
CATACCTCCCCA__0.312161849576949__9	6.5	4.5	5.5	4.2	5.2	4.5	4.4	5.2	5.2	5.2	6.5
CCACCCCCCGCA__0.311908780962411__10	5.2	6.5	4.2	5.2	5.2	5.2	5.2	5.2	5.5	4.7	6.5
CCATCCCCCGCC__0.311895584212231__10	5.2	6.5	4.5	4.4	5.2	5.2	5.2	5.2	5.5	4.7	5.2
GGGGGGTGGGCA__0.311891405611592__13	5.2	5.2	5.2	5.2	5.2	4.2	6.5	5.2	5.2	4.7	6.5
GGTGGGTGGGCC__0.3115249932007__12	5.2	4.2	6.5	5.2	5.2	4.2	6.5	5.2	5.2	4.7	5.2
CCCACCACCGCA__0.311219013646732__9	5.2	5.2	6.5	4.2	5.2	6.5	4.2	5.2	5.5	4.7	6.5
CTTTCTTCCTCC__0.310952935402975__11	4.5	3.9	3.9	4.4	4.5	3.9	4.4	5.2	4.5	4.4	5.2
CTCACATCCCCC__0.310363543161313__9	4.5	4.4	6.5	4.2	6.5	4.5	4.4	5.2	5.2	5.2	5.2
ATTGGGTCCGCC__0.310310112583192__9	4.5	3.9	6.5	5.2	5.2	4.2	4.4	5.2	5.5	4.7	5.2
TTATGGTCCGCT__0.310058192136869__10	3.9	5.5	4.5	6.5	5.2	4.2	4.4	5.2	5.5	4.7	4.5
GGGTGGTGCGGG__0.310026693485062__11	5.2	5.2	4.2	6.5	5.2	4.2	6.5	4.7	5.5	5.2	5.2
CCTTCATCCCCA__0.309497693530611__10	5.2	4.5	3.9	4.4	6.5	4.5	4.4	5.2	5.2	5.2	6.5
TTCTGGTCCGCT__0.309359568262081__9	3.9	4.4	4.5	6.5	5.2	4.2	4.4	5.2	5.5	4.7	4.5
TCTTCATCCCCC__0.309320834431725__11	4.4	4.5	3.9	4.4	6.5	4.5	4.4	5.2	5.2	5.2	5.2
TTCCCCCCCGCC__0.308781013947815__12	3.9	4.4	5.2	5.2	5.2	5.2	5.2	5.2	5.5	4.7	5.2
TTTGGGTCCGCG__0.30875178813793__12	3.9	3.9	6.5	5.2	5.2	4.2	4.4	5.2	5.5	4.7	5.5
GGTGGGTCAGGG__0.308744183440176__10	5.2	4.2	6.5	5.2	5.2	4.2	4.4	6.5	4.5	5.2	5.2
TTCCTGTCCCCC__0.30853970841841__10	3.9	4.4	5.2	4.5	6.5	4.2	4.4	5.2	5.2	5.2	5.2
GTGTGGTGCGGG__0.308210093781131__11	4.2	6.5	4.2	6.5	5.2	4.2	6.5	4.7	5.5	5.2	5.2
TTTCGGTCCGCG__0.30786610697325__10	3.9	3.9	4.4	5.5	5.2	4.2	4.4	5.2	5.5	4.7	5.5
TTATGGTCTGGG__0.307857809286342__9	3.9	5.5	4.5	6.5	5.2	4.2	4.4	4.5	6.5	5.2	5.2
CTACCCTCCCCA__0.307385003937251__9	4.5	5.5	4.2	5.2	5.2	4.5	4.4	5.2	5.2	5.2	6.5
TTTACGTCCGCG__0.307348445550917__9	3.9	3.9	5.5	4.2	5.5	4.2	4.4	5.2	5.5	4.7	5.5
TTTACTTCCCCT__0.307145476303068__11	3.9	3.9	5.5	4.2	4.5	3.9	4.4	5.2	5.2	5.2	4.5
CTTTGGTCCGCT__0.306916932229686__10	4.5	3.9	3.9	6.5	5.2	4.2	4.4	5.2	5.5	4.7	4.5
TCCTGCTCCCCC__0.30687244148281__9	4.4	5.2	4.5	6.5	4.7	4.5	4.4	5.2	5.2	5.2	5.2
CTTTGGTCCGCG__0.30632104012703__10	4.5	3.9	3.9	6.5	5.2	4.2	4.4	5.2	5.5	4.7	5.5
CTTGGGTCCGCC__0.30607919308071__9	4.5	3.9	6.5	5.2	5.2	4.2	4.4	5.2	5.5	4.7	5.2
CTCACCCCCGCC__0.30585069063851__9	4.5	4.4	6.5	4.2	5.2	5.2	5.2	5.2	5.5	4.7	5.2
CACCCCCCCGCG__0.30577439703583__9	6.5	4.2	5.2	5.2	5.2	5.2	5.2	5.2	5.5	4.7	5.5
ATTTCTTCCCCT__0.305717814701934__10	4.5	3.9	3.9	4.4	4.5	3.9	4.4	5.2	5.2	5.2	4.5
TAGGGGTGGGCA__0.305396054462224__9	5.5	4.5	5.2	5.2	5.2	4.2	6.5	5.2	5.2	4.7	6.5
AGTCCCTCCCCC__0.305257222042025__9	4.5	4.2	4.4	5.2	5.2	4.5	4.4	5.2	5.2	5.2	5.2
TTGTGGTCCGCG__0.305145107026618__11	3.9	6.5	4.2	6.5	5.2	4.2	4.4	5.2	5.5	4.7	5.5
CTACCGCCCCCC__0.305111074640431__9	4.5	5.5	4.2	5.2	5.5	4.7	5.2	5.2	5.2	5.2	5.2
ACCCCGCCCACA__0.305051112046674__9	4.2	5.2	5.2	5.2	5.5	4.7	5.2	5.2	6.5	4.2	6.5
CTTTCATCCCCT__0.304712395641117__10	4.5	3.9	3.9	4.4	6.5	4.5	4.4	5.2	5.2	5.2	4.5
CCCCCCCCCGCA__0.304068493579286__11	5.2	5.2	5.2	5.2	5.2	5.2	5.2	5.2	5.5	4.7	6.5
ATTACCCCCGCC__0.303857837565572__9	4.5	3.9	5.5	4.2	5.2	5.2	5.2	5.2	5.5	4.7	5.2
GGTGGGTGGGCT__0.302784230959213__11	5.2	4.2	6.5	5.2	5.2	4.2	6.5	5.2	5.2	4.7	4.5
CTCCCGCCCCCA__0.302546520314913__9	4.5	4.4	5.2	5.2	5.5	4.7	5.2	5.2	5.2	5.2	6.5
TTCTCTTCCCCC__0.302537101644094__10	3.9	4.4	4.5	4.4	4.5	3.9	4.4	5.2	5.2	5.2	5.2
GCACCCCCCGCC__0.302379637425018__9	4.7	6.5	4.2	5.2	5.2	5.2	5.2	5.2	5.5	4.7	5.2
TCTTCTTCCCCC__0.301266156798369__10	4.4	4.5	3.9	4.4	4.5	3.9	4.4	5.2	5.2	5.2	5.2
CTTCCCTCCACC__0.301252893691256__9	4.5	3.9	4.4	5.2	5.2	4.5	4.4	5.2	6.5	4.2	5.2
CTTTCGTCCCCC__0.30073158608344__9	4.5	3.9	3.9	4.4	5.5	4.2	4.4	5.2	5.2	5.2	5.2
ATTCCATCCCCC__0.300547972242225__9	4.5	3.9	4.4	5.2	6.5	4.5	4.4	5.2	5.2	5.2	5.2
GGGGGGTCTGTG__0.30033375933638__9	5.2	5.2	5.2	5.2	5.2	4.2	4.4	4.5	6.5	4.2	6.5
GTGGGGTGCGGG__0.300319016480203__10	4.2	6.5	5.2	5.2	5.2	4.2	6.5	4.7	5.5	5.2	5.2
TCCCCCCCCGCG__0.300253674053113__10	4.4	5.2	5.2	5.2	5.2	5.2	5.2	5.2	5.5	4.7	5.5
CTTGCTTCCCCC__0.300169770261545__9	4.5	3.9	6.5	4.7	4.5	3.9	4.4	5.2	5.2	5.2	5.2
CGTCCCTCCCCC__0.300040466682621__9	5.5	4.2	4.4	5.2	5.2	4.5	4.4	5.2	5.2	5.2	5.2
TTTCCTTCCTCC__0.299791242780742__10	3.9	3.9	4.4	5.2	4.5	3.9	4.4	5.2	4.5	4.4	5.2
ATTTCTTCCTCT__0.299733123442267__9	4.5	3.9	3.9	4.4	4.5	3.9	4.4	5.2	4.5	4.4	4.5
TGCCCCTCCCCA__0.299723652319326__9	6.5	4.7	5.2	5.2	5.2	4.5	4.4	5.2	5.2	5.2	6.5
GGGTGGTGCGTG__0.299284004568614__10	5.2	5.2	4.2	6.5	5.2	4.2	6.5	4.7	5.5	4.2	6.5
TCAACGCCCCCC__0.298917418458409__9	4.4	6.5	3.9	4.2	5.5	4.7	5.2	5.2	5.2	5.2	5.2
CTTTCCTCCACC__0.298870943707741__10	4.5	3.9	3.9	4.4	5.2	4.5	4.4	5.2	6.5	4.2	5.2
TACCCGCCCCCC__0.298054755921616__9	5.5	4.2	5.2	5.2	5.5	4.7	5.2	5.2	5.2	5.2	5.2
GTCTCCTCCCCC__0.297647815701405__9	4.2	4.4	4.5	4.4	5.2	4.5	4.4	5.2	5.2	5.2	5.2
TTCCCTTCCACC__0.297448827132029__9	3.9	4.4	5.2	5.2	4.5	3.9	4.4	5.2	6.5	4.2	5.2
TGGTGGTCTGAG__0.297285222024826__9	6.5	5.2	4.2	6.5	5.2	4.2	4.4	4.5	6.5	4.4	4.5
TTCCCATCCCCA__0.297215197031055__9	3.9	4.4	5.2	5.2	6.5	4.5	4.4	5.2	5.2	5.2	6.5
CTGTCCTCCCCC__0.297010065811244__9	4.5	6.5	4.2	4.4	5.2	4.5	4.4	5.2	5.2	5.2	5.2
TCACCCCCCGCC__0.296720892505581__9	4.4	6.5	4.2	5.2	5.2	5.2	5.2	5.2	5.5	4.7	5.2
TTGCCCTCCCCC__0.296217993050853__9	3.9	6.5	4.7	5.2	5.2	4.5	4.4	5.2	5.2	5.2	5.2
TATCTGTCCCCC__0.296119842843196__9	5.5	4.5	4.4	4.5	6.5	4.2	4.4	5.2	5.2	5.2	5.2
TCTCCCCCCGCC__0.295789249983044__10	4.4	4.5	4.4	5.2	5.2	5.2	5.2	5.2	5.5	4.7	5.2
TATTGGTCAGAT__0.295699756303252__9	5.5	4.5	3.9	6.5	5.2	4.2	4.4	6.5	4.5	4.4	4.5
TTTGCGTCCGCA__0.295093176417588__9	3.9	3.9	6.5	4.7	5.5	4.2	4.4	5.2	5.5	4.7	6.5
GCTCCCCCCGCC__0.294750817616473__9	4.7	4.5	4.4	5.2	5.2	5.2	5.2	5.2	5.5	4.7	5.2
CTTTCCCCCGCC__0.294622016871147__10	4.5	3.9	3.9	4.4	5.2	5.2	5.2	5.2	5.5	4.7	5.2
TTTCCCTCCACT__0.294576393118771__9	3.9	3.9	4.4	5.2	5.2	4.5	4.4	5.2	6.5	4.2	4.5
GGGGGGTGCGGA__0.294349642601797__10	5.2	5.2	5.2	5.2	5.2	4.2	6.5	4.7	5.5	5.2	4.4
TTATCTTCCCCT__0.294114737956409__9	3.9	5.5	4.5	4.4	4.5	3.9	4.4	5.2	5.2	5.2	4.5
TGGTGGTCCGCT__0.293979209650617__9	6.5	5.2	4.2	6.5	5.2	4.2	4.4	5.2	5.5	4.7	4.5
TGGTGGTCCGCG__0.293977849619929__9	6.5	5.2	4.2	6.5	5.2	4.2	4.4	5.2	5.5	4.7	5.5
CTTTCTTTCGCT__0.293941446898613__9	4.5	3.9	3.9	4.4	4.5	3.9	3.9	4.4	5.5	4.7	4.5
CCCGCGCCCCCC__0.293816445718677__9	5.2	5.2	5.5	4.7	5.5	4.7	5.2	5.2	5.2	5.2	5.2
CTTTCCTCCCCA__0.293783097186135__10	4.5	3.9	3.9	4.4	5.2	4.5	4.4	5.2	5.2	5.2	6.5
TTTGGGTCCGCC__0.293254686703272__11	3.9	3.9	6.5	5.2	5.2	4.2	4.4	5.2	5.5	4.7	5.2
CCTTCCCCCGCC__0.293090559330513__9	5.2	4.5	3.9	4.4	5.2	5.2	5.2	5.2	5.5	4.7	5.2
CTTTCTTCCCCA__0.291967017413793__10	4.5	3.9	3.9	4.4	4.5	3.9	4.4	5.2	5.2	5.2	6.5
TGTGGGTGCGGG__0.291617796026402__9	6.5	4.2	6.5	5.2	5.2	4.2	6.5	4.7	5.5	5.2	5.2
GGGGGGTGTGCG__0.291197337676982__9	5.2	5.2	5.2	5.2	5.2	4.2	6.5	4.2	6.5	4.7	5.5
TTTACATCCACT__0.290496740985621__9	3.9	3.9	5.5	4.2	6.5	4.5	4.4	5.2	6.5	4.2	4.5
GGGTGGTGGGCG__0.290016064420151__9	5.2	5.2	4.2	6.5	5.2	4.2	6.5	5.2	5.2	4.7	5.5
TTTTCCTCCGCT__0.289734769562378__11	3.9	3.9	3.9	4.4	5.2	4.5	4.4	5.2	5.5	4.7	4.5
TGTCCCTCCCCC__0.28971336561806__9	6.5	4.2	4.4	5.2	5.2	4.5	4.4	5.2	5.2	5.2	5.2
CCCTCCCCCGCA__0.288664392512507__9	5.2	5.2	4.5	4.4	5.2	5.2	5.2	5.2	5.5	4.7	6.5
TTCTCCCCCGCC__0.288632738913231__10	3.9	4.4	4.5	4.4	5.2	5.2	5.2	5.2	5.5	4.7	5.2
TTTACCTCCCCC__0.287687322663054__9	3.9	3.9	5.5	4.2	5.2	4.5	4.4	5.2	5.2	5.2	5.2
TTACCCCCCGCA__0.28750978231264__9	3.9	5.5	4.2	5.2	5.2	5.2	5.2	5.2	5.5	4.7	6.5
GGGGGGGCTGCA__0.2853596553481__10	5.2	5.2	5.2	5.2	5.2	5.2	4.7	4.5	6.5	4.7	6.5
GGGGGGTGCGTT__0.285039530391847__9	5.2	5.2	5.2	5.2	5.2	4.2	6.5	4.7	5.5	4.2	3.9
TATTCCTCCCCA__0.283760890370676__9	5.5	4.5	3.9	4.4	5.2	4.5	4.4	5.2	5.2	5.2	6.5
TTATCCTCCCCC__0.283563625186509__9	3.9	5.5	4.5	4.4	5.2	4.5	4.4	5.2	5.2	5.2	5.2
GTGGGGTGGGCG__0.283280431514041__9	4.2	6.5	5.2	5.2	5.2	4.2	6.5	5.2	5.2	4.7	5.5
TTTTCGTTCGGT__0.282904743212554__9	3.9	3.9	3.9	4.4	5.5	4.2	3.9	4.4	5.5	5.2	4.2
GTTGGGTGGGCG__0.282781992744113__9	4.2	3.9	6.5	5.2	5.2	4.2	6.5	5.2	5.2	4.7	5.5
GGGGGGTGCGCG__0.282694709832226__9	5.2	5.2	5.2	5.2	5.2	4.2	6.5	4.7	5.5	4.7	5.5
TGTTGGTGTGCA__0.28073529443512__9	6.5	4.2	3.9	6.5	5.2	4.2	6.5	4.2	6.5	4.7	6.5
GGGGGGGGCGCG__0.28046794540162__10	5.2	5.2	5.2	5.2	5.2	5.2	5.2	4.7	5.5	4.7	5.5
TTTTCTTCCTCC__0.280455536124896__11	3.9	3.9	3.9	4.4	4.5	3.9	4.4	5.2	4.5	4.4	5.2
GTGGGGTGGGCT__0.279895913350167__9	4.2	6.5	5.2	5.2	5.2	4.2	6.5	5.2	5.2	4.7	4.5
TTGTGGTCCGCC__0.279027219782078__9	3.9	6.5	4.2	6.5	5.2	4.2	4.4	5.2	5.5	4.7	5.2
TTTTCTTTCGCG__0.271826642526648__10	3.9	3.9	3.9	4.4	4.5	3.9	3.9	4.4	5.5	4.7	5.5
TTTATGTCCCCC__0.270203422322961__9	3.9	3.9	5.5	4.5	6.5	4.2	4.4	5.2	5.2	5.2	5.2
TTTTCATCCCCT__0.268966984078409__9	3.9	3.9	3.9	4.4	6.5	4.5	4.4	5.2	5.2	5.2	4.5
TTTTCTTCCCCG__0.264888710369044__9	3.9	3.9	3.9	4.4	4.5	3.9	4.4	5.2	5.2	5.2	5.5
TTTTGTTCCCCT__0.261071170029059__10	3.9	3.9	3.9	6.5	4.2	3.9	4.4	5.2	5.2	5.2	4.5
TTTTGTTCCGTT__0.257420750954166__9	3.9	3.9	3.9	6.5	4.2	3.9	4.4	5.2	5.5	4.2	3.9
TTTTTGTGCGCG__0.252447535410523__9	3.9	3.9	3.9	3.9	6.5	4.2	6.5	4.7	5.5	4.7	5.5
TTTTGTTCCTCC__0.251437284344093__9	3.9	3.9	3.9	6.5	4.2	3.9	4.4	5.2	4.5	4.4	5.2
