AACCACGCCCCC__1__500	3.9	4.2	5.2	6.5	4.2	5.5	4.7	5.2	5.2	5.2	5.2
AACCACGCCCAC__0.976211872123428__421	3.9	4.2	5.2	6.5	4.2	5.5	4.7	5.2	5.2	6.5	4.2
AACCACGCCCAT__0.848932235139444__180	3.9	4.2	5.2	6.5	4.2	5.5	4.7	5.2	5.2	6.5	4.5
AACCACGCCCTC__0.840228482541184__147	3.9	4.2	5.2	6.5	4.2	5.5	4.7	5.2	5.2	4.5	4.4
AACCACGCCCCT__0.834290825856322__198	3.9	4.2	5.2	6.5	4.2	5.5	4.7	5.2	5.2	5.2	4.5
AACCACGCCCCA__0.790711835449818__224	3.9	4.2	5.2	6.5	4.2	5.5	4.7	5.2	5.2	5.2	6.5
GACCACGCCCCC__0.785639733456236__325	4.4	4.2	5.2	6.5	4.2	5.5	4.7	5.2	5.2	5.2	5.2
AACCACGCCTAC__0.771439003650903__121	3.9	4.2	5.2	6.5	4.2	5.5	4.7	5.2	4.5	5.5	4.2
AACCACGCCCAG__0.749155340687453__111	3.9	4.2	5.2	6.5	4.2	5.5	4.7	5.2	5.2	6.5	4.5
GACCACGCCCAC__0.733489404131355__247	4.4	4.2	5.2	6.5	4.2	5.5	4.7	5.2	5.2	6.5	4.2
AACCACGCCCAA__0.729531138262639__133	3.9	4.2	5.2	6.5	4.2	5.5	4.7	5.2	5.2	6.5	3.9
AGCCCCGCCCAC__0.725316809437957__283	4.5	4.7	5.2	5.2	5.2	5.5	4.7	5.2	5.2	6.5	4.2
AGCCACGCCCCC__0.722693679647281__316	4.5	4.7	5.2	6.5	4.2	5.5	4.7	5.2	5.2	5.2	5.2
AGCCACGCCCAC__0.719218157692769__278	4.5	4.7	5.2	6.5	4.2	5.5	4.7	5.2	5.2	6.5	4.2
AACCCCGCCCAC__0.717356749256393__350	3.9	4.2	5.2	5.2	5.2	5.5	4.7	5.2	5.2	6.5	4.2
AGCCCCGCCCCC__0.710988127275124__297	4.5	4.7	5.2	5.2	5.2	5.5	4.7	5.2	5.2	5.2	5.2
GACCACGCCCAT__0.706219664418688__136	4.4	4.2	5.2	6.5	4.2	5.5	4.7	5.2	5.2	6.5	4.5
AACCACGCCCCG__0.695269800150249__91	3.9	4.2	5.2	6.5	4.2	5.5	4.7	5.2	5.2	5.2	5.5
AACCACGCCCTT__0.688290794986899__63	3.9	4.2	5.2	6.5	4.2	5.5	4.7	5.2	5.2	4.5	3.9
AACCCCGCCCCC__0.684105905694005__318	3.9	4.2	5.2	5.2	5.2	5.5	4.7	5.2	5.2	5.2	5.2
CACCACGCCCAC__0.668672286985725__163	6.5	4.2	5.2	6.5	4.2	5.5	4.7	5.2	5.2	6.5	4.2
TACCACGCCCAC__0.665936867850308__167	5.5	4.2	5.2	6.5	4.2	5.5	4.7	5.2	5.2	6.5	4.2
GACCACGCCCTC__0.646538078628922__89	4.4	4.2	5.2	6.5	4.2	5.5	4.7	5.2	5.2	4.5	4.4
GACCACGCCCCT__0.645164738218725__120	4.4	4.2	5.2	6.5	4.2	5.5	4.7	5.2	5.2	5.2	4.5
TGCCACGCCCCC__0.642586349168107__169	6.5	4.7	5.2	6.5	4.2	5.5	4.7	5.2	5.2	5.2	5.2
AACCACGCCCTA__0.635290731097521__82	3.9	4.2	5.2	6.5	4.2	5.5	4.7	5.2	5.2	4.5	5.5
AACCACACCCCC__0.634429678762782__293	3.9	4.2	5.2	6.5	4.2	6.5	4.2	5.2	5.2	5.2	5.2
AACCACACCCAC__0.631167318402201__253	3.9	4.2	5.2	6.5	4.2	6.5	4.2	5.2	5.2	6.5	4.2
AGCCACGCCCCA__0.630624952295859__191	4.5	4.7	5.2	6.5	4.2	5.5	4.7	5.2	5.2	5.2	6.5
CGCCACGCCCCC__0.628850834262689__187	5.5	4.7	5.2	6.5	4.2	5.5	4.7	5.2	5.2	5.2	5.2
AGCCCCGCCTAC__0.626837868610029__68	4.5	4.7	5.2	5.2	5.2	5.5	4.7	5.2	4.5	5.5	4.2
TGCCACGCCCAC__0.626368547946146__139	6.5	4.7	5.2	6.5	4.2	5.5	4.7	5.2	5.2	6.5	4.2
AGCCCCGCCCAT__0.626110248580719__120	4.5	4.7	5.2	5.2	5.2	5.5	4.7	5.2	5.2	6.5	4.5
AGCCACGCCCAT__0.626100917058011__122	4.5	4.7	5.2	6.5	4.2	5.5	4.7	5.2	5.2	6.5	4.5
CGCCACGCCCAC__0.625154304461233__166	5.5	4.7	5.2	6.5	4.2	5.5	4.7	5.2	5.2	6.5	4.2
AGCCCCTCCCCC__0.624546231347497__222	4.5	4.7	5.2	5.2	5.2	4.5	4.4	5.2	5.2	5.2	5.2
GACCACGCCTAC__0.619284345941175__76	4.4	4.2	5.2	6.5	4.2	5.5	4.7	5.2	4.5	5.5	4.2
AAACACGCCCAC__0.619257632908036__121	3.9	3.9	4.2	6.5	4.2	5.5	4.7	5.2	5.2	6.5	4.2
AGCCACACCCCC__0.618901168323919__357	4.5	4.7	5.2	6.5	4.2	6.5	4.2	5.2	5.2	5.2	5.2
GACCACGCCCCA__0.617890289087455__142	4.4	4.2	5.2	6.5	4.2	5.5	4.7	5.2	5.2	5.2	6.5
AGCCACGCCCTC__0.617365176921074__98	4.5	4.7	5.2	6.5	4.2	5.5	4.7	5.2	5.2	4.5	4.4
AGACACGCCCAC__0.615808108716514__148	4.5	4.4	4.2	6.5	4.2	5.5	4.7	5.2	5.2	6.5	4.2
AGCCCCACCCAC__0.614385749738765__206	4.5	4.7	5.2	5.2	5.2	6.5	4.2	5.2	5.2	6.5	4.2
GGCCACGCCCAC__0.6136793528262__147	5.2	4.7	5.2	6.5	4.2	5.5	4.7	5.2	5.2	6.5	4.2
AACCCCGCCCCT__0.608813596948483__147	3.9	4.2	5.2	5.2	5.2	5.5	4.7	5.2	5.2	5.2	4.5
AACCCCGCCCAT__0.608571987046033__127	3.9	4.2	5.2	5.2	5.2	5.5	4.7	5.2	5.2	6.5	4.5
GACCACGCCCTT__0.60636802565715__46	4.4	4.2	5.2	6.5	4.2	5.5	4.7	5.2	5.2	4.5	3.9
GACCCCGCCCAC__0.604347366352836__196	4.4	4.2	5.2	5.2	5.2	5.5	4.7	5.2	5.2	6.5	4.2
GGCCACGCCCCC__0.602295400037451__156	5.2	4.7	5.2	6.5	4.2	5.5	4.7	5.2	5.2	5.2	5.2
TACCACGCCCCC__0.593677718659548__130	5.5	4.2	5.2	6.5	4.2	5.5	4.7	5.2	5.2	5.2	5.2
AGCCACGCCTAC__0.593447982783379__96	4.5	4.7	5.2	6.5	4.2	5.5	4.7	5.2	4.5	5.5	4.2
CACCACGCCCCC__0.592665368626203__122	6.5	4.2	5.2	6.5	4.2	5.5	4.7	5.2	5.2	5.2	5.2
AGCCCCGCCCTC__0.591612999306695__85	4.5	4.7	5.2	5.2	5.2	5.5	4.7	5.2	5.2	4.5	4.4
GACCACGCCCCG__0.58965497059455__71	4.4	4.2	5.2	6.5	4.2	5.5	4.7	5.2	5.2	5.2	5.5
AGCCCCTCCCAC__0.589482400538891__176	4.5	4.7	5.2	5.2	5.2	4.5	4.4	5.2	5.2	6.5	4.2
AACCACGCCTCC__0.588810542307291__92	3.9	4.2	5.2	6.5	4.2	5.5	4.7	5.2	4.5	4.4	5.2
CGCCCCGCCCAC__0.584761218135524__166	5.5	4.7	5.2	5.2	5.2	5.5	4.7	5.2	5.2	6.5	4.2
AGCCACGCCCAA__0.584433527811967__116	4.5	4.7	5.2	6.5	4.2	5.5	4.7	5.2	5.2	6.5	3.9
AGCCCCGCCCCT__0.584177604221552__113	4.5	4.7	5.2	5.2	5.2	5.5	4.7	5.2	5.2	5.2	4.5
AGACACGCCCCC__0.583775966835305__136	4.5	4.4	4.2	6.5	4.2	5.5	4.7	5.2	5.2	5.2	5.2
AGCCACGCCCCT__0.580914279202535__113	4.5	4.7	5.2	6.5	4.2	5.5	4.7	5.2	5.2	5.2	4.5
GGCCACGCCCAT__0.578085597519424__82	5.2	4.7	5.2	6.5	4.2	5.5	4.7	5.2	5.2	6.5	4.5
AACTCCGCCCAC__0.573560626139256__170	3.9	4.2	4.5	4.4	5.2	5.5	4.7	5.2	5.2	6.5	4.2
AGCCCCGCCCCA__0.572714085277383__141	4.5	4.7	5.2	5.2	5.2	5.5	4.7	5.2	5.2	5.2	6.5
GGCCACGCCCTC__0.567639809247357__65	5.2	4.7	5.2	6.5	4.2	5.5	4.7	5.2	5.2	4.5	4.4
AACCACACCCCT__0.567584422221528__113	3.9	4.2	5.2	6.5	4.2	6.5	4.2	5.2	5.2	5.2	4.5
GACCACGCCCAA__0.566634670943087__81	4.4	4.2	5.2	6.5	4.2	5.5	4.7	5.2	5.2	6.5	3.9
AACCACGCCTAT__0.566427502479803__38	3.9	4.2	5.2	6.5	4.2	5.5	4.7	5.2	4.5	5.5	4.5
AACTCCTCCCAC__0.564634116266851__132	3.9	4.2	4.5	4.4	5.2	4.5	4.4	5.2	5.2	6.5	4.2
GGACACGCCCCC__0.562671052838719__110	5.2	4.4	4.2	6.5	4.2	5.5	4.7	5.2	5.2	5.2	5.2
GGACACGCCCAC__0.562436504611087__99	5.2	4.4	4.2	6.5	4.2	5.5	4.7	5.2	5.2	6.5	4.2
AACCCCTCCCAC__0.562413683895981__133	3.9	4.2	5.2	5.2	5.2	4.5	4.4	5.2	5.2	6.5	4.2
AGCCACGCCCCG__0.557235292834764__80	4.5	4.7	5.2	6.5	4.2	5.5	4.7	5.2	5.2	5.2	5.5
AGCCACACCCAC__0.556888148224554__226	4.5	4.7	5.2	6.5	4.2	6.5	4.2	5.2	5.2	6.5	4.2
AACTCCGCCCCC__0.554885191759918__175	3.9	4.2	4.5	4.4	5.2	5.5	4.7	5.2	5.2	5.2	5.2
AAACACGCCCCC__0.552103417580102__92	3.9	3.9	4.2	6.5	4.2	5.5	4.7	5.2	5.2	5.2	5.2
GGCCACACCCCC__0.55143522331742__215	5.2	4.7	5.2	6.5	4.2	6.5	4.2	5.2	5.2	5.2	5.2
GGCCCCGCCCCC__0.551213978515892__151	5.2	4.7	5.2	5.2	5.2	5.5	4.7	5.2	5.2	5.2	5.2
AGCCACGCCCAG__0.55008111788031__74	4.5	4.7	5.2	6.5	4.2	5.5	4.7	5.2	5.2	6.5	4.5
AGCCACACCCCT__0.548872384751849__135	4.5	4.7	5.2	6.5	4.2	6.5	4.2	5.2	5.2	5.2	4.5
AGCTCCTCCCCC__0.54797643573021__119	4.5	4.7	4.5	4.4	5.2	4.5	4.4	5.2	5.2	5.2	5.2
GGCCACACCCAC__0.547784372919324__183	5.2	4.7	5.2	6.5	4.2	6.5	4.2	5.2	5.2	6.5	4.2
TGCCACGCCCTC__0.547247451967295__52	6.5	4.7	5.2	6.5	4.2	5.5	4.7	5.2	5.2	4.5	4.4
GACCACACCCCC__0.546508418954882__259	4.4	4.2	5.2	6.5	4.2	6.5	4.2	5.2	5.2	5.2	5.2
CACCACGCCCAT__0.54565857631902__55	6.5	4.2	5.2	6.5	4.2	5.5	4.7	5.2	5.2	6.5	4.5
AGCCACGCCCTT__0.545049433189901__57	4.5	4.7	5.2	6.5	4.2	5.5	4.7	5.2	5.2	4.5	3.9
GACCCCGCCCCC__0.544774113956425__155	4.4	4.2	5.2	5.2	5.2	5.5	4.7	5.2	5.2	5.2	5.2
GGCCCCGCCCAC__0.543976603185384__131	5.2	4.7	5.2	5.2	5.2	5.5	4.7	5.2	5.2	6.5	4.2
CGCCACGCCCAT__0.543207179699505__71	5.5	4.7	5.2	6.5	4.2	5.5	4.7	5.2	5.2	6.5	4.5
AGCTCCGCCCAC__0.542038878817574__125	4.5	4.7	4.5	4.4	5.2	5.5	4.7	5.2	5.2	6.5	4.2
GACCACGCCTCC__0.541956483653304__84	4.4	4.2	5.2	6.5	4.2	5.5	4.7	5.2	4.5	4.4	5.2
AGCTCCTCCCAC__0.541196415357662__112	4.5	4.7	4.5	4.4	5.2	4.5	4.4	5.2	5.2	6.5	4.2
AACCCCTCCCCC__0.541106799181496__135	3.9	4.2	5.2	5.2	5.2	4.5	4.4	5.2	5.2	5.2	5.2
GGCCACGCCCCA__0.539418685652729__102	5.2	4.7	5.2	6.5	4.2	5.5	4.7	5.2	5.2	5.2	6.5
CGCCCCGCCCCC__0.53726564265784__140	5.5	4.7	5.2	5.2	5.2	5.5	4.7	5.2	5.2	5.2	5.2
TACCACGCCCAT__0.532517217648568__55	5.5	4.2	5.2	6.5	4.2	5.5	4.7	5.2	5.2	6.5	4.5
TGCCACGCCCAT__0.5316067254186__57	6.5	4.7	5.2	6.5	4.2	5.5	4.7	5.2	5.2	6.5	4.5
AGCTCCACCCAC__0.530899868315126__136	4.5	4.7	4.5	4.4	5.2	6.5	4.2	5.2	5.2	6.5	4.2
TGCCCCGCCCAC__0.530450161758414__136	6.5	4.7	5.2	5.2	5.2	5.5	4.7	5.2	5.2	6.5	4.2
GACTCCTCCCAC__0.529250652782739__104	4.4	4.2	4.5	4.4	5.2	4.5	4.4	5.2	5.2	6.5	4.2
AGCCCCGCCCAA__0.525901552320058__83	4.5	4.7	5.2	5.2	5.2	5.5	4.7	5.2	5.2	6.5	3.9
GGCTCCACCCAC__0.519301962748277__121	5.2	4.7	4.5	4.4	5.2	6.5	4.2	5.2	5.2	6.5	4.2
AGCCCCGCCCAG__0.518407795797812__61	4.5	4.7	5.2	5.2	5.2	5.5	4.7	5.2	5.2	6.5	4.5
GGCCACGCCCTT__0.517199591974204__42	5.2	4.7	5.2	6.5	4.2	5.5	4.7	5.2	5.2	4.5	3.9
CGACACGCCCCC__0.516792771826343__84	5.5	4.4	4.2	6.5	4.2	5.5	4.7	5.2	5.2	5.2	5.2
TGCCCCGCCCCC__0.516739203993104__145	6.5	4.7	5.2	5.2	5.2	5.5	4.7	5.2	5.2	5.2	5.2
AGCCACTCCCAC__0.516669152295566__124	4.5	4.7	5.2	6.5	4.2	4.5	4.4	5.2	5.2	6.5	4.2
TGCCACGCCCCT__0.51469144640332__60	6.5	4.7	5.2	6.5	4.2	5.5	4.7	5.2	5.2	5.2	4.5
CGACACGCCCAC__0.514597663786945__79	5.5	4.4	4.2	6.5	4.2	5.5	4.7	5.2	5.2	6.5	4.2
AACCCCGCCCTC__0.514361900171905__66	3.9	4.2	5.2	5.2	5.2	5.5	4.7	5.2	5.2	4.5	4.4
AGCTCCGCCCCC__0.514075926353402__124	4.5	4.7	4.5	4.4	5.2	5.5	4.7	5.2	5.2	5.2	5.2
AACCACTCCCAC__0.513386271018482__97	3.9	4.2	5.2	6.5	4.2	4.5	4.4	5.2	5.2	6.5	4.2
TGACACGCCCAC__0.511530595659688__83	6.5	4.4	4.2	6.5	4.2	5.5	4.7	5.2	5.2	6.5	4.2
AGCCACTCCCCC__0.510043968391905__126	4.5	4.7	5.2	6.5	4.2	4.5	4.4	5.2	5.2	5.2	5.2
CTCCACCCACAA__0.50988121140968__69	4.5	4.4	5.2	6.5	4.2	5.2	5.2	6.5	4.2	6.5	3.9
AGCCCCTCCCAT__0.50954291319273__70	4.5	4.7	5.2	5.2	5.2	4.5	4.4	5.2	5.2	6.5	4.5
GGCCACGCCCCT__0.509223552145123__65	5.2	4.7	5.2	6.5	4.2	5.5	4.7	5.2	5.2	5.2	4.5
AACCCCGCCTAC__0.509208284696745__40	3.9	4.2	5.2	5.2	5.2	5.5	4.7	5.2	4.5	5.5	4.2
AGCCCCTCCCCT__0.507713903252955__79	4.5	4.7	5.2	5.2	5.2	4.5	4.4	5.2	5.2	5.2	4.5
GACTCCGCCCAC__0.507660843841816__115	4.4	4.2	4.5	4.4	5.2	5.5	4.7	5.2	5.2	6.5	4.2
GACCACGCCTAT__0.507526261493893__34	4.4	4.2	5.2	6.5	4.2	5.5	4.7	5.2	4.5	5.5	4.5
CCCCACCCACAA__0.505747321420667__73	5.2	5.2	5.2	6.5	4.2	5.2	5.2	6.5	4.2	6.5	3.9
GAACACGCCCAC__0.505244097211271__55	4.4	3.9	4.2	6.5	4.2	5.5	4.7	5.2	5.2	6.5	4.2
AGACACGCCCAT__0.505079713503715__51	4.5	4.4	4.2	6.5	4.2	5.5	4.7	5.2	5.2	6.5	4.5
AACTCCTCCCCC__0.503932808096852__99	3.9	4.2	4.5	4.4	5.2	4.5	4.4	5.2	5.2	5.2	5.2
AACCACACCCAT__0.503825231707621__69	3.9	4.2	5.2	6.5	4.2	6.5	4.2	5.2	5.2	6.5	4.5
AGCCCCGCCTCC__0.503098146456719__59	4.5	4.7	5.2	5.2	5.2	5.5	4.7	5.2	4.5	4.4	5.2
GACCACGCCCAG__0.501341310349693__44	4.4	4.2	5.2	6.5	4.2	5.5	4.7	5.2	5.2	6.5	4.5
TGACACGCCCCC__0.50108892353114__85	6.5	4.4	4.2	6.5	4.2	5.5	4.7	5.2	5.2	5.2	5.2
GAACACGCCCCC__0.500133702500529__57	4.4	3.9	4.2	6.5	4.2	5.5	4.7	5.2	5.2	5.2	5.2
AACCACGCCTCT__0.49833202064413__33	3.9	4.2	5.2	6.5	4.2	5.5	4.7	5.2	4.5	4.4	4.5
AGCCACGCCCTA__0.498016570518796__70	4.5	4.7	5.2	6.5	4.2	5.5	4.7	5.2	5.2	4.5	5.5
CGCCACGCCCCT__0.496930845565988__63	5.5	4.7	5.2	6.5	4.2	5.5	4.7	5.2	5.2	5.2	4.5
CCCCACCCCCTT__0.496740625840755__48	5.2	5.2	5.2	6.5	4.2	5.2	5.2	5.2	5.2	4.5	3.9
AGACACGCCCCT__0.496249965148796__56	4.5	4.4	4.2	6.5	4.2	5.5	4.7	5.2	5.2	5.2	4.5
AGCCACGCCTCC__0.495783279206332__97	4.5	4.7	5.2	6.5	4.2	5.5	4.7	5.2	4.5	4.4	5.2
GACCACGCCCTA__0.494999535900482__45	4.4	4.2	5.2	6.5	4.2	5.5	4.7	5.2	5.2	4.5	5.5
AACCACGCCTTC__0.494617749375521__39	3.9	4.2	5.2	6.5	4.2	5.5	4.7	5.2	4.5	3.9	4.4
AGCCCCACCCCT__0.494054005544285__76	4.5	4.7	5.2	5.2	5.2	6.5	4.2	5.2	5.2	5.2	4.5
GACTCCGCCCCC__0.493777085693805__118	4.4	4.2	4.5	4.4	5.2	5.5	4.7	5.2	5.2	5.2	5.2
AGCTCCACCCCT__0.493066518904623__71	4.5	4.7	4.5	4.4	5.2	6.5	4.2	5.2	5.2	5.2	4.5
GGCCACGCCCAA__0.491642660264886__59	5.2	4.7	5.2	6.5	4.2	5.5	4.7	5.2	5.2	6.5	3.9
GGCCCCGCCTAC__0.489251864566562__35	5.2	4.7	5.2	5.2	5.2	5.5	4.7	5.2	4.5	5.5	4.2
AACCCCACCCAC__0.489241565909116__94	3.9	4.2	5.2	5.2	5.2	6.5	4.2	5.2	5.2	6.5	4.2
AGCCACACCCAT__0.487513629473085__82	4.5	4.7	5.2	6.5	4.2	6.5	4.2	5.2	5.2	6.5	4.5
AGCCCCGCCCTA__0.486475018628997__63	4.5	4.7	5.2	5.2	5.2	5.5	4.7	5.2	5.2	4.5	5.5
GGCCACACCCCT__0.486326223162651__80	5.2	4.7	5.2	6.5	4.2	6.5	4.2	5.2	5.2	5.2	4.5
GACCCCGCCTAC__0.485277465255344__35	4.4	4.2	5.2	5.2	5.2	5.5	4.7	5.2	4.5	5.5	4.2
GGACACGCCCCT__0.48437674717704__48	5.2	4.4	4.2	6.5	4.2	5.5	4.7	5.2	5.2	5.2	4.5
GACCACACCCAC__0.483643055533607__159	4.4	4.2	5.2	6.5	4.2	6.5	4.2	5.2	5.2	6.5	4.2
AGCCCCGCCCTT__0.483425427742576__38	4.5	4.7	5.2	5.2	5.2	5.5	4.7	5.2	5.2	4.5	3.9
AACCACTCCCCC__0.483128696877552__87	3.9	4.2	5.2	6.5	4.2	4.5	4.4	5.2	5.2	5.2	5.2
AGCCCCACCCAT__0.482433283595958__58	4.5	4.7	5.2	5.2	5.2	6.5	4.2	5.2	5.2	6.5	4.5
GGCCACGCCCCG__0.481001663580082__44	5.2	4.7	5.2	6.5	4.2	5.5	4.7	5.2	5.2	5.2	5.5
GGCTCCTCCCCC__0.479741749605732__76	5.2	4.7	4.5	4.4	5.2	4.5	4.4	5.2	5.2	5.2	5.2
AACCACGCCCTG__0.478796659671614__27	3.9	4.2	5.2	6.5	4.2	5.5	4.7	5.2	5.2	4.5	6.5
GACCACACCCCT__0.478581894862629__93	4.4	4.2	5.2	6.5	4.2	6.5	4.2	5.2	5.2	5.2	4.5
AACTCCGCCCAT__0.477901694320128__67	3.9	4.2	4.5	4.4	5.2	5.5	4.7	5.2	5.2	6.5	4.5
TACCACGCCCCT__0.477691619971536__46	5.5	4.2	5.2	6.5	4.2	5.5	4.7	5.2	5.2	5.2	4.5
AACTCCACCCAC__0.476964962328172__91	3.9	4.2	4.5	4.4	5.2	6.5	4.2	5.2	5.2	6.5	4.2
AGCCCCGCCCCG__0.476514360441555__49	4.5	4.7	5.2	5.2	5.2	5.5	4.7	5.2	5.2	5.2	5.5
GACCCCGCCCAT__0.476247467860899__60	4.4	4.2	5.2	5.2	5.2	5.5	4.7	5.2	5.2	6.5	4.5
CACCACGCCCCT__0.475014911628026__42	6.5	4.2	5.2	6.5	4.2	5.5	4.7	5.2	5.2	5.2	4.5
GGACACGCCCAT__0.474793314403839__39	5.2	4.4	4.2	6.5	4.2	5.5	4.7	5.2	5.2	6.5	4.5
AGCCCCTCCCTC__0.474298668207353__52	4.5	4.7	5.2	5.2	5.2	4.5	4.4	5.2	5.2	4.5	4.4
GGCCACGCCTAC__0.474207300828833__42	5.2	4.7	5.2	6.5	4.2	5.5	4.7	5.2	4.5	5.5	4.2
GGCCCCTCCCAC__0.471412758557937__98	5.2	4.7	5.2	5.2	5.2	4.5	4.4	5.2	5.2	6.5	4.2
AGACACGCCTAC__0.471267439129557__35	4.5	4.4	4.2	6.5	4.2	5.5	4.7	5.2	4.5	5.5	4.2
AAACACGCCCAT__0.471226404595384__33	3.9	3.9	4.2	6.5	4.2	5.5	4.7	5.2	5.2	6.5	4.5
AGTCCCGCCCAC__0.471224231532452__65	4.5	4.2	4.4	5.2	5.2	5.5	4.7	5.2	5.2	6.5	4.2
GACCACGCCTCT__0.470990137044758__31	4.4	4.2	5.2	6.5	4.2	5.5	4.7	5.2	4.5	4.4	4.5
AGCCCCGCCTAT__0.469791882816823__23	4.5	4.7	5.2	5.2	5.2	5.5	4.7	5.2	4.5	5.5	4.5
AGCTCCACCCAT__0.469160858473584__52	4.5	4.7	4.5	4.4	5.2	6.5	4.2	5.2	5.2	6.5	4.5
GGCTCCGCCCCC__0.468908257908702__90	5.2	4.7	4.5	4.4	5.2	5.5	4.7	5.2	5.2	5.2	5.2
AGCCACGCCCTG__0.468477609609338__45	4.5	4.7	5.2	6.5	4.2	5.5	4.7	5.2	5.2	4.5	6.5
AGCTCCGCCCAT__0.468409376144033__57	4.5	4.7	4.5	4.4	5.2	5.5	4.7	5.2	5.2	6.5	4.5
CGCCCCGCCCAT__0.468367025450896__54	5.5	4.7	5.2	5.2	5.2	5.5	4.7	5.2	5.2	6.5	4.5
GACCCCTCCCCC__0.467717441721747__83	4.4	4.2	5.2	5.2	5.2	4.5	4.4	5.2	5.2	5.2	5.2
GGCCCCGCCCCT__0.467651982067078__63	5.2	4.7	5.2	5.2	5.2	5.5	4.7	5.2	5.2	5.2	4.5
AACCCCGCCTCC__0.466608636750636__49	3.9	4.2	5.2	5.2	5.2	5.5	4.7	5.2	4.5	4.4	5.2
TGCCACGCCTAC__0.466584204939278__36	6.5	4.7	5.2	6.5	4.2	5.5	4.7	5.2	4.5	5.5	4.2
AGCACCGCCCAC__0.465428026887889__74	4.5	4.7	6.5	4.2	5.2	5.5	4.7	5.2	5.2	6.5	4.2
GGCCACGCCCAG__0.464378887288476__38	5.2	4.7	5.2	6.5	4.2	5.5	4.7	5.2	5.2	6.5	4.5
GGCCCCTCCCCC__0.464323535584848__100	5.2	4.7	5.2	5.2	5.2	4.5	4.4	5.2	5.2	5.2	5.2
GACCCCTCCCAC__0.464104832882448__75	4.4	4.2	5.2	5.2	5.2	4.5	4.4	5.2	5.2	6.5	4.2
ATACACGCCCAC__0.463450708552389__53	4.5	5.5	4.2	6.5	4.2	5.5	4.7	5.2	5.2	6.5	4.2
GACCCCGCCCCT__0.463415565914834__64	4.4	4.2	5.2	5.2	5.2	5.5	4.7	5.2	5.2	5.2	4.5
GGCCACTCCCCC__0.462515969094149__80	5.2	4.7	5.2	6.5	4.2	4.5	4.4	5.2	5.2	5.2	5.2
GACTCCACCCAC__0.462120568976295__81	4.4	4.2	4.5	4.4	5.2	6.5	4.2	5.2	5.2	6.5	4.2
GACTCCTCCCCC__0.461179483952366__74	4.4	4.2	4.5	4.4	5.2	4.5	4.4	5.2	5.2	5.2	5.2
AGACACGCCCTC__0.461115251957672__33	4.5	4.4	4.2	6.5	4.2	5.5	4.7	5.2	5.2	4.5	4.4
CTCCACCCCCTT__0.460230793018991__32	4.5	4.4	5.2	6.5	4.2	5.2	5.2	5.2	5.2	4.5	3.9
AGCCCCGCCTCT__0.459969491262821__26	4.5	4.7	5.2	5.2	5.2	5.5	4.7	5.2	4.5	4.4	4.5
GGCTCCACCCCT__0.459848631670168__55	5.2	4.7	4.5	4.4	5.2	6.5	4.2	5.2	5.2	5.2	4.5
CGCCCCGCCCCT__0.459360956935981__59	5.5	4.7	5.2	5.2	5.2	5.5	4.7	5.2	5.2	5.2	4.5
CGCCACGCCCTC__0.458757950700818__36	5.5	4.7	5.2	6.5	4.2	5.5	4.7	5.2	5.2	4.5	4.4
GACTCCGCCCAT__0.458710318147441__56	4.4	4.2	4.5	4.4	5.2	5.5	4.7	5.2	5.2	6.5	4.5
GGCCCCGCCCTC__0.45813564049524__43	5.2	4.7	5.2	5.2	5.2	5.5	4.7	5.2	5.2	4.5	4.4
AAACACGCCCCT__0.457703721037899__35	3.9	3.9	4.2	6.5	4.2	5.5	4.7	5.2	5.2	5.2	4.5
GACCACGCCCTG__0.45742838409273__27	4.4	4.2	5.2	6.5	4.2	5.5	4.7	5.2	5.2	4.5	6.5
AACTCCTCCCCT__0.45663225118161__49	3.9	4.2	4.5	4.4	5.2	4.5	4.4	5.2	5.2	5.2	4.5
AGACACGCCCCA__0.455116262960059__58	4.5	4.4	4.2	6.5	4.2	5.5	4.7	5.2	5.2	5.2	6.5
GGCCACGCCTCC__0.454047270622056__64	5.2	4.7	5.2	6.5	4.2	5.5	4.7	5.2	4.5	4.4	5.2
GGCTCCTCCCAC__0.453333082263467__63	5.2	4.7	4.5	4.4	5.2	4.5	4.4	5.2	5.2	6.5	4.2
GGCCCCGCCCAT__0.451763454487181__49	5.2	4.7	5.2	5.2	5.2	5.5	4.7	5.2	5.2	6.5	4.5
GGCCACACCCAT__0.450256082682934__55	5.2	4.7	5.2	6.5	4.2	6.5	4.2	5.2	5.2	6.5	4.5
CGCCACGCCCCA__0.44969889742672__62	5.5	4.7	5.2	6.5	4.2	5.5	4.7	5.2	5.2	5.2	6.5
AGACACACCCCC__0.449090599278025__110	4.5	4.4	4.2	6.5	4.2	6.5	4.2	5.2	5.2	5.2	5.2
AGCTCCGCCTAC__0.448056978872048__29	4.5	4.7	4.5	4.4	5.2	5.5	4.7	5.2	4.5	5.5	4.2
AGACACGCCCTT__0.447537779688184__20	4.5	4.4	4.2	6.5	4.2	5.5	4.7	5.2	5.2	4.5	3.9
TACCACGCCCCA__0.446389287921778__50	5.5	4.2	5.2	6.5	4.2	5.5	4.7	5.2	5.2	5.2	6.5
AGCACCGCCCCC__0.444335902082176__69	4.5	4.7	6.5	4.2	5.2	5.5	4.7	5.2	5.2	5.2	5.2
AACCCCACCCCT__0.444171879082784__43	3.9	4.2	5.2	5.2	5.2	6.5	4.2	5.2	5.2	5.2	4.5
AGCTCCGCCCTC__0.443522898230092__40	4.5	4.7	4.5	4.4	5.2	5.5	4.7	5.2	5.2	4.5	4.4
GGCTCCGCCCAC__0.443181256457569__65	5.2	4.7	4.5	4.4	5.2	5.5	4.7	5.2	5.2	6.5	4.2
GACCACGCCTTT__0.442846851764784__16	4.4	4.2	5.2	6.5	4.2	5.5	4.7	5.2	4.5	3.9	3.9
TGCCACGCCCCA__0.441698897597192__50	6.5	4.7	5.2	6.5	4.2	5.5	4.7	5.2	5.2	5.2	6.5
CGCCCCTCCCCC__0.440821996587824__87	5.5	4.7	5.2	5.2	5.2	4.5	4.4	5.2	5.2	5.2	5.2
ATCCCCGCCCAC__0.440702691975391__82	4.5	4.4	5.2	5.2	5.2	5.5	4.7	5.2	5.2	6.5	4.2
CGCTCCTCCCAC__0.439577457521181__48	5.5	4.7	4.5	4.4	5.2	4.5	4.4	5.2	5.2	6.5	4.2
AACCCCGCCCCG__0.439250464438889__42	3.9	4.2	5.2	5.2	5.2	5.5	4.7	5.2	5.2	5.2	5.5
GGCCCCACCCAC__0.43916691622964__82	5.2	4.7	5.2	5.2	5.2	6.5	4.2	5.2	5.2	6.5	4.2
AACCCCGCCCCA__0.439024274831518__75	3.9	4.2	5.2	5.2	5.2	5.5	4.7	5.2	5.2	5.2	6.5
TACCACGCCCTC__0.438931887102922__26	5.5	4.2	5.2	6.5	4.2	5.5	4.7	5.2	5.2	4.5	4.4
AACTCCGCCCCT__0.438367819855666__60	3.9	4.2	4.5	4.4	5.2	5.5	4.7	5.2	5.2	5.2	4.5
AACTCCTCCCAT__0.437596313369317__38	3.9	4.2	4.5	4.4	5.2	4.5	4.4	5.2	5.2	6.5	4.5
GACCACTCCCCC__0.437470298542021__89	4.4	4.2	5.2	6.5	4.2	4.5	4.4	5.2	5.2	5.2	5.2
GACTCCTCCCCT__0.436146430119737__41	4.4	4.2	4.5	4.4	5.2	4.5	4.4	5.2	5.2	5.2	4.5
AACCCCGCCCAA__0.434746189340597__53	3.9	4.2	5.2	5.2	5.2	5.5	4.7	5.2	5.2	6.5	3.9
CTCCACCCACAT__0.434624736671825__39	4.5	4.4	5.2	6.5	4.2	5.2	5.2	6.5	4.2	6.5	4.5
AACCCCGCCCAG__0.434361830303641__42	3.9	4.2	5.2	5.2	5.2	5.5	4.7	5.2	5.2	6.5	4.5
TGCCCCGCCCAT__0.434164388362373__52	6.5	4.7	5.2	5.2	5.2	5.5	4.7	5.2	5.2	6.5	4.5
GACCACACCCAT__0.433930400655564__61	4.4	4.2	5.2	6.5	4.2	6.5	4.2	5.2	5.2	6.5	4.5
AGTCACGCCCAC__0.433260301361067__40	4.5	4.2	4.4	6.5	4.2	5.5	4.7	5.2	5.2	6.5	4.2
CGACACGCCCAT__0.432634684630601__28	5.5	4.4	4.2	6.5	4.2	5.5	4.7	5.2	5.2	6.5	4.5
AACCCCTCCCAT__0.432356249605034__35	3.9	4.2	5.2	5.2	5.2	4.5	4.4	5.2	5.2	6.5	4.5
AGCCCCTCCTCC__0.432320111567202__27	4.5	4.7	5.2	5.2	5.2	4.5	4.4	5.2	4.5	4.4	5.2
GGCCCCGCCTCC__0.431052585353922__40	5.2	4.7	5.2	5.2	5.2	5.5	4.7	5.2	4.5	4.4	5.2
AGCCACGCCCGC__0.430332221171191__36	4.5	4.7	5.2	6.5	4.2	5.5	4.7	5.2	5.2	5.5	4.7
ATACACGCCCCC__0.430329123745539__46	4.5	5.5	4.2	6.5	4.2	5.5	4.7	5.2	5.2	5.2	5.2
GGCCCCGCCCCA__0.429981345389527__65	5.2	4.7	5.2	5.2	5.2	5.5	4.7	5.2	5.2	5.2	6.5
CCCCGCCCCCAT__0.429977332435973__69	5.2	5.2	5.2	5.5	4.7	5.2	5.2	5.2	5.2	6.5	4.5
CGCCCCTCCCAC__0.428162736219575__73	5.5	4.7	5.2	5.2	5.2	4.5	4.4	5.2	5.2	6.5	4.2
AGTCACGCCCCC__0.427849691127179__43	4.5	4.2	4.4	6.5	4.2	5.5	4.7	5.2	5.2	5.2	5.2
AGCTCCGCCCCT__0.426582920453359__50	4.5	4.7	4.5	4.4	5.2	5.5	4.7	5.2	5.2	5.2	4.5
GACTCCGCCCCT__0.42599101141404__52	4.4	4.2	4.5	4.4	5.2	5.5	4.7	5.2	5.2	5.2	4.5
AGCCACGCCTCT__0.425769099077713__37	4.5	4.7	5.2	6.5	4.2	5.5	4.7	5.2	4.5	4.4	4.5
AGCTCCTCCTAC__0.425203859582689__19	4.5	4.7	4.5	4.4	5.2	4.5	4.4	5.2	4.5	5.5	4.2
AGCCACACCTCC__0.424447377458387__66	4.5	4.7	5.2	6.5	4.2	6.5	4.2	5.2	4.5	4.4	5.2
AACCACGCCTTA__0.424044624151774__16	3.9	4.2	5.2	6.5	4.2	5.5	4.7	5.2	4.5	3.9	5.5
TGACACGCCCAT__0.423909397978965__30	6.5	4.4	4.2	6.5	4.2	5.5	4.7	5.2	5.2	6.5	4.5
AGCCCCACCCCC__0.423722196882875__84	4.5	4.7	5.2	5.2	5.2	6.5	4.2	5.2	5.2	5.2	5.2
GGACACGCCTAC__0.42326828587312__25	5.2	4.4	4.2	6.5	4.2	5.5	4.7	5.2	4.5	5.5	4.2
CGCCCCGCCTAC__0.42263688770162__22	5.5	4.7	5.2	5.2	5.2	5.5	4.7	5.2	4.5	5.5	4.2
TGCCCCTCCCCC__0.422539702794684__85	6.5	4.7	5.2	5.2	5.2	4.5	4.4	5.2	5.2	5.2	5.2
AGCTCCTCCCCT__0.421800201394965__37	4.5	4.7	4.5	4.4	5.2	4.5	4.4	5.2	5.2	5.2	4.5
AGGCACGCCCAC__0.420930552940919__33	4.5	5.2	4.7	6.5	4.2	5.5	4.7	5.2	5.2	6.5	4.2
TAACACGCCCAC__0.420517860177194__38	5.5	3.9	4.2	6.5	4.2	5.5	4.7	5.2	5.2	6.5	4.2
GTCCCCGCCCAC__0.420124534653739__64	4.2	4.4	5.2	5.2	5.2	5.5	4.7	5.2	5.2	6.5	4.2
GACCCCACCCAC__0.418771359369628__60	4.4	4.2	5.2	5.2	5.2	6.5	4.2	5.2	5.2	6.5	4.2
AGCCACGCCTTC__0.418270048249436__43	4.5	4.7	5.2	6.5	4.2	5.5	4.7	5.2	4.5	3.9	4.4
GGCCACTCCCAC__0.417916479075569__56	5.2	4.7	5.2	6.5	4.2	4.5	4.4	5.2	5.2	6.5	4.2
CCCCGCCCCCAG__0.417722237172663__50	5.2	5.2	5.2	5.5	4.7	5.2	5.2	5.2	5.2	6.5	4.5
GACCACGCCTTC__0.417544119901332__25	4.4	4.2	5.2	6.5	4.2	5.5	4.7	5.2	4.5	3.9	4.4
GACCACTCCCAC__0.416742284054535__69	4.4	4.2	5.2	6.5	4.2	4.5	4.4	5.2	5.2	6.5	4.2
CCCCACCCACCT__0.416338913683274__42	5.2	5.2	5.2	6.5	4.2	5.2	5.2	6.5	4.2	5.2	4.5
CTCCACCCCCCT__0.416203846496319__46	4.5	4.4	5.2	6.5	4.2	5.2	5.2	5.2	5.2	5.2	4.5
ATCCACGCCCAC__0.416083223003315__54	4.5	4.4	5.2	6.5	4.2	5.5	4.7	5.2	5.2	6.5	4.2
CGCTCCGCCCCC__0.416059316202902__53	5.5	4.7	4.5	4.4	5.2	5.5	4.7	5.2	5.2	5.2	5.2
AACCCCGCCCTA__0.41530227379943__35	3.9	4.2	5.2	5.2	5.2	5.5	4.7	5.2	5.2	4.5	5.5
CGCTCCGCCCAC__0.414943222320638__48	5.5	4.7	4.5	4.4	5.2	5.5	4.7	5.2	5.2	6.5	4.2
GGCCACGCCTAT__0.414370613061252__22	5.2	4.7	5.2	6.5	4.2	5.5	4.7	5.2	4.5	5.5	4.5
AACTCCGCCTAC__0.414296539860442__25	3.9	4.2	4.5	4.4	5.2	5.5	4.7	5.2	4.5	5.5	4.2
GGCCACACCTCC__0.413676447369297__52	5.2	4.7	5.2	6.5	4.2	6.5	4.2	5.2	4.5	4.4	5.2
CGCCACGCCCAG__0.413053103830049__28	5.5	4.7	5.2	6.5	4.2	5.5	4.7	5.2	5.2	6.5	4.5
GGCCCCTCCCCT__0.4119372911291__46	5.2	4.7	5.2	5.2	5.2	4.5	4.4	5.2	5.2	5.2	4.5
GACCCCGCCCTC__0.411917814925265__33	4.4	4.2	5.2	5.2	5.2	5.5	4.7	5.2	5.2	4.5	4.4
GGCCCCTCCCAT__0.411766065994204__40	5.2	4.7	5.2	5.2	5.2	4.5	4.4	5.2	5.2	6.5	4.5
ATCCACGCCCCC__0.411444639673692__57	4.5	4.4	5.2	6.5	4.2	5.5	4.7	5.2	5.2	5.2	5.2
AGCTCCTCCCAT__0.410780237071659__31	4.5	4.7	4.5	4.4	5.2	4.5	4.4	5.2	5.2	6.5	4.5
AGCCACACCCTC__0.410659691162622__51	4.5	4.7	5.2	6.5	4.2	6.5	4.2	5.2	5.2	4.5	4.4
GGGCACGCCCAC__0.410594233289153__29	5.2	5.2	4.7	6.5	4.2	5.5	4.7	5.2	5.2	6.5	4.2
CTCCACCCCCCG__0.410136052549899__36	4.5	4.4	5.2	6.5	4.2	5.2	5.2	5.2	5.2	5.2	5.5
TGCCACACCCCC__0.408918863148623__78	6.5	4.7	5.2	6.5	4.2	6.5	4.2	5.2	5.2	5.2	5.2
AACCCCTCCCTC__0.408611485830753__25	3.9	4.2	5.2	5.2	5.2	4.5	4.4	5.2	5.2	4.5	4.4
AACCCCGCCCTT__0.408240269253326__17	3.9	4.2	5.2	5.2	5.2	5.5	4.7	5.2	5.2	4.5	3.9
TACCCCGCCCAC__0.408125985845685__63	5.5	4.2	5.2	5.2	5.2	5.5	4.7	5.2	5.2	6.5	4.2
GACTCCACCCCT__0.408095805073547__35	4.4	4.2	4.5	4.4	5.2	6.5	4.2	5.2	5.2	5.2	4.5
TGACACGCCCCT__0.408090007957981__31	6.5	4.4	4.2	6.5	4.2	5.5	4.7	5.2	5.2	5.2	4.5
CGCCACGCCTAC__0.407723349901789__27	5.5	4.7	5.2	6.5	4.2	5.5	4.7	5.2	4.5	5.5	4.2
GTACACGCCCAC__0.406865005978949__50	4.2	5.5	4.2	6.5	4.2	5.5	4.7	5.2	5.2	6.5	4.2
GGCCCCGCCCCG__0.406823057693013__33	5.2	4.7	5.2	5.2	5.2	5.5	4.7	5.2	5.2	5.2	5.5
AGACACGCCCCG__0.406526646109319__24	4.5	4.4	4.2	6.5	4.2	5.5	4.7	5.2	5.2	5.2	5.5
AGACACGCCCAG__0.406504544390616__24	4.5	4.4	4.2	6.5	4.2	5.5	4.7	5.2	5.2	6.5	4.5
GACTCCGCCTAC__0.406376605477684__22	4.4	4.2	4.5	4.4	5.2	5.5	4.7	5.2	4.5	5.5	4.2
AGCTCCACCCCC__0.406340960760986__72	4.5	4.7	4.5	4.4	5.2	6.5	4.2	5.2	5.2	5.2	5.2
AGCCACGCCTAT__0.405086207188417__24	4.5	4.7	5.2	6.5	4.2	5.5	4.7	5.2	4.5	5.5	4.5
CACCACGCCCCA__0.404981852414295__35	6.5	4.2	5.2	6.5	4.2	5.5	4.7	5.2	5.2	5.2	6.5
AGACACACCCAC__0.404615634747484__71	4.5	4.4	4.2	6.5	4.2	6.5	4.2	5.2	5.2	6.5	4.2
CCCCTCCCCCAT__0.404239125887454__50	5.2	5.2	5.2	4.5	4.4	5.2	5.2	5.2	5.2	6.5	4.5
TGCCCCTCCCAC__0.404080198612389__73	6.5	4.7	5.2	5.2	5.2	4.5	4.4	5.2	5.2	6.5	4.2
AGCCCCGCCTTT__0.403730758747764__12	4.5	4.7	5.2	5.2	5.2	5.5	4.7	5.2	4.5	3.9	3.9
GGCCACGCCCTA__0.403526523808161__32	5.2	4.7	5.2	6.5	4.2	5.5	4.7	5.2	5.2	4.5	5.5
GACTCCTCCCAT__0.403181875916696__28	4.4	4.2	4.5	4.4	5.2	4.5	4.4	5.2	5.2	6.5	4.5
AACCACGCCTTT__0.403160105869102__13	3.9	4.2	5.2	6.5	4.2	5.5	4.7	5.2	4.5	3.9	3.9
AGACCCGCCCAC__0.403126769661952__41	4.5	4.4	4.2	5.2	5.2	5.5	4.7	5.2	5.2	6.5	4.2
AGCCCCTCCTAC__0.402570479635926__20	4.5	4.7	5.2	5.2	5.2	4.5	4.4	5.2	4.5	5.5	4.2
AACCCCACCCAT__0.402528424157482__28	3.9	4.2	5.2	5.2	5.2	6.5	4.2	5.2	5.2	6.5	4.5
GTCCACGCCCCC__0.402217483025231__61	4.2	4.4	5.2	6.5	4.2	5.5	4.7	5.2	5.2	5.2	5.2
CCCCACCCCCTA__0.402033164980257__39	5.2	5.2	5.2	6.5	4.2	5.2	5.2	5.2	5.2	4.5	5.5
CCACACCCCCAT__0.40163127089671__54	5.2	6.5	4.2	6.5	4.2	5.2	5.2	5.2	5.2	6.5	4.5
AGACCCGCCCCC__0.401447943442631__43	4.5	4.4	4.2	5.2	5.2	5.5	4.7	5.2	5.2	5.2	5.2
GGCTCCACCCAT__0.401237968333914__31	5.2	4.7	4.5	4.4	5.2	6.5	4.2	5.2	5.2	6.5	4.5
ATCCCCGCCCCC__0.401082942993916__66	4.5	4.4	5.2	5.2	5.2	5.5	4.7	5.2	5.2	5.2	5.2
AACCCCTCCCCT__0.399611333791363__34	3.9	4.2	5.2	5.2	5.2	4.5	4.4	5.2	5.2	5.2	4.5
CCCCACCCACAT__0.399290834472596__33	5.2	5.2	5.2	6.5	4.2	5.2	5.2	6.5	4.2	6.5	4.5
AGCCCCGCCTTC__0.398482203419152__20	4.5	4.7	5.2	5.2	5.2	5.5	4.7	5.2	4.5	3.9	4.4
GGCTCCTCCCAT__0.397528775744146__27	5.2	4.7	4.5	4.4	5.2	4.5	4.4	5.2	5.2	6.5	4.5
CTCCACCCCCAA__0.397400724014203__62	4.5	4.4	5.2	6.5	4.2	5.2	5.2	5.2	5.2	6.5	3.9
GTCCCCGCCCCC__0.396854042031785__60	4.2	4.4	5.2	5.2	5.2	5.5	4.7	5.2	5.2	5.2	5.2
AACCGCGCCCAC__0.396422767253131__45	3.9	4.2	5.2	5.5	4.7	5.5	4.7	5.2	5.2	6.5	4.2
CCCCTCCCCCAG__0.396082543693888__37	5.2	5.2	5.2	4.5	4.4	5.2	5.2	5.2	5.2	6.5	4.5
GTCCACGCCCAC__0.395894677484075__54	4.2	4.4	5.2	6.5	4.2	5.5	4.7	5.2	5.2	6.5	4.2
GGACACGCCCTC__0.395809436307903__19	5.2	4.4	4.2	6.5	4.2	5.5	4.7	5.2	5.2	4.5	4.4
GGACACACCCCC__0.395236067194267__66	5.2	4.4	4.2	6.5	4.2	6.5	4.2	5.2	5.2	5.2	5.2
AACCACTCCCCT__0.394464147163028__31	3.9	4.2	5.2	6.5	4.2	4.5	4.4	5.2	5.2	5.2	4.5
AGACACGCCCAA__0.394093496158774__28	4.5	4.4	4.2	6.5	4.2	5.5	4.7	5.2	5.2	6.5	3.9
CGCCCCACCCAC__0.393829523339204__59	5.5	4.7	5.2	5.2	5.2	6.5	4.2	5.2	5.2	6.5	4.2
TGCCACGCCCAA__0.393190113611991__27	6.5	4.7	5.2	6.5	4.2	5.5	4.7	5.2	5.2	6.5	3.9
AGCCCCTCCCCA__0.393034477777643__47	4.5	4.7	5.2	5.2	5.2	4.5	4.4	5.2	5.2	5.2	6.5
GACCACGCCCGC__0.392830899620385__19	4.4	4.2	5.2	6.5	4.2	5.5	4.7	5.2	5.2	5.5	4.7
CTCCACCCCCTG__0.391817762812696__22	4.5	4.4	5.2	6.5	4.2	5.2	5.2	5.2	5.2	4.5	6.5
GGACACACCCAC__0.391418411789354__56	5.2	4.4	4.2	6.5	4.2	6.5	4.2	5.2	5.2	6.5	4.2
TGCCCCGCCCCT__0.390717495381625__44	6.5	4.7	5.2	5.2	5.2	5.5	4.7	5.2	5.2	5.2	4.5
GGACACGCCCCG__0.39026587114821__20	5.2	4.4	4.2	6.5	4.2	5.5	4.7	5.2	5.2	5.2	5.5
GGCTCCTCCCCT__0.390179093819358__28	5.2	4.7	4.5	4.4	5.2	4.5	4.4	5.2	5.2	5.2	4.5
TGCCACGCCCCG__0.389921038601649__21	6.5	4.7	5.2	6.5	4.2	5.5	4.7	5.2	5.2	5.2	5.5
TGCTCCGCCCAC__0.389324422614257__53	6.5	4.7	4.5	4.4	5.2	5.5	4.7	5.2	5.2	6.5	4.2
CCCCACCCCCAT__0.388897689298029__37	5.2	5.2	5.2	6.5	4.2	5.2	5.2	5.2	5.2	6.5	4.5
AGCTCCTCCCTC__0.388517512906905__25	4.5	4.7	4.5	4.4	5.2	4.5	4.4	5.2	5.2	4.5	4.4
CCCCACCCACCA__0.388095938529952__53	5.2	5.2	5.2	6.5	4.2	5.2	5.2	6.5	4.2	5.2	6.5
AACCCCACCCCC__0.387219782436724__53	3.9	4.2	5.2	5.2	5.2	6.5	4.2	5.2	5.2	5.2	5.2
AGCCACACCCCA__0.38656854444558__66	4.5	4.7	5.2	6.5	4.2	6.5	4.2	5.2	5.2	5.2	6.5
CGACACGCCCCT__0.386038773180492__23	5.5	4.4	4.2	6.5	4.2	5.5	4.7	5.2	5.2	5.2	4.5
AGCACCGCCCAT__0.385630725847103__26	4.5	4.7	6.5	4.2	5.2	5.5	4.7	5.2	5.2	6.5	4.5
CCCCACCCCCCT__0.385222926082485__41	5.2	5.2	5.2	6.5	4.2	5.2	5.2	5.2	5.2	5.2	4.5
GGACACGCCCCA__0.385114674268695__32	5.2	4.4	4.2	6.5	4.2	5.5	4.7	5.2	5.2	5.2	6.5
CGCCCCCCGCTG__0.384979454401573__10	5.5	4.7	5.2	5.2	5.2	5.2	5.2	5.5	4.7	4.5	6.5
AACTCCACCCAT__0.384079760610046__26	3.9	4.2	4.5	4.4	5.2	6.5	4.2	5.2	5.2	6.5	4.5
CACCCCGCCCAC__0.383980463704867__53	6.5	4.2	5.2	5.2	5.2	5.5	4.7	5.2	5.2	6.5	4.2
TGCCACACCCAC__0.38396614067889__56	6.5	4.7	5.2	6.5	4.2	6.5	4.2	5.2	5.2	6.5	4.2
GGCACCGCCCAC__0.383691705566968__44	5.2	4.7	6.5	4.2	5.2	5.5	4.7	5.2	5.2	6.5	4.2
AATCCCGCCCCC__0.383508290345364__44	3.9	4.5	4.4	5.2	5.2	5.5	4.7	5.2	5.2	5.2	5.2
GACTCCACCCAT__0.382920848984403__25	4.4	4.2	4.5	4.4	5.2	6.5	4.2	5.2	5.2	6.5	4.5
GTACACGCCCCC__0.382891514416863__45	4.2	5.5	4.2	6.5	4.2	5.5	4.7	5.2	5.2	5.2	5.2
CGCCCCGCCCTC__0.382859633442121__25	5.5	4.7	5.2	5.2	5.2	5.5	4.7	5.2	5.2	4.5	4.4
AGCCCCTCCCAG__0.382469035658167__20	4.5	4.7	5.2	5.2	5.2	4.5	4.4	5.2	5.2	6.5	4.5
AGTCCCGCCCCC__0.382332377944091__39	4.5	4.2	4.4	5.2	5.2	5.5	4.7	5.2	5.2	5.2	5.2
GGCTCCACCCCC__0.381952339200358__57	5.2	4.7	4.5	4.4	5.2	6.5	4.2	5.2	5.2	5.2	5.2
AGTCACGCCCCT__0.381882420106666__21	4.5	4.2	4.4	6.5	4.2	5.5	4.7	5.2	5.2	5.2	4.5
CTCCACCCCCAT__0.381759938392991__31	4.5	4.4	5.2	6.5	4.2	5.2	5.2	5.2	5.2	6.5	4.5
AGCTCCTCCCCA__0.38130840893937__34	4.5	4.7	4.5	4.4	5.2	4.5	4.4	5.2	5.2	5.2	6.5
CTCCACCCACCT__0.380188880974958__29	4.5	4.4	5.2	6.5	4.2	5.2	5.2	6.5	4.2	5.2	4.5
CGCCCCGCCCAG__0.380099863857749__26	5.5	4.7	5.2	5.2	5.2	5.5	4.7	5.2	5.2	6.5	4.5
CCCCACCCCCAA__0.379888173062798__59	5.2	5.2	5.2	6.5	4.2	5.2	5.2	5.2	5.2	6.5	3.9
CGCCCCTCCCCT__0.379798452689422__36	5.5	4.7	5.2	5.2	5.2	4.5	4.4	5.2	5.2	5.2	4.5
GGCTCCGCCTAC__0.379777769032559__17	5.2	4.7	4.5	4.4	5.2	5.5	4.7	5.2	4.5	5.5	4.2
CGCCACGCCCTT__0.379089104835161__16	5.5	4.7	5.2	6.5	4.2	5.5	4.7	5.2	5.2	4.5	3.9
TGCCACGCCCTT__0.378941080541682__15	6.5	4.7	5.2	6.5	4.2	5.5	4.7	5.2	5.2	4.5	3.9
GGACACGCCCAA__0.3783124609168__23	5.2	4.4	4.2	6.5	4.2	5.5	4.7	5.2	5.2	6.5	3.9
CGCCACACCCCC__0.378297564241257__74	5.5	4.7	5.2	6.5	4.2	6.5	4.2	5.2	5.2	5.2	5.2
GGCCACACCCTC__0.37828319464373__34	5.2	4.7	5.2	6.5	4.2	6.5	4.2	5.2	5.2	4.5	4.4
CCCCTCCCCCCT__0.378234519737153__47	5.2	5.2	5.2	4.5	4.4	5.2	5.2	5.2	5.2	5.2	4.5
AACCACGCCCGC__0.378142100004491__14	3.9	4.2	5.2	6.5	4.2	5.5	4.7	5.2	5.2	5.5	4.7
CTCCACCCCCAG__0.378122611958326__24	4.5	4.4	5.2	6.5	4.2	5.2	5.2	5.2	5.2	6.5	4.5
AGCCACTCCCCT__0.377679791059321__34	4.5	4.7	5.2	6.5	4.2	4.5	4.4	5.2	5.2	5.2	4.5
GGCTCCGCCCCT__0.376545485623599__33	5.2	4.7	4.5	4.4	5.2	5.5	4.7	5.2	5.2	5.2	4.5
GGCAACGCCCAC__0.376425585242783__26	5.2	4.7	6.5	3.9	4.2	5.5	4.7	5.2	5.2	6.5	4.2
GGACACGCCCTT__0.375654033977336__13	5.2	4.4	4.2	6.5	4.2	5.5	4.7	5.2	5.2	4.5	3.9
GACCCCGCCCAA__0.375498918711977__34	4.4	4.2	5.2	5.2	5.2	5.5	4.7	5.2	5.2	6.5	3.9
GGCTCCGCCCAT__0.37472703623865__28	5.2	4.7	4.5	4.4	5.2	5.5	4.7	5.2	5.2	6.5	4.5
GGCCCCGCCTCT__0.374211917880985__15	5.2	4.7	5.2	5.2	5.2	5.5	4.7	5.2	4.5	4.4	4.5
AGCCACTCCCAT__0.373747142059475__29	4.5	4.7	5.2	6.5	4.2	4.5	4.4	5.2	5.2	6.5	4.5
CACCACGCCCTC__0.373333771046953__15	6.5	4.2	5.2	6.5	4.2	5.5	4.7	5.2	5.2	4.5	4.4
CGCTCCTCCCCC__0.373080420354258__32	5.5	4.7	4.5	4.4	5.2	4.5	4.4	5.2	5.2	5.2	5.2
CTCCACCCACCA__0.371504804269566__43	4.5	4.4	5.2	6.5	4.2	5.2	5.2	6.5	4.2	5.2	6.5
AGCCACACCTAC__0.371346562484444__38	4.5	4.7	5.2	6.5	4.2	6.5	4.2	5.2	4.5	5.5	4.2
GGCCACGCCTTA__0.37084459183691__17	5.2	4.7	5.2	6.5	4.2	5.5	4.7	5.2	4.5	3.9	5.5
GGCCCCGCCCTT__0.370350099519488__18	5.2	4.7	5.2	5.2	5.2	5.5	4.7	5.2	5.2	4.5	3.9
CCCCTCCCCCAA__0.369770516165777__69	5.2	5.2	5.2	4.5	4.4	5.2	5.2	5.2	5.2	6.5	3.9
CCCCACCCCCAG__0.369738513373449__26	5.2	5.2	5.2	6.5	4.2	5.2	5.2	5.2	5.2	6.5	4.5
GGATACGCCCAC__0.369338403961266__24	5.2	4.4	4.5	5.5	4.2	5.5	4.7	5.2	5.2	6.5	4.2
TACCCCGCCCCC__0.367363172334261__50	5.5	4.2	5.2	5.2	5.2	5.5	4.7	5.2	5.2	5.2	5.2
CGCCCCGCCCCA__0.36622155108971__40	5.5	4.7	5.2	5.2	5.2	5.5	4.7	5.2	5.2	5.2	6.5
CTCCACCCCCCA__0.365720093345054__50	4.5	4.4	5.2	6.5	4.2	5.2	5.2	5.2	5.2	5.2	6.5
ACACACCCCCAT__0.364752930185033__29	4.2	6.5	4.2	6.5	4.2	5.2	5.2	5.2	5.2	6.5	4.5
GACCCCACCCCT__0.364732242798523__28	4.4	4.2	5.2	5.2	5.2	6.5	4.2	5.2	5.2	5.2	4.5
AACCACACCTCC__0.364404520478022__32	3.9	4.2	5.2	6.5	4.2	6.5	4.2	5.2	4.5	4.4	5.2
CTCCACCCACAG__0.364316793453492__17	4.5	4.4	5.2	6.5	4.2	5.2	5.2	6.5	4.2	6.5	4.5
GGCCACGCCCTG__0.363003145302869__18	5.2	4.7	5.2	6.5	4.2	5.5	4.7	5.2	5.2	4.5	6.5
AGCCCCGCCCTG__0.361899532953105__20	4.5	4.7	5.2	5.2	5.2	5.5	4.7	5.2	5.2	4.5	6.5
AGCTCCTCCCAG__0.361190328046118__15	4.5	4.7	4.5	4.4	5.2	4.5	4.4	5.2	5.2	6.5	4.5
GTCACCGCCCAC__0.361097288594764__20	4.2	4.4	6.5	4.2	5.2	5.5	4.7	5.2	5.2	6.5	4.2
GGCCCCGCCCAA__0.360446979756756__29	5.2	4.7	5.2	5.2	5.2	5.5	4.7	5.2	5.2	6.5	3.9
TGCCACGCCTAT__0.360405092449694__13	6.5	4.7	5.2	6.5	4.2	5.5	4.7	5.2	4.5	5.5	4.5
GGACACACCCCT__0.360277136963636__27	5.2	4.4	4.2	6.5	4.2	6.5	4.2	5.2	5.2	5.2	4.5
AACCCCGCCTCT__0.360135445807181__12	3.9	4.2	5.2	5.2	5.2	5.5	4.7	5.2	4.5	4.4	4.5
GGCCCCACCCAT__0.359705010734369__26	5.2	4.7	5.2	5.2	5.2	6.5	4.2	5.2	5.2	6.5	4.5
AGCTCCGCCCCA__0.359610918821811__39	4.5	4.7	4.5	4.4	5.2	5.5	4.7	5.2	5.2	5.2	6.5
GGCCCCGCCCTA__0.359069410334213__27	5.2	4.7	5.2	5.2	5.2	5.5	4.7	5.2	5.2	4.5	5.5
TGCCCCGCCTAC__0.359007667231023__17	6.5	4.7	5.2	5.2	5.2	5.5	4.7	5.2	4.5	5.5	4.2
GAACACGCCCCT__0.358715465026234__14	4.4	3.9	4.2	6.5	4.2	5.5	4.7	5.2	5.2	5.2	4.5
GGACACGCCCAG__0.358107169216891__15	5.2	4.4	4.2	6.5	4.2	5.5	4.7	5.2	5.2	6.5	4.5
GAACACGCCCAT__0.357741952749337__12	4.4	3.9	4.2	6.5	4.2	5.5	4.7	5.2	5.2	6.5	4.5
TGCCCCTCCCCT__0.356679379775535__35	6.5	4.7	5.2	5.2	5.2	4.5	4.4	5.2	5.2	5.2	4.5
AGCTCCGCCCCG__0.35651022971097__24	4.5	4.7	4.5	4.4	5.2	5.5	4.7	5.2	5.2	5.2	5.5
AGCCCCTCCCCG__0.356267923699409__24	4.5	4.7	5.2	5.2	5.2	4.5	4.4	5.2	5.2	5.2	5.5
GACCCCGCCCCA__0.356178533228919__39	4.4	4.2	5.2	5.2	5.2	5.5	4.7	5.2	5.2	5.2	6.5
AACTCCACCCCT__0.355441602292284__24	3.9	4.2	4.5	4.4	5.2	6.5	4.2	5.2	5.2	5.2	4.5
TGCTCCGCCCCC__0.355233684517448__47	6.5	4.7	4.5	4.4	5.2	5.5	4.7	5.2	5.2	5.2	5.2
ATACACGCCCAT__0.354960080019331__15	4.5	5.5	4.2	6.5	4.2	5.5	4.7	5.2	5.2	6.5	4.5
CTCCACCCCCAC__0.354693961200328__43	4.5	4.4	5.2	6.5	4.2	5.2	5.2	5.2	5.2	6.5	4.2
GGTCCCGCCCAC__0.35437171025596__26	5.2	4.2	4.4	5.2	5.2	5.5	4.7	5.2	5.2	6.5	4.2
GACCCCGCCCTT__0.354142701429174__14	4.4	4.2	5.2	5.2	5.2	5.5	4.7	5.2	5.2	4.5	3.9
AGTCCCTCCCCC__0.353902330748135__36	4.5	4.2	4.4	5.2	5.2	4.5	4.4	5.2	5.2	5.2	5.2
TGCCACGCCCAG__0.353718913588777__15	6.5	4.7	5.2	6.5	4.2	5.5	4.7	5.2	5.2	6.5	4.5
CGCCACGCCCCG__0.353294987930116__18	5.5	4.7	5.2	6.5	4.2	5.5	4.7	5.2	5.2	5.2	5.5
GGCCCCGCCCAG__0.353205268689529__21	5.2	4.7	5.2	5.2	5.2	5.5	4.7	5.2	5.2	6.5	4.5
CCCCACCCCTAA__0.353058326776695__24	5.2	5.2	5.2	6.5	4.2	5.2	5.2	5.2	4.5	5.5	3.9
CCCCGCCCCCAA__0.352266359239773__68	5.2	5.2	5.2	5.5	4.7	5.2	5.2	5.2	5.2	6.5	3.9
AGCCGCGCCCAC__0.352224996647126__38	4.5	4.7	5.2	5.5	4.7	5.5	4.7	5.2	5.2	6.5	4.2
AACCACACCCTC__0.352181957665868__24	3.9	4.2	5.2	6.5	4.2	6.5	4.2	5.2	5.2	4.5	4.4
TGCCCCGCCCTC__0.3521310678494__23	6.5	4.7	5.2	5.2	5.2	5.5	4.7	5.2	5.2	4.5	4.4
AGTCCCGCCCCT__0.352040155139179__21	4.5	4.2	4.4	5.2	5.2	5.5	4.7	5.2	5.2	5.2	4.5
GGCCACGCCTCT__0.351998481183433__18	5.2	4.7	5.2	6.5	4.2	5.5	4.7	5.2	4.5	4.4	4.5
AGTCCCGCCCAT__0.351342778455797__18	4.5	4.2	4.4	5.2	5.2	5.5	4.7	5.2	5.2	6.5	4.5
CGCTCCACCCAC__0.351277958247324__34	5.5	4.7	4.5	4.4	5.2	6.5	4.2	5.2	5.2	6.5	4.2
CTCCACCCACCG__0.351194224143118__23	4.5	4.4	5.2	6.5	4.2	5.2	5.2	6.5	4.2	5.2	5.5
TACTCCGCCCAC__0.351088349740864__28	5.5	4.2	4.5	4.4	5.2	5.5	4.7	5.2	5.2	6.5	4.2
AACCCCTCCTAC__0.350832773832232__12	3.9	4.2	5.2	5.2	5.2	4.5	4.4	5.2	4.5	5.5	4.2
GGCCACGCCTTT__0.350104283750453__14	5.2	4.7	5.2	6.5	4.2	5.5	4.7	5.2	4.5	3.9	3.9
GGCTCCTCCCCA__0.349913235407811__25	5.2	4.7	4.5	4.4	5.2	4.5	4.4	5.2	5.2	5.2	6.5
AGCTCCGCCCAG__0.349495893037827__21	4.5	4.7	4.5	4.4	5.2	5.5	4.7	5.2	5.2	6.5	4.5
GGACACGCCTCC__0.348672824172372__24	5.2	4.4	4.2	6.5	4.2	5.5	4.7	5.2	4.5	4.4	5.2
GGCCCCGCCCTG__0.348484921541917__19	5.2	4.7	5.2	5.2	5.2	5.5	4.7	5.2	5.2	4.5	6.5
AGCCACGCCTCA__0.346682895236212__20	4.5	4.7	5.2	6.5	4.2	5.5	4.7	5.2	4.5	4.4	6.5
CCCCACCCACAG__0.346595277153502__16	5.2	5.2	5.2	6.5	4.2	5.2	5.2	6.5	4.2	6.5	4.5
GACCCCTCCCCT__0.346447840744336__22	4.4	4.2	5.2	5.2	5.2	4.5	4.4	5.2	5.2	5.2	4.5
CGCCCCGCCCTT__0.346303994821935__13	5.5	4.7	5.2	5.2	5.2	5.5	4.7	5.2	5.2	4.5	3.9
AGCCACGCCTTA__0.346067031278457__16	4.5	4.7	5.2	6.5	4.2	5.5	4.7	5.2	4.5	3.9	5.5
CCCCACCCACCG__0.345607045561987__24	5.2	5.2	5.2	6.5	4.2	5.2	5.2	6.5	4.2	5.2	5.5
CGCCCCTCCTCC__0.345497177024673__15	5.5	4.7	5.2	5.2	5.2	4.5	4.4	5.2	4.5	4.4	5.2
GGCTCCGCCCCG__0.345325517780656__21	5.2	4.7	4.5	4.4	5.2	5.5	4.7	5.2	5.2	5.2	5.5
GACTCCACCCCC__0.345253368162091__39	4.4	4.2	4.5	4.4	5.2	6.5	4.2	5.2	5.2	5.2	5.2
GGCCACACCTAC__0.345198788609817__26	5.2	4.7	5.2	6.5	4.2	6.5	4.2	5.2	4.5	5.5	4.2
TGGCACGCCCAC__0.344268414708166__25	6.5	5.2	4.7	6.5	4.2	5.5	4.7	5.2	5.2	6.5	4.2
CGACACGCCTAC__0.343661579457193__11	5.5	4.4	4.2	6.5	4.2	5.5	4.7	5.2	4.5	5.5	4.2
GACCACGCCTCA__0.343184725089866__12	4.4	4.2	5.2	6.5	4.2	5.5	4.7	5.2	4.5	4.4	6.5
AGCTCCTCCTCC__0.342835896141024__11	4.5	4.7	4.5	4.4	5.2	4.5	4.4	5.2	4.5	4.4	5.2
ACACACGCCCAC__0.34275425328317__25	4.2	6.5	4.2	6.5	4.2	5.5	4.7	5.2	5.2	6.5	4.2
TGTCACGCCCAC__0.342039758324369__22	6.5	4.2	4.4	6.5	4.2	5.5	4.7	5.2	5.2	6.5	4.2
GGCCACTCCCAT__0.342028227037135__19	5.2	4.7	5.2	6.5	4.2	4.5	4.4	5.2	5.2	6.5	4.5
AGTCACGCCCAT__0.341917070723663__13	4.5	4.2	4.4	6.5	4.2	5.5	4.7	5.2	5.2	6.5	4.5
AACTCCACCCCC__0.341737338060378__39	3.9	4.2	4.5	4.4	5.2	6.5	4.2	5.2	5.2	5.2	5.2
GACCCCGCCCCG__0.34160611291312__20	4.4	4.2	5.2	5.2	5.2	5.5	4.7	5.2	5.2	5.2	5.5
CGCTCCGCCCAT__0.340527688144126__17	5.5	4.7	4.5	4.4	5.2	5.5	4.7	5.2	5.2	6.5	4.5
TGCTCCTCCCAC__0.340293749876059__32	6.5	4.7	4.5	4.4	5.2	4.5	4.4	5.2	5.2	6.5	4.2
CTCCACCCCCCC__0.339683379507701__46	4.5	4.4	5.2	6.5	4.2	5.2	5.2	5.2	5.2	5.2	5.2
AGCCCCTCCCTT__0.339557212871761__15	4.5	4.7	5.2	5.2	5.2	4.5	4.4	5.2	5.2	4.5	3.9
CTCCACCCCTAT__0.339465437158022__10	4.5	4.4	5.2	6.5	4.2	5.2	5.2	5.2	4.5	5.5	4.5
GGTCACGCCCCC__0.339293030189101__32	5.2	4.2	4.4	6.5	4.2	5.5	4.7	5.2	5.2	5.2	5.2
GGCCACACCCCA__0.3392325567707__38	5.2	4.7	5.2	6.5	4.2	6.5	4.2	5.2	5.2	5.2	6.5
CCCCACCCCTAT__0.339134247953124__11	5.2	5.2	5.2	6.5	4.2	5.2	5.2	5.2	4.5	5.5	4.5
AACCACTCCCAT__0.339017098925988__17	3.9	4.2	5.2	6.5	4.2	4.5	4.4	5.2	5.2	6.5	4.5
CACCACGCCTAC__0.338558051127131__11	6.5	4.2	5.2	6.5	4.2	5.5	4.7	5.2	4.5	5.5	4.2
AAACACGCCCCA__0.338178202238671__19	3.9	3.9	4.2	6.5	4.2	5.5	4.7	5.2	5.2	5.2	6.5
AGCTCCACCCCA__0.33764629800449__32	4.5	4.7	4.5	4.4	5.2	6.5	4.2	5.2	5.2	5.2	6.5
CTCCACCCCCTA__0.337457347924628__21	4.5	4.4	5.2	6.5	4.2	5.2	5.2	5.2	5.2	4.5	5.5
GGCTCCTCCTCC__0.337124254219319__10	5.2	4.7	4.5	4.4	5.2	4.5	4.4	5.2	4.5	4.4	5.2
TGCACCGCCCAC__0.336642283578912__21	6.5	4.7	6.5	4.2	5.2	5.5	4.7	5.2	5.2	6.5	4.2
TGACACGCCTAC__0.336496766539395__13	6.5	4.4	4.2	6.5	4.2	5.5	4.7	5.2	4.5	5.5	4.2
AGCCACACCCAG__0.336017123909892__24	4.5	4.7	5.2	6.5	4.2	6.5	4.2	5.2	5.2	6.5	4.5
CGCCCCCCGCTA__0.33547440679368__12	5.5	4.7	5.2	5.2	5.2	5.2	5.2	5.5	4.7	4.5	5.5
AGACACGCCTCC__0.335390822034699__21	4.5	4.4	4.2	6.5	4.2	5.5	4.7	5.2	4.5	4.4	5.2
CGCCCCCACAAC__0.334843897462583__21	5.5	4.7	5.2	5.2	5.2	5.2	6.5	4.2	6.5	3.9	4.2
CGCCCCCTTCAC__0.334769736292498__12	5.5	4.7	5.2	5.2	5.2	5.2	4.5	3.9	4.4	6.5	4.2
TGCCACGCCTCT__0.334589283381878__14	6.5	4.7	5.2	6.5	4.2	5.5	4.7	5.2	4.5	4.4	4.5
GGTCACGCCCAT__0.334500174239124__19	5.2	4.2	4.4	6.5	4.2	5.5	4.7	5.2	5.2	6.5	4.5
ATCCCCGCCCAT__0.334433579365344__22	4.5	4.4	5.2	5.2	5.2	5.5	4.7	5.2	5.2	6.5	4.5
TGCCACGCCTCC__0.334060583132593__23	6.5	4.7	5.2	6.5	4.2	5.5	4.7	5.2	4.5	4.4	5.2
TGCCACACCCCT__0.333633446432556__23	6.5	4.7	5.2	6.5	4.2	6.5	4.2	5.2	5.2	5.2	4.5
ACACACCCCCAA__0.333579568359895__40	4.2	6.5	4.2	6.5	4.2	5.2	5.2	5.2	5.2	6.5	3.9
CTCCTCCCCCCG__0.332951619367237__21	4.5	4.4	5.2	4.5	4.4	5.2	5.2	5.2	5.2	5.2	5.5
AGTCACGCCTAC__0.332903879793837__11	4.5	4.2	4.4	6.5	4.2	5.5	4.7	5.2	4.5	5.5	4.2
GGCCCCACCCCT__0.332884392041613__25	5.2	4.7	5.2	5.2	5.2	6.5	4.2	5.2	5.2	5.2	4.5
CGCCACACCCAC__0.332822359403369__44	5.5	4.7	5.2	6.5	4.2	6.5	4.2	5.2	5.2	6.5	4.2
AGACCCGCCCAT__0.332539848399082__14	4.5	4.4	4.2	5.2	5.2	5.5	4.7	5.2	5.2	6.5	4.5
CACCCCGCCCCC__0.332234498254226__37	6.5	4.2	5.2	5.2	5.2	5.5	4.7	5.2	5.2	5.2	5.2
CGCCCCCCCGAT__0.332050073159195__11	5.5	4.7	5.2	5.2	5.2	5.2	5.2	5.2	5.5	4.4	4.5
CCACACCCCCCT__0.332006713995807__35	5.2	6.5	4.2	6.5	4.2	5.2	5.2	5.2	5.2	5.2	4.5
GTACACGCCCAT__0.332006069686311__17	4.2	5.5	4.2	6.5	4.2	5.5	4.7	5.2	5.2	6.5	4.5
GGACCCGCCCCC__0.331983579946176__28	5.2	4.4	4.2	5.2	5.2	5.5	4.7	5.2	5.2	5.2	5.2
AACCGCGCCCCC__0.331570096309938__29	3.9	4.2	5.2	5.5	4.7	5.5	4.7	5.2	5.2	5.2	5.2
GGCTCCTCCCTC__0.331512977343056__15	5.2	4.7	4.5	4.4	5.2	4.5	4.4	5.2	5.2	4.5	4.4
TGCCCCGCCCCA__0.331189085808909__35	6.5	4.7	5.2	5.2	5.2	5.5	4.7	5.2	5.2	5.2	6.5
GGCACCGCCCCC__0.331017183452195__31	5.2	4.7	6.5	4.2	5.2	5.5	4.7	5.2	5.2	5.2	5.2
GGCCCCACCCCC__0.330272701342769__43	5.2	4.7	5.2	5.2	5.2	6.5	4.2	5.2	5.2	5.2	5.2
CTCCACCCCCTC__0.330120029298835__23	4.5	4.4	5.2	6.5	4.2	5.2	5.2	5.2	5.2	4.5	4.4
CACCACGCCCAG__0.330088353625424__11	6.5	4.2	5.2	6.5	4.2	5.5	4.7	5.2	5.2	6.5	4.5
GGCCCCTCCTAC__0.329633693893169__12	5.2	4.7	5.2	5.2	5.2	4.5	4.4	5.2	4.5	5.5	4.2
CTCCTCCCCCCT__0.329549384389282__25	4.5	4.4	5.2	4.5	4.4	5.2	5.2	5.2	5.2	5.2	4.5
AGCCCCTCCCAA__0.329478194081172__22	4.5	4.7	5.2	5.2	5.2	4.5	4.4	5.2	5.2	6.5	3.9
GACCGCGCCCAC__0.329459276747742__33	4.4	4.2	5.2	5.5	4.7	5.5	4.7	5.2	5.2	6.5	4.2
GGCCACGCCTTC__0.328707558034799__18	5.2	4.7	5.2	6.5	4.2	5.5	4.7	5.2	4.5	3.9	4.4
GACTCCGCCCAA__0.328448664800856__24	4.4	4.2	4.5	4.4	5.2	5.5	4.7	5.2	5.2	6.5	3.9
TACCACGCCCAA__0.328446383986399__15	5.5	4.2	5.2	6.5	4.2	5.5	4.7	5.2	5.2	6.5	3.9
CGCCCACCCCAG__0.328445605264614__14	5.5	4.7	5.2	5.2	6.5	4.2	5.2	5.2	5.2	6.5	4.5
TGCCCCGCCCAG__0.328426632339342__20	6.5	4.7	5.2	5.2	5.2	5.5	4.7	5.2	5.2	6.5	4.5
AACCCCGCCTTC__0.328276894019481__10	3.9	4.2	5.2	5.2	5.2	5.5	4.7	5.2	4.5	3.9	4.4
CCACACCCCCAA__0.328022320252508__53	5.2	6.5	4.2	6.5	4.2	5.2	5.2	5.2	5.2	6.5	3.9
GGCCACTCCCCT__0.328019169224276__19	5.2	4.7	5.2	6.5	4.2	4.5	4.4	5.2	5.2	5.2	4.5
CGCCCCCCTCCT__0.327990705250659__14	5.5	4.7	5.2	5.2	5.2	5.2	5.2	4.5	4.4	5.2	4.5
AACTCCGCCCCA__0.327959817054145__33	3.9	4.2	4.5	4.4	5.2	5.5	4.7	5.2	5.2	5.2	6.5
GGCCGCGCCCAC__0.327874127097249__29	5.2	4.7	5.2	5.5	4.7	5.5	4.7	5.2	5.2	6.5	4.2
GCCCACGCCCAC__0.327866659845121__24	4.7	5.2	5.2	6.5	4.2	5.5	4.7	5.2	5.2	6.5	4.2
TGCCCCACCCAC__0.327688875725219__40	6.5	4.7	5.2	5.2	5.2	6.5	4.2	5.2	5.2	6.5	4.2
AACCACACCCTT__0.327425622453224__16	3.9	4.2	5.2	6.5	4.2	6.5	4.2	5.2	5.2	4.5	3.9
CCACACCCCCAG__0.32728111400833__23	5.2	6.5	4.2	6.5	4.2	5.2	5.2	5.2	5.2	6.5	4.5
TTCCCCGCCCAC__0.326878924970792__30	3.9	4.4	5.2	5.2	5.2	5.5	4.7	5.2	5.2	6.5	4.2
AGCCCCTCCCTG__0.326835914285192__9	4.5	4.7	5.2	5.2	5.2	4.5	4.4	5.2	5.2	4.5	6.5
AGCCCCACCCTC__0.326735930497304__22	4.5	4.7	5.2	5.2	5.2	6.5	4.2	5.2	5.2	4.5	4.4
TGCCCCGCCTCC__0.326633781724655__22	6.5	4.7	5.2	5.2	5.2	5.5	4.7	5.2	4.5	4.4	5.2
CTCCTCCCCCAA__0.326332118719245__38	4.5	4.4	5.2	4.5	4.4	5.2	5.2	5.2	5.2	6.5	3.9
AGCCGCGCCCCC__0.326285657884705__34	4.5	4.7	5.2	5.5	4.7	5.5	4.7	5.2	5.2	5.2	5.2
GTGCACGCCCCC__0.326273748042507__27	4.2	6.5	4.7	6.5	4.2	5.5	4.7	5.2	5.2	5.2	5.2
TGCTCCACCCAC__0.325966850635168__36	6.5	4.7	4.5	4.4	5.2	6.5	4.2	5.2	5.2	6.5	4.2
TTCCACGCCCAC__0.32554631304359__30	3.9	4.4	5.2	6.5	4.2	5.5	4.7	5.2	5.2	6.5	4.2
CTCCTCCCCCAT__0.325478865447234__21	4.5	4.4	5.2	4.5	4.4	5.2	5.2	5.2	5.2	6.5	4.5
AGCTCCGCCCTT__0.325289715296988__16	4.5	4.7	4.5	4.4	5.2	5.5	4.7	5.2	5.2	4.5	3.9
GACCCCGCCCTA__0.32515260590658__19	4.4	4.2	5.2	5.2	5.2	5.5	4.7	5.2	5.2	4.5	5.5
AATCCCGCCCAC__0.324967045110417__25	3.9	4.5	4.4	5.2	5.2	5.5	4.7	5.2	5.2	6.5	4.2
GGCTCCGCCCTC__0.324479509871744__15	5.2	4.7	4.5	4.4	5.2	5.5	4.7	5.2	5.2	4.5	4.4
TGCCACGCCCTA__0.32431138405685__15	6.5	4.7	5.2	6.5	4.2	5.5	4.7	5.2	5.2	4.5	5.5
AGGCACGCCCAT__0.322682034185974__12	4.5	5.2	4.7	6.5	4.2	5.5	4.7	5.2	5.2	6.5	4.5
AGCCACACCCCG__0.322601268073046__28	4.5	4.7	5.2	6.5	4.2	6.5	4.2	5.2	5.2	5.2	5.5
GGTCCCGCCCCC__0.322475877226878__24	5.2	4.2	4.4	5.2	5.2	5.5	4.7	5.2	5.2	5.2	5.2
GTCCCCGCCCAT__0.322335276665225__19	4.2	4.4	5.2	5.2	5.2	5.5	4.7	5.2	5.2	6.5	4.5
AAACACGCCCTC__0.322324543406092__9	3.9	3.9	4.2	6.5	4.2	5.5	4.7	5.2	5.2	4.5	4.4
CGCCCCTTTCCC__0.321980048776453__9	5.5	4.7	5.2	5.2	5.2	4.5	3.9	3.9	4.4	5.2	5.2
AGCTCCACCTAC__0.321381696460388__19	4.5	4.7	4.5	4.4	5.2	6.5	4.2	5.2	4.5	5.5	4.2
GTCCACGCCCAT__0.321374376752815__18	4.2	4.4	5.2	6.5	4.2	5.5	4.7	5.2	5.2	6.5	4.5
AGATACGCCCCC__0.321150562167321__15	4.5	4.4	4.5	5.5	4.2	5.5	4.7	5.2	5.2	5.2	5.2
CGCCCCCCCCTT__0.321080909493021__14	5.5	4.7	5.2	5.2	5.2	5.2	5.2	5.2	5.2	4.5	3.9
AGCCACTCCCTC__0.321037072162965__17	4.5	4.7	5.2	6.5	4.2	4.5	4.4	5.2	5.2	4.5	4.4
TGACACGCCCTC__0.320683733439264__11	6.5	4.4	4.2	6.5	4.2	5.5	4.7	5.2	5.2	4.5	4.4
GACCCCTCCCAT__0.320674695526723__15	4.4	4.2	5.2	5.2	5.2	4.5	4.4	5.2	5.2	6.5	4.5
CGCCACGCCCAA__0.320578652498105__17	5.5	4.7	5.2	6.5	4.2	5.5	4.7	5.2	5.2	6.5	3.9
GGCCCCTCCTCC__0.320566337081112__12	5.2	4.7	5.2	5.2	5.2	4.5	4.4	5.2	4.5	4.4	5.2
AACTCCGCCCCG__0.320502085274984__19	3.9	4.2	4.5	4.4	5.2	5.5	4.7	5.2	5.2	5.2	5.5
AACTCCGCCCAG__0.320417604383957__18	3.9	4.2	4.5	4.4	5.2	5.5	4.7	5.2	5.2	6.5	4.5
GACTCCGCCCTC__0.320283020908527__16	4.4	4.2	4.5	4.4	5.2	5.5	4.7	5.2	5.2	4.5	4.4
AGTCCCTCCCAC__0.319611070758089__24	4.5	4.2	4.4	5.2	5.2	4.5	4.4	5.2	5.2	6.5	4.2
TGATACGCCCCC__0.319549036930339__10	6.5	4.4	4.5	5.5	4.2	5.5	4.7	5.2	5.2	5.2	5.2
CGCCCCCTCTAA__0.318985969710937__11	5.5	4.7	5.2	5.2	5.2	5.2	4.5	4.4	4.5	5.5	3.9
AGCTCCACCCTC__0.318916283170339__18	4.5	4.7	4.5	4.4	5.2	6.5	4.2	5.2	5.2	4.5	4.4
GGCCACACCCCG__0.318722017186458__23	5.2	4.7	5.2	6.5	4.2	6.5	4.2	5.2	5.2	5.2	5.5
AGCTCCGCCTCC__0.318552207725053__18	4.5	4.7	4.5	4.4	5.2	5.5	4.7	5.2	4.5	4.4	5.2
CCCCACCCCCCG__0.317558299245066__19	5.2	5.2	5.2	6.5	4.2	5.2	5.2	5.2	5.2	5.2	5.5
CCCCACCCCCAC__0.317423860048777__35	5.2	5.2	5.2	6.5	4.2	5.2	5.2	5.2	5.2	6.5	4.2
CTCCACCCCTAA__0.31736512541411__16	4.5	4.4	5.2	6.5	4.2	5.2	5.2	5.2	4.5	5.5	3.9
GTCCCCGCCCCT__0.317250310911195__21	4.2	4.4	5.2	5.2	5.2	5.5	4.7	5.2	5.2	5.2	4.5
GACCCCGCCTCC__0.317204706154118__16	4.4	4.2	5.2	5.2	5.2	5.5	4.7	5.2	4.5	4.4	5.2
GACTCCTCCCAG__0.317116803404942__9	4.4	4.2	4.5	4.4	5.2	4.5	4.4	5.2	5.2	6.5	4.5
AGCCACGCCTTT__0.317082274045549__12	4.5	4.7	5.2	6.5	4.2	5.5	4.7	5.2	4.5	3.9	3.9
ATCCCCGCCCTC__0.31701315597885__16	4.5	4.4	5.2	5.2	5.2	5.5	4.7	5.2	5.2	4.5	4.4
CGCCCCCCTCCA__0.316838064734322__18	5.5	4.7	5.2	5.2	5.2	5.2	5.2	4.5	4.4	5.2	6.5
GGCCACTCCCTC__0.316825902689115__14	5.2	4.7	5.2	6.5	4.2	4.5	4.4	5.2	5.2	4.5	4.4
TTCCACGCCCCC__0.31644934928668__30	3.9	4.4	5.2	6.5	4.2	5.5	4.7	5.2	5.2	5.2	5.2
CGCCCCCCAAAA__0.316045124444117__23	5.5	4.7	5.2	5.2	5.2	5.2	5.2	6.5	3.9	3.9	3.9
GACCACACCTCC__0.31587766019383__29	4.4	4.2	5.2	6.5	4.2	6.5	4.2	5.2	4.5	4.4	5.2
AGCCCCACCCCA__0.315771488583444__28	4.5	4.7	5.2	5.2	5.2	6.5	4.2	5.2	5.2	5.2	6.5
GATCACGCCCAC__0.315743632326199__17	4.4	4.5	4.4	6.5	4.2	5.5	4.7	5.2	5.2	6.5	4.2
GACTCCGCCCCA__0.315630551858546__28	4.4	4.2	4.5	4.4	5.2	5.5	4.7	5.2	5.2	5.2	6.5
TGCTCCTCCCCC__0.315514331733882__26	6.5	4.7	4.5	4.4	5.2	4.5	4.4	5.2	5.2	5.2	5.2
GACCCCGCCTTC__0.315156888501694__10	4.4	4.2	5.2	5.2	5.2	5.5	4.7	5.2	4.5	3.9	4.4
CGCCCCCTCCAC__0.314643467099464__16	5.5	4.7	5.2	5.2	5.2	5.2	4.5	4.4	5.2	6.5	4.2
TGACACACCCCC__0.314507220208832__37	6.5	4.4	4.2	6.5	4.2	6.5	4.2	5.2	5.2	5.2	5.2
CGCCCCCCGCAA__0.31389799154096__15	5.5	4.7	5.2	5.2	5.2	5.2	5.2	5.5	4.7	6.5	3.9
ATACACGCCCCT__0.313793512465876__12	4.5	5.5	4.2	6.5	4.2	5.5	4.7	5.2	5.2	5.2	4.5
CTCCACCTCCAA__0.313254756992262__14	4.5	4.4	5.2	6.5	4.2	5.2	4.5	4.4	5.2	6.5	3.9
AGACACACCCCT__0.313179817212344__20	4.5	4.4	4.2	6.5	4.2	6.5	4.2	5.2	5.2	5.2	4.5
TACCCCGCCCAT__0.312917237624463__18	5.5	4.2	5.2	5.2	5.2	5.5	4.7	5.2	5.2	6.5	4.5
TGCCACTCCCCC__0.312719784999515__22	6.5	4.7	5.2	6.5	4.2	4.5	4.4	5.2	5.2	5.2	5.2
TACCACGCCCAG__0.312630449363982__10	5.5	4.2	5.2	6.5	4.2	5.5	4.7	5.2	5.2	6.5	4.5
GGCCCCTCCCTC__0.312557313240221__16	5.2	4.7	5.2	5.2	5.2	4.5	4.4	5.2	5.2	4.5	4.4
GGTCACGCCCCT__0.31241936065068__18	5.2	4.2	4.4	6.5	4.2	5.5	4.7	5.2	5.2	5.2	4.5
TAACACGCCCCC__0.312096136380744__17	5.5	3.9	4.2	6.5	4.2	5.5	4.7	5.2	5.2	5.2	5.2
AGCCACACCCTA__0.311960678543991__24	4.5	4.7	5.2	6.5	4.2	6.5	4.2	5.2	5.2	4.5	5.5
AGGCACGCCCCC__0.311916606763874__17	4.5	5.2	4.7	6.5	4.2	5.5	4.7	5.2	5.2	5.2	5.2
AACCACACCCCA__0.31105612911072__26	3.9	4.2	5.2	6.5	4.2	6.5	4.2	5.2	5.2	5.2	6.5
GGGCACGCCCCC__0.311037337870395__17	5.2	5.2	4.7	6.5	4.2	5.5	4.7	5.2	5.2	5.2	5.2
CTCCACCCACAC__0.311002857413971__29	4.5	4.4	5.2	6.5	4.2	5.2	5.2	6.5	4.2	6.5	4.2
AGACACGCCCTG__0.311001601627075__9	4.5	4.4	4.2	6.5	4.2	5.5	4.7	5.2	5.2	4.5	6.5
CTCCACCCCTCG__0.310622435403686__9	4.5	4.4	5.2	6.5	4.2	5.2	5.2	5.2	4.5	4.4	5.5
GACCCCGCCCAG__0.31046004249015__15	4.4	4.2	5.2	5.2	5.2	5.5	4.7	5.2	5.2	6.5	4.5
CGCCCACCCCCG__0.310318403106584__16	5.5	4.7	5.2	5.2	6.5	4.2	5.2	5.2	5.2	5.2	5.5
AGCTCCACCCCG__0.310288959250695__18	4.5	4.7	4.5	4.4	5.2	6.5	4.2	5.2	5.2	5.2	5.5
TGCCCCTCCCAT__0.310282712085657__21	6.5	4.7	5.2	5.2	5.2	4.5	4.4	5.2	5.2	6.5	4.5
CGCCACTCCCAC__0.310154043410623__24	5.5	4.7	5.2	6.5	4.2	4.5	4.4	5.2	5.2	6.5	4.2
CACCACGCCTCC__0.310028815339601__14	6.5	4.2	5.2	6.5	4.2	5.5	4.7	5.2	4.5	4.4	5.2
CGCCCCCTACAC__0.309997883981609__10	5.5	4.7	5.2	5.2	5.2	5.2	4.5	5.5	4.2	6.5	4.2
ACACACCCCCAG__0.309976222846075__14	4.2	6.5	4.2	6.5	4.2	5.2	5.2	5.2	5.2	6.5	4.5
GACTCCGCCCCG__0.309871523016471__16	4.4	4.2	4.5	4.4	5.2	5.5	4.7	5.2	5.2	5.2	5.5
CCCCTCCCCCCG__0.30976978712184__21	5.2	5.2	5.2	4.5	4.4	5.2	5.2	5.2	5.2	5.2	5.5
GACCACACCTAC__0.309712147656909__23	4.4	4.2	5.2	6.5	4.2	6.5	4.2	5.2	4.5	5.5	4.2
CCCCGCCCCCCG__0.30929450386483__24	5.2	5.2	5.2	5.5	4.7	5.2	5.2	5.2	5.2	5.2	5.5
GACCACTCCCCT__0.309226358811453__20	4.4	4.2	5.2	6.5	4.2	4.5	4.4	5.2	5.2	5.2	4.5
CACCACGCCCCG__0.309136874280955__9	6.5	4.2	5.2	6.5	4.2	5.5	4.7	5.2	5.2	5.2	5.5
AGCCCCACCTCC__0.308875623428287__19	4.5	4.7	5.2	5.2	5.2	6.5	4.2	5.2	4.5	4.4	5.2
TGCCCCGCCCAA__0.308575852784405__22	6.5	4.7	5.2	5.2	5.2	5.5	4.7	5.2	5.2	6.5	3.9
AGCCACTCCTAC__0.308425417484028__12	4.5	4.7	5.2	6.5	4.2	4.5	4.4	5.2	4.5	5.5	4.2
AACTCCGCCCTC__0.308369213329257__15	3.9	4.2	4.5	4.4	5.2	5.5	4.7	5.2	5.2	4.5	4.4
CGCCACGCCTCC__0.308329859925559__20	5.5	4.7	5.2	6.5	4.2	5.5	4.7	5.2	4.5	4.4	5.2
TGCCACTCCCAC__0.307913950786241__20	6.5	4.7	5.2	6.5	4.2	4.5	4.4	5.2	5.2	6.5	4.2
AACTCCGCCCAA__0.307739605917008__21	3.9	4.2	4.5	4.4	5.2	5.5	4.7	5.2	5.2	6.5	3.9
AACTCCTCCCAG__0.307701403939645__9	3.9	4.2	4.5	4.4	5.2	4.5	4.4	5.2	5.2	6.5	4.5
GGCTCCACCCCA__0.307104669343622__23	5.2	4.7	4.5	4.4	5.2	6.5	4.2	5.2	5.2	5.2	6.5
AGCACCTCCCAC__0.306864863887282__31	4.5	4.7	6.5	4.2	5.2	4.5	4.4	5.2	5.2	6.5	4.2
GTTACCGCCCAC__0.306708449944301__17	4.2	3.9	5.5	4.2	5.2	5.5	4.7	5.2	5.2	6.5	4.2
CCGCCCACCCAT__0.306284489562228__17	5.2	5.5	4.7	5.2	5.2	6.5	4.2	5.2	5.2	6.5	4.5
AGGACCGCCCAC__0.306262383098808__18	4.5	5.2	4.4	4.2	5.2	5.5	4.7	5.2	5.2	6.5	4.2
GGCCACGCCTCG__0.306178056557514__11	5.2	4.7	5.2	6.5	4.2	5.5	4.7	5.2	4.5	4.4	5.5
GTCAACGCCCAC__0.305585784677447__17	4.2	4.4	6.5	3.9	4.2	5.5	4.7	5.2	5.2	6.5	4.2
CCCCTCCCCCAC__0.304896496717118__37	5.2	5.2	5.2	4.5	4.4	5.2	5.2	5.2	5.2	6.5	4.2
GGTGACGCCCAC__0.304581983503018__10	5.2	4.2	6.5	4.4	4.2	5.5	4.7	5.2	5.2	6.5	4.2
TGACCCGCCCAC__0.304318816912913__19	6.5	4.4	4.2	5.2	5.2	5.5	4.7	5.2	5.2	6.5	4.2
GGATACGCCCCC__0.304250441441238__15	5.2	4.4	4.5	5.5	4.2	5.5	4.7	5.2	5.2	5.2	5.2
CCCCGCCCCCCT__0.304138597608009__28	5.2	5.2	5.2	5.5	4.7	5.2	5.2	5.2	5.2	5.2	4.5
AGACACGCCCTA__0.303799238732351__11	4.5	4.4	4.2	6.5	4.2	5.5	4.7	5.2	5.2	4.5	5.5
CGCCCCTTCACC__0.303429256581913__11	5.5	4.7	5.2	5.2	5.2	4.5	3.9	4.4	6.5	4.2	5.2
ATCCCCGCCCCT__0.303358413324391__19	4.5	4.4	5.2	5.2	5.2	5.5	4.7	5.2	5.2	5.2	4.5
TTCCCCGCCCCC__0.303326941679038__26	3.9	4.4	5.2	5.2	5.2	5.5	4.7	5.2	5.2	5.2	5.2
CGCCCACCTCAT__0.303290599542827__9	5.5	4.7	5.2	5.2	6.5	4.2	5.2	4.5	4.4	6.5	4.5
GGCCGCGCCCCC__0.302729534402546__27	5.2	4.7	5.2	5.5	4.7	5.5	4.7	5.2	5.2	5.2	5.2
AACCCCACCCCA__0.30260125078955__19	3.9	4.2	5.2	5.2	5.2	6.5	4.2	5.2	5.2	5.2	6.5
CGCCCCCACAAA__0.302429036840587__13	5.5	4.7	5.2	5.2	5.2	5.2	6.5	4.2	6.5	3.9	3.9
TGTCACGCCCCC__0.302189369959831__17	6.5	4.2	4.4	6.5	4.2	5.5	4.7	5.2	5.2	5.2	5.2
CGCCCACCCTCT__0.301974126272573__9	5.5	4.7	5.2	5.2	6.5	4.2	5.2	5.2	4.5	4.4	4.5
CGCCCCCACCCG__0.301897715676993__14	5.5	4.7	5.2	5.2	5.2	5.2	6.5	4.2	5.2	5.2	5.5
AGCTCCTCCCCG__0.301780285969569__12	4.5	4.7	4.5	4.4	5.2	4.5	4.4	5.2	5.2	5.2	5.5
GACTCCGCCCTT__0.301625460164888__11	4.4	4.2	4.5	4.4	5.2	5.5	4.7	5.2	5.2	4.5	3.9
GGCCACACCTCT__0.301606442432772__13	5.2	4.7	5.2	6.5	4.2	6.5	4.2	5.2	4.5	4.4	4.5
CGCCCCCCTACA__0.300826955242593__11	5.5	4.7	5.2	5.2	5.2	5.2	5.2	4.5	5.5	4.2	6.5
CGCCCCGCCCCG__0.300822765946465__13	5.5	4.7	5.2	5.2	5.2	5.5	4.7	5.2	5.2	5.2	5.5
GGCCACGCCTTG__0.300809168662828__9	5.2	4.7	5.2	6.5	4.2	5.5	4.7	5.2	4.5	3.9	6.5
CACACCCCCCAT__0.300482128201424__19	6.5	4.2	6.5	4.2	5.2	5.2	5.2	5.2	5.2	6.5	4.5
GGCCCCTCCCCA__0.300354242392522__23	5.2	4.7	5.2	5.2	5.2	4.5	4.4	5.2	5.2	5.2	6.5
CGCCCCGCCTCC__0.300335010586731__13	5.5	4.7	5.2	5.2	5.2	5.5	4.7	5.2	4.5	4.4	5.2
AGCGCCGCCCAC__0.300090403963813__26	4.5	4.7	5.5	4.7	5.2	5.5	4.7	5.2	5.2	6.5	4.2
AGCTCCGCCTTC__0.299878474708075__11	4.5	4.7	4.5	4.4	5.2	5.5	4.7	5.2	4.5	3.9	4.4
GACCACACCCTC__0.299832890178107__20	4.4	4.2	5.2	6.5	4.2	6.5	4.2	5.2	5.2	4.5	4.4
CGCCCCCTACCG__0.299809271493732__10	5.5	4.7	5.2	5.2	5.2	5.2	4.5	5.5	4.2	5.2	5.5
GGGCACGCCCAT__0.29960624809629__10	5.2	5.2	4.7	6.5	4.2	5.5	4.7	5.2	5.2	6.5	4.5
CGCCACGCCCTA__0.299396756430108__13	5.5	4.7	5.2	6.5	4.2	5.5	4.7	5.2	5.2	4.5	5.5
TACTCCGCCCCC__0.29937941023104__20	5.5	4.2	4.5	4.4	5.2	5.5	4.7	5.2	5.2	5.2	5.2
CGCCCACCTCAC__0.299334896419074__15	5.5	4.7	5.2	5.2	6.5	4.2	5.2	4.5	4.4	6.5	4.2
GGCCCCACCCTC__0.299249827517397__18	5.2	4.7	5.2	5.2	5.2	6.5	4.2	5.2	5.2	4.5	4.4
GGCCCCGCCTTC__0.29893366018291__9	5.2	4.7	5.2	5.2	5.2	5.5	4.7	5.2	4.5	3.9	4.4
CCCCACCCCCTC__0.298921110315938__20	5.2	5.2	5.2	6.5	4.2	5.2	5.2	5.2	5.2	4.5	4.4
GGACACGCCTCT__0.298919603926724__9	5.2	4.4	4.2	6.5	4.2	5.5	4.7	5.2	4.5	4.4	4.5
AGCACCGCCCCT__0.298814216430085__14	4.5	4.7	6.5	4.2	5.2	5.5	4.7	5.2	5.2	5.2	4.5
GGACCCGCCCAC__0.298313101177805__19	5.2	4.4	4.2	5.2	5.2	5.5	4.7	5.2	5.2	6.5	4.2
TGCCCCGCCCCG__0.298196289904649__16	6.5	4.7	5.2	5.2	5.2	5.5	4.7	5.2	5.2	5.2	5.5
GGCTCCTCCCCG__0.297468379327162__11	5.2	4.7	4.5	4.4	5.2	4.5	4.4	5.2	5.2	5.2	5.5
GGCAACGCCCCC__0.297466292926526__15	5.2	4.7	6.5	3.9	4.2	5.5	4.7	5.2	5.2	5.2	5.2
AGCTCCTCCCTT__0.297463242347697__9	4.5	4.7	4.5	4.4	5.2	4.5	4.4	5.2	5.2	4.5	3.9
GGCTCCACCCTC__0.297459361885129__14	5.2	4.7	4.5	4.4	5.2	6.5	4.2	5.2	5.2	4.5	4.4
GCCCACGCCCCC__0.297351861622779__19	4.7	5.2	5.2	6.5	4.2	5.5	4.7	5.2	5.2	5.2	5.2
CGCCCCGCCCAA__0.297284577704332__16	5.5	4.7	5.2	5.2	5.2	5.5	4.7	5.2	5.2	6.5	3.9
CGCCCCCCTTCC__0.297263340915689__12	5.5	4.7	5.2	5.2	5.2	5.2	5.2	4.5	3.9	4.4	5.2
TACTCCTCCCAC__0.297135463731211__14	5.5	4.2	4.5	4.4	5.2	4.5	4.4	5.2	5.2	6.5	4.2
GGCCACTCCCCA__0.297063939426712__18	5.2	4.7	5.2	6.5	4.2	4.5	4.4	5.2	5.2	5.2	6.5
CACGCCCCCCAT__0.29695632191422__14	6.5	4.2	5.5	4.7	5.2	5.2	5.2	5.2	5.2	6.5	4.5
CGCTCCGCCCCT__0.296496147641331__13	5.5	4.7	4.5	4.4	5.2	5.5	4.7	5.2	5.2	5.2	4.5
GGCTCCGCCTCC__0.296379721949605__14	5.2	4.7	4.5	4.4	5.2	5.5	4.7	5.2	4.5	4.4	5.2
GTACACGCCCCT__0.296369068607793__14	4.2	5.5	4.2	6.5	4.2	5.5	4.7	5.2	5.2	5.2	4.5
AGCCACGCCTTG__0.296340932823057__10	4.5	4.7	5.2	6.5	4.2	5.5	4.7	5.2	4.5	3.9	6.5
AGCTCCGCCCAA__0.296077182566728__17	4.5	4.7	4.5	4.4	5.2	5.5	4.7	5.2	5.2	6.5	3.9
AGTCCCGCCCTC__0.295896779148716__9	4.5	4.2	4.4	5.2	5.2	5.5	4.7	5.2	5.2	4.5	4.4
GGCAACGCCCAT__0.295894590563064__9	5.2	4.7	6.5	3.9	4.2	5.5	4.7	5.2	5.2	6.5	4.5
GGCCACGCCCGC__0.295534307585715__10	5.2	4.7	5.2	6.5	4.2	5.5	4.7	5.2	5.2	5.5	4.7
CTCCACGCCCAC__0.295211882097798__20	4.5	4.4	5.2	6.5	4.2	5.5	4.7	5.2	5.2	6.5	4.2
CTCCTCCCCCAC__0.295055333949766__27	4.5	4.4	5.2	4.5	4.4	5.2	5.2	5.2	5.2	6.5	4.2
CGCCCCCCGCAG__0.295047313844122__9	5.5	4.7	5.2	5.2	5.2	5.2	5.2	5.5	4.7	6.5	4.5
GGAACCGCCCAC__0.295003093887056__15	5.2	4.4	3.9	4.2	5.2	5.5	4.7	5.2	5.2	6.5	4.2
GGCTCCACCTAC__0.294867440793898__14	5.2	4.7	4.5	4.4	5.2	6.5	4.2	5.2	4.5	5.5	4.2
GGCTACGCCCAC__0.294813985221689__18	5.2	4.7	4.5	5.5	4.2	5.5	4.7	5.2	5.2	6.5	4.2
CCCCACCCCCGA__0.294709512107031__12	5.2	5.2	5.2	6.5	4.2	5.2	5.2	5.2	5.2	5.5	4.4
GACTCCGCCTCC__0.294077666225516__14	4.4	4.2	4.5	4.4	5.2	5.5	4.7	5.2	4.5	4.4	5.2
GGCTCCGCCCAA__0.294053477271598__16	5.2	4.7	4.5	4.4	5.2	5.5	4.7	5.2	5.2	6.5	3.9
CACACCCCCCAG__0.294043748484578__14	6.5	4.2	6.5	4.2	5.2	5.2	5.2	5.2	5.2	6.5	4.5
GTATACGCCCAC__0.293946913059977__13	4.2	5.5	4.5	5.5	4.2	5.5	4.7	5.2	5.2	6.5	4.2
CGCCCCCAACCG__0.293940772658164__13	5.5	4.7	5.2	5.2	5.2	5.2	6.5	3.9	4.2	5.2	5.5
TGACACGCCCAG__0.29387744363578__9	6.5	4.4	4.2	6.5	4.2	5.5	4.7	5.2	5.2	6.5	4.5
GTATACGCCCAT__0.293785025493162__9	4.2	5.5	4.5	5.5	4.2	5.5	4.7	5.2	5.2	6.5	4.5
GACCCCACCCAT__0.29365412770213__12	4.4	4.2	5.2	5.2	5.2	6.5	4.2	5.2	5.2	6.5	4.5
AACCACACCCCG__0.293590025466959__16	3.9	4.2	5.2	6.5	4.2	6.5	4.2	5.2	5.2	5.2	5.5
TGCTCCTCCCAT__0.293235402602319__13	6.5	4.7	4.5	4.4	5.2	4.5	4.4	5.2	5.2	6.5	4.5
CCCCACCCCCTG__0.293217529893054__12	5.2	5.2	5.2	6.5	4.2	5.2	5.2	5.2	5.2	4.5	6.5
CCCCACCCACAC__0.293021562483632__26	5.2	5.2	5.2	6.5	4.2	5.2	5.2	6.5	4.2	6.5	4.2
GGCCACACCCTT__0.292851531225804__13	5.2	4.7	5.2	6.5	4.2	6.5	4.2	5.2	5.2	4.5	3.9
AGCCCCGCCCGC__0.292668038557183__11	4.5	4.7	5.2	5.2	5.2	5.5	4.7	5.2	5.2	5.5	4.7
TGCTCCGCCCAT__0.292614416793811__16	6.5	4.7	4.5	4.4	5.2	5.5	4.7	5.2	5.2	6.5	4.5
CCACACCCCCAC__0.292559708466711__36	5.2	6.5	4.2	6.5	4.2	5.2	5.2	5.2	5.2	6.5	4.2
CGCCCACCGCAC__0.292482092023533__18	5.5	4.7	5.2	5.2	6.5	4.2	5.2	5.5	4.7	6.5	4.2
CGCCCCCATCAA__0.29236376777841__10	5.5	4.7	5.2	5.2	5.2	5.2	6.5	4.5	4.4	6.5	3.9
CTCCTCCCCCAG__0.292263573611579__12	4.5	4.4	5.2	4.5	4.4	5.2	5.2	5.2	5.2	6.5	4.5
CGCCCCCCACAG__0.292202984261267__11	5.5	4.7	5.2	5.2	5.2	5.2	5.2	6.5	4.2	6.5	4.5
GGTCACGCCCAC__0.292183565232313__17	5.2	4.2	4.4	6.5	4.2	5.5	4.7	5.2	5.2	6.5	4.2
GGCTCCACCCAA__0.292121273926219__16	5.2	4.7	4.5	4.4	5.2	6.5	4.2	5.2	5.2	6.5	3.9
AGCCCAACCCCC__0.292094561646394__20	4.5	4.7	5.2	5.2	6.5	3.9	4.2	5.2	5.2	5.2	5.2
GACCACTCCCAT__0.291866625256042__14	4.4	4.2	5.2	6.5	4.2	4.5	4.4	5.2	5.2	6.5	4.5
GGGCCCGCCCAC__0.291733511812054__15	5.2	5.2	4.7	5.2	5.2	5.5	4.7	5.2	5.2	6.5	4.2
AGCCACTCCCCA__0.291613360320906__20	4.5	4.7	5.2	6.5	4.2	4.5	4.4	5.2	5.2	5.2	6.5
GGCTCCTCCCAA__0.291363807019195__12	5.2	4.7	4.5	4.4	5.2	4.5	4.4	5.2	5.2	6.5	3.9
TGCTCCTCCCCT__0.291327704944919__14	6.5	4.7	4.5	4.4	5.2	4.5	4.4	5.2	5.2	5.2	4.5
AGATACGCCCAC__0.290846469116673__10	4.5	4.4	4.5	5.5	4.2	5.5	4.7	5.2	5.2	6.5	4.2
CACACCCCCCAA__0.290583716368965__31	6.5	4.2	6.5	4.2	5.2	5.2	5.2	5.2	5.2	6.5	3.9
CGCCCCCCACGA__0.290545086665568__12	5.5	4.7	5.2	5.2	5.2	5.2	5.2	6.5	4.2	5.5	4.4
CCCTCCCCCCAT__0.290476157936186__19	5.2	5.2	4.5	4.4	5.2	5.2	5.2	5.2	5.2	6.5	4.5
CGCCCCCTCCCG__0.290437485801384__10	5.5	4.7	5.2	5.2	5.2	5.2	4.5	4.4	5.2	5.2	5.5
GACCACACCCCA__0.290367981550637__29	4.4	4.2	5.2	6.5	4.2	6.5	4.2	5.2	5.2	5.2	6.5
AATCCCGCCCAT__0.290346945898774__11	3.9	4.5	4.4	5.2	5.2	5.5	4.7	5.2	5.2	6.5	4.5
AATCACGCCCCC__0.290144662322025__18	3.9	4.5	4.4	6.5	4.2	5.5	4.7	5.2	5.2	5.2	5.2
CGCCCACCCCAT__0.289469305930929__12	5.5	4.7	5.2	5.2	6.5	4.2	5.2	5.2	5.2	6.5	4.5
AACTCCACCCAG__0.28940526311821__10	3.9	4.2	4.5	4.4	5.2	6.5	4.2	5.2	5.2	6.5	4.5
GACACCGCCCAC__0.289393083309513__13	4.4	4.2	6.5	4.2	5.2	5.5	4.7	5.2	5.2	6.5	4.2
GGCCACGCCTCA__0.289242736614082__10	5.2	4.7	5.2	6.5	4.2	5.5	4.7	5.2	4.5	4.4	6.5
CGCCCACTCCAT__0.289040079354515__9	5.5	4.7	5.2	5.2	6.5	4.2	4.5	4.4	5.2	6.5	4.5
CGCCACGCCCTG__0.289023557727706__9	5.5	4.7	5.2	6.5	4.2	5.5	4.7	5.2	5.2	4.5	6.5
AGCTCCGCCCTA__0.288682280670364__17	4.5	4.7	4.5	4.4	5.2	5.5	4.7	5.2	5.2	4.5	5.5
CGCCCCTCCCTC__0.288629383731343__12	5.5	4.7	5.2	5.2	5.2	4.5	4.4	5.2	5.2	4.5	4.4
CGCCCACCCCAA__0.28851946022247__21	5.5	4.7	5.2	5.2	6.5	4.2	5.2	5.2	5.2	6.5	3.9
CGACACGCCCCA__0.288138186734851__13	5.5	4.4	4.2	6.5	4.2	5.5	4.7	5.2	5.2	5.2	6.5
GGTAACGCCCAC__0.287991497403028__16	5.2	4.2	5.5	3.9	4.2	5.5	4.7	5.2	5.2	6.5	4.2
GTATACGCCCCC__0.287638671361026__14	4.2	5.5	4.5	5.5	4.2	5.5	4.7	5.2	5.2	5.2	5.2
AGCTCCTCCCAA__0.287158839850835__12	4.5	4.7	4.5	4.4	5.2	4.5	4.4	5.2	5.2	6.5	3.9
GGTACCGCCCAC__0.287085638316772__22	5.2	4.2	5.5	4.2	5.2	5.5	4.7	5.2	5.2	6.5	4.2
GACCGCGCCCCC__0.286551777582881__24	4.4	4.2	5.2	5.5	4.7	5.5	4.7	5.2	5.2	5.2	5.2
CCCCACCCCCCC__0.286475486795952__30	5.2	5.2	5.2	6.5	4.2	5.2	5.2	5.2	5.2	5.2	5.2
GTCACCGCCCCC__0.286046505260436__11	4.2	4.4	6.5	4.2	5.2	5.5	4.7	5.2	5.2	5.2	5.2
AGACACTCCCAC__0.285495598551894__21	4.5	4.4	4.2	6.5	4.2	4.5	4.4	5.2	5.2	6.5	4.2
CGCCCCTCCCAT__0.285398938609662__13	5.5	4.7	5.2	5.2	5.2	4.5	4.4	5.2	5.2	6.5	4.5
CGCCCACCCAAG__0.285245424333291__10	5.5	4.7	5.2	5.2	6.5	4.2	5.2	5.2	6.5	3.9	4.5
AAACACACCCCC__0.285155199568979__23	3.9	3.9	4.2	6.5	4.2	6.5	4.2	5.2	5.2	5.2	5.2
CGCCCCCCCGAA__0.285044238634074__10	5.5	4.7	5.2	5.2	5.2	5.2	5.2	5.2	5.5	4.4	3.9
CACCACACCCCC__0.285014222341816__32	6.5	4.2	5.2	6.5	4.2	6.5	4.2	5.2	5.2	5.2	5.2
CGCCCCTCCCCA__0.285003939953165__20	5.5	4.7	5.2	5.2	5.2	4.5	4.4	5.2	5.2	5.2	6.5
CGCCCCCCATCT__0.284985493268201__9	5.5	4.7	5.2	5.2	5.2	5.2	5.2	6.5	4.5	4.4	4.5
AACCCCACCCTC__0.284485802179548__10	3.9	4.2	5.2	5.2	5.2	6.5	4.2	5.2	5.2	4.5	4.4
CACGCCCCCCAA__0.284441795177838__22	6.5	4.2	5.5	4.7	5.2	5.2	5.2	5.2	5.2	6.5	3.9
TGACACGCCCCA__0.284217354809167__14	6.5	4.4	4.2	6.5	4.2	5.5	4.7	5.2	5.2	5.2	6.5
CGCCCACCCCCT__0.283933027235225__15	5.5	4.7	5.2	5.2	6.5	4.2	5.2	5.2	5.2	5.2	4.5
CGCCCCCCGAAC__0.283776657853574__10	5.5	4.7	5.2	5.2	5.2	5.2	5.2	5.5	4.4	3.9	4.2
AGACACACCCAT__0.283376089567128__13	4.5	4.4	4.2	6.5	4.2	6.5	4.2	5.2	5.2	6.5	4.5
GATCCCGCCCCC__0.283356905794339__18	4.4	4.5	4.4	5.2	5.2	5.5	4.7	5.2	5.2	5.2	5.2
AGCCACACCCAA__0.28328196003948__22	4.5	4.7	5.2	6.5	4.2	6.5	4.2	5.2	5.2	6.5	3.9
AGCACCTCCCCC__0.28322903781096__27	4.5	4.7	6.5	4.2	5.2	4.5	4.4	5.2	5.2	5.2	5.2
GTTCACGCCCAC__0.283129755049363__16	4.2	3.9	4.4	6.5	4.2	5.5	4.7	5.2	5.2	6.5	4.2
GTGCACGCCCAC__0.283055053116626__15	4.2	6.5	4.7	6.5	4.2	5.5	4.7	5.2	5.2	6.5	4.2
ACGCCCACCCAT__0.283014672421817__11	4.2	5.5	4.7	5.2	5.2	6.5	4.2	5.2	5.2	6.5	4.5
GGCTCCGCCCCA__0.28194010521828__18	5.2	4.7	4.5	4.4	5.2	5.5	4.7	5.2	5.2	5.2	6.5
AGTCCCACCCAC__0.281802819271876__23	4.5	4.2	4.4	5.2	5.2	6.5	4.2	5.2	5.2	6.5	4.2
GGACACGCCCTA__0.281790918590786__9	5.2	4.4	4.2	6.5	4.2	5.5	4.7	5.2	5.2	4.5	5.5
AGGCCCGCCCAC__0.281661565838872__20	4.5	5.2	4.7	5.2	5.2	5.5	4.7	5.2	5.2	6.5	4.2
GGTCCCGCCCAT__0.281519342503374__10	5.2	4.2	4.4	5.2	5.2	5.5	4.7	5.2	5.2	6.5	4.5
GGCCACACCCAG__0.28135605135519__12	5.2	4.7	5.2	6.5	4.2	6.5	4.2	5.2	5.2	6.5	4.5
CGCCCCCTACCT__0.281273357036718__9	5.5	4.7	5.2	5.2	5.2	5.2	4.5	5.5	4.2	5.2	4.5
CGCCCCCCTCCG__0.28117892406059__9	5.5	4.7	5.2	5.2	5.2	5.2	5.2	4.5	4.4	5.2	5.5
GTCTCCGCCCCC__0.281168915579097__27	4.2	4.4	4.5	4.4	5.2	5.5	4.7	5.2	5.2	5.2	5.2
AGCTCCACCCAA__0.281162148742477__15	4.5	4.7	4.5	4.4	5.2	6.5	4.2	5.2	5.2	6.5	3.9
GACTCCACCCCA__0.281022870804313__16	4.4	4.2	4.5	4.4	5.2	6.5	4.2	5.2	5.2	5.2	6.5
CGCCCCCCACTC__0.280615512466645__16	5.5	4.7	5.2	5.2	5.2	5.2	5.2	6.5	4.2	4.5	4.4
TACCCCGCCCCT__0.280400683750431__15	5.5	4.2	5.2	5.2	5.2	5.5	4.7	5.2	5.2	5.2	4.5
GTACCCGCCCAC__0.280366480953489__19	4.2	5.5	4.2	5.2	5.2	5.5	4.7	5.2	5.2	6.5	4.2
CGCCCCCATCCT__0.280337506301561__9	5.5	4.7	5.2	5.2	5.2	5.2	6.5	4.5	4.4	5.2	4.5
CCCCGCCCCCAC__0.280299899304902__33	5.2	5.2	5.2	5.5	4.7	5.2	5.2	5.2	5.2	6.5	4.2
AGCAACGCCCCC__0.280263036622374__15	4.5	4.7	6.5	3.9	4.2	5.5	4.7	5.2	5.2	5.2	5.2
AGCCCCACCCCG__0.280227738108246__14	4.5	4.7	5.2	5.2	5.2	6.5	4.2	5.2	5.2	5.2	5.5
GGCTCCGCCCTT__0.28004367315353__10	5.2	4.7	4.5	4.4	5.2	5.5	4.7	5.2	5.2	4.5	3.9
AATCACGCCCAC__0.279944342601019__15	3.9	4.5	4.4	6.5	4.2	5.5	4.7	5.2	5.2	6.5	4.2
CGCCCAACACAA__0.279899875641264__9	5.5	4.7	5.2	5.2	6.5	3.9	4.2	6.5	4.2	6.5	3.9
TACCACGCCTCC__0.279865109311781__12	5.5	4.2	5.2	6.5	4.2	5.5	4.7	5.2	4.5	4.4	5.2
AAGCACGCCCAC__0.279738986530121__10	3.9	4.5	4.7	6.5	4.2	5.5	4.7	5.2	5.2	6.5	4.2
AGCCACACCTAT__0.278934555063218__9	4.5	4.7	5.2	6.5	4.2	6.5	4.2	5.2	4.5	5.5	4.5
ATCTCCGCCCAC__0.278487384321801__22	4.5	4.4	4.5	4.4	5.2	5.5	4.7	5.2	5.2	6.5	4.2
TGCTCCGCCCCT__0.278368671253352__16	6.5	4.7	4.5	4.4	5.2	5.5	4.7	5.2	5.2	5.2	4.5
CTCCACCCTCAA__0.278250951292711__10	4.5	4.4	5.2	6.5	4.2	5.2	5.2	4.5	4.4	6.5	3.9
ACCCCCTTCCCC__0.278221317798227__9	4.2	5.2	5.2	5.2	5.2	4.5	3.9	4.4	5.2	5.2	5.2
CCCTCCCCCCAG__0.277637809761813__13	5.2	5.2	4.5	4.4	5.2	5.2	5.2	5.2	5.2	6.5	4.5
CCCCACCCACCC__0.27763576453403__20	5.2	5.2	5.2	6.5	4.2	5.2	5.2	6.5	4.2	5.2	5.2
ACCCACGCCCAC__0.277455756260528__15	4.2	5.2	5.2	6.5	4.2	5.5	4.7	5.2	5.2	6.5	4.2
CCCTCCCCCCAA__0.277438794000758__30	5.2	5.2	4.5	4.4	5.2	5.2	5.2	5.2	5.2	6.5	3.9
AACTCCTCCCCA__0.277241732493362__14	3.9	4.2	4.5	4.4	5.2	4.5	4.4	5.2	5.2	5.2	6.5
GTCCCCTCCCAC__0.27690237270363__19	4.2	4.4	5.2	5.2	5.2	4.5	4.4	5.2	5.2	6.5	4.2
CGCCCCCCCGCT__0.276776742176175__9	5.5	4.7	5.2	5.2	5.2	5.2	5.2	5.2	5.5	4.7	4.5
TGCCGCGCCCCC__0.27660061401791__18	6.5	4.7	5.2	5.5	4.7	5.5	4.7	5.2	5.2	5.2	5.2
GGACACACCTCC__0.276547651090897__13	5.2	4.4	4.2	6.5	4.2	6.5	4.2	5.2	4.5	4.4	5.2
AATCCCGCCCCT__0.276545861869325__11	3.9	4.5	4.4	5.2	5.2	5.5	4.7	5.2	5.2	5.2	4.5
AATCCCTCCCCC__0.276428534641127__12	3.9	4.5	4.4	5.2	5.2	4.5	4.4	5.2	5.2	5.2	5.2
CGCCCCCACCGT__0.276229302568544__9	5.5	4.7	5.2	5.2	5.2	5.2	6.5	4.2	5.2	5.5	4.2
AGCCCCACCCAA__0.276106557537457__14	4.5	4.7	5.2	5.2	5.2	6.5	4.2	5.2	5.2	6.5	3.9
TGACACACCCAC__0.276040822091447__22	6.5	4.4	4.2	6.5	4.2	6.5	4.2	5.2	5.2	6.5	4.2
CGCCCCCACCAC__0.275627636058654__21	5.5	4.7	5.2	5.2	5.2	5.2	6.5	4.2	5.2	6.5	4.2
ATCCACGCCCAT__0.275601382568594__10	4.5	4.4	5.2	6.5	4.2	5.5	4.7	5.2	5.2	6.5	4.5
ACGCCCACCCAG__0.275536147193102__9	4.2	5.5	4.7	5.2	5.2	6.5	4.2	5.2	5.2	6.5	4.5
AACACCGCCCAC__0.275263372801549__14	3.9	4.2	6.5	4.2	5.2	5.5	4.7	5.2	5.2	6.5	4.2
GTTCACGCCCCT__0.27490748631198__11	4.2	3.9	4.4	6.5	4.2	5.5	4.7	5.2	5.2	5.2	4.5
AAACACACCCCT__0.274888203501513__11	3.9	3.9	4.2	6.5	4.2	6.5	4.2	5.2	5.2	5.2	4.5
GACCCCACCCCC__0.27472495016057__21	4.4	4.2	5.2	5.2	5.2	6.5	4.2	5.2	5.2	5.2	5.2
CGCCCCACCCCC__0.274665488273226__24	5.5	4.7	5.2	5.2	5.2	6.5	4.2	5.2	5.2	5.2	5.2
CGCCCCTCCCTA__0.274599341688069__11	5.5	4.7	5.2	5.2	5.2	4.5	4.4	5.2	5.2	4.5	5.5
GACCACACCTCT__0.274458640229064__12	4.4	4.2	5.2	6.5	4.2	6.5	4.2	5.2	4.5	4.4	4.5
GATCCCGCCCAC__0.27439634823278__15	4.4	4.5	4.4	5.2	5.2	5.5	4.7	5.2	5.2	6.5	4.2
CCCCACCCCCCA__0.274125977320784__23	5.2	5.2	5.2	6.5	4.2	5.2	5.2	5.2	5.2	5.2	6.5
CACCCCGCCCAT__0.273919051342285__12	6.5	4.2	5.2	5.2	5.2	5.5	4.7	5.2	5.2	6.5	4.5
TCCCACCCCCTT__0.273767584764838__9	4.4	5.2	5.2	6.5	4.2	5.2	5.2	5.2	5.2	4.5	3.9
GACGCCGCCCAC__0.273657932965625__13	4.4	4.2	5.5	4.7	5.2	5.5	4.7	5.2	5.2	6.5	4.2
CGCCCCCCCCAT__0.27348175317449__15	5.5	4.7	5.2	5.2	5.2	5.2	5.2	5.2	5.2	6.5	4.5
AGACCCGCCCCT__0.273393265340678__9	4.5	4.4	4.2	5.2	5.2	5.5	4.7	5.2	5.2	5.2	4.5
AAACCCGCCCCC__0.273386777406443__15	3.9	3.9	4.2	5.2	5.2	5.5	4.7	5.2	5.2	5.2	5.2
AACCACTCCCCG__0.272917868691819__9	3.9	4.2	5.2	6.5	4.2	4.5	4.4	5.2	5.2	5.2	5.5
CGCCCCCAACAT__0.27283459425104__12	5.5	4.7	5.2	5.2	5.2	5.2	6.5	3.9	4.2	6.5	4.5
TGCCCCACCCAT__0.272609937029149__14	6.5	4.7	5.2	5.2	5.2	6.5	4.2	5.2	5.2	6.5	4.5
GTCCCCTCCCCC__0.272560464960207__19	4.2	4.4	5.2	5.2	5.2	4.5	4.4	5.2	5.2	5.2	5.2
GGCTACGCCCCT__0.272461570280813__11	5.2	4.7	4.5	5.5	4.2	5.5	4.7	5.2	5.2	5.2	4.5
CGCCCCCCACAA__0.27190756092807__13	5.5	4.7	5.2	5.2	5.2	5.2	5.2	6.5	4.2	6.5	3.9
AGCCCCACCCTT__0.271765123884176__10	4.5	4.7	5.2	5.2	5.2	6.5	4.2	5.2	5.2	4.5	3.9
GTCTCCGCCCAC__0.271717949695863__21	4.2	4.4	4.5	4.4	5.2	5.5	4.7	5.2	5.2	6.5	4.2
GTACCCGCCCCC__0.271696086242967__19	4.2	5.5	4.2	5.2	5.2	5.5	4.7	5.2	5.2	5.2	5.2
AACTCCGCCTCC__0.271675743213602__12	3.9	4.2	4.5	4.4	5.2	5.5	4.7	5.2	4.5	4.4	5.2
CGCCCCCCTCAT__0.271636066915825__9	5.5	4.7	5.2	5.2	5.2	5.2	5.2	4.5	4.4	6.5	4.5
AGTCACGCCCCA__0.271632272414326__10	4.5	4.2	4.4	6.5	4.2	5.5	4.7	5.2	5.2	5.2	6.5
AGTACCGCCCAC__0.271523622252239__18	4.5	4.2	5.5	4.2	5.2	5.5	4.7	5.2	5.2	6.5	4.2
TACTCCGCCCAT__0.271371627173342__9	5.5	4.2	4.5	4.4	5.2	5.5	4.7	5.2	5.2	6.5	4.5
GACACCGCCCCC__0.27131076209285__12	4.4	4.2	6.5	4.2	5.2	5.5	4.7	5.2	5.2	5.2	5.2
CGCCCACACCAG__0.271036351208977__11	5.5	4.7	5.2	5.2	6.5	4.2	6.5	4.2	5.2	6.5	4.5
GGACACACCCAT__0.27098518157644__10	5.2	4.4	4.2	6.5	4.2	6.5	4.2	5.2	5.2	6.5	4.5
TGCACCGCCCCC__0.270746281724544__12	6.5	4.7	6.5	4.2	5.2	5.5	4.7	5.2	5.2	5.2	5.2
TACTCCTCCCCC__0.270513241327738__11	5.5	4.2	4.5	4.4	5.2	4.5	4.4	5.2	5.2	5.2	5.2
CGCCCCCCCACT__0.270197487855223__15	5.5	4.7	5.2	5.2	5.2	5.2	5.2	5.2	6.5	4.2	4.5
AACACCGCCCCC__0.269688322383164__14	3.9	4.2	6.5	4.2	5.2	5.5	4.7	5.2	5.2	5.2	5.2
GGACACTCCCCC__0.26926244609117__17	5.2	4.4	4.2	6.5	4.2	4.5	4.4	5.2	5.2	5.2	5.2
CGCCCCCCACCT__0.268901379411109__13	5.5	4.7	5.2	5.2	5.2	5.2	5.2	6.5	4.2	5.2	4.5
GGCCCCTCCCAA__0.268789932076053__13	5.2	4.7	5.2	5.2	5.2	4.5	4.4	5.2	5.2	6.5	3.9
GGAAACGCCCAC__0.26870498854971__12	5.2	4.4	3.9	3.9	4.2	5.5	4.7	5.2	5.2	6.5	4.2
GTAAACGCCCAC__0.268683472895862__9	4.2	5.5	3.9	3.9	4.2	5.5	4.7	5.2	5.2	6.5	4.2
GGCCACACCCTA__0.26827182257406__13	5.2	4.7	5.2	6.5	4.2	6.5	4.2	5.2	5.2	4.5	5.5
GTTCACGCCCCC__0.268210454355374__15	4.2	3.9	4.4	6.5	4.2	5.5	4.7	5.2	5.2	5.2	5.2
CCTCCCACCCAT__0.268188005185269__12	5.2	4.5	4.4	5.2	5.2	6.5	4.2	5.2	5.2	6.5	4.5
CCACACCCCCCG__0.268135410997632__15	5.2	6.5	4.2	6.5	4.2	5.2	5.2	5.2	5.2	5.2	5.5
AACTCCGCCCTT__0.268129178408992__9	3.9	4.2	4.5	4.4	5.2	5.5	4.7	5.2	5.2	4.5	3.9
GACTCCGCCCAG__0.268003753217879__10	4.4	4.2	4.5	4.4	5.2	5.5	4.7	5.2	5.2	6.5	4.5
AGACACACCCTC__0.267781868905799__11	4.5	4.4	4.2	6.5	4.2	6.5	4.2	5.2	5.2	4.5	4.4
CGCCCCCCTGCC__0.267519049166806__9	5.5	4.7	5.2	5.2	5.2	5.2	5.2	4.5	6.5	4.7	5.2
CGCCCCCCATAC__0.267508805578943__9	5.5	4.7	5.2	5.2	5.2	5.2	5.2	6.5	4.5	5.5	4.2
CGCCCACCCACT__0.267334467793808__12	5.5	4.7	5.2	5.2	6.5	4.2	5.2	5.2	6.5	4.2	4.5
GGCTCCGCCCAG__0.267265165561285__9	5.2	4.7	4.5	4.4	5.2	5.5	4.7	5.2	5.2	6.5	4.5
GTCCCCGCCCCG__0.267096684190439__10	4.2	4.4	5.2	5.2	5.2	5.5	4.7	5.2	5.2	5.2	5.5
AACTCCTCCCAA__0.267046420730182__10	3.9	4.2	4.5	4.4	5.2	4.5	4.4	5.2	5.2	6.5	3.9
CCGCCCACCCAG__0.266976210411736__10	5.2	5.5	4.7	5.2	5.2	6.5	4.2	5.2	5.2	6.5	4.5
ACACACCCCCCT__0.266639695559634__13	4.2	6.5	4.2	6.5	4.2	5.2	5.2	5.2	5.2	5.2	4.5
CGACACACCCCC__0.266593333205923__21	5.5	4.4	4.2	6.5	4.2	6.5	4.2	5.2	5.2	5.2	5.2
GGCTCCGCCCTA__0.266402920130829__13	5.2	4.7	4.5	4.4	5.2	5.5	4.7	5.2	5.2	4.5	5.5
AGCCGCGCCCAT__0.266241477051733__11	4.5	4.7	5.2	5.5	4.7	5.5	4.7	5.2	5.2	6.5	4.5
GCCCACGCCCCT__0.265914702069623__9	4.7	5.2	5.2	6.5	4.2	5.5	4.7	5.2	5.2	5.2	4.5
AACCACACCCAG__0.265627906715264__9	3.9	4.2	5.2	6.5	4.2	6.5	4.2	5.2	5.2	6.5	4.5
CAACACGCCCAC__0.265508370931641__9	6.5	3.9	4.2	6.5	4.2	5.5	4.7	5.2	5.2	6.5	4.2
AGTTCCGCCCAC__0.265114231046266__13	4.5	4.2	3.9	4.4	5.2	5.5	4.7	5.2	5.2	6.5	4.2
CGTCACGCCCCC__0.265026682726499__13	5.5	4.2	4.4	6.5	4.2	5.5	4.7	5.2	5.2	5.2	5.2
CGCCCCGCCCTA__0.264862194184382__10	5.5	4.7	5.2	5.2	5.2	5.5	4.7	5.2	5.2	4.5	5.5
CGCCCCACCCCT__0.264847935042979__12	5.5	4.7	5.2	5.2	5.2	6.5	4.2	5.2	5.2	5.2	4.5
AATCCCTCCCAC__0.264829652517011__10	3.9	4.5	4.4	5.2	5.2	4.5	4.4	5.2	5.2	6.5	4.2
CGCCACTCCCCC__0.26479257213862__16	5.5	4.7	5.2	6.5	4.2	4.5	4.4	5.2	5.2	5.2	5.2
AGACACACCTCC__0.264480694619327__13	4.5	4.4	4.2	6.5	4.2	6.5	4.2	5.2	4.5	4.4	5.2
AGACACTCCCCC__0.264276936403819__18	4.5	4.4	4.2	6.5	4.2	4.5	4.4	5.2	5.2	5.2	5.2
TGCCCCACCCCT__0.264004400120051__16	6.5	4.7	5.2	5.2	5.2	6.5	4.2	5.2	5.2	5.2	4.5
AGCCCCACCTAC__0.263921963789978__11	4.5	4.7	5.2	5.2	5.2	6.5	4.2	5.2	4.5	5.5	4.2
GGCGCCGCCCAC__0.263804493362911__15	5.2	4.7	5.5	4.7	5.2	5.5	4.7	5.2	5.2	6.5	4.2
AACCACTCCCCA__0.263511979350529__12	3.9	4.2	5.2	6.5	4.2	4.5	4.4	5.2	5.2	5.2	6.5
GGATCCGCCCAC__0.263298962520645__13	5.2	4.4	4.5	4.4	5.2	5.5	4.7	5.2	5.2	6.5	4.2
GGCCACACCCAA__0.263118824774133__15	5.2	4.7	5.2	6.5	4.2	6.5	4.2	5.2	5.2	6.5	3.9
ATCTCCTCCCAC__0.262891200800211__11	4.5	4.4	4.5	4.4	5.2	4.5	4.4	5.2	5.2	6.5	4.2
CCTCCCCCCCAT__0.262716752086074__15	5.2	4.5	4.4	5.2	5.2	5.2	5.2	5.2	5.2	6.5	4.5
ATCCACGCCCCT__0.262424581955401__10	4.5	4.4	5.2	6.5	4.2	5.5	4.7	5.2	5.2	5.2	4.5
CACCACACCCAC__0.262036858082569__22	6.5	4.2	5.2	6.5	4.2	6.5	4.2	5.2	5.2	6.5	4.2
AGCCACACCTCT__0.261958424699036__10	4.5	4.7	5.2	6.5	4.2	6.5	4.2	5.2	4.5	4.4	4.5
TTACACGCCCAC__0.261733503870206__10	3.9	5.5	4.2	6.5	4.2	5.5	4.7	5.2	5.2	6.5	4.2
AACCCCTCCCCA__0.261589788826238__13	3.9	4.2	5.2	5.2	5.2	4.5	4.4	5.2	5.2	5.2	6.5
AGCAACGCCCAC__0.261506799992699__11	4.5	4.7	6.5	3.9	4.2	5.5	4.7	5.2	5.2	6.5	4.2
GCACACGCCCAC__0.261373601059697__10	4.7	6.5	4.2	6.5	4.2	5.5	4.7	5.2	5.2	6.5	4.2
AGCCGCACCCCC__0.261319535474992__16	4.5	4.7	5.2	5.5	4.7	6.5	4.2	5.2	5.2	5.2	5.2
GTCCCCGCCCAG__0.260644959980419__9	4.2	4.4	5.2	5.2	5.2	5.5	4.7	5.2	5.2	6.5	4.5
CGCCACACCCCT__0.260132752134226__13	5.5	4.7	5.2	6.5	4.2	6.5	4.2	5.2	5.2	5.2	4.5
GACAACGCCCAC__0.259979524409839__11	4.4	4.2	6.5	3.9	4.2	5.5	4.7	5.2	5.2	6.5	4.2
GGTACCGCCCCC__0.259928924385848__20	5.2	4.2	5.5	4.2	5.2	5.5	4.7	5.2	5.2	5.2	5.2
TGCCCCACCCCC__0.259900401541611__26	6.5	4.7	5.2	5.2	5.2	6.5	4.2	5.2	5.2	5.2	5.2
CGCCCCCCCAAA__0.25986754823623__17	5.5	4.7	5.2	5.2	5.2	5.2	5.2	5.2	6.5	3.9	3.9
AGTAACGCCCAC__0.259696285083155__12	4.5	4.2	5.5	3.9	4.2	5.5	4.7	5.2	5.2	6.5	4.2
CGCCCACCACCT__0.259154918811475__11	5.5	4.7	5.2	5.2	6.5	4.2	5.2	6.5	4.2	5.2	4.5
AGCCCCTCCCTA__0.259134542278874__9	4.5	4.7	5.2	5.2	5.2	4.5	4.4	5.2	5.2	4.5	5.5
TGACACGCCTCC__0.259132118458711__10	6.5	4.4	4.2	6.5	4.2	5.5	4.7	5.2	4.5	4.4	5.2
TGTCCCGCCCAC__0.259129309349306__13	6.5	4.2	4.4	5.2	5.2	5.5	4.7	5.2	5.2	6.5	4.2
GGCTCCACCCCG__0.259066297656073__10	5.2	4.7	4.5	4.4	5.2	6.5	4.2	5.2	5.2	5.2	5.5
CGCCCCCCCCAC__0.259049522765542__22	5.5	4.7	5.2	5.2	5.2	5.2	5.2	5.2	5.2	6.5	4.2
TGCTCCACCCAT__0.258795945651258__10	6.5	4.7	4.5	4.4	5.2	6.5	4.2	5.2	5.2	6.5	4.5
GGCCCCTCCCCG__0.25866858959546__10	5.2	4.7	5.2	5.2	5.2	4.5	4.4	5.2	5.2	5.2	5.5
GACCACACCCCG__0.258388619697216__15	4.4	4.2	5.2	6.5	4.2	6.5	4.2	5.2	5.2	5.2	5.5
AGTACCGCCCCC__0.258323583425637__18	4.5	4.2	5.5	4.2	5.2	5.5	4.7	5.2	5.2	5.2	5.2
CGACACACCCAC__0.25821234653055__17	5.5	4.4	4.2	6.5	4.2	6.5	4.2	5.2	5.2	6.5	4.2
GTCCCCGCCCCA__0.258187306244579__15	4.2	4.4	5.2	5.2	5.2	5.5	4.7	5.2	5.2	5.2	6.5
TGACACACCCCT__0.258166295179367__11	6.5	4.4	4.2	6.5	4.2	6.5	4.2	5.2	5.2	5.2	4.5
CGCCCCCCCACA__0.257819842701738__17	5.5	4.7	5.2	5.2	5.2	5.2	5.2	5.2	6.5	4.2	6.5
CTCCGCCCCCAT__0.257161514616741__14	4.5	4.4	5.2	5.5	4.7	5.2	5.2	5.2	5.2	6.5	4.5
ACCCCCGCCCAC__0.256890486391858__13	4.2	5.2	5.2	5.2	5.2	5.5	4.7	5.2	5.2	6.5	4.2
GACTCCGCCCTA__0.256589566677032__11	4.4	4.2	4.5	4.4	5.2	5.5	4.7	5.2	5.2	4.5	5.5
TCCCCCGCCCAC__0.256247070888568__12	4.4	5.2	5.2	5.2	5.2	5.5	4.7	5.2	5.2	6.5	4.2
TGCCACACCCAT__0.256067483502171__9	6.5	4.7	5.2	6.5	4.2	6.5	4.2	5.2	5.2	6.5	4.5
CGCCCCCAACAC__0.255927308369804__15	5.5	4.7	5.2	5.2	5.2	5.2	6.5	3.9	4.2	6.5	4.2
CGCCCCCCAAAT__0.255799743793004__10	5.5	4.7	5.2	5.2	5.2	5.2	5.2	6.5	3.9	3.9	4.5
CGCTCCACCCCC__0.25551979453158__15	5.5	4.7	4.5	4.4	5.2	6.5	4.2	5.2	5.2	5.2	5.2
CGCCCCCAACCT__0.255291559352589__10	5.5	4.7	5.2	5.2	5.2	5.2	6.5	3.9	4.2	5.2	4.5
GTTTACGCCCAC__0.255242358832993__9	4.2	3.9	3.9	5.5	4.2	5.5	4.7	5.2	5.2	6.5	4.2
GATCACGCCCCC__0.255126078360079__10	4.4	4.5	4.4	6.5	4.2	5.5	4.7	5.2	5.2	5.2	5.2
CGCCCCCAGCAC__0.254972298206953__9	5.5	4.7	5.2	5.2	5.2	5.2	6.5	4.5	4.7	6.5	4.2
GGCTACGCCCCC__0.254491641992286__13	5.2	4.7	4.5	5.5	4.2	5.5	4.7	5.2	5.2	5.2	5.2
AGCCACACCCTT__0.25442583218811__10	4.5	4.7	5.2	6.5	4.2	6.5	4.2	5.2	5.2	4.5	3.9
CGCCCACCCCAC__0.253825476748062__14	5.5	4.7	5.2	5.2	6.5	4.2	5.2	5.2	5.2	6.5	4.2
CGCCCACCACAC__0.253650997137305__18	5.5	4.7	5.2	5.2	6.5	4.2	5.2	6.5	4.2	6.5	4.2
GGTTACGCCCCC__0.253448492066723__12	5.2	4.2	3.9	5.5	4.2	5.5	4.7	5.2	5.2	5.2	5.2
GGTTCCGCCCAC__0.253213137281989__9	5.2	4.2	3.9	4.4	5.2	5.5	4.7	5.2	5.2	6.5	4.2
AGCCACTCCCCG__0.253057355236732__9	4.5	4.7	5.2	6.5	4.2	4.5	4.4	5.2	5.2	5.2	5.5
ACACCCCCCCAT__0.252921975641567__12	4.2	6.5	4.2	5.2	5.2	5.2	5.2	5.2	5.2	6.5	4.5
CCACCCACCCAA__0.252907514216931__11	5.2	6.5	4.2	5.2	5.2	6.5	4.2	5.2	5.2	6.5	3.9
CGCCCCCCCTCA__0.252735921244866__12	5.5	4.7	5.2	5.2	5.2	5.2	5.2	5.2	4.5	4.4	6.5
CGCCCCCCCTAC__0.252587535445058__12	5.5	4.7	5.2	5.2	5.2	5.2	5.2	5.2	4.5	5.5	4.2
TACCACACCCCC__0.252204135489154__23	5.5	4.2	5.2	6.5	4.2	6.5	4.2	5.2	5.2	5.2	5.2
CGCCCCCACTAA__0.252170551422482__10	5.5	4.7	5.2	5.2	5.2	5.2	6.5	4.2	4.5	5.5	3.9
CCCCCCGCCCCC__0.252125190615846__13	5.2	5.2	5.2	5.2	5.2	5.5	4.7	5.2	5.2	5.2	5.2
GTTACCGCCCCC__0.252124777306535__11	4.2	3.9	5.5	4.2	5.2	5.5	4.7	5.2	5.2	5.2	5.2
AACCACACCTAC__0.251945683007243__9	3.9	4.2	5.2	6.5	4.2	6.5	4.2	5.2	4.5	5.5	4.2
CTCCACCCCTCA__0.25193805643224__9	4.5	4.4	5.2	6.5	4.2	5.2	5.2	5.2	4.5	4.4	6.5
GGGAACGCCCAC__0.251564773196642__11	5.2	5.2	4.4	3.9	4.2	5.5	4.7	5.2	5.2	6.5	4.2
CGCCCCCCAACC__0.251427628171234__17	5.5	4.7	5.2	5.2	5.2	5.2	5.2	6.5	3.9	4.2	5.2
CTCCGCCCCCAA__0.250991374595756__23	4.5	4.4	5.2	5.5	4.7	5.2	5.2	5.2	5.2	6.5	3.9
GACCGCGCCCCT__0.250981863569799__11	4.4	4.2	5.2	5.5	4.7	5.5	4.7	5.2	5.2	5.2	4.5
CCCGCCCCCCAT__0.250636390890702__12	5.2	5.2	5.5	4.7	5.2	5.2	5.2	5.2	5.2	6.5	4.5
TCCCCCGCCCCC__0.250523002341718__12	4.4	5.2	5.2	5.2	5.2	5.5	4.7	5.2	5.2	5.2	5.2
CGCCCACCACCG__0.250445907802559__10	5.5	4.7	5.2	5.2	6.5	4.2	5.2	6.5	4.2	5.2	5.5
GACTCCTCCCCA__0.249831953774306__10	4.4	4.2	4.5	4.4	5.2	4.5	4.4	5.2	5.2	5.2	6.5
ATCCCCTCCCCC__0.249711049686252__16	4.5	4.4	5.2	5.2	5.2	4.5	4.4	5.2	5.2	5.2	5.2
CGCCCCCCCCAG__0.249629038795261__9	5.5	4.7	5.2	5.2	5.2	5.2	5.2	5.2	5.2	6.5	4.5
TGCTCCGCCCCA__0.249625648933219__15	6.5	4.7	4.5	4.4	5.2	5.5	4.7	5.2	5.2	5.2	6.5
GTAACCGCCCAC__0.249596450973784__12	4.2	5.5	3.9	4.2	5.2	5.5	4.7	5.2	5.2	6.5	4.2
GGAACCGCCCCC__0.249588865907065__10	5.2	4.4	3.9	4.2	5.2	5.5	4.7	5.2	5.2	5.2	5.2
GTACCCGCCCCT__0.249542648898688__10	4.2	5.5	4.2	5.2	5.2	5.5	4.7	5.2	5.2	5.2	4.5
AGAAACGCCCCC__0.24953264274011__10	4.5	4.4	3.9	3.9	4.2	5.5	4.7	5.2	5.2	5.2	5.2
GGCACCGCCCCT__0.249423263820439__9	5.2	4.7	6.5	4.2	5.2	5.5	4.7	5.2	5.2	5.2	4.5
GTCTCCTCCCCC__0.249210317731926__11	4.2	4.4	4.5	4.4	5.2	4.5	4.4	5.2	5.2	5.2	5.2
GGTAACGCCCCC__0.248875845871282__13	5.2	4.2	5.5	3.9	4.2	5.5	4.7	5.2	5.2	5.2	5.2
AGAAACGCCCAC__0.248848882778933__9	4.5	4.4	3.9	3.9	4.2	5.5	4.7	5.2	5.2	6.5	4.2
CGCCCCCCACCA__0.248825179956627__16	5.5	4.7	5.2	5.2	5.2	5.2	5.2	6.5	4.2	5.2	6.5
CGCCCCCCCATC__0.248753902229219__11	5.5	4.7	5.2	5.2	5.2	5.2	5.2	5.2	6.5	4.5	4.4
CCTCCCACCCAA__0.248749417669043__13	5.2	4.5	4.4	5.2	5.2	6.5	4.2	5.2	5.2	6.5	3.9
CGCCCCCACCCT__0.248657761464527__10	5.5	4.7	5.2	5.2	5.2	5.2	6.5	4.2	5.2	5.2	4.5
AGCTACGCCCAC__0.248613022104701__10	4.5	4.7	4.5	5.5	4.2	5.5	4.7	5.2	5.2	6.5	4.2
AGACCCTCCCCC__0.24833941670991__13	4.5	4.4	4.2	5.2	5.2	4.5	4.4	5.2	5.2	5.2	5.2
AGGACCGCCCCC__0.247652553298642__11	4.5	5.2	4.4	4.2	5.2	5.5	4.7	5.2	5.2	5.2	5.2
TCCCACCCCCAA__0.247632608172032__19	4.4	5.2	5.2	6.5	4.2	5.2	5.2	5.2	5.2	6.5	3.9
CGCACCGCCCAC__0.247450883630921__9	5.5	4.7	6.5	4.2	5.2	5.5	4.7	5.2	5.2	6.5	4.2
CGCCCCCCCCTA__0.247387781465953__11	5.5	4.7	5.2	5.2	5.2	5.2	5.2	5.2	5.2	4.5	5.5
GTCCCCGCCCAA__0.247220409460921__10	4.2	4.4	5.2	5.2	5.2	5.5	4.7	5.2	5.2	6.5	3.9
TCCCACGCCCAC__0.246492947248808__11	4.4	5.2	5.2	6.5	4.2	5.5	4.7	5.2	5.2	6.5	4.2
CCCGCCCCCCAG__0.246312384472438__9	5.2	5.2	5.5	4.7	5.2	5.2	5.2	5.2	5.2	6.5	4.5
CGCCCCCCCTAA__0.246267050307351__10	5.5	4.7	5.2	5.2	5.2	5.2	5.2	5.2	4.5	5.5	3.9
CGCCCCATCCCA__0.246176120721236__12	5.5	4.7	5.2	5.2	5.2	6.5	4.5	4.4	5.2	5.2	6.5
CGCCCCCACTAC__0.246132482640267__10	5.5	4.7	5.2	5.2	5.2	5.2	6.5	4.2	4.5	5.5	4.2
GAACACACCCAC__0.246087763233474__11	4.4	3.9	4.2	6.5	4.2	6.5	4.2	5.2	5.2	6.5	4.2
GCACACGCCCCC__0.245981261586688__9	4.7	6.5	4.2	6.5	4.2	5.5	4.7	5.2	5.2	5.2	5.2
TGGCACGCCCCC__0.245730088739587__11	6.5	5.2	4.7	6.5	4.2	5.5	4.7	5.2	5.2	5.2	5.2
GTTCCCGCCCCC__0.245642991784875__16	4.2	3.9	4.4	5.2	5.2	5.5	4.7	5.2	5.2	5.2	5.2
AACCACACCCAA__0.245538830721365__11	3.9	4.2	5.2	6.5	4.2	6.5	4.2	5.2	5.2	6.5	3.9
CACCCCGCCCCT__0.245490780335013__10	6.5	4.2	5.2	5.2	5.2	5.5	4.7	5.2	5.2	5.2	4.5
AGTTACGCCCCC__0.245268348808495__9	4.5	4.2	3.9	5.5	4.2	5.5	4.7	5.2	5.2	5.2	5.2
AACTCCACCCCA__0.244889861365689__11	3.9	4.2	4.5	4.4	5.2	6.5	4.2	5.2	5.2	5.2	6.5
GGCCCCACCCCA__0.244694378840991__14	5.2	4.7	5.2	5.2	5.2	6.5	4.2	5.2	5.2	5.2	6.5
CCCGCCCCCCAA__0.244628213279323__20	5.2	5.2	5.5	4.7	5.2	5.2	5.2	5.2	5.2	6.5	3.9
CGCCCCACCCTC__0.244188681392734__9	5.5	4.7	5.2	5.2	5.2	6.5	4.2	5.2	5.2	4.5	4.4
CGCCCCCCCACG__0.244083729665946__10	5.5	4.7	5.2	5.2	5.2	5.2	5.2	5.2	6.5	4.2	5.5
GACCACACCCTT__0.243950147783183__9	4.4	4.2	5.2	6.5	4.2	6.5	4.2	5.2	5.2	4.5	3.9
CGCCCCCCTCAC__0.243605314903154__10	5.5	4.7	5.2	5.2	5.2	5.2	5.2	4.5	4.4	6.5	4.2
GTTCCCGCCCAT__0.242463424185354__9	4.2	3.9	4.4	5.2	5.2	5.5	4.7	5.2	5.2	6.5	4.5
AGCCGCACCCAC__0.24232775368617__11	4.5	4.7	5.2	5.5	4.7	6.5	4.2	5.2	5.2	6.5	4.2
GTTCCCGCCCAC__0.242164069237103__14	4.2	3.9	4.4	5.2	5.2	5.5	4.7	5.2	5.2	6.5	4.2
ATCCCCGCCCCA__0.241939433545589__13	4.5	4.4	5.2	5.2	5.2	5.5	4.7	5.2	5.2	5.2	6.5
TTCCACGCCCCT__0.241512572413806__9	3.9	4.4	5.2	6.5	4.2	5.5	4.7	5.2	5.2	5.2	4.5
GGCCCAACCCCC__0.241381061371432__12	5.2	4.7	5.2	5.2	6.5	3.9	4.2	5.2	5.2	5.2	5.2
CGCCCCCACACG__0.241186547614583__10	5.5	4.7	5.2	5.2	5.2	5.2	6.5	4.2	6.5	4.2	5.5
CGCCACACCCAT__0.241052494488104__9	5.5	4.7	5.2	6.5	4.2	6.5	4.2	5.2	5.2	6.5	4.5
CGCCCACCCTAC__0.240948882255013__9	5.5	4.7	5.2	5.2	6.5	4.2	5.2	5.2	4.5	5.5	4.2
AGCCACTCCCAA__0.240901621832292__9	4.5	4.7	5.2	6.5	4.2	4.5	4.4	5.2	5.2	6.5	3.9
CACCCCTCCCAC__0.240797000290888__11	6.5	4.2	5.2	5.2	5.2	4.5	4.4	5.2	5.2	6.5	4.2
AGCTCCACCTCC__0.24016763554214__9	4.5	4.7	4.5	4.4	5.2	6.5	4.2	5.2	4.5	4.4	5.2
TGTCCCGCCCCC__0.240124227730475__12	6.5	4.2	4.4	5.2	5.2	5.5	4.7	5.2	5.2	5.2	5.2
AGCACCACCCAC__0.239328194034385__15	4.5	4.7	6.5	4.2	5.2	6.5	4.2	5.2	5.2	6.5	4.2
AAACACACCCAC__0.238869440785539__12	3.9	3.9	4.2	6.5	4.2	6.5	4.2	5.2	5.2	6.5	4.2
ACACACCCCCAC__0.238606649662169__14	4.2	6.5	4.2	6.5	4.2	5.2	5.2	5.2	5.2	6.5	4.2
TCCCCCTCCCAC__0.238538027059348__10	4.4	5.2	5.2	5.2	5.2	4.5	4.4	5.2	5.2	6.5	4.2
CGCCCCTCCCAA__0.238341453077846__9	5.5	4.7	5.2	5.2	5.2	4.5	4.4	5.2	5.2	6.5	3.9
GACCACACCCAA__0.238164211279716__14	4.4	4.2	5.2	6.5	4.2	6.5	4.2	5.2	5.2	6.5	3.9
AGCCACCTCCCA__0.238122828229902__13	4.5	4.7	5.2	6.5	4.2	5.2	4.5	4.4	5.2	5.2	6.5
TACCACACCCAC__0.238088393922348__17	5.5	4.2	5.2	6.5	4.2	6.5	4.2	5.2	5.2	6.5	4.2
TGCCCCTCCCTC__0.237344279894233__9	6.5	4.7	5.2	5.2	5.2	4.5	4.4	5.2	5.2	4.5	4.4
CACTCCGCCCAC__0.236951663594264__12	6.5	4.2	4.5	4.4	5.2	5.5	4.7	5.2	5.2	6.5	4.2
GTTTACGCCCCC__0.236810947268874__9	4.2	3.9	3.9	5.5	4.2	5.5	4.7	5.2	5.2	5.2	5.2
CGCCTCCCACAA__0.236778765145578__11	5.5	4.7	5.2	4.5	4.4	5.2	5.2	6.5	4.2	6.5	3.9
CGCCCCCCCCTC__0.236674191253797__11	5.5	4.7	5.2	5.2	5.2	5.2	5.2	5.2	5.2	4.5	4.4
AGCACCTCCCCT__0.23606608057805__10	4.5	4.7	6.5	4.2	5.2	4.5	4.4	5.2	5.2	5.2	4.5
CGCCCCCCCAGC__0.235912780516858__9	5.5	4.7	5.2	5.2	5.2	5.2	5.2	5.2	6.5	4.5	4.7
GGCCGCGCCCCT__0.234915810238004__9	5.2	4.7	5.2	5.5	4.7	5.5	4.7	5.2	5.2	5.2	4.5
CGCCCCCCCCAA__0.234564476706576__17	5.5	4.7	5.2	5.2	5.2	5.2	5.2	5.2	5.2	6.5	3.9
CACCCCTCCCCC__0.234374704295346__11	6.5	4.2	5.2	5.2	5.2	4.5	4.4	5.2	5.2	5.2	5.2
GTCTCCTCCCAC__0.234305851521073__10	4.2	4.4	4.5	4.4	5.2	4.5	4.4	5.2	5.2	6.5	4.2
AAGCCCGCCCAC__0.233926532595604__12	3.9	4.5	4.7	5.2	5.2	5.5	4.7	5.2	5.2	6.5	4.2
CTCCACCCACCC__0.233503581675934__11	4.5	4.4	5.2	6.5	4.2	5.2	5.2	6.5	4.2	5.2	5.2
GGACCCTCCCAC__0.233474992203635__12	5.2	4.4	4.2	5.2	5.2	4.5	4.4	5.2	5.2	6.5	4.2
GTCCACACCCAC__0.233369123346788__13	4.2	4.4	5.2	6.5	4.2	6.5	4.2	5.2	5.2	6.5	4.2
TGCCACACCCCA__0.233242981872105__11	6.5	4.7	5.2	6.5	4.2	6.5	4.2	5.2	5.2	5.2	6.5
CGCCCCCCAACT__0.233165543453687__9	5.5	4.7	5.2	5.2	5.2	5.2	5.2	6.5	3.9	4.2	4.5
GGAAACGCCCCC__0.233080477694919__9	5.2	4.4	3.9	3.9	4.2	5.5	4.7	5.2	5.2	5.2	5.2
GTTAACGCCCAC__0.232994062014386__11	4.2	3.9	5.5	3.9	4.2	5.5	4.7	5.2	5.2	6.5	4.2
GTATCCGCCCAC__0.232958218546737__10	4.2	5.5	4.5	4.4	5.2	5.5	4.7	5.2	5.2	6.5	4.2
CGCCCCCCTACC__0.232886475055202__10	5.5	4.7	5.2	5.2	5.2	5.2	5.2	4.5	5.5	4.2	5.2
CTCCCCGCCCAC__0.232794908181254__12	4.5	4.4	5.2	5.2	5.2	5.5	4.7	5.2	5.2	6.5	4.2
AGACCCTCCCAC__0.232691959622214__10	4.5	4.4	4.2	5.2	5.2	4.5	4.4	5.2	5.2	6.5	4.2
GCCCCCTACCAC__0.232438846564579__9	4.7	5.2	5.2	5.2	5.2	4.5	5.5	4.2	5.2	6.5	4.2
GTTCCCGCCCCT__0.230860648529021__9	4.2	3.9	4.4	5.2	5.2	5.5	4.7	5.2	5.2	5.2	4.5
AACTCCGCCCTA__0.230698197679888__9	3.9	4.2	4.5	4.4	5.2	5.5	4.7	5.2	5.2	4.5	5.5
GCCCACACCTCC__0.230285892380294__10	4.7	5.2	5.2	6.5	4.2	6.5	4.2	5.2	4.5	4.4	5.2
GGTCCCTCCCCC__0.229769909710323__9	5.2	4.2	4.4	5.2	5.2	4.5	4.4	5.2	5.2	5.2	5.2
TGCCGCGCCCAC__0.229758804455084__9	6.5	4.7	5.2	5.5	4.7	5.5	4.7	5.2	5.2	6.5	4.2
ATGCACGCCCCC__0.229734125609191__9	4.5	6.5	4.7	6.5	4.2	5.5	4.7	5.2	5.2	5.2	5.2
CTCCACGCCCCC__0.229505034234855__10	4.5	4.4	5.2	6.5	4.2	5.5	4.7	5.2	5.2	5.2	5.2
ACCCCCGCCCCC__0.229347742357305__10	4.2	5.2	5.2	5.2	5.2	5.5	4.7	5.2	5.2	5.2	5.2
GCCCACACCCCC__0.229342329010966__17	4.7	5.2	5.2	6.5	4.2	6.5	4.2	5.2	5.2	5.2	5.2
AACGCCGCCCAC__0.228618187678865__10	3.9	4.2	5.5	4.7	5.2	5.5	4.7	5.2	5.2	6.5	4.2
CGCCCCCAACAA__0.22856738487014__9	5.5	4.7	5.2	5.2	5.2	5.2	6.5	3.9	4.2	6.5	3.9
GGGACCGCCCCC__0.228140098924379__10	5.2	5.2	4.4	4.2	5.2	5.5	4.7	5.2	5.2	5.2	5.2
GGCACCTCCCCC__0.227791397045711__15	5.2	4.7	6.5	4.2	5.2	4.5	4.4	5.2	5.2	5.2	5.2
TGTACCGCCCAC__0.227346089124917__9	6.5	4.2	5.5	4.2	5.2	5.5	4.7	5.2	5.2	6.5	4.2
AGTCACACCCCC__0.227320276082826__9	4.5	4.2	4.4	6.5	4.2	6.5	4.2	5.2	5.2	5.2	5.2
AACCACCCCCAC__0.226595599741288__12	3.9	4.2	5.2	6.5	4.2	5.2	5.2	5.2	5.2	6.5	4.2
TGCCCCTCCCCA__0.225822000211042__11	6.5	4.7	5.2	5.2	5.2	4.5	4.4	5.2	5.2	5.2	6.5
TGCCCCGCCCTA__0.224887175547437__9	6.5	4.7	5.2	5.2	5.2	5.5	4.7	5.2	5.2	4.5	5.5
GACCACCCCCAC__0.223913253519531__15	4.4	4.2	5.2	6.5	4.2	5.2	5.2	5.2	5.2	6.5	4.2
ATACCCGCCCAC__0.223682809255579__9	4.5	5.5	4.2	5.2	5.2	5.5	4.7	5.2	5.2	6.5	4.2
CGCCCCAAACCC__0.223587666413775__10	5.5	4.7	5.2	5.2	5.2	6.5	3.9	3.9	4.2	5.2	5.2
AGACCCACCCAC__0.223353326729827__10	4.5	4.4	4.2	5.2	5.2	6.5	4.2	5.2	5.2	6.5	4.2
CGCCCCACCCCA__0.222477170067273__10	5.5	4.7	5.2	5.2	5.2	6.5	4.2	5.2	5.2	5.2	6.5
CGCCCCCCACAC__0.222373558232172__13	5.5	4.7	5.2	5.2	5.2	5.2	5.2	6.5	4.2	6.5	4.2
ATCTCCGCCCCC__0.221918956707355__12	4.5	4.4	4.5	4.4	5.2	5.5	4.7	5.2	5.2	5.2	5.2
CGCCGCCCACAA__0.221874952953424__10	5.5	4.7	5.2	5.5	4.7	5.2	5.2	6.5	4.2	6.5	3.9
CGCCCCCCCACC__0.221705176142719__13	5.5	4.7	5.2	5.2	5.2	5.2	5.2	5.2	6.5	4.2	5.2
GGTACCGCCCCT__0.221354997530451__9	5.2	4.2	5.5	4.2	5.2	5.5	4.7	5.2	5.2	5.2	4.5
CGCCCCCCCCCT__0.220357462088368__9	5.5	4.7	5.2	5.2	5.2	5.2	5.2	5.2	5.2	5.2	4.5
ATACACACCCAC__0.219820162724074__10	4.5	5.5	4.2	6.5	4.2	6.5	4.2	5.2	5.2	6.5	4.2
TACCCCTCCCCC__0.219561690723728__9	5.5	4.2	5.2	5.2	5.2	4.5	4.4	5.2	5.2	5.2	5.2
AGCCCCCCCCAC__0.219430295747096__12	4.5	4.7	5.2	5.2	5.2	5.2	5.2	5.2	5.2	6.5	4.2
ATCCCCACCCAC__0.219426622439635__10	4.5	4.4	5.2	5.2	5.2	6.5	4.2	5.2	5.2	6.5	4.2
ACCCACCCCCCA__0.219372941517899__13	4.2	5.2	5.2	6.5	4.2	5.2	5.2	5.2	5.2	5.2	6.5
GTTAACGCCCCC__0.218564225971279__11	4.2	3.9	5.5	3.9	4.2	5.5	4.7	5.2	5.2	5.2	5.2
GCCCACACCCAC__0.218141123153469__13	4.7	5.2	5.2	6.5	4.2	6.5	4.2	5.2	5.2	6.5	4.2
AGATCCGCCCCC__0.218105403593759__9	4.5	4.4	4.5	4.4	5.2	5.5	4.7	5.2	5.2	5.2	5.2
AGCGCCTCCCAC__0.218084305933106__12	4.5	4.7	5.5	4.7	5.2	4.5	4.4	5.2	5.2	6.5	4.2
ATACCCGCCCCC__0.217925806718803__9	4.5	5.5	4.2	5.2	5.2	5.5	4.7	5.2	5.2	5.2	5.2
CGCCCCCCCAAT__0.217588564790241__9	5.5	4.7	5.2	5.2	5.2	5.2	5.2	5.2	6.5	3.9	4.5
CGCCTCCCACCT__0.217073396401866__9	5.5	4.7	5.2	4.5	4.4	5.2	5.2	6.5	4.2	5.2	4.5
ACCCCCTCCCCC__0.217026327726979__9	4.2	5.2	5.2	5.2	5.2	4.5	4.4	5.2	5.2	5.2	5.2
AACCGCACCCCC__0.216651483565812__11	3.9	4.2	5.2	5.5	4.7	6.5	4.2	5.2	5.2	5.2	5.2
CGCCCCCCCAAC__0.216429576112358__12	5.5	4.7	5.2	5.2	5.2	5.2	5.2	5.2	6.5	3.9	4.2
CGCCCATCCCCC__0.21614602768715__11	5.5	4.7	5.2	5.2	6.5	4.5	4.4	5.2	5.2	5.2	5.2
CGCCCCAACCCC__0.215768376081618__11	5.5	4.7	5.2	5.2	5.2	6.5	3.9	4.2	5.2	5.2	5.2
AGCGCCGCCCCC__0.214415167115757__11	4.5	4.7	5.5	4.7	5.2	5.5	4.7	5.2	5.2	5.2	5.2
TGCCCCACCCTC__0.214213809848698__9	6.5	4.7	5.2	5.2	5.2	6.5	4.2	5.2	5.2	4.5	4.4
CCCTCCCCCCAC__0.213502231226652__13	5.2	5.2	4.5	4.4	5.2	5.2	5.2	5.2	5.2	6.5	4.2
ATCCCCTCCCAC__0.21345834718553__9	4.5	4.4	5.2	5.2	5.2	4.5	4.4	5.2	5.2	6.5	4.2
CGCCCATCCCCA__0.213329216210756__9	5.5	4.7	5.2	5.2	6.5	4.5	4.4	5.2	5.2	5.2	6.5
CGCCCATCCCAC__0.212839979211034__10	5.5	4.7	5.2	5.2	6.5	4.5	4.4	5.2	5.2	6.5	4.2
TCCCGCCCCCAA__0.21225203736981__13	4.4	5.2	5.2	5.5	4.7	5.2	5.2	5.2	5.2	6.5	3.9
GGACCCACCCAC__0.212078238340854__10	5.2	4.4	4.2	5.2	5.2	6.5	4.2	5.2	5.2	6.5	4.2
GGTCCCACCCAC__0.211176452780772__9	5.2	4.2	4.4	5.2	5.2	6.5	4.2	5.2	5.2	6.5	4.2
AATCCCACCCAC__0.210822097133351__10	3.9	4.5	4.4	5.2	5.2	6.5	4.2	5.2	5.2	6.5	4.2
GTGTACGCCCCC__0.210793555336862__10	4.2	6.5	4.2	5.5	4.2	5.5	4.7	5.2	5.2	5.2	5.2
GGCACCTCCCAC__0.210341435272243__11	5.2	4.7	6.5	4.2	5.2	4.5	4.4	5.2	5.2	6.5	4.2
AACCACCCCCCC__0.209894545113519__11	3.9	4.2	5.2	6.5	4.2	5.2	5.2	5.2	5.2	5.2	5.2
TCCTCCCCCCAA__0.209688327152747__11	4.4	5.2	4.5	4.4	5.2	5.2	5.2	5.2	5.2	6.5	3.9
GCCCACCACCAC__0.209327450276634__10	4.7	5.2	5.2	6.5	4.2	5.2	6.5	4.2	5.2	6.5	4.2
CACACCCCCCAC__0.208841212462479__11	6.5	4.2	6.5	4.2	5.2	5.2	5.2	5.2	5.2	6.5	4.2
TCCCTCCCCCAA__0.20850072845938__11	4.4	5.2	5.2	4.5	4.4	5.2	5.2	5.2	5.2	6.5	3.9
ACCCACCCCCAA__0.203354935884401__10	4.2	5.2	5.2	6.5	4.2	5.2	5.2	5.2	5.2	6.5	3.9
GGCACCACCCAC__0.202959124115508__10	5.2	4.7	6.5	4.2	5.2	6.5	4.2	5.2	5.2	6.5	4.2
CTCCCCCCACAC__0.200677546596731__10	4.5	4.4	5.2	5.2	5.2	5.2	5.2	6.5	4.2	6.5	4.2
CCCAACCCCCAA__0.199109289051719__9	5.2	5.2	6.5	3.9	4.2	5.2	5.2	5.2	5.2	6.5	3.9
GTCCACACCCCC__0.197674452840493__9	4.2	4.4	5.2	6.5	4.2	6.5	4.2	5.2	5.2	5.2	5.2
TGCTCCACCCCC__0.194154319918136__9	6.5	4.7	4.5	4.4	5.2	6.5	4.2	5.2	5.2	5.2	5.2
TGCCCCACCCCA__0.194016423605895__9	6.5	4.7	5.2	5.2	5.2	6.5	4.2	5.2	5.2	5.2	6.5
AACCCCCCCCAC__0.19031073465816__9	3.9	4.2	5.2	5.2	5.2	5.2	5.2	5.2	5.2	6.5	4.2
CTCCCCCCCCAC__0.189279105350428__9	4.5	4.4	5.2	5.2	5.2	5.2	5.2	5.2	5.2	6.5	4.2
TCCCACCCCCCC__0.188847679402927__10	4.4	5.2	5.2	6.5	4.2	5.2	5.2	5.2	5.2	5.2	5.2
CACCTCCCCCAA__0.187839596025922__10	6.5	4.2	5.2	4.5	4.4	5.2	5.2	5.2	5.2	6.5	3.9
ACCCGCCCCCAA__0.18561790732733__10	4.2	5.2	5.2	5.5	4.7	5.2	5.2	5.2	5.2	6.5	3.9
CTCCGCCCCCAC__0.184865918835204__9	4.5	4.4	5.2	5.5	4.7	5.2	5.2	5.2	5.2	6.5	4.2
AGCCACCCCCCC__0.184167319316849__11	4.5	4.7	5.2	6.5	4.2	5.2	5.2	5.2	5.2	5.2	5.2
GTACACACCCCC__0.181339727976183__9	4.2	5.5	4.2	6.5	4.2	6.5	4.2	5.2	5.2	5.2	5.2
