ATTATCGATTAG__1__417	0	5	14	0	22	43	22	0	5	14	9
CTAATCGATAAC__0.961240358292204__419	9	14	5	0	22	43	22	0	14	5	4
CGTATCGATTAG__0.95910321379191__327	43	4	14	0	22	43	22	0	5	14	9
CTAATCGATTAG__0.933253661167339__61	9	14	5	0	22	43	22	0	5	14	9
GTAATCGATAAT__0.92970288850902__327	4	14	5	0	22	43	22	0	14	5	0
AGTATCGATTAG__0.924707359851854__255	9	4	14	0	22	43	22	0	5	14	9
TGTATCGATTAG__0.923735058342965__334	42	4	14	0	22	43	22	0	5	14	9
ATAATCGATAAT__0.922365895400257__275	0	14	5	0	22	43	22	0	14	5	0
AATATCGATTAG__0.920116503776665__214	5	0	14	0	22	43	22	0	5	14	9
GATATCGATTAG__0.91591110722282__235	22	0	14	0	22	43	22	0	5	14	9
ATAATCGATTAT__0.912783287563214__53	0	14	5	0	22	43	22	0	5	14	0
AATATCGATTAC__0.897029103346356__219	5	0	14	0	22	43	22	0	5	14	4
GGTATCGATTAG__0.886075274587368__267	42	4	14	0	22	43	22	0	5	14	9
GTAATCGATTAC__0.884861971333672__62	4	14	5	0	22	43	22	0	5	14	4
CTAATCAATACT__0.883291724103856__241	9	14	5	0	22	42	5	0	14	4	9
CTAATCAATAAT__0.877951781344143__262	9	14	5	0	22	42	5	0	14	5	0
GTAATCGATACG__0.877322595244887__238	4	14	5	0	22	43	22	0	14	4	43
GTAATCGATAAC__0.873362401026691__286	4	14	5	0	22	43	22	0	14	5	4
CTTATCGATTAG__0.87185241816817__212	9	5	14	0	22	43	22	0	5	14	9
CTAATCAATAAC__0.865942443066456__307	9	14	5	0	22	42	5	0	14	5	4
GTAATCGATACT__0.864220062518604__208	4	14	5	0	22	43	22	0	14	4	9
ACTATCGATTAG__0.853430733766893__143	4	9	14	0	22	43	22	0	5	14	9
ATAATCGATACG__0.853333027483357__180	0	14	5	0	22	43	22	0	14	4	43
ATAATCGATAAC__0.851368053345563__226	0	14	5	0	22	43	22	0	14	5	4
CTAATCAATACA__0.850409890081308__283	9	14	5	0	22	42	5	0	14	4	42
GTGATCGATTAG__0.844657892676668__196	4	42	22	0	22	43	22	0	5	14	9
GTAATCGATAGT__0.841585292441215__156	4	14	5	0	22	43	22	0	14	9	4
GTAATCGATACA__0.840561276512848__230	4	14	5	0	22	43	22	0	14	4	42
ATAATCGATACT__0.840376782386514__156	0	14	5	0	22	43	22	0	14	4	9
GATATCGATTAC__0.838067965867846__173	22	0	14	0	22	43	22	0	5	14	4
CTAATCAATACG__0.837259451595888__198	9	14	5	0	22	42	5	0	14	4	43
CATATCGATTAG__0.834365926111965__140	42	0	14	0	22	43	22	0	5	14	9
TATATCGATTAG__0.833800580327792__167	14	0	14	0	22	43	22	0	5	14	9
TTTATCGATTAG__0.831722027350212__223	5	5	14	0	22	43	22	0	5	14	9
GTAATCGATAAG__0.830113205755078__187	4	14	5	0	22	43	22	0	14	5	9
TGTATCGATTAT__0.828653260323463__192	42	4	14	0	22	43	22	0	5	14	0
GTGATCGATAAT__0.825962738295899__201	4	42	22	0	22	43	22	0	14	5	0
ATAATCGATATC__0.820797221630014__134	0	14	5	0	22	43	22	0	14	0	22
CTAATCAATACC__0.814752857081307__219	9	14	5	0	22	42	5	0	14	4	42
GTAATCGATATG__0.812075368069333__141	4	14	5	0	22	43	22	0	14	0	42
CGGATCGATAAT__0.811236936753303__160	43	42	22	0	22	43	22	0	14	5	0
CTGATCGATAAT__0.810616787071642__153	9	42	22	0	22	43	22	0	14	5	0
GTAATCAATAAC__0.80883414481366__234	4	14	5	0	22	42	5	0	14	5	4
ATAATCAATAAC__0.808498778186462__216	0	14	5	0	22	42	5	0	14	5	4
GTAATCAATAAT__0.80765929274034__189	4	14	5	0	22	42	5	0	14	5	0
ATGATCGATCAT__0.805872891157175__31	0	42	22	0	22	43	22	0	22	42	0
GTAATCGATACC__0.804070104209155__182	4	14	5	0	22	43	22	0	14	4	42
ATAATCGATATG__0.798735230555498__111	0	14	5	0	22	43	22	0	14	0	42
ATAATCGATAAG__0.798539414105855__135	0	14	5	0	22	43	22	0	14	5	9
CGGATCGATATT__0.797345978684104__116	43	42	22	0	22	43	22	0	14	0	5
GTAATCAATACT__0.796480747890836__159	4	14	5	0	22	42	5	0	14	4	9
GTGATCGATCAC__0.795903077332695__45	4	42	22	0	22	43	22	0	22	42	4
CTAATCGATCAT__0.795244681556683__113	9	14	5	0	22	43	22	0	22	42	0
CGGATCGATATC__0.794289022362442__127	43	42	22	0	22	43	22	0	14	0	22
GTTATCGATAAC__0.792942778749554__52	4	5	14	0	22	43	22	0	14	5	4
AATATCGATTAT__0.792537637141026__100	5	0	14	0	22	43	22	0	5	14	0
CTAATCAATAAG__0.791862999518051__163	9	14	5	0	22	42	5	0	14	5	9
CGGATCGATACT__0.789204381602829__127	43	42	22	0	22	43	22	0	14	4	9
ATTATCGATTAA__0.787408401076594__153	0	5	14	0	22	43	22	0	5	14	5
GTGATCGATTAT__0.786946948032356__136	4	42	22	0	22	43	22	0	5	14	0
ATAATCAATACT__0.785964451841342__133	0	14	5	0	22	42	5	0	14	4	9
ATAATCAATAAT__0.785795878656301__149	0	14	5	0	22	42	5	0	14	5	0
CTAATCAATAGT__0.785581588867273__114	9	14	5	0	22	42	5	0	14	9	4
CTAATCGATTAC__0.783973296851211__119	9	14	5	0	22	43	22	0	5	14	4
CTAATCAATATC__0.783149167383264__124	9	14	5	0	22	42	5	0	14	0	22
GTAATCGATCAT__0.78204442788325__120	4	14	5	0	22	43	22	0	22	42	0
ATTATCGATCAT__0.78058287689608__123	0	5	14	0	22	43	22	0	22	42	0
ATAATCGATTAG__0.779919300761854__98	0	14	5	0	22	43	22	0	5	14	9
TATATCGATTAC__0.779358668662669__134	14	0	14	0	22	43	22	0	5	14	4
GTGATCGATATT__0.775849706119785__120	4	42	22	0	22	43	22	0	14	0	5
CGGATCGATACG__0.77567900239055__124	43	42	22	0	22	43	22	0	14	4	43
GTGATCGATTAC__0.774243700670702__142	4	42	22	0	22	43	22	0	5	14	4
ATAATCGATACC__0.772461495053499__133	0	14	5	0	22	43	22	0	14	4	42
GCTATCGATTAG__0.76821085817351__107	25	9	14	0	22	43	22	0	5	14	9
CTGATCGATCAG__0.767958661038593__26	9	42	22	0	22	43	22	0	22	42	9
CGGATCGATATG__0.76772790513919__102	43	42	22	0	22	43	22	0	14	0	42
GTAATCAATACA__0.766725064572665__181	4	14	5	0	22	42	5	0	14	4	42
ATAATCGATTAC__0.766558591626505__105	0	14	5	0	22	43	22	0	5	14	4
ATAATCGATAGT__0.764019772708448__81	0	14	5	0	22	43	22	0	14	9	4
GTAATCAATACG__0.763291059003983__137	4	14	5	0	22	42	5	0	14	4	43
GTGATCGATACG__0.759382182275577__129	4	42	22	0	22	43	22	0	14	4	43
GTGATCGATAAC__0.758139162788819__154	4	42	22	0	22	43	22	0	14	5	4
CTAATCAATAAA__0.758068485608347__174	9	14	5	0	22	42	5	0	14	5	5
TATATCGATTAT__0.757315838241892__102	14	0	14	0	22	43	22	0	5	14	0
CTGATCGATTAG__0.756346252999298__91	9	42	22	0	22	43	22	0	5	14	9
CTAATCAATATG__0.755438396162589__102	9	14	5	0	22	42	5	0	14	0	42
GTTATCGATCAT__0.753424454296786__125	4	5	14	0	22	43	22	0	22	42	0
CTGATCGATTAT__0.753356105015544__88	9	42	22	0	22	43	22	0	5	14	0
GTAATCGATAAA__0.75188098633076__147	4	14	5	0	22	43	22	0	14	5	5
GTGATCAATAAT__0.751152060154246__143	4	42	22	0	22	42	5	0	14	5	0
CTGATCGATAAC__0.750716690991147__126	9	42	22	0	22	43	22	0	14	5	4
CCTATCGATTAG__0.750506193246725__78	42	9	14	0	22	43	22	0	5	14	9
CGGATCGATAAC__0.749266113001543__130	43	42	22	0	22	43	22	0	14	5	4
CTGATCGATATC__0.74916766176762__91	9	42	22	0	22	43	22	0	14	0	22
ATGATCAATAAT__0.746788539669377__117	0	42	22	0	22	42	5	0	14	5	0
GTGATCGATACT__0.746398334520409__112	4	42	22	0	22	43	22	0	14	4	9
CTGATCGATACG__0.744569715766369__97	9	42	22	0	22	43	22	0	14	4	43
CTTATCGATAAG__0.744225981348185__28	9	5	14	0	22	43	22	0	14	5	9
GTAATCAATAGT__0.744159341916666__98	4	14	5	0	22	42	5	0	14	9	4
GTGATCGATCAT__0.743390021462659__105	4	42	22	0	22	43	22	0	22	42	0
CTAATCAATATT__0.742704127845289__86	9	14	5	0	22	42	5	0	14	0	5
ATGATCAATAAC__0.742247175176485__141	0	42	22	0	22	42	5	0	14	5	4
CTGATCAATAAT__0.741742642057464__116	9	42	22	0	22	42	5	0	14	5	0
ATAATCAATAAG__0.74120082014182__116	0	14	5	0	22	42	5	0	14	5	9
ATAATCGATAAA__0.741046692749409__124	0	14	5	0	22	43	22	0	14	5	5
GTGATCGATCAG__0.739202474641935__105	4	42	22	0	22	43	22	0	22	42	9
ATAATCAATACA__0.738941638082125__139	0	14	5	0	22	42	5	0	14	4	42
GTAATCGATAGG__0.738784222650659__84	4	14	5	0	22	43	22	0	14	9	42
TTAATCGATTAA__0.738489972004206__29	5	14	5	0	22	43	22	0	5	14	5
ATTATCGATAAT__0.735369693009874__26	0	5	14	0	22	43	22	0	14	5	0
CTAATCAATAGG__0.735119596231041__84	9	14	5	0	22	42	5	0	14	9	42
CAGATCGATAAT__0.734737178105133__82	42	9	22	0	22	43	22	0	14	5	0
GTAATCAATAAG__0.734544009713926__122	4	14	5	0	22	42	5	0	14	5	9
GTGATCGATAAG__0.73381854084645__112	4	42	22	0	22	43	22	0	14	5	9
AATATCGATCAT__0.733651060426543__71	5	0	14	0	22	43	22	0	22	42	0
ATAATCAATACC__0.733043983334987__128	0	14	5	0	22	42	5	0	14	4	42
CTGATCAATACT__0.73265757991022__98	9	42	22	0	22	42	5	0	14	4	9
CGTATCGATACG__0.731410497065538__24	43	4	14	0	22	43	22	0	14	4	43
CGTATCGATTAA__0.73134303776311__103	43	4	14	0	22	43	22	0	5	14	5
CTGATCGATACT__0.730798119619228__83	9	42	22	0	22	43	22	0	14	4	9
GTGATCAATACT__0.730243178790086__113	4	42	22	0	22	42	5	0	14	4	9
CTGATCGATAAG__0.72938912462142__91	9	42	22	0	22	43	22	0	14	5	9
CTGATCGATATT__0.728717693963458__71	9	42	22	0	22	43	22	0	14	0	5
GTAATCAATATT__0.728261935892361__88	4	14	5	0	22	42	5	0	14	0	5
AATATCGATTAA__0.727536770421946__83	5	0	14	0	22	43	22	0	5	14	5
CTAATCGATTAA__0.726696562739307__88	9	14	5	0	22	43	22	0	5	14	5
ATAATCGATAGG__0.72576540460042__65	0	14	5	0	22	43	22	0	14	9	42
TTAATCGATAAC__0.724462716251836__120	5	14	5	0	22	43	22	0	14	5	4
GTGATCGATATC__0.723257256140256__93	4	42	22	0	22	43	22	0	14	0	22
ATAATCAATATC__0.722613375838654__82	0	14	5	0	22	42	5	0	14	0	22
CTGATCGATTAC__0.722023807751028__83	9	42	22	0	22	43	22	0	5	14	4
CGGATCAATAAT__0.72106409688733__104	43	42	22	0	22	42	5	0	14	5	0
ATAATCAATATT__0.7205159846017__73	0	14	5	0	22	42	5	0	14	0	5
ATAATCAATACG__0.719729909739918__92	0	14	5	0	22	42	5	0	14	4	43
ATAATCAATAAA__0.719492526435454__133	0	14	5	0	22	42	5	0	14	5	5
TGTATCGATCAG__0.719252328083872__99	42	4	14	0	22	43	22	0	22	42	9
CGGATCAATAAC__0.718485367471826__127	43	42	22	0	22	42	5	0	14	5	4
ATAATCGATCAT__0.71615982515129__66	0	14	5	0	22	43	22	0	22	42	0
GTAATCGATTAA__0.715209406161678__92	4	14	5	0	22	43	22	0	5	14	5
GTGATCAATAAC__0.715096752329269__135	4	42	22	0	22	42	5	0	14	5	4
GTGATCGATATG__0.71493271776677__84	4	42	22	0	22	43	22	0	14	0	42
GATATCGATTAA__0.714598134854261__84	22	0	14	0	22	43	22	0	5	14	5
TTGATCGATTAG__0.714509082241391__89	5	42	22	0	22	43	22	0	5	14	9
CTGATCAATAAC__0.714311540643704__119	9	42	22	0	22	42	5	0	14	5	4
CGTATCGATCAT__0.713442590566681__76	43	4	14	0	22	43	22	0	22	42	0
GATATCGATCAT__0.71336603462028__69	22	0	14	0	22	43	22	0	22	42	0
CTAATCAATAGC__0.712522248199852__93	9	14	5	0	22	42	5	0	14	9	25
CGGATCGATAGT__0.711234204179017__64	43	42	22	0	22	43	22	0	14	9	4
GTAATCGATAGC__0.711152913078728__82	4	14	5	0	22	43	22	0	14	9	25
ATGATCAATACT__0.710813458525822__82	0	42	22	0	22	42	5	0	14	4	9
GTAATCAATATG__0.710638099813817__84	4	14	5	0	22	42	5	0	14	0	42
CGGATCGATACC__0.709491552471949__95	43	42	22	0	22	43	22	0	14	4	42
CTAATCAATATA__0.708933316032879__92	9	14	5	0	22	42	5	0	14	0	14
AGTATCGATCAT__0.708730964261003__69	9	4	14	0	22	43	22	0	22	42	0
CCGATCGATTAC__0.705896554328306__60	42	43	22	0	22	43	22	0	5	14	4
GTAATCAATAAA__0.704629177865876__128	4	14	5	0	22	42	5	0	14	5	5
GTAATCAATACC__0.704609205900702__114	4	14	5	0	22	42	5	0	14	4	42
CTGATCAATATC__0.704437913659647__76	9	42	22	0	22	42	5	0	14	0	22
ATAATCAATAGT__0.703793860554632__65	0	14	5	0	22	42	5	0	14	9	4
ATAATCGATCGT__0.703693182196234__48	0	14	5	0	22	43	22	0	22	43	4
TGTATCGATTAA__0.702198406623371__100	42	4	14	0	22	43	22	0	5	14	5
ACGATCGATTAC__0.700706244379626__57	4	43	22	0	22	43	22	0	5	14	4
CGGATCAATACT__0.699270526534341__80	43	42	22	0	22	42	5	0	14	4	9
CTAATCGATCGT__0.698410019606271__47	9	14	5	0	22	43	22	0	22	43	4
ATAATCAATATG__0.698199360574006__68	0	14	5	0	22	42	5	0	14	0	42
CTTATCGATCAT__0.698142377941419__71	9	5	14	0	22	43	22	0	22	42	0
GTAATCAATATC__0.696588770996441__77	4	14	5	0	22	42	5	0	14	0	22
CTGATCGATATG__0.696097833544338__60	9	42	22	0	22	43	22	0	14	0	42
CTGATCAATACG__0.695951834681571__81	9	42	22	0	22	42	5	0	14	4	43
CAGATCGATAAC__0.695547368442919__77	42	9	22	0	22	43	22	0	14	5	4
ATTATCGATCTT__0.695226549003427__60	0	5	14	0	22	43	22	0	22	9	5
CGGATCGATACA__0.69519012589032__87	43	42	22	0	22	43	22	0	14	4	42
GTGATCGATACC__0.694641275401259__96	4	42	22	0	22	43	22	0	14	4	42
GGTATCGATCAG__0.694575765349911__82	42	4	14	0	22	43	22	0	22	42	9
GTGATCAATACG__0.694244740384065__93	4	42	22	0	22	42	5	0	14	4	43
TCTATCGATTAG__0.694131195647238__66	22	9	14	0	22	43	22	0	5	14	9
CAGATCGATATT__0.692668746873819__47	42	9	22	0	22	43	22	0	14	0	5
CGGATCGATAAG__0.692248350235767__73	43	42	22	0	22	43	22	0	14	5	9
ATAATCGATTAA__0.691896271534521__68	0	14	5	0	22	43	22	0	5	14	5
CATATCGATTAA__0.691366348916912__68	42	0	14	0	22	43	22	0	5	14	5
ATGATCAATAGT__0.690848169332214__61	0	42	22	0	22	42	5	0	14	9	4
AGTATCGATTAA__0.690668701305512__73	9	4	14	0	22	43	22	0	5	14	5
CAGATCGATACG__0.690640533129344__58	42	9	22	0	22	43	22	0	14	4	43
GTGATCGATACA__0.690394940350458__94	4	42	22	0	22	43	22	0	14	4	42
GTAATCAATAGC__0.689190448419539__86	4	14	5	0	22	42	5	0	14	9	25
CCAATCGATTAC__0.687827571491535__55	42	42	5	0	22	43	22	0	5	14	4
CTGATCAATACA__0.687127781203053__99	9	42	22	0	22	42	5	0	14	4	42
GTGATCAATATT__0.686481341468843__73	4	42	22	0	22	42	5	0	14	0	5
ATTATCGATAAG__0.685997095010526__74	0	5	14	0	22	43	22	0	14	5	9
GTGATCGATATA__0.685253097232788__78	4	42	22	0	22	43	22	0	14	0	14
AGGATCGATAAT__0.684725348260969__65	9	42	22	0	22	43	22	0	14	5	0
ATGATCAATACA__0.684541582395099__95	0	42	22	0	22	42	5	0	14	4	42
CTAATCGATGAT__0.684122447381295__53	9	14	5	0	22	43	22	0	42	22	0
ATGATCAATATT__0.683975515024685__58	0	42	22	0	22	42	5	0	14	0	5
GCGATCGATTAG__0.683171007320256__53	25	43	22	0	22	43	22	0	5	14	9
CGGATCAATAGT__0.683068167120217__61	43	42	22	0	22	42	5	0	14	9	4
CTGATCGATAGT__0.682531666930782__50	9	42	22	0	22	43	22	0	14	9	4
GTGATCGATAGT__0.682020929002363__62	4	42	22	0	22	43	22	0	14	9	4
GTAATCAATATA__0.681970318710721__83	4	14	5	0	22	42	5	0	14	0	14
CGTATCGATAAG__0.681841906399508__70	43	4	14	0	22	43	22	0	14	5	9
CTTATCGATTAA__0.681766073500737__75	9	5	14	0	22	43	22	0	5	14	5
ACTATCGATCAT__0.681700766219929__48	4	9	14	0	22	43	22	0	22	42	0
CCAATCGATTAG__0.681681482433596__44	42	42	5	0	22	43	22	0	5	14	9
GTGATCAATAGT__0.680958342117095__70	4	42	22	0	22	42	5	0	14	9	4
CTGATCAATAGT__0.679876815252811__58	9	42	22	0	22	42	5	0	14	9	4
GCGATCGATTAT__0.679801086752689__51	25	43	22	0	22	43	22	0	5	14	0
ACTATCGATTAA__0.679774305716715__58	4	9	14	0	22	43	22	0	5	14	5
CGGATCGATATA__0.678629715348952__65	43	42	22	0	22	43	22	0	14	0	14
TTGATCGATTAT__0.678615328890091__68	5	42	22	0	22	43	22	0	5	14	0
GGTATCGATCAT__0.67846306895342__71	42	4	14	0	22	43	22	0	22	42	0
GTGATCGATTAA__0.677355172941573__78	4	42	22	0	22	43	22	0	5	14	5
GTGATCAATATC__0.675691966772638__73	4	42	22	0	22	42	5	0	14	0	22
ATGATCGATTAA__0.675002145231818__62	0	42	22	0	22	43	22	0	5	14	5
ATAATCAATATA__0.674471062204003__71	0	14	5	0	22	42	5	0	14	0	14
CTAATCAATAGA__0.674183477886083__71	9	14	5	0	22	42	5	0	14	9	22
ATTATCGATCCA__0.673215341235334__75	0	5	14	0	22	43	22	0	22	42	42
GAGATCGATAAT__0.672160720946749__54	22	9	22	0	22	43	22	0	14	5	0
GTTATCGATAAG__0.67189763070013__79	4	5	14	0	22	43	22	0	14	5	9
AATATCGATCCA__0.671537633278927__61	5	0	14	0	22	43	22	0	22	42	42
GTGATCAATATG__0.67151139211853__70	4	42	22	0	22	42	5	0	14	0	42
ATGATCAATACG__0.671483478652653__66	0	42	22	0	22	42	5	0	14	4	43
CTGATCAATAAG__0.670948224128553__73	9	42	22	0	22	42	5	0	14	5	9
GTGATCAATAAG__0.670916425656492__84	4	42	22	0	22	42	5	0	14	5	9
TGTATCGATCAT__0.670698642710226__68	42	4	14	0	22	43	22	0	22	42	0
GTGATCAATACA__0.670512664450237__99	4	42	22	0	22	42	5	0	14	4	42
CTGATCGATCAT__0.670266620581894__51	9	42	22	0	22	43	22	0	22	42	0
ATGATCAATATC__0.668794141154654__57	0	42	22	0	22	42	5	0	14	0	22
ATGATCAATAAG__0.668624374677665__70	0	42	22	0	22	42	5	0	14	5	9
GTGATCGATCCG__0.668159913426889__66	4	42	22	0	22	43	22	0	22	42	43
CTGATCAATATT__0.667756402468101__53	9	42	22	0	22	42	5	0	14	0	5
ATAATCGATAGC__0.666588622198774__52	0	14	5	0	22	43	22	0	14	9	25
CGGATCGATAAA__0.666414911368421__79	43	42	22	0	22	43	22	0	14	5	5
CGGATCAATACG__0.665820760415435__67	43	42	22	0	22	42	5	0	14	4	43
CGGATCAATACA__0.664836776122182__87	43	42	22	0	22	42	5	0	14	4	42
GCGATCGATTAC__0.664240499390563__53	25	43	22	0	22	43	22	0	5	14	4
ATTATCGATAAC__0.663914155041339__74	0	5	14	0	22	43	22	0	14	5	4
CTGATCGATAAA__0.663163415928776__74	9	42	22	0	22	43	22	0	14	5	5
AATATCGATCTT__0.663084583558228__36	5	0	14	0	22	43	22	0	22	9	5
CCGATCGATTAT__0.662525105521884__36	42	43	22	0	22	43	22	0	5	14	0
GTAATCAATAGG__0.662305298587684__56	4	14	5	0	22	42	5	0	14	9	42
TTAATCAATACT__0.661147342497615__67	5	14	5	0	22	42	5	0	14	4	9
CTAATCAATCGT__0.660771018625786__42	9	14	5	0	22	42	5	0	22	43	4
CCGATCAATAAT__0.660613685799304__57	42	43	22	0	22	42	5	0	14	5	0
ATGATCAATATG__0.658469400281586__52	0	42	22	0	22	42	5	0	14	0	42
TTGATCGATTAC__0.658320908621578__66	5	42	22	0	22	43	22	0	5	14	4
CAGATCGATATC__0.657856474753463__41	42	9	22	0	22	43	22	0	14	0	22
CAAATCGATTAG__0.657622350473457__37	42	5	5	0	22	43	22	0	5	14	9
CCGATCGATAAT__0.657591173850793__44	42	43	22	0	22	43	22	0	14	5	0
CGGATCAATACC__0.657521740492171__79	43	42	22	0	22	42	5	0	14	4	42
GTGATCAATACC__0.65685274620745__86	4	42	22	0	22	42	5	0	14	4	42
ATGATCAATACC__0.656551747857498__74	0	42	22	0	22	42	5	0	14	4	42
CGGATCAATATT__0.65649952884398__50	43	42	22	0	22	42	5	0	14	0	5
AGGATCGATACT__0.656441449744147__48	9	42	22	0	22	43	22	0	14	4	9
ATAATCAATAGG__0.656070557587178__47	0	14	5	0	22	42	5	0	14	9	42
ATGATCGATCCG__0.654034171662383__47	0	42	22	0	22	43	22	0	22	42	43
ATAATCGATCCG__0.653422454545923__45	0	14	5	0	22	43	22	0	22	42	43
GTGATCGATAAA__0.653328720265167__79	4	42	22	0	22	43	22	0	14	5	5
CTAATCGATTGC__0.652789691611296__42	9	14	5	0	22	43	22	0	5	42	25
CTGATCAATACC__0.651796982244046__73	9	42	22	0	22	42	5	0	14	4	42
CGGATCAATATG__0.651022707553118__52	43	42	22	0	22	42	5	0	14	0	42
GGTATCGATTAA__0.649627510731121__67	42	4	14	0	22	43	22	0	5	14	5
CGTATCGATAAC__0.649364613395256__65	43	4	14	0	22	43	22	0	14	5	4
ATGATCGATATG__0.649275475346952__41	0	42	22	0	22	43	22	0	14	0	42
CTAATCGATGCT__0.648735475331506__37	9	14	5	0	22	43	22	0	42	25	9
CGTATCGATAAT__0.648339479736191__54	43	4	14	0	22	43	22	0	14	5	0
ATAATCGATTGC__0.648286195558766__40	0	14	5	0	22	43	22	0	5	42	25
TAGATCGATAAT__0.64810038221759__49	14	9	22	0	22	43	22	0	14	5	0
CTGATCGATCCG__0.647038180621306__46	9	42	22	0	22	43	22	0	22	42	43
GTGATCGATCGT__0.646879961217197__44	4	42	22	0	22	43	22	0	22	43	4
CCAATCGATTAT__0.645729401912602__33	42	42	5	0	22	43	22	0	5	14	0
CGGATCAATAAG__0.645112652155498__62	43	42	22	0	22	42	5	0	14	5	9
GTAATCAATGAT__0.645037879722047__52	4	14	5	0	22	42	5	0	42	22	0
TATATCGATCAT__0.644962886342839__47	14	0	14	0	22	43	22	0	22	42	0
CAGATCAATAAT__0.644533347334262__52	42	9	22	0	22	42	5	0	14	5	0
GTAATCGATCCG__0.644498389380343__49	4	14	5	0	22	43	22	0	22	42	43
CTAATCGATGAC__0.644164748548182__46	9	14	5	0	22	43	22	0	42	22	4
CTGATCGATATA__0.643950063483714__48	9	42	22	0	22	43	22	0	14	0	14
GTGATCAATAAA__0.643496651692984__86	4	42	22	0	22	42	5	0	14	5	5
GTAATCGATGAG__0.64349625569523__46	4	14	5	0	22	43	22	0	42	22	9
CAGATCAATAAC__0.64320547170735__65	42	9	22	0	22	42	5	0	14	5	4
TGGATCGATATG__0.641477845181659__51	42	42	22	0	22	43	22	0	14	0	42
GAGATCGATATT__0.640997876189176__33	22	9	22	0	22	43	22	0	14	0	5
CTAATCAATGAT__0.640588992910402__45	9	14	5	0	22	42	5	0	42	22	0
CCGATCGATACG__0.640362195034573__37	42	43	22	0	22	43	22	0	14	4	43
TTGATCAATAAT__0.640199695276572__67	5	42	22	0	22	42	5	0	14	5	0
CTGATCAATAAA__0.639645093774927__75	9	42	22	0	22	42	5	0	14	5	5
GTGATCAATATA__0.638613109291309__65	4	42	22	0	22	42	5	0	14	0	14
TTAATCAATAAT__0.637967597660298__62	5	14	5	0	22	42	5	0	14	5	0
TGGATCAATAAT__0.637961484782852__64	42	42	22	0	22	42	5	0	14	5	0
CTAATCGATGAG__0.637806014271108__38	9	14	5	0	22	43	22	0	42	22	9
ACAATCGATTAC__0.637685399779627__36	4	42	5	0	22	43	22	0	5	14	4
CTAATCGATTGT__0.637418358443473__30	9	14	5	0	22	43	22	0	5	42	4
TTAATCAATACA__0.636824027286587__76	5	14	5	0	22	42	5	0	14	4	42
CCGATCGATTAG__0.636674680942305__30	42	43	22	0	22	43	22	0	5	14	9
GTGATCAATAGG__0.636589716234721__51	4	42	22	0	22	42	5	0	14	9	42
CAGATCGATACT__0.636477771875748__36	42	9	22	0	22	43	22	0	14	4	9
CTGATCAATATG__0.636076886610016__45	9	42	22	0	22	42	5	0	14	0	42
CCGATCAATACG__0.635878067389089__45	42	43	22	0	22	42	5	0	14	4	43
GTAATCGATAGA__0.635469699145441__48	4	14	5	0	22	43	22	0	14	9	22
ATGATCAATAAA__0.635273866428093__71	0	42	22	0	22	42	5	0	14	5	5
CTAATCGATCCG__0.633246794718115__39	9	14	5	0	22	43	22	0	22	42	43
ATAATCAATAGC__0.633085200125936__51	0	14	5	0	22	42	5	0	14	9	25
CGGATCGATAGG__0.633059813745544__37	43	42	22	0	22	43	22	0	14	9	42
ATAATCGATAGA__0.632651974424043__41	0	14	5	0	22	43	22	0	14	9	22
AGTATCGATCCA__0.632568678355979__51	9	4	14	0	22	43	22	0	22	42	42
CTGATCGATTAA__0.63209433375703__46	9	42	22	0	22	43	22	0	5	14	5
CATATCGATAAG__0.632035409033262__42	42	0	14	0	22	43	22	0	14	5	9
TGGATCAATAGT__0.631948479668345__49	42	42	22	0	22	42	5	0	14	9	4
CCGATCGATAAC__0.631600695004733__45	42	43	22	0	22	43	22	0	14	5	4
CGGATCAATAAA__0.631390057291918__73	43	42	22	0	22	42	5	0	14	5	5
GTAATCGATGAT__0.630909269901328__41	4	14	5	0	22	43	22	0	42	22	0
CTAATCAATCAC__0.630863628655425__53	9	14	5	0	22	42	5	0	22	42	4
AGTATCGATCTT__0.630719665083082__33	9	4	14	0	22	43	22	0	22	9	5
TTTATCGATTAA__0.630528373379849__65	5	5	14	0	22	43	22	0	5	14	5
GGGATCGATAAT__0.629250087745108__53	42	42	22	0	22	43	22	0	14	5	0
CGGATCGATAGC__0.629101506256262__43	43	42	22	0	22	43	22	0	14	9	25
AGTATCGATACT__0.628866594335271__10	9	4	14	0	22	43	22	0	14	4	9
CTAATCGATGGT__0.628158942849496__27	9	14	5	0	22	43	22	0	42	42	4
CAAATCGATTAC__0.62805902464506__35	42	5	5	0	22	43	22	0	5	14	4
CTAATCAATGGT__0.627972149099719__31	9	14	5	0	22	42	5	0	42	42	4
CTGATCGATAGG__0.627556038074715__34	9	42	22	0	22	43	22	0	14	9	42
TTCATCGATTAG__0.627179504309607__44	5	22	42	0	22	43	22	0	5	14	9
TTGATCGATAAT__0.627124256092174__53	5	42	22	0	22	43	22	0	14	5	0
CTAATCGATGCC__0.62682239973468__39	9	14	5	0	22	43	22	0	42	25	42
AATATCGATAAC__0.62636657684113__46	5	0	14	0	22	43	22	0	14	5	4
GTGATCGATCGG__0.626335462117316__38	4	42	22	0	22	43	22	0	22	43	42
TTGATCAATAGT__0.625919455513019__48	5	42	22	0	22	42	5	0	14	9	4
AGGATCGATAAC__0.625772175735156__50	9	42	22	0	22	43	22	0	14	5	4
CAGATCAATACA__0.62544122792075__57	42	9	22	0	22	42	5	0	14	4	42
AGGATCGATACG__0.625135472744433__40	9	42	22	0	22	43	22	0	14	4	43
GTGATCGATAGG__0.624155167428246__41	4	42	22	0	22	43	22	0	14	9	42
ATCATCGATTAT__0.624061639008996__33	0	22	42	0	22	43	22	0	5	14	0
CCTATCGATTAA__0.623951007540418__39	42	9	14	0	22	43	22	0	5	14	5
CCGATCGATTAA__0.623432120682839__35	42	43	22	0	22	43	22	0	5	14	5
AAGATCAATACT__0.623222262964374__38	5	9	22	0	22	42	5	0	14	4	9
AGGATCGATATT__0.622582168720448__32	9	42	22	0	22	43	22	0	14	0	5
TTAATCAATAGT__0.622260287104738__43	5	14	5	0	22	42	5	0	14	9	4
AGGATCAATACA__0.622228023461518__59	9	42	22	0	22	42	5	0	14	4	42
CAGATCGATAAG__0.621990838346904__36	42	9	22	0	22	43	22	0	14	5	9
CAGATCGATTAG__0.621525203105274__29	42	9	22	0	22	43	22	0	5	14	9
TGGATCAATATT__0.621054612652657__45	42	42	22	0	22	42	5	0	14	0	5
TGGATCAATACT__0.621052806656296__51	42	42	22	0	22	42	5	0	14	4	9
TTTATCGATCAT__0.621022892246283__52	5	5	14	0	22	43	22	0	22	42	0
CCGATCAATACT__0.620930897921872__37	42	43	22	0	22	42	5	0	14	4	9
GTGATCGATAGC__0.620483362992242__46	4	42	22	0	22	43	22	0	14	9	25
TGGATCAATAAC__0.620424334309208__67	42	42	22	0	22	42	5	0	14	5	4
AGGATCGATATC__0.620194377491148__35	9	42	22	0	22	43	22	0	14	0	22
AAGATCGATAAC__0.619391696870289__42	5	9	22	0	22	43	22	0	14	5	4
AGGATCAATAAC__0.61916986139031__57	9	42	22	0	22	42	5	0	14	5	4
CGCATCGATTAC__0.619103150965421__37	43	25	42	0	22	43	22	0	5	14	4
CTAATCGATCTT__0.618845464571498__27	9	14	5	0	22	43	22	0	22	9	5
GGGATCGATATT__0.618448858064925__40	42	42	22	0	22	43	22	0	14	0	5
TGCATCGATTAG__0.618251068030984__39	42	25	42	0	22	43	22	0	5	14	9
AAAATCGATTAG__0.617776342908156__26	5	5	5	0	22	43	22	0	5	14	9
CTAATCAATGGA__0.617769318716781__38	9	14	5	0	22	42	5	0	42	42	22
CTAATCAATGAC__0.617545850555898__45	9	14	5	0	22	42	5	0	42	22	4
AGTATCGATAAG__0.616630604337315__40	9	4	14	0	22	43	22	0	14	5	9
GCGATCGATCCG__0.616508192102993__35	25	43	22	0	22	43	22	0	22	42	43
CTGATCAATATA__0.616316326730516__47	9	42	22	0	22	42	5	0	14	0	14
CTGATCGATCGT__0.615539671538697__27	9	42	22	0	22	43	22	0	22	43	4
TGGATCAATATG__0.615493729741811__46	42	42	22	0	22	42	5	0	14	0	42
AACATCGATTAC__0.615274249824833__30	5	4	42	0	22	43	22	0	5	14	4
ATTATCGATCGT__0.614899026831133__31	0	5	14	0	22	43	22	0	22	43	4
CGCATCGATTAG__0.614885369317566__31	43	25	42	0	22	43	22	0	5	14	9
ACGATCAATAAC__0.614841515829753__50	4	43	22	0	22	42	5	0	14	5	4
GTAATCGATTGC__0.614753264164475__36	4	14	5	0	22	43	22	0	5	42	25
GATATCGATCCA__0.614710131652028__43	22	0	14	0	22	43	22	0	22	42	42
TTAATCAATATC__0.614348132588468__44	5	14	5	0	22	42	5	0	14	0	22
GTAATCGATGGT__0.614317925325564__29	4	14	5	0	22	43	22	0	42	42	4
GTGATCGATTGG__0.614248582232748__36	4	42	22	0	22	43	22	0	5	42	42
ACAATCGATCCG__0.613753310148756__28	4	42	5	0	22	43	22	0	22	42	43
CAGATCGATACA__0.613603494651808__40	42	9	22	0	22	43	22	0	14	4	42
GTGATCGATCGC__0.613272719150416__40	4	42	22	0	22	43	22	0	22	43	25
TGCATCGATTAC__0.613227322122543__42	42	25	42	0	22	43	22	0	5	14	4
TTAATCAATAAC__0.612736963771874__62	5	14	5	0	22	42	5	0	14	5	4
GAAATCGATTAG__0.612062508110894__26	22	5	5	0	22	43	22	0	5	14	9
CGGATCAATAGC__0.611657145582219__46	43	42	22	0	22	42	5	0	14	9	25
CTGATCAATAGG__0.611574017216025__35	9	42	22	0	22	42	5	0	14	9	42
AAGATCAATAAT__0.611454469787349__39	5	9	22	0	22	42	5	0	14	5	0
GAGATCAATACG__0.611196122261397__39	22	9	22	0	22	42	5	0	14	4	43
AGGATCAATATT__0.610612499051655__33	9	42	22	0	22	42	5	0	14	0	5
CGTATCGATCCA__0.610417268896903__45	43	4	14	0	22	43	22	0	22	42	42
GTAATCAATGAG__0.61004666599994__39	4	14	5	0	22	42	5	0	42	22	9
CGTATCGATCTT__0.610039612519383__30	43	4	14	0	22	43	22	0	22	9	5
CGGATCAATATC__0.609717513646893__38	43	42	22	0	22	42	5	0	14	0	22
TGGATCAATACG__0.609127323759698__49	42	42	22	0	22	42	5	0	14	4	43
GTGATCGATTGT__0.609003821816452__33	4	42	22	0	22	43	22	0	5	42	4
AATATCGATAAG__0.608851206332352__33	5	0	14	0	22	43	22	0	14	5	9
GTAATCGATGAC__0.608330365185487__39	4	14	5	0	22	43	22	0	42	22	4
CTAATCGATGGC__0.608259356928208__28	9	14	5	0	22	43	22	0	42	42	25
ATAATCAATAGA__0.60815882823127__42	0	14	5	0	22	42	5	0	14	9	22
ATTATCGATACT__0.608063723051876__37	0	5	14	0	22	43	22	0	14	4	9
CTAATCAATTGT__0.60787109016581__26	9	14	5	0	22	42	5	0	5	42	4
GTAATCAATTAT__0.60754181718948__35	4	14	5	0	22	42	5	0	5	14	0
CTAATCAATGTA__0.607456208903298__34	9	14	5	0	22	42	5	0	42	4	14
CTAATCGATGGG__0.60714836401067__24	9	14	5	0	22	43	22	0	42	42	42
GTGATCAATGGT__0.607057070478856__34	4	42	22	0	22	42	5	0	42	42	4
GCGATCGATCAG__0.606667041840208__31	25	43	22	0	22	43	22	0	22	42	9
GTGATCGATTGC__0.606532981013909__38	4	42	22	0	22	43	22	0	5	42	25
ATAATCGATTGT__0.60648026070044__23	0	14	5	0	22	43	22	0	5	42	4
CAGATCAATAAG__0.606372843825394__40	42	9	22	0	22	42	5	0	14	5	9
CTAATCAATGAA__0.606362822092049__45	9	14	5	0	22	42	5	0	42	22	5
GGGATCGATACG__0.606064438139852__43	42	42	22	0	22	43	22	0	14	4	43
CTCATCGATTAT__0.605964437153204__29	9	22	42	0	22	43	22	0	5	14	0
ATGATCGATCGT__0.605750638925445__24	0	42	22	0	22	43	22	0	22	43	4
TAAATCGATTAC__0.605511639555863__32	14	5	5	0	22	43	22	0	5	14	4
CTTATCGATCGT__0.605473563207116__29	9	5	14	0	22	43	22	0	22	43	4
AGGATCAATAAT__0.605280356326815__41	9	42	22	0	22	42	5	0	14	5	0
CTAATCAATGCG__0.605145015613353__34	9	14	5	0	22	42	5	0	42	25	43
TTGATCAATACT__0.604979469897407__46	5	42	22	0	22	42	5	0	14	4	9
ACGATCAATACT__0.60496969910691__32	4	43	22	0	22	42	5	0	14	4	9
CTGATCAATAGC__0.604558956005224__42	9	42	22	0	22	42	5	0	14	9	25
CCGATCGATCCG__0.604226797723588__26	42	43	22	0	22	43	22	0	22	42	43
AGGATCAATACG__0.60417619006915__39	9	42	22	0	22	42	5	0	14	4	43
GTGATCAATTAT__0.603986146984515__38	4	42	22	0	22	42	5	0	5	14	0
GTGATCAATAGC__0.603379011087748__48	4	42	22	0	22	42	5	0	14	9	25
ATGATCAATATA__0.602758264227252__41	0	42	22	0	22	42	5	0	14	0	14
GAGATCGATACG__0.601846598631319__30	22	9	22	0	22	43	22	0	14	4	43
ATGATCAATAGC__0.601683435353692__40	0	42	22	0	22	42	5	0	14	9	25
TGTATCGATAAC__0.60158058959025__51	42	4	14	0	22	43	22	0	14	5	4
GTGATCGATCTG__0.601256292846603__33	4	42	22	0	22	43	22	0	22	9	42
CTAATCAATCAT__0.601163580912026__33	9	14	5	0	22	42	5	0	22	42	0
ATGATCAATAGG__0.600390944934092__31	0	42	22	0	22	42	5	0	14	9	42
TATATCGATTAA__0.600379096947266__39	14	0	14	0	22	43	22	0	5	14	5
CAAATCGATTAT__0.599944744524756__23	42	5	5	0	22	43	22	0	5	14	0
CCGATCGATCAG__0.599513436955845__24	42	43	22	0	22	43	22	0	22	42	9
TTAATCAATACC__0.599452387362836__54	5	14	5	0	22	42	5	0	14	4	42
GTAATCAATAGA__0.599284067948673__43	4	14	5	0	22	42	5	0	14	9	22
AGGATCAATACT__0.599238462639134__35	9	42	22	0	22	42	5	0	14	4	9
CTAATCAATCAG__0.599041670705995__33	9	14	5	0	22	42	5	0	22	42	9
CCGATCGATCAT__0.598933166356178__23	42	43	22	0	22	43	22	0	22	42	0
CGGATCAATATA__0.598747463228273__42	43	42	22	0	22	42	5	0	14	0	14
CAGATCGATAGT__0.598630824620733__22	42	9	22	0	22	43	22	0	14	9	4
GTAATCGATGGC__0.598531495962297__30	4	14	5	0	22	43	22	0	42	42	25
GTAATCAATGGT__0.598423935499884__28	4	14	5	0	22	42	5	0	42	42	4
GCGATCGATCAT__0.598296034774653__28	25	43	22	0	22	43	22	0	22	42	0
ATCATCGATCCG__0.598126096432673__30	0	22	42	0	22	43	22	0	22	42	43
CTAATCGATTCT__0.598096727100527__22	9	14	5	0	22	43	22	0	5	22	9
ACGATCGATTAA__0.597953611355792__28	4	43	22	0	22	43	22	0	5	14	5
CTTATCAATACT__0.597940073503863__40	9	5	14	0	22	42	5	0	14	4	9
TTGATCGATAAG__0.597840997624843__42	5	42	22	0	22	43	22	0	14	5	9
TTAATCAATACG__0.597529068611771__43	5	14	5	0	22	42	5	0	14	4	43
GAGATCGATACT__0.597254545481535__27	22	9	22	0	22	43	22	0	14	4	9
CTTATCAATAAC__0.596614613818214__53	9	5	14	0	22	42	5	0	14	5	4
TAGATCGATACA__0.596468348911556__38	14	9	22	0	22	43	22	0	14	4	42
CCGATCGATACT__0.595814344518167__24	42	43	22	0	22	43	22	0	14	4	9
CTAATCAATGCA__0.595570113056922__41	9	14	5	0	22	42	5	0	42	25	42
TCGATCGATTAG__0.595555079384832__28	22	43	22	0	22	43	22	0	5	14	9
CTAATCAATGAG__0.595495614633625__31	9	14	5	0	22	42	5	0	42	22	9
GTAATCAATGAC__0.595443101376377__41	4	14	5	0	22	42	5	0	42	22	4
GATATCGATAAC__0.595411230013468__39	22	0	14	0	22	43	22	0	14	5	4
TAGATCGATACG__0.594983864386888__31	14	9	22	0	22	43	22	0	14	4	43
TTAATCGATAGC__0.594724105567798__36	5	14	5	0	22	43	22	0	14	9	25
AGGATCGATATG__0.594598848565383__27	9	42	22	0	22	43	22	0	14	0	42
GGTATCGATAAG__0.593642420753691__41	42	4	14	0	22	43	22	0	14	5	9
CAGATCGATACC__0.592464637006901__33	42	9	22	0	22	43	22	0	14	4	42
AGGATCGATACA__0.59238824311294__37	9	42	22	0	22	43	22	0	14	4	42
CCGATCAATAAC__0.591914209571653__42	42	43	22	0	22	42	5	0	14	5	4
GGAATCGATTAG__0.591585286807718__27	42	22	5	0	22	43	22	0	5	14	9
ATAATCGATGGC__0.59150097353982__24	0	14	5	0	22	43	22	0	42	42	25
AAAATCGATTAC__0.591485629514279__25	5	5	5	0	22	43	22	0	5	14	4
AGGATCGATTAT__0.59145506077356__26	9	42	22	0	22	43	22	0	5	14	0
TAGATCGATAGT__0.591372047866762__24	14	9	22	0	22	43	22	0	14	9	4
AAGATCAATAAC__0.591313219786733__42	5	9	22	0	22	42	5	0	14	5	4
TTGATCGATCAG__0.591286593486258__36	5	42	22	0	22	43	22	0	22	42	9
ACGATCGATCCG__0.591258610632065__23	4	43	22	0	22	43	22	0	22	42	43
TTGATCGATCAT__0.591253473299981__35	5	42	22	0	22	43	22	0	22	42	0
ATTATCGATTTG__0.591131905407692__27	0	5	14	0	22	43	22	0	5	5	42
GTAATCGATGGG__0.590911996405997__25	4	14	5	0	22	43	22	0	42	42	42
AAAATCGATAAT__0.590848456763143__26	5	5	5	0	22	43	22	0	14	5	0
GTGATCAATGAT__0.590709338204612__37	4	42	22	0	22	42	5	0	42	22	0
ACGATCAATAAT__0.590369502907791__32	4	43	22	0	22	42	5	0	14	5	0
TAGATCGATACT__0.590270979207726__28	14	9	22	0	22	43	22	0	14	4	9
TTGATCGATCAA__0.590234439976354__11	5	42	22	0	22	43	22	0	22	42	5
TTCATCGATTAT__0.589875087843003__32	5	22	42	0	22	43	22	0	5	14	0
TAGATCGATATC__0.589738835669987__27	14	9	22	0	22	43	22	0	14	0	22
CGGATCAATAGG__0.589736931352875__30	43	42	22	0	22	42	5	0	14	9	42
CTTATCGATATC__0.589434553112157__31	9	5	14	0	22	43	22	0	14	0	22
TGGATCGATAAC__0.589358528960893__45	42	42	22	0	22	43	22	0	14	5	4
GCGATCGATAAT__0.588880451362753__30	25	43	22	0	22	43	22	0	14	5	0
GAGATCGATATG__0.588532415667867__23	22	9	22	0	22	43	22	0	14	0	42
GGGATCAATAGT__0.588514464360583__34	42	42	22	0	22	42	5	0	14	9	4
GGGATCAATAAC__0.588419625125487__51	42	42	22	0	22	42	5	0	14	5	4
CTTATCAATACC__0.58811329795965__48	9	5	14	0	22	42	5	0	14	4	42
GGGATCGATAAC__0.587759171387251__44	42	42	22	0	22	43	22	0	14	5	4
GAGATCAATAAC__0.587478583805681__42	22	9	22	0	22	42	5	0	14	5	4
CTAATCAATTAT__0.586974937645021__26	9	14	5	0	22	42	5	0	5	14	0
TTGATCGATCAC__0.586969576071239__41	5	42	22	0	22	43	22	0	22	42	4
CTAATCGATGGA__0.58694425189418__24	9	14	5	0	22	43	22	0	42	42	22
TAGATCGATATG__0.586425773607675__25	14	9	22	0	22	43	22	0	14	0	42
TTGATCGATATT__0.586328982351048__31	5	42	22	0	22	43	22	0	14	0	5
CAGATCAATACG__0.58630502353966__31	42	9	22	0	22	42	5	0	14	4	43
CTAATCAATTAC__0.586265662445415__32	9	14	5	0	22	42	5	0	5	14	4
AAGATCAATAAG__0.586107269998758__33	5	9	22	0	22	42	5	0	14	5	9
TTAATCAATAAG__0.585959167183184__42	5	14	5	0	22	42	5	0	14	5	9
GTAATCAATCAC__0.585933516299519__40	4	14	5	0	22	42	5	0	22	42	4
GTAATCAATGAA__0.585928942316337__41	4	14	5	0	22	42	5	0	42	22	5
CGAATCGATTAC__0.585856300265769__25	43	22	5	0	22	43	22	0	5	14	4
GAGATCGATTAT__0.585803034379896__22	22	9	22	0	22	43	22	0	5	14	0
CGAATCGATTAG__0.585619245875286__21	43	22	5	0	22	43	22	0	5	14	9
ATGATCGATAGC__0.585535354978763__28	0	42	22	0	22	43	22	0	14	9	25
AGGATCAATAAG__0.585170825932954__36	9	42	22	0	22	42	5	0	14	5	9
GGGATCAATAAT__0.584611044335442__41	42	42	22	0	22	42	5	0	14	5	0
GAGATCAATACT__0.584343865546754__29	22	9	22	0	22	42	5	0	14	4	9
ACTATCGATCCA__0.584302334933169__30	4	9	14	0	22	43	22	0	22	42	42
TGTATCGATAAT__0.584102891557833__38	42	4	14	0	22	43	22	0	14	5	0
CATATCGATAAC__0.584055294941767__34	42	0	14	0	22	43	22	0	14	5	4
CTTATCGATCCA__0.583777401470486__37	9	5	14	0	22	43	22	0	22	42	42
TGTATCGATAAG__0.583437548442033__38	42	4	14	0	22	43	22	0	14	5	9
CAGATCAATACT__0.582963069608726__28	42	9	22	0	22	42	5	0	14	4	9
GTAATCGATGGA__0.582933160540861__27	4	14	5	0	22	43	22	0	42	42	22
GTAATCAATGGG__0.582894815170087__26	4	14	5	0	22	42	5	0	42	42	42
TTAATCAATATT__0.582764693301421__31	5	14	5	0	22	42	5	0	14	0	5
CGTATCGATTGG__0.582263356791522__24	43	4	14	0	22	43	22	0	5	42	42
CAGATCAATATC__0.581923042692708__26	42	9	22	0	22	42	5	0	14	0	22
AGGATCGATAAG__0.581697786158079__29	9	42	22	0	22	43	22	0	14	5	9
CAGATCGATATG__0.581654833950685__21	42	9	22	0	22	43	22	0	14	0	42
TGGATCAATAGG__0.581610213119309__33	42	42	22	0	22	42	5	0	14	9	42
AAGATCAATACG__0.581511685097845__29	5	9	22	0	22	42	5	0	14	4	43
ACGATCAATACA__0.581066384942198__38	4	43	22	0	22	42	5	0	14	4	42
AGTATCGATTGG__0.580592819425575__22	9	4	14	0	22	43	22	0	5	42	42
TTGATCGATAGT__0.580324302844446__29	5	42	22	0	22	43	22	0	14	9	4
CCGATCGATACC__0.579944578464674__28	42	43	22	0	22	43	22	0	14	4	42
GTGATCAATTGT__0.579663241113699__27	4	42	22	0	22	42	5	0	5	42	4
GGAATCGATTAC__0.579609065220869__28	42	22	5	0	22	43	22	0	5	14	4
CAGATCGATAAA__0.579366601389103__34	42	9	22	0	22	43	22	0	14	5	5
CCGATCAATACA__0.579252624487653__38	42	43	22	0	22	42	5	0	14	4	42
TGGATCAATACA__0.57900849578169__48	42	42	22	0	22	42	5	0	14	4	42
TCGATCGATTAC__0.578901185204741__28	22	43	22	0	22	43	22	0	5	14	4
ACAATCGATAAC__0.57835225714__29	4	42	5	0	22	43	22	0	14	5	4
CTGATCGATTTG__0.5783251388352__21	9	42	22	0	22	43	22	0	5	5	42
CCAATCAATACT__0.578154255552282__27	42	42	5	0	22	42	5	0	14	4	9
ATAATCAATGAC__0.577974935770081__32	0	14	5	0	22	42	5	0	42	22	4
CTAATCAATTAA__0.577900882344137__32	9	14	5	0	22	42	5	0	5	14	5
TTAATCAATATG__0.577864126736173__32	5	14	5	0	22	42	5	0	14	0	42
TGTATCGATCGG__0.577743811540878__28	42	4	14	0	22	43	22	0	22	43	42
GGTATCGATACC__0.577640783902789__10	42	4	14	0	22	43	22	0	14	4	42
CCAATCGATCAT__0.57755776300929__20	42	42	5	0	22	43	22	0	22	42	0
CTTATCAATAAT__0.577317067288697__37	9	5	14	0	22	42	5	0	14	5	0
AGGATCAATATG__0.57724101957625__27	9	42	22	0	22	42	5	0	14	0	42
TTAATCAATAAA__0.577171053595904__50	5	14	5	0	22	42	5	0	14	5	5
TTGATCGATAAC__0.577030542906573__41	5	42	22	0	22	43	22	0	14	5	4
GGTATCGATCTT__0.57656130589717__28	42	4	14	0	22	43	22	0	22	9	5
TTGATCGATATG__0.57653503096348__30	5	42	22	0	22	43	22	0	14	0	42
AGTATCGATCGT__0.576120572938965__20	9	4	14	0	22	43	22	0	22	43	4
ACGATCAATACG__0.575862356437327__27	4	43	22	0	22	42	5	0	14	4	43
GTTATCGATAAA__0.575765960755279__45	4	5	14	0	22	43	22	0	14	5	5
CGCATCGATTAT__0.57572525590011__22	43	25	42	0	22	43	22	0	5	14	0
TGAATCGATTAC__0.57542227218301__26	42	22	5	0	22	43	22	0	5	14	4
CTAATCGATCCA__0.574954597229879__30	9	14	5	0	22	43	22	0	22	42	42
AATATCGATCGG__0.574827662409964__17	5	0	14	0	22	43	22	0	22	43	42
CTAATCAATGTT__0.574798833152299__20	9	14	5	0	22	42	5	0	42	4	5
GATATCGATCTT__0.57479604954033__20	22	0	14	0	22	43	22	0	22	9	5
TTGATCAATAAC__0.574603689430276__47	5	42	22	0	22	42	5	0	14	5	4
CCGATCAATAGT__0.574447431525785__21	42	43	22	0	22	42	5	0	14	9	4
ACTATCGATCTT__0.574418222611914__17	4	9	14	0	22	43	22	0	22	9	5
TAGATCGATAAG__0.574327452723248__27	14	9	22	0	22	43	22	0	14	5	9
CTGATCAATCAC__0.574215298075613__34	9	42	22	0	22	42	5	0	22	42	4
CTAATCGATTTA__0.574061949566721__21	9	14	5	0	22	43	22	0	5	5	14
CTGATCAATGAT__0.573699032717552__27	9	42	22	0	22	42	5	0	42	22	0
CTTATCAATACA__0.573522219906998__44	9	5	14	0	22	42	5	0	14	4	42
CGTATCGATCGT__0.573431661655621__21	43	4	14	0	22	43	22	0	22	43	4
AGGATCGATACC__0.573345126195858__31	9	42	22	0	22	43	22	0	14	4	42
CTGATCGATTGG__0.573197522907076__20	9	42	22	0	22	43	22	0	5	42	42
TAGATCGATATT__0.573173183367815__21	14	9	22	0	22	43	22	0	14	0	5
TTGATCGATACG__0.573011992331622__33	5	42	22	0	22	43	22	0	14	4	43
TGAATCGATTAG__0.572682128220699__22	42	22	5	0	22	43	22	0	5	14	9
ATTATCGATTGG__0.57263355959928__23	0	5	14	0	22	43	22	0	5	42	42
TTAATCGATCCG__0.571684549646254__29	5	14	5	0	22	43	22	0	22	42	43
ATAATCGATGAC__0.571604723424576__25	0	14	5	0	22	43	22	0	42	22	4
ATAATCAATCAC__0.571419736547943__32	0	14	5	0	22	42	5	0	22	42	4
TTCATCGATTAC__0.571338391594054__31	5	22	42	0	22	43	22	0	5	14	4
CAGATCAATAGG__0.571318279796726__22	42	9	22	0	22	42	5	0	14	9	42
ATGATCAATAGA__0.571070464889825__31	0	42	22	0	22	42	5	0	14	9	22
ATAATCAATGAT__0.570838705025025__25	0	14	5	0	22	42	5	0	42	22	0
GTTATCAATAAT__0.570718491123059__40	4	5	14	0	22	42	5	0	14	5	0
CATATCGATAAT__0.570713764072607__25	42	0	14	0	22	43	22	0	14	5	0
GAAATCGATTAT__0.570483302060309__18	22	5	5	0	22	43	22	0	5	14	0
CAGATCGATATA__0.570343488142644__23	42	9	22	0	22	43	22	0	14	0	14
GCGATCAATATT__0.570288155311029__24	25	43	22	0	22	42	5	0	14	0	5
AGGATCAATAGG__0.570077584880249__24	9	42	22	0	22	42	5	0	14	9	42
TTGATCAATATT__0.569565538473499__30	5	42	22	0	22	42	5	0	14	0	5
AGCATCGATTAT__0.569435726904351__19	9	25	42	0	22	43	22	0	5	14	0
AGGATCGATTAC__0.569282119064899__25	9	42	22	0	22	43	22	0	5	14	4
CAGATCGATTAC__0.569275732589728__22	42	9	22	0	22	43	22	0	5	14	4
CTAATCAATGTG__0.569274581136912__20	9	14	5	0	22	42	5	0	42	4	42
ATAATCAATTAT__0.569112799931588__22	0	14	5	0	22	42	5	0	5	14	0
TCGATCGATTAT__0.569085282237701__22	22	43	22	0	22	43	22	0	5	14	0
CTGATCGATAGC__0.569073922697264__25	9	42	22	0	22	43	22	0	14	9	25
GCGATCGATACT__0.568941827537684__23	25	43	22	0	22	43	22	0	14	4	9
CTAATCAATCGC__0.568757469338113__25	9	14	5	0	22	42	5	0	22	43	25
TTAATCAATAGG__0.568556257906765__28	5	14	5	0	22	42	5	0	14	9	42
GTAATCAATTGC__0.568275671104032__26	4	14	5	0	22	42	5	0	5	42	25
ACCATCGATTAT__0.567688883875309__16	4	42	42	0	22	43	22	0	5	14	0
ATAATCGATGGA__0.567588591692695__20	0	14	5	0	22	43	22	0	42	42	22
ACAATCGATAAT__0.567365548358625__21	4	42	5	0	22	43	22	0	14	5	0
CTAATCAATGGG__0.567330986904625__20	9	14	5	0	22	42	5	0	42	42	42
CTAATCAATGCT__0.566926406921493__23	9	14	5	0	22	42	5	0	42	25	9
GCGATCGATAAC__0.566923984267127__30	25	43	22	0	22	43	22	0	14	5	4
GGGATCAATACT__0.566789443677105__32	42	42	22	0	22	42	5	0	14	4	9
CTTATCGATGAT__0.566439571579546__25	9	5	14	0	22	43	22	0	42	22	0
GTGATCGATGAT__0.566264598320054__27	4	42	22	0	22	43	22	0	42	22	0
CTGATCGATAGA__0.566168351467538__25	9	42	22	0	22	43	22	0	14	9	22
GGGATCGATATG__0.565994347106705__27	42	42	22	0	22	43	22	0	14	0	42
CCGATCGATAAG__0.565966009825459__21	42	43	22	0	22	43	22	0	14	5	9
ATTATCGATAAA__0.565680564340944__36	0	5	14	0	22	43	22	0	14	5	5
GGTATCGATAAT__0.565605970852955__32	42	4	14	0	22	43	22	0	14	5	0
CGTATCGATACT__0.565505527387857__25	43	4	14	0	22	43	22	0	14	4	9
TTGATCGATCCG__0.565467649177885__30	5	42	22	0	22	43	22	0	22	42	43
ATAATCAATCGT__0.565387969330269__19	0	14	5	0	22	42	5	0	22	43	4
GGGATCGATTAT__0.565379322374181__27	42	42	22	0	22	43	22	0	5	14	0
CTAATCAATCAA__0.56529467744017__33	9	14	5	0	22	42	5	0	22	42	5
GTAATCAATGGA__0.565291261702195__27	4	14	5	0	22	42	5	0	42	42	22
CCAATCGATAAC__0.565260378629132__27	42	42	5	0	22	43	22	0	14	5	4
GTGATCGATTCG__0.565252831877165__24	4	42	22	0	22	43	22	0	5	22	43
ATGATCGATTGC__0.565181348252871__21	0	42	22	0	22	43	22	0	5	42	25
CTTATCAATACG__0.565005327156297__32	9	5	14	0	22	42	5	0	14	4	43
TTGATCAATAAG__0.564857257759221__37	5	42	22	0	22	42	5	0	14	5	9
CTAATCGATGTG__0.564837933995571__17	9	14	5	0	22	43	22	0	42	4	42
GGGATCGATAGT__0.564549898047484__25	42	42	22	0	22	43	22	0	14	9	4
CGGATCAATAGA__0.564531145503524__31	43	42	22	0	22	42	5	0	14	9	22
GAGATCGATAGT__0.56451228394443__17	22	9	22	0	22	43	22	0	14	9	4
TTGATCGATACT__0.564504541661576__29	5	42	22	0	22	43	22	0	14	4	9
TGGATCAATAAA__0.564440930745115__45	42	42	22	0	22	42	5	0	14	5	5
GGCATCGATTAC__0.564360186408441__26	42	25	42	0	22	43	22	0	5	14	4
TAAATCGATTAT__0.564359347503539__19	14	5	5	0	22	43	22	0	5	14	0
GTAATCAATTAA__0.563833626070525__31	4	14	5	0	22	42	5	0	5	14	5
CAGATCAATAGT__0.563639262483205__20	42	9	22	0	22	42	5	0	14	9	4
TAGATCAATACT__0.563635987628337__26	14	9	22	0	22	42	5	0	14	4	9
CTTATCAATAGT__0.563574469284222__26	9	5	14	0	22	42	5	0	14	9	4
CTAATCAATTGG__0.563553879389754__18	9	14	5	0	22	42	5	0	5	42	42
ATGATCAATGAT__0.563509920659941__24	0	42	22	0	22	42	5	0	42	22	0
AGGATCGATAGT__0.563498218575082__19	9	42	22	0	22	43	22	0	14	9	4
TGTATCGATCCA__0.563303327850951__35	42	4	14	0	22	43	22	0	22	42	42
GTTATCGATCGT__0.563249740922024__25	4	5	14	0	22	43	22	0	22	43	4
ATAATCAATGTA__0.563065421704074__23	0	14	5	0	22	42	5	0	42	4	14
TTGATCAATACG__0.563011822443823__34	5	42	22	0	22	42	5	0	14	4	43
CCAATCGATCCG__0.562726946761548__19	42	42	5	0	22	43	22	0	22	42	43
AATATCGATTTG__0.56253207186978__16	5	0	14	0	22	43	22	0	5	5	42
CTGATCAATGAC__0.562524630158684__29	9	42	22	0	22	42	5	0	42	22	4
CGGATCGATGGC__0.562499717300175__21	43	42	22	0	22	43	22	0	42	42	25
ATTATCGATATT__0.562435121225412__22	0	5	14	0	22	43	22	0	14	0	5
CTAATCGATGTT__0.562285116409945__16	9	14	5	0	22	43	22	0	42	4	5
CCGATCAATATA__0.562112332311784__26	42	43	22	0	22	42	5	0	14	0	14
AAGATCAATAGT__0.56191694433911__19	5	9	22	0	22	42	5	0	14	9	4
TAGATCAATAGT__0.561713952912772__22	14	9	22	0	22	42	5	0	14	9	4
ATGATCGATCCA__0.56166436902691__27	0	42	22	0	22	43	22	0	22	42	42
GCGATCAATACA__0.561568652669044__36	25	43	22	0	22	42	5	0	14	4	42
GAAATCGATTAC__0.561533910654896__20	22	5	5	0	22	43	22	0	5	14	4
ATAATCAATGGC__0.561148126103674__23	0	14	5	0	22	42	5	0	42	42	25
CCGATCAATACC__0.561053376529245__31	42	43	22	0	22	42	5	0	14	4	42
TAGATCGATTAG__0.560571253777905__20	14	9	22	0	22	43	22	0	5	14	9
ATAATCAATCAT__0.560547657433647__23	0	14	5	0	22	42	5	0	22	42	0
GTGATCGATGAG__0.560287623217864__26	4	42	22	0	22	43	22	0	42	22	9
ATGATCAATTAT__0.560195042847494__21	0	42	22	0	22	42	5	0	5	14	0
ATAATCAATGAA__0.560140510673568__30	0	14	5	0	22	42	5	0	42	22	5
GTAATCAATTGT__0.560095136062817__20	4	14	5	0	22	42	5	0	5	42	4
ATAATCGATCCA__0.559968871169583__26	0	14	5	0	22	43	22	0	22	42	42
CTTATCAATATG__0.559705650593661__27	9	5	14	0	22	42	5	0	14	0	42
CTGATCAATCAT__0.559632034630204__24	9	42	22	0	22	42	5	0	22	42	0
TTGATCGATATC__0.559630498008272__27	5	42	22	0	22	43	22	0	14	0	22
GCGATCAATAAC__0.559528426135696__35	25	43	22	0	22	42	5	0	14	5	4
GTAATCAATTAC__0.559477148067718__28	4	14	5	0	22	42	5	0	5	14	4
GGGATCAATACA__0.559179891136042__40	42	42	22	0	22	42	5	0	14	4	42
ACGATCAATACC__0.559125894248315__30	4	43	22	0	22	42	5	0	14	4	42
AAGATCAATACA__0.559098562429143__32	5	9	22	0	22	42	5	0	14	4	42
GAGATCAATAAT__0.55875643541251__26	22	9	22	0	22	42	5	0	14	5	0
TGTATCGATCAA__0.55866751754658__34	42	4	14	0	22	43	22	0	22	42	5
TGGATCAATAAG__0.558555980200417__34	42	42	22	0	22	42	5	0	14	5	9
GTGATCGATCTT__0.558043137986705__22	4	42	22	0	22	43	22	0	22	9	5
CTAATCGATGTA__0.557993078274338__19	9	14	5	0	22	43	22	0	42	4	14
TTGATCAATACA__0.557792975610018__41	5	42	22	0	22	42	5	0	14	4	42
CGTATCGATAAA__0.557715065973873__33	43	4	14	0	22	43	22	0	14	5	5
GTGATCGATCTA__0.557051249873064__25	4	42	22	0	22	43	22	0	22	9	14
CTTATCGATCTT__0.556931476567617__20	9	5	14	0	22	43	22	0	22	9	5
GAAATCGATAAT__0.556874891272243__20	22	5	5	0	22	43	22	0	14	5	0
GTTATCAATACG__0.556202642777159__34	4	5	14	0	22	42	5	0	14	4	43
GGGATCGATATA__0.555402691831628__28	42	42	22	0	22	43	22	0	14	0	14
ACGATCAATAGG__0.555353196591395__18	4	43	22	0	22	42	5	0	14	9	42
GGGATCGATACC__0.555228478768575__32	42	42	22	0	22	43	22	0	14	4	42
GAGATCAATATT__0.554993437645347__19	22	9	22	0	22	42	5	0	14	0	5
CGGATCAATGAC__0.554977878894138__28	43	42	22	0	22	42	5	0	42	22	4
CTAATCAATGCC__0.55496441445604__27	9	14	5	0	22	42	5	0	42	25	42
GCGATCAATACG__0.55479856101202__26	25	43	22	0	22	42	5	0	14	4	43
CCCATCGATTAT__0.554515959207613__15	42	42	42	0	22	43	22	0	5	14	0
GCGATCAATAAT__0.554483776046186__27	25	43	22	0	22	42	5	0	14	5	0
CTGATCGATCCA__0.554419770280216__26	9	42	22	0	22	43	22	0	22	42	42
CAGATCGATCGC__0.554354953956619__17	42	9	22	0	22	43	22	0	22	43	25
GGGATCGATACA__0.554285367439648__32	42	42	22	0	22	43	22	0	14	4	42
TTGATCAATATG__0.554253145754584__28	5	42	22	0	22	42	5	0	14	0	42
GTGATCAATCAT__0.554151766581964__27	4	42	22	0	22	42	5	0	22	42	0
GAGATCGATCGG__0.553951553032528__14	22	9	22	0	22	43	22	0	22	43	42
CAGATCAATATG__0.553932964120054__20	42	9	22	0	22	42	5	0	14	0	42
GGGATCGATACT__0.553915172589605__26	42	42	22	0	22	43	22	0	14	4	9
ATGATCGATGAC__0.553863433851782__22	0	42	22	0	22	43	22	0	42	22	4
GCGATCGATTAA__0.553738393942172__23	25	43	22	0	22	43	22	0	5	14	5
GTAATCAATGCT__0.553618751264596__23	4	14	5	0	22	42	5	0	42	25	9
TTAATCGATGAT__0.553492639659036__23	5	14	5	0	22	43	22	0	42	22	0
CTTATCGATATA__0.553447010708512__25	9	5	14	0	22	43	22	0	14	0	14
ATTATCAATACT__0.553406188147511__27	0	5	14	0	22	42	5	0	14	4	9
GGGATCAATATT__0.553219718104966__25	42	42	22	0	22	42	5	0	14	0	5
ACTATCGATAAG__0.552780878293129__20	4	9	14	0	22	43	22	0	14	5	9
CCGATCGATATG__0.552571851560293__15	42	43	22	0	22	43	22	0	14	0	42
GTAATCAATCAT__0.55198704826093__24	4	14	5	0	22	42	5	0	22	42	0
GAGATCAATACA__0.551865443839717__31	22	9	22	0	22	42	5	0	14	4	42
CAAATCGATCAT__0.551815443093427__16	42	5	5	0	22	43	22	0	22	42	0
CCAATCAATAAC__0.551754588055291__31	42	42	5	0	22	42	5	0	14	5	4
TAGATCAATAAT__0.551748550996127__26	14	9	22	0	22	42	5	0	14	5	0
ATAATCAATGGT__0.551666607712958__16	0	14	5	0	22	42	5	0	42	42	4
AGGATCAATACC__0.551580559367609__31	9	42	22	0	22	42	5	0	14	4	42
CTAATCAATGTC__0.551406282330071__18	9	14	5	0	22	42	5	0	42	4	22
AGGATCGATCAT__0.551298460899471__19	9	42	22	0	22	43	22	0	22	42	0
CTGATCAATTAA__0.551219278109386__26	9	42	22	0	22	42	5	0	5	14	5
AAGATCGATTAC__0.551188349117878__18	5	9	22	0	22	43	22	0	5	14	4
CAGATCAATACC__0.551080626063166__29	42	9	22	0	22	42	5	0	14	4	42
CGGATCAATCGG__0.550941225760969__18	43	42	22	0	22	42	5	0	22	43	42
GTAATCGATGCT__0.550870345651878__19	4	14	5	0	22	43	22	0	42	25	9
GTGATCAATTAA__0.550768635977659__30	4	42	22	0	22	42	5	0	5	14	5
CCGATCAATAAG__0.550677042958148__24	42	43	22	0	22	42	5	0	14	5	9
CAGATCAATAAA__0.550470387691731__33	42	9	22	0	22	42	5	0	14	5	5
GTAATCGATTGA__0.550461116471893__21	4	14	5	0	22	43	22	0	5	42	22
GTAATCAATGCA__0.550421050437753__30	4	14	5	0	22	42	5	0	42	25	42
AGTATCGATAAC__0.550288650741456__27	9	4	14	0	22	43	22	0	14	5	4
GTAATCAATCAG__0.550209502984218__24	4	14	5	0	22	42	5	0	22	42	9
AGGATCAATATA__0.550071631029891__26	9	42	22	0	22	42	5	0	14	0	14
TAGATCGATAAC__0.5498968837529__26	14	9	22	0	22	43	22	0	14	5	4
CAAATCGATAAG__0.549866207643089__19	42	5	5	0	22	43	22	0	14	5	9
GTGATCAATGTT__0.549830116110893__21	4	42	22	0	22	42	5	0	42	4	5
GTTATCAATAGT__0.549450635186607__27	4	5	14	0	22	42	5	0	14	9	4
GTGATCAATTAC__0.549304309662355__28	4	42	22	0	22	42	5	0	5	14	4
GTAATCAATGTC__0.548877410019659__20	4	14	5	0	22	42	5	0	42	4	22
AAGATCGATATG__0.548719425965489__15	5	9	22	0	22	43	22	0	14	0	42
GTGATCGATCCA__0.548702910836044__29	4	42	22	0	22	43	22	0	22	42	42
GCGATCAATACT__0.548615507583689__23	25	43	22	0	22	42	5	0	14	4	9
ATAATCAATCAG__0.548485275390924__21	0	14	5	0	22	42	5	0	22	42	9
GAGATCGATAAC__0.548472078656187__24	22	9	22	0	22	43	22	0	14	5	4
GATATCGATTTG__0.548407216467891__16	22	0	14	0	22	43	22	0	5	5	42
GTAATCAATGTG__0.548384210373118__19	4	14	5	0	22	42	5	0	42	4	42
GTAATCAATTAG__0.548296189474961__21	4	14	5	0	22	42	5	0	5	14	9
AGGATCGATTAG__0.548028718660088__18	9	42	22	0	22	43	22	0	5	14	9
AGGATCGATCAG__0.547783666532321__19	9	42	22	0	22	43	22	0	22	42	9
GTGATCGATTTA__0.547715673675__22	4	42	22	0	22	43	22	0	5	5	14
AAAATCGATTAT__0.547669726974189__14	5	5	5	0	22	43	22	0	5	14	0
GTAATCAATTGG__0.547566782436828__18	4	14	5	0	22	42	5	0	5	42	42
CGGATCAATGAT__0.547520536074642__22	43	42	22	0	22	42	5	0	42	22	0
TTAATCAATAGC__0.547455628924684__29	5	14	5	0	22	42	5	0	14	9	25
ATAATCAATTGC__0.547420647879882__19	0	14	5	0	22	42	5	0	5	42	25
CCAATCAATATT__0.546788934350645__17	42	42	5	0	22	42	5	0	14	0	5
ATAATCAATGAG__0.546755730907542__20	0	14	5	0	22	42	5	0	42	22	9
ACTATCGATAAC__0.546567426038001__23	4	9	14	0	22	43	22	0	14	5	4
GTGATCGATTTC__0.546493387069724__20	4	42	22	0	22	43	22	0	5	5	22
GAGATCGATTGT__0.546492590395293__13	22	9	22	0	22	43	22	0	5	42	4
GGGATCGATTAG__0.546322341386305__23	42	42	22	0	22	43	22	0	5	14	9
CTGATCGATTGT__0.546174888270116__15	9	42	22	0	22	43	22	0	5	42	4
CTAATCAATTGC__0.54613468054983__19	9	14	5	0	22	42	5	0	5	42	25
GTGATCGATTTG__0.54610641747152__20	4	42	22	0	22	43	22	0	5	5	42
TAGATCGATACC__0.545571143464763__24	14	9	22	0	22	43	22	0	14	4	42
CTAATCGATGTC__0.5452082745108__15	9	14	5	0	22	43	22	0	42	4	22
CTAATCAATTAG__0.545121281958162__18	9	14	5	0	22	42	5	0	5	14	9
CCGATCAATATC__0.545085102163129__18	42	43	22	0	22	42	5	0	14	0	22
TTGATCAATATC__0.544933273495918__26	5	42	22	0	22	42	5	0	14	0	22
GTAATCAATCGG__0.544759219148826__18	4	14	5	0	22	42	5	0	22	43	42
ATAATCAATGCA__0.544723138431892__26	0	14	5	0	22	42	5	0	42	25	42
TCGATCAATAAT__0.544686296848407__26	22	43	22	0	22	42	5	0	14	5	0
GTTATCAATACT__0.544498451625981__29	4	5	14	0	22	42	5	0	14	4	9
CTAATCAATGGC__0.544471328664249__20	9	14	5	0	22	42	5	0	42	42	25
TATATCGATAAC__0.544346667338572__27	14	0	14	0	22	43	22	0	14	5	4
CTGATCAATAGA__0.544313673636456__25	9	42	22	0	22	42	5	0	14	9	22
TGGATCAATAGC__0.544190269269965__29	42	42	22	0	22	42	5	0	14	9	25
TAGATCAATAAC__0.544076395874557__30	14	9	22	0	22	42	5	0	14	5	4
TTGATCGATCTG__0.544031764743425__21	5	42	22	0	22	43	22	0	22	9	42
CCTATCGATCAT__0.543431888112302__16	42	9	14	0	22	43	22	0	22	42	0
GTAATCAATGGC__0.543296676984771__22	4	14	5	0	22	42	5	0	42	42	25
CTTATCGATTGT__0.542717895590052__17	9	5	14	0	22	43	22	0	5	42	4
GTAATCAATGCG__0.542687836905432__22	4	14	5	0	22	42	5	0	42	25	43
ATGATCAATCGC__0.54263657978577__20	0	42	22	0	22	42	5	0	22	43	25
CGGATCAATCGT__0.54227187730693__17	43	42	22	0	22	42	5	0	22	43	4
ATAATCAATTAA__0.54204612845089__23	0	14	5	0	22	42	5	0	5	14	5
GAGATCGATACA__0.542026972779012__22	22	9	22	0	22	43	22	0	14	4	42
TATATCGATCCA__0.541934249033653__25	14	0	14	0	22	43	22	0	22	42	42
CGAATCGATTAT__0.541766077441641__14	43	22	5	0	22	43	22	0	5	14	0
CTAATCAATTTG__0.541737812388474__15	9	14	5	0	22	42	5	0	5	5	42
GGGATCAATACG__0.541628961033817__27	42	42	22	0	22	42	5	0	14	4	43
AGAATCGATTAC__0.541535584249932__16	9	22	5	0	22	43	22	0	5	14	4
ATTATCGATTTA__0.541496279989659__19	0	5	14	0	22	43	22	0	5	5	14
TTGATCAATTAT__0.541422830545138__23	5	42	22	0	22	42	5	0	5	14	0
CTGATCAATTGC__0.541371693176519__19	9	42	22	0	22	42	5	0	5	42	25
TTGATCAATACC__0.54134800805387__34	5	42	22	0	22	42	5	0	14	4	42
CTAATCAATTTA__0.541291939776058__18	9	14	5	0	22	42	5	0	5	5	14
AAGATCAATACC__0.541070709697212__26	5	9	22	0	22	42	5	0	14	4	42
GTAATCAATGCC__0.540960217133796__26	4	14	5	0	22	42	5	0	42	25	42
GTGATCAATGTG__0.5409209045397__20	4	42	22	0	22	42	5	0	42	4	42
AGGATCAATAGT__0.540861168435058__18	9	42	22	0	22	42	5	0	14	9	4
CCGATCAATATG__0.540736183802786__17	42	43	22	0	22	42	5	0	14	0	42
CTGATCAATGCT__0.540646967089884__19	9	42	22	0	22	42	5	0	42	25	9
TATATCGATCTT__0.540590546177689__17	14	0	14	0	22	43	22	0	22	9	5
CTGATCGATTTC__0.540376878207477__15	9	42	22	0	22	43	22	0	5	5	22
CAGATCAATATA__0.540223567921922__22	42	9	22	0	22	42	5	0	14	0	14
TGTATCGATTGT__0.540050550499765__20	42	4	14	0	22	43	22	0	5	42	4
TAGATCGATCAT__0.540007569018233__17	14	9	22	0	22	43	22	0	22	42	0
GTTATCAATAAC__0.539919285390066__36	4	5	14	0	22	42	5	0	14	5	4
TTGATCAATAAA__0.539577955783955__37	5	42	22	0	22	42	5	0	14	5	5
TGGATCAATATC__0.539253877676708__24	42	42	22	0	22	42	5	0	14	0	22
CAAATCAATACT__0.539230045836005__19	42	5	5	0	22	42	5	0	14	4	9
TCTATCGATCAT__0.539126676232679__19	22	9	14	0	22	43	22	0	22	42	0
GCGATCGATATC__0.539019813004652__17	25	43	22	0	22	43	22	0	14	0	22
ATAATCAATGGA__0.538960673142018__19	0	14	5	0	22	42	5	0	42	42	22
CAGATCGATTAT__0.538954968047768__14	42	9	22	0	22	43	22	0	5	14	0
CCGATCGATATC__0.538903096989717__14	42	43	22	0	22	43	22	0	14	0	22
ACGATCAATATT__0.538894997707362__15	4	43	22	0	22	42	5	0	14	0	5
GAGATCGATAAG__0.538558284989858__18	22	9	22	0	22	43	22	0	14	5	9
GAAATCGATAAC__0.538525162471627__21	22	5	5	0	22	43	22	0	14	5	4
GGTATCGATCGT__0.538281223962992__19	42	4	14	0	22	43	22	0	22	43	4
CTGATCGATTGC__0.538215956994602__17	9	42	22	0	22	43	22	0	5	42	25
AAGATCAATATC__0.537912886309999__17	5	9	22	0	22	42	5	0	14	0	22
TTAATCAATATA__0.537776812176499__27	5	14	5	0	22	42	5	0	14	0	14
ACAATCAATACT__0.53774566733109__18	4	42	5	0	22	42	5	0	14	4	9
AAGATCAATAAA__0.537713155278288__29	5	9	22	0	22	42	5	0	14	5	5
TAGATCGATTAT__0.537560667835828__16	14	9	22	0	22	43	22	0	5	14	0
CTTATCAATAGC__0.537508113204962__26	9	5	14	0	22	42	5	0	14	9	25
TTTATCGATAAG__0.537416134847512__28	5	5	14	0	22	43	22	0	14	5	9
GTAATCAATTGA__0.537386613957319__20	4	14	5	0	22	42	5	0	5	42	22
GCGATCGATATT__0.537383138360468__15	25	43	22	0	22	43	22	0	14	0	5
CAGATCGATCAG__0.537209890435071__15	42	9	22	0	22	43	22	0	22	42	9
TGTATCGATCTT__0.537045299586926__20	42	4	14	0	22	43	22	0	22	9	5
GTGATCGATAGA__0.537004897053046__23	4	42	22	0	22	43	22	0	14	9	22
ATAATCAATGTT__0.536729545161561__14	0	14	5	0	22	42	5	0	42	4	5
CAGATCAATAGC__0.536683123551437__21	42	9	22	0	22	42	5	0	14	9	25
CTGATCAATGGT__0.536682591286365__15	9	42	22	0	22	42	5	0	42	42	4
CGGATCAATCAT__0.536468557564928__20	43	42	22	0	22	42	5	0	22	42	0
GGGATCGATAAG__0.536379529989341__24	42	42	22	0	22	43	22	0	14	5	9
CCAATCAATAAT__0.536302589806919__21	42	42	5	0	22	42	5	0	14	5	0
GTGATCAATTAG__0.536190407991762__21	4	42	22	0	22	42	5	0	5	14	9
GTAATCAATCGT__0.536132622430044__17	4	14	5	0	22	42	5	0	22	43	4
GAGATCAATAGT__0.536098680659087__16	22	9	22	0	22	42	5	0	14	9	4
CGAATCGATCAT__0.535924632713225__14	43	22	5	0	22	43	22	0	22	42	0
GGTATCGATCCA__0.535711874709394__27	42	4	14	0	22	43	22	0	22	42	42
GTTATCAATACA__0.535507768739624__35	4	5	14	0	22	42	5	0	14	4	42
AAAATCGATAAG__0.535033266134005__16	5	5	5	0	22	43	22	0	14	5	9
CGTATCGATACA__0.534866935328247__24	43	4	14	0	22	43	22	0	14	4	42
GGGATCGATTAC__0.534836902120836__23	42	42	22	0	22	43	22	0	5	14	4
ACAATCGATCAT__0.534833344896267__13	4	42	5	0	22	43	22	0	22	42	0
ATGATCAATCGT__0.534822584331525__15	0	42	22	0	22	42	5	0	22	43	4
GTGATCAATCGT__0.534800500868225__19	4	42	22	0	22	42	5	0	22	43	4
GTGATCAATGAC__0.534703186571453__26	4	42	22	0	22	42	5	0	42	22	4
GAGATCGATATC__0.534676171554703__15	22	9	22	0	22	43	22	0	14	0	22
CTGATCGATCTT__0.5345325571655__14	9	42	22	0	22	43	22	0	22	9	5
TGGATCAATACC__0.534522403332525__31	42	42	22	0	22	42	5	0	14	4	42
ATAATCAATGCG__0.534075295469578__18	0	14	5	0	22	42	5	0	42	25	43
GTAATCGATCCA__0.533799549365295__23	4	14	5	0	22	43	22	0	22	42	42
CAGATCGATCGT__0.533600866408671__11	42	9	22	0	22	43	22	0	22	43	4
GAGATCGATTAG__0.533561643361709__14	22	9	22	0	22	43	22	0	5	14	9
CGTATCGATAGT__0.533393866364979__16	43	4	14	0	22	43	22	0	14	9	4
ACAATCAATAAC__0.532877933076677__25	4	42	5	0	22	42	5	0	14	5	4
AGGATCGATCGT__0.53266177517948__13	9	42	22	0	22	43	22	0	22	43	4
ACGATCAATAAG__0.532587429020526__20	4	43	22	0	22	42	5	0	14	5	9
CAGATCAATATT__0.53230500400783__15	42	9	22	0	22	42	5	0	14	0	5
CGGATCGATGAG__0.53208726489129__17	43	42	22	0	22	43	22	0	42	22	9
GTGATCAATGCG__0.532038180952521__22	4	42	22	0	22	42	5	0	42	25	43
GCAATCGATAAC__0.532035179191508__22	25	42	5	0	22	43	22	0	14	5	4
GTGATCGATCCT__0.531919087272168__20	4	42	22	0	22	43	22	0	22	42	9
TGGATCGATAGC__0.531527847629402__22	42	42	22	0	22	43	22	0	14	9	25
ATTATCGATTGC__0.531468017291383__18	0	5	14	0	22	43	22	0	5	42	25
AGGATCGATAAA__0.531010495186373__24	9	42	22	0	22	43	22	0	14	5	5
CATATCGATCGC__0.530893975202734__15	42	0	14	0	22	43	22	0	22	43	25
AGGATCAATATC__0.530800877280002__18	9	42	22	0	22	42	5	0	14	0	22
CGGATCAATTAG__0.530752558594826__17	43	42	22	0	22	42	5	0	5	14	9
CTAATCAATTCG__0.530473041895954__14	9	14	5	0	22	42	5	0	5	22	43
GGGATCGATCGT__0.530372193268079__17	42	42	22	0	22	43	22	0	22	43	4
GGGATCAATAAG__0.530280848849455__26	42	42	22	0	22	42	5	0	14	5	9
GAGATCGATCAT__0.530177467500419__14	22	9	22	0	22	43	22	0	22	42	0
TGTATCGATTGG__0.529949632456559__19	42	4	14	0	22	43	22	0	5	42	42
GTGATCGATCTC__0.529907106370069__18	4	42	22	0	22	43	22	0	22	9	22
GAAATCGATACT__0.529893329367395__14	22	5	5	0	22	43	22	0	14	4	9
GAAATCGATACG__0.529779605172668__15	22	5	5	0	22	43	22	0	14	4	43
CTGATCGATGAC__0.528950241675943__18	9	42	22	0	22	43	22	0	42	22	4
AAGATCAATATT__0.528872152724612__14	5	9	22	0	22	42	5	0	14	0	5
CCAATCGATTAA__0.528538133180609__16	42	42	5	0	22	43	22	0	5	14	5
TCGATCGATCCG__0.528408192817445__17	22	43	22	0	22	43	22	0	22	42	43
AATATCGATCGT__0.528361694042679__11	5	0	14	0	22	43	22	0	22	43	4
CTGATCAATCGC__0.528350429930578__18	9	42	22	0	22	42	5	0	22	43	25
CTGATCAATGCA__0.528158331467652__23	9	42	22	0	22	42	5	0	42	25	42
CGCATCGATCCG__0.528069283927542__16	43	25	42	0	22	43	22	0	22	42	43
TAGATCGATTAC__0.527837519411218__17	14	9	22	0	22	43	22	0	5	14	4
CTTATCAATAAA__0.527406622919193__31	9	5	14	0	22	42	5	0	14	5	5
GGAATCGATTAT__0.527404246297718__15	42	22	5	0	22	43	22	0	5	14	0
AGGATCAATAAA__0.527374263760523__28	9	42	22	0	22	42	5	0	14	5	5
CTGATCAATTAT__0.52732384929135__16	9	42	22	0	22	42	5	0	5	14	0
GGGATCAATATG__0.527128645895825__21	42	42	22	0	22	42	5	0	14	0	42
CGTATCGATATC__0.526725300527217__17	43	4	14	0	22	43	22	0	14	0	22
CTGATCAATCAG__0.526581922392493__18	9	42	22	0	22	42	5	0	22	42	9
GAGATCGATCAG__0.526503971387051__14	22	9	22	0	22	43	22	0	22	42	9
GGTATCGATAAC__0.526482596794629__26	42	4	14	0	22	43	22	0	14	5	4
ATAATCGATGTA__0.526418551096845__14	0	14	5	0	22	43	22	0	42	4	14
TGGATCAATATA__0.526183859184358__25	42	42	22	0	22	42	5	0	14	0	14
TAAATCGATCAT__0.526098378987642__14	14	5	5	0	22	43	22	0	22	42	0
ATGATCAATTGT__0.525923293244993__13	0	42	22	0	22	42	5	0	5	42	4
GAAATCGATATC__0.525857781932252__13	22	5	5	0	22	43	22	0	14	0	22
GCGATCAATAGT__0.525842973735703__16	25	43	22	0	22	42	5	0	14	9	4
CAGATCGATTAA__0.525735651884319__16	42	9	22	0	22	43	22	0	5	14	5
ATAATCAATGTC__0.525719233369592__14	0	14	5	0	22	42	5	0	42	4	22
CCTATCGATAAG__0.525400553457057__16	42	9	14	0	22	43	22	0	14	5	9
CGTATCGATATG__0.525270022468262__16	43	4	14	0	22	43	22	0	14	0	42
GCGATCGATAAG__0.524764755765278__17	25	43	22	0	22	43	22	0	14	5	9
GAAATCGATAAG__0.524680627387387__15	22	5	5	0	22	43	22	0	14	5	9
CGGATCGATGAC__0.524639787937263__18	43	42	22	0	22	43	22	0	42	22	4
CGTATCAATAAC__0.52462258108697__27	43	4	14	0	22	42	5	0	14	5	4
CTGATCAATTAC__0.524600610579343__19	9	42	22	0	22	42	5	0	5	14	4
CCTATCGATCCA__0.524549196210897__18	42	9	14	0	22	43	22	0	22	42	42
AATATCGATACG__0.524460249707645__15	5	0	14	0	22	43	22	0	14	4	43
CGAATCGATAAT__0.52444601551082__15	43	22	5	0	22	43	22	0	14	5	0
ATTATCAATAGT__0.524372942921717__18	0	5	14	0	22	42	5	0	14	9	4
ATTATCAATATT__0.524264884865477__18	0	5	14	0	22	42	5	0	14	0	5
CATATCGATTGG__0.524032271886502__12	42	0	14	0	22	43	22	0	5	42	42
ACAATCGATCGT__0.523987264537717__9	4	42	5	0	22	43	22	0	22	43	4
GTAATCGATGTA__0.523682186230141__16	4	14	5	0	22	43	22	0	42	4	14
TGCATCGATCAC__0.523219119646176__21	42	25	42	0	22	43	22	0	22	42	4
GTAATCAATGTA__0.523174972908896__18	4	14	5	0	22	42	5	0	42	4	14
GGGATCGATATC__0.523105495429272__19	42	42	22	0	22	43	22	0	14	0	22
CTAATCGATTGA__0.522684252215247__14	9	14	5	0	22	43	22	0	5	42	22
GTAATCAATCAA__0.522661251649469__24	4	14	5	0	22	42	5	0	22	42	5
GCGATCGATACG__0.522526189070318__16	25	43	22	0	22	43	22	0	14	4	43
AGTATCGATTGC__0.522418282895003__15	9	4	14	0	22	43	22	0	5	42	25
CGAATCGATATG__0.522244557024067__12	43	22	5	0	22	43	22	0	14	0	42
ACTATCGATCGT__0.521865570488405__10	4	9	14	0	22	43	22	0	22	43	4
ATTATCAATAAC__0.521732108703098__27	0	5	14	0	22	42	5	0	14	5	4
GAAATCGATTAA__0.521672674078489__15	22	5	5	0	22	43	22	0	5	14	5
CCGATCGATCAA__0.521655578788374__16	42	43	22	0	22	43	22	0	22	42	5
GCTATCGATAAG__0.521612801393455__18	25	9	14	0	22	43	22	0	14	5	9
CAAATCGATAAC__0.521445528237256__18	42	5	5	0	22	43	22	0	14	5	4
TTAATCGATTGC__0.521102550798269__17	5	14	5	0	22	43	22	0	5	42	25
GTGATCGATTGA__0.520910812119832__18	4	42	22	0	22	43	22	0	5	42	22
GAGATCGATATA__0.520846541848532__15	22	9	22	0	22	43	22	0	14	0	14
ATTATCAATACA__0.520567680171215__27	0	5	14	0	22	42	5	0	14	4	42
GTGATCAATCAC__0.520470756796901__24	4	42	22	0	22	42	5	0	22	42	4
TTTATCGATCCA__0.520447983196764__26	5	5	14	0	22	43	22	0	22	42	42
GTGATCAATAGA__0.520295210434288__23	4	42	22	0	22	42	5	0	14	9	22
GGTATCGATTGG__0.520281264659177__17	42	4	14	0	22	43	22	0	5	42	42
CAGATCGATAGC__0.520206455823903__14	42	9	22	0	22	43	22	0	14	9	25
GTAATCAATGTT__0.519990902840223__14	4	14	5	0	22	42	5	0	42	4	5
ACAATCGATACG__0.519753591104986__13	4	42	5	0	22	43	22	0	14	4	43
GGGATCGATAGG__0.519654029415928__17	42	42	22	0	22	43	22	0	14	9	42
CGGATCAATGCG__0.519586270743229__17	43	42	22	0	22	42	5	0	42	25	43
TAGATCAATAAG__0.519554887721454__20	14	9	22	0	22	42	5	0	14	5	9
ACAATCGATTAA__0.519259214974411__14	4	42	5	0	22	43	22	0	5	14	5
AGGATCGATTAA__0.519227118500666__17	9	42	22	0	22	43	22	0	5	14	5
TAGATCGATATA__0.519014409123748__16	14	9	22	0	22	43	22	0	14	0	14
GGGATCGATCAT__0.518958936584613__18	42	42	22	0	22	43	22	0	22	42	0
CGTATCAATACT__0.51872017707776__19	43	4	14	0	22	42	5	0	14	4	9
AACATCGATCCG__0.518349354407561__12	5	4	42	0	22	43	22	0	22	42	43
ATAATCAATGCC__0.518323921901988__19	0	14	5	0	22	42	5	0	42	25	42
TTTATCGATCTT__0.518045530248825__19	5	5	14	0	22	43	22	0	22	9	5
ATAATCAATCGG__0.51797552678173__12	0	14	5	0	22	42	5	0	22	43	42
CAAATCAATAGT__0.517839983236176__13	42	5	5	0	22	42	5	0	14	9	4
AAGATCAATAGG__0.517821769129632__13	5	9	22	0	22	42	5	0	14	9	42
ATAATCAATTAC__0.517701233303254__17	0	14	5	0	22	42	5	0	5	14	4
CCTATCGATAAC__0.517587982886228__18	42	9	14	0	22	43	22	0	14	5	4
CTTATCAATATT__0.517545146668377__17	9	5	14	0	22	42	5	0	14	0	5
TTGATCGATATA__0.51742816805697__20	5	42	22	0	22	43	22	0	14	0	14
CTTATCGATTGG__0.517406625163916__14	9	5	14	0	22	43	22	0	5	42	42
AGAATCGATCCG__0.517343726713083__12	9	22	5	0	22	43	22	0	22	42	43
GTGATCAATGGA__0.517193284629781__19	4	42	22	0	22	42	5	0	42	42	22
CACATCGATTAC__0.517133939888614__13	42	4	42	0	22	43	22	0	5	14	4
GGTATCGATACG__0.51695254512851__20	42	4	14	0	22	43	22	0	14	4	43
ACTATCGATTGG__0.516156320037992__10	4	9	14	0	22	43	22	0	5	42	42
TAGATCGATCAG__0.516127761334704__14	14	9	22	0	22	43	22	0	22	42	9
GAGATCGATTAA__0.516097733963325__15	22	9	22	0	22	43	22	0	5	14	5
GTAATCAATTCG__0.516038726677887__14	4	14	5	0	22	42	5	0	5	22	43
CGTATCGATAGG__0.516004822749046__14	43	4	14	0	22	43	22	0	14	9	42
ATTATCAATATC__0.515587630745666__18	0	5	14	0	22	42	5	0	14	0	22
CAGATCAATCAC__0.515586708002137__18	42	9	22	0	22	42	5	0	22	42	4
ATAATCAATGTG__0.515362092771062__12	0	14	5	0	22	42	5	0	42	4	42
AATATCGATAAA__0.515304982778583__19	5	0	14	0	22	43	22	0	14	5	5
CCGATCGATAAA__0.515283541622553__18	42	43	22	0	22	43	22	0	14	5	5
CTGATCAATGGG__0.515152571557719__13	9	42	22	0	22	42	5	0	42	42	42
ACGATCAATAGT__0.515118217499517__12	4	43	22	0	22	42	5	0	14	9	4
GAGATCAATACC__0.514856002529576__21	22	9	22	0	22	42	5	0	14	4	42
CGGATCGATGTG__0.514733302773406__12	43	42	22	0	22	43	22	0	42	4	42
CTAATCAATTTT__0.5147031856547__11	9	14	5	0	22	42	5	0	5	5	5
ATAATCAATCGC__0.514682521276223__15	0	14	5	0	22	42	5	0	22	43	25
CAGATCAATGCG__0.514641619246099__14	42	9	22	0	22	42	5	0	42	25	43
AATATCGATTGC__0.51438255679414__12	5	0	14	0	22	43	22	0	5	42	25
GTGATCAATGAA__0.514356286901111__23	4	42	22	0	22	42	5	0	42	22	5
GAAATCGATATG__0.514161318643431__11	22	5	5	0	22	43	22	0	14	0	42
ATGATCAATGAG__0.5138005542555__15	0	42	22	0	22	42	5	0	42	22	9
ATGATCAATCGG__0.513752209218377__12	0	42	22	0	22	42	5	0	22	43	42
GCAATCGATCCG__0.513499225202375__14	25	42	5	0	22	43	22	0	22	42	43
ATGATCGATCTT__0.513163903230572__11	0	42	22	0	22	43	22	0	22	9	5
TTGATCGATACC__0.513029475344363__22	5	42	22	0	22	43	22	0	14	4	42
TGTATCGATATC__0.512861898300754__18	42	4	14	0	22	43	22	0	14	0	22
CGAATCGATACT__0.512750889738933__12	43	22	5	0	22	43	22	0	14	4	9
CTGATCAATGTT__0.512489398106853__12	9	42	22	0	22	42	5	0	42	4	5
TTGATCAATAGG__0.512390845552051__18	5	42	22	0	22	42	5	0	14	9	42
TAAATCGATTAA__0.512338709577624__15	14	5	5	0	22	43	22	0	5	14	5
GTTATCAATAAG__0.512285416838508__24	4	5	14	0	22	42	5	0	14	5	9
ACCATCGATCCG__0.51228395125281__11	4	42	42	0	22	43	22	0	22	42	43
ATGATCAATCAT__0.512276458732684__15	0	42	22	0	22	42	5	0	22	42	0
ACGATCAATATC__0.512252178966919__13	4	43	22	0	22	42	5	0	14	0	22
TTAATCGATGTT__0.512009057536658__13	5	14	5	0	22	43	22	0	42	4	5
TGCATCGATTAT__0.511907265032793__15	42	25	42	0	22	43	22	0	5	14	0
GTTATCAATATT__0.511891627587427__19	4	5	14	0	22	42	5	0	14	0	5
CGGATCAATTGT__0.511825506655537__12	43	42	22	0	22	42	5	0	5	42	4
ACGATCAATATA__0.511650322686538__16	4	43	22	0	22	42	5	0	14	0	14
GTGATCGATCGA__0.511634065912931__17	4	42	22	0	22	43	22	0	22	43	22
GAAATCGATCAT__0.5115900101614__11	22	5	5	0	22	43	22	0	22	42	0
CTAATCAATCGA__0.511485222466364__15	9	14	5	0	22	42	5	0	22	43	22
ATGATCAATGTG__0.511401702396764__12	0	42	22	0	22	42	5	0	42	4	42
CAGATCGATCGG__0.51122261865598__9	42	9	22	0	22	43	22	0	22	43	42
CGCATCGATCAC__0.511198851200318__16	43	25	42	0	22	43	22	0	22	42	4
CTGATCAATGAG__0.510929407812746__15	9	42	22	0	22	42	5	0	42	22	9
CGGATCAATTGG__0.510870442877067__12	43	42	22	0	22	42	5	0	5	42	42
ACGATCAATAAA__0.510840561122615__22	4	43	22	0	22	42	5	0	14	5	5
GTTATCAATATG__0.51083326738918__20	4	5	14	0	22	42	5	0	14	0	42
GTTATCGATGAT__0.510792030093893__18	4	5	14	0	22	43	22	0	42	22	0
ATTATCGATATC__0.510616644546422__15	0	5	14	0	22	43	22	0	14	0	22
GTTATCGATAGC__0.510462872719492__19	4	5	14	0	22	43	22	0	14	9	25
GTGATCGATGAC__0.510364959694159__18	4	42	22	0	22	43	22	0	42	22	4
CGTATCGATTTT__0.510343708104367__12	43	4	14	0	22	43	22	0	5	5	5
GGGATCGATCAG__0.510270775498712__17	42	42	22	0	22	43	22	0	22	42	9
GAGATCGATACC__0.510241132307771__16	22	9	22	0	22	43	22	0	14	4	42
GTGATCAATGCT__0.510145000747345__17	4	42	22	0	22	42	5	0	42	25	9
TTGATCAATATA__0.51000792453463__22	5	42	22	0	22	42	5	0	14	0	14
CTGATCGATGTG__0.51000693544831__11	9	42	22	0	22	43	22	0	42	4	42
CGGATCAATGAA__0.509971567225528__20	43	42	22	0	22	42	5	0	42	22	5
GCGATCAATATC__0.509534762967856__15	25	43	22	0	22	42	5	0	14	0	22
AAAATCAATAAC__0.509239533207367__20	5	5	5	0	22	42	5	0	14	5	4
GATATCGATTGG__0.509208256291314__11	22	0	14	0	22	43	22	0	5	42	42
ATAATCGATCTT__0.509016616723514__10	0	14	5	0	22	43	22	0	22	9	5
ATGATCAATTAA__0.508895681591886__17	0	42	22	0	22	42	5	0	5	14	5
AAAATCGATACT__0.508878434674569__11	5	5	5	0	22	43	22	0	14	4	9
TAGATCGATAGC__0.508794448704591__14	14	9	22	0	22	43	22	0	14	9	25
CAGATCGATCAT__0.508506897578963__11	42	9	22	0	22	43	22	0	22	42	0
TAAATCGATAAC__0.508468033598882__17	14	5	5	0	22	43	22	0	14	5	4
GTAATCAATTTT__0.508365119856358__12	4	14	5	0	22	42	5	0	5	5	5
GTGATCGATGGT__0.508314557628187__13	4	42	22	0	22	43	22	0	42	42	4
TTAATCAATCAT__0.508204488121942__17	5	14	5	0	22	42	5	0	22	42	0
TTGATCGATTGT__0.507958187322788__14	5	42	22	0	22	43	22	0	5	42	4
ATGATCGATGGA__0.507928414880976__12	0	42	22	0	22	43	22	0	42	42	22
AAAATCGATCCG__0.507894031611692__11	5	5	5	0	22	43	22	0	22	42	43
CTAATCAATCGG__0.507648852902479__11	9	14	5	0	22	42	5	0	22	43	42
GGTATCGATTTG__0.507558681687985__15	42	4	14	0	22	43	22	0	5	5	42
TAGATCGATAAA__0.5075442311126__19	14	9	22	0	22	43	22	0	14	5	5
ATAATCAATTTC__0.507385068576175__11	0	14	5	0	22	42	5	0	5	5	22
CCGATCGATATA__0.507384075708914__12	42	43	22	0	22	43	22	0	14	0	14
CTAATCAATTCT__0.50735472667024__11	9	14	5	0	22	42	5	0	5	22	9
CCCATCGATCCG__0.507316293811565__11	42	42	42	0	22	43	22	0	22	42	43
ATAATCAATCAA__0.507078945928674__19	0	14	5	0	22	42	5	0	22	42	5
CGTATCAATACG__0.506955007151881__18	43	4	14	0	22	42	5	0	14	4	43
GTTATCGATGAC__0.506447443681805__19	4	5	14	0	22	43	22	0	42	22	4
CATATCGATGAG__0.506342195728603__12	42	0	14	0	22	43	22	0	42	22	9
AAAATCGATCAT__0.506216724091122__10	5	5	5	0	22	43	22	0	22	42	0
TTGATCGATTAA__0.506174741952918__19	5	42	22	0	22	43	22	0	5	14	5
CTTATCAATTAT__0.506148861667613__15	9	5	14	0	22	42	5	0	5	14	0
TAGATCAATAGC__0.50614138997161__17	14	9	22	0	22	42	5	0	14	9	25
GTGATCAATGGC__0.506130891145849__17	4	42	22	0	22	42	5	0	42	42	25
ACGATCAATGTT__0.506049042525371__9	4	43	22	0	22	42	5	0	42	4	5
ACGATCAATATG__0.505839248446135__12	4	43	22	0	22	42	5	0	14	0	42
CTGATCAATTAG__0.505653051985145__13	9	42	22	0	22	42	5	0	5	14	9
ATGATCGATGGG__0.505612976619429__10	0	42	22	0	22	43	22	0	42	42	42
GTGATCAATTGC__0.505115426558671__16	4	42	22	0	22	42	5	0	5	42	25
CTGATCGATCGA__0.504918399279946__13	9	42	22	0	22	43	22	0	22	43	22
TTTATCGATCGT__0.504831847280989__16	5	5	14	0	22	43	22	0	22	43	4
GTAATCGATGTC__0.504800850376305__12	4	14	5	0	22	43	22	0	42	4	22
TTAATCAATGTT__0.504638625747273__13	5	14	5	0	22	42	5	0	42	4	5
AGGATCGATATA__0.504559636407163__14	9	42	22	0	22	43	22	0	14	0	14
CGGATCAATTGA__0.504475295692862__14	43	42	22	0	22	42	5	0	5	42	22
AGTATCGATAAA__0.504240176801871__19	9	4	14	0	22	43	22	0	14	5	5
GGGATCAATATA__0.504089845400898__20	42	42	22	0	22	42	5	0	14	0	14
GTGATCGATGGG__0.50408425799727__13	4	42	22	0	22	43	22	0	42	42	42
CAAATCGATCCG__0.504028717848476__11	42	5	5	0	22	43	22	0	22	42	43
ATGATCGATTGA__0.504024408879439__12	0	42	22	0	22	43	22	0	5	42	22
TAGATCGATTTT__0.503958518136017__10	14	9	22	0	22	43	22	0	5	5	5
ATAATCAATTAG__0.503923018514769__12	0	14	5	0	22	42	5	0	5	14	9
GAAATCGATCCG__0.503738724785429__11	22	5	5	0	22	43	22	0	22	42	43
GTGATCAATCAG__0.503679273049503__17	4	42	22	0	22	42	5	0	22	42	9
AGGATCGATCCG__0.503609737893504__13	9	42	22	0	22	43	22	0	22	42	43
GTGATCAATGGG__0.50349325523361__14	4	42	22	0	22	42	5	0	42	42	42
AAGATCAATATG__0.503410802465116__12	5	9	22	0	22	42	5	0	14	0	42
CGGATCAATTAT__0.503245104072991__13	43	42	22	0	22	42	5	0	5	14	0
CGGATCAATTAA__0.503080611081884__17	43	42	22	0	22	42	5	0	5	14	5
CTTATCAATATC__0.50292324392858__16	9	5	14	0	22	42	5	0	14	0	22
TCTATCGATTAA__0.502883463650802__16	22	9	14	0	22	43	22	0	5	14	5
GAGATCAATAAG__0.502832404525423__16	22	9	22	0	22	42	5	0	14	5	9
TAAATCGATCCG__0.502503360883271__12	14	5	5	0	22	43	22	0	22	42	43
CGCATCGATTAA__0.502109073682364__14	43	25	42	0	22	43	22	0	5	14	5
ATCATCGATCAG__0.502061898498275__12	0	22	42	0	22	43	22	0	22	42	9
ATAATCGATTCT__0.501871115389112__9	0	14	5	0	22	43	22	0	5	22	9
AGGATCGATAGG__0.501736993275037__11	9	42	22	0	22	43	22	0	14	9	42
CGTATCAATACC__0.501668080670293__21	43	4	14	0	22	42	5	0	14	4	42
GAGATCGATTAC__0.501357900566788__12	22	9	22	0	22	43	22	0	5	14	4
CGGATCAATGAG__0.501020644200982__14	43	42	22	0	22	42	5	0	42	22	9
AGGATCAATAGC__0.500760333086605__16	9	42	22	0	22	42	5	0	14	9	25
ATGATCAATTAG__0.500660039003665__12	0	42	22	0	22	42	5	0	5	14	9
TCGATCGATAAT__0.500605289957171__14	22	43	22	0	22	43	22	0	14	5	0
CGAATCGATAAG__0.500523023970941__12	43	22	5	0	22	43	22	0	14	5	9
ATTATCGATATA__0.500389134376413__15	0	5	14	0	22	43	22	0	14	0	14
CGGATCGATGGA__0.500374720681414__12	43	42	22	0	22	43	22	0	42	42	22
ATTATCAATAAT__0.500370398395872__18	0	5	14	0	22	42	5	0	14	5	0
CGGATCGATAGA__0.500068703414336__14	43	42	22	0	22	43	22	0	14	9	22
TTAATCGATCTT__0.500043592128589__12	5	14	5	0	22	43	22	0	22	9	5
GGTATCGATATG__0.500001519818841__15	42	4	14	0	22	43	22	0	14	0	42
TGAATCGATTAT__0.49994191280133__11	42	22	5	0	22	43	22	0	5	14	0
GGGATCAATACC__0.499904361096862__22	42	42	22	0	22	42	5	0	14	4	42
GGGATCGATAAA__0.499545609434735__21	42	42	22	0	22	43	22	0	14	5	5
AAAATCGATCAA__0.499487256534039__13	5	5	5	0	22	43	22	0	22	42	5
TGGATCAATGTA__0.499289191316918__16	42	42	22	0	22	42	5	0	42	4	14
CCAATCAATACG__0.499122699469052__14	42	42	5	0	22	42	5	0	14	4	43
AAAATCGATAAC__0.499062250814283__14	5	5	5	0	22	43	22	0	14	5	4
GCAATCAATAAT__0.499053893702084__16	25	42	5	0	22	42	5	0	14	5	0
CAAATCGATTAA__0.498807201314651__12	42	5	5	0	22	43	22	0	5	14	5
ATCATCAATACT__0.498683739057959__14	0	22	42	0	22	42	5	0	14	4	9
TTCATCGATAAC__0.498683594879887__19	5	22	42	0	22	43	22	0	14	5	4
TGTATCGATATG__0.49858455655913__15	42	4	14	0	22	43	22	0	14	0	42
CCAATCAATACC__0.49854919915767__18	42	42	5	0	22	42	5	0	14	4	42
GGGATCAATAAA__0.498526693698703__24	42	42	22	0	22	42	5	0	14	5	5
GTGATCGATGGA__0.498525809144171__14	4	42	22	0	22	43	22	0	42	42	22
TTTATCAATACT__0.498233233650863__20	5	5	14	0	22	42	5	0	14	4	9
AGGATCAATGAT__0.498200468662516__13	9	42	22	0	22	42	5	0	42	22	0
CGAATCGATATC__0.498002706196599__10	43	22	5	0	22	43	22	0	14	0	22
CAAATCGATACG__0.497908980033307__11	42	5	5	0	22	43	22	0	14	4	43
GCGATCGATACC__0.497598666695017__15	25	43	22	0	22	43	22	0	14	4	42
CTTATCAATATA__0.49754251237081__18	9	5	14	0	22	42	5	0	14	0	14
ATGATCAATGTT__0.497437432381627__10	0	42	22	0	22	42	5	0	42	4	5
CGGATCAATTAC__0.497337803882398__15	43	42	22	0	22	42	5	0	5	14	4
GCGATCGATCGT__0.497301322665796__9	25	43	22	0	22	43	22	0	22	43	4
ATAATCAATTGA__0.497121145573691__12	0	14	5	0	22	42	5	0	5	42	22
CTGATCAATGTA__0.497089272660994__13	9	42	22	0	22	42	5	0	42	4	14
GTGATCGATTCT__0.496953658121715__12	4	42	22	0	22	43	22	0	5	22	9
CCTATCGATAAT__0.49693130017136__12	42	9	14	0	22	43	22	0	14	5	0
CAGATCGATAGG__0.496843281851191__9	42	9	22	0	22	43	22	0	14	9	42
ATGATCGATGAT__0.49671138443294__11	0	42	22	0	22	43	22	0	42	22	0
CGGATCAATCAC__0.496630262008131__17	43	42	22	0	22	42	5	0	22	42	4
TCAATCGATCCG__0.496609171541057__12	22	42	5	0	22	43	22	0	22	42	43
GCGATCAATATG__0.496516890184613__13	25	43	22	0	22	42	5	0	14	0	42
TTCATCGATCAC__0.49648978011044__17	5	22	42	0	22	43	22	0	22	42	4
TCGATCGATTAA__0.49643750725405__14	22	43	22	0	22	43	22	0	5	14	5
TAGATCAATATC__0.496352581364962__13	14	9	22	0	22	42	5	0	14	0	22
GAGATCGATAAA__0.49630198436591__16	22	9	22	0	22	43	22	0	14	5	5
GTGATCAATTCG__0.496233083564263__13	4	42	22	0	22	42	5	0	5	22	43
GAGATCGATGAT__0.496187902034807__10	22	9	22	0	22	43	22	0	42	22	0
ACCATCGATCAG__0.496171535702333__9	4	42	42	0	22	43	22	0	22	42	9
GCGATCAATAAA__0.496121614852664__21	25	43	22	0	22	42	5	0	14	5	5
GAGATCAATATC__0.496062592890944__12	22	9	22	0	22	42	5	0	14	0	22
CTTATCAATAGG__0.495836649759825__14	9	5	14	0	22	42	5	0	14	9	42
CAAATCAATAAC__0.495811321315559__18	42	5	5	0	22	42	5	0	14	5	4
CGGATCAATGGG__0.495671428715704__11	43	42	22	0	22	42	5	0	42	42	42
GTAATCAATCGC__0.495560007785178__14	4	14	5	0	22	42	5	0	22	43	25
AGTATCGATTTG__0.495557046953702__10	9	4	14	0	22	43	22	0	5	5	42
CTTATCGATGAG__0.495435982025553__13	9	5	14	0	22	43	22	0	42	22	9
TGCATCGATCCG__0.495254088105734__14	42	25	42	0	22	43	22	0	22	42	43
ATAATCAATGGG__0.495145460538367__10	0	14	5	0	22	42	5	0	42	42	42
CGAATCGATAAC__0.495009447626765__14	43	22	5	0	22	43	22	0	14	5	4
GTAATCAATTTG__0.494954353067465__11	4	14	5	0	22	42	5	0	5	5	42
CTGATCAATTGG__0.494819355460987__10	9	42	22	0	22	42	5	0	5	42	42
CAAATCGATATG__0.494274686509798__9	42	5	5	0	22	43	22	0	14	0	42
TAGATCAATACC__0.494250066907526__18	14	9	22	0	22	42	5	0	14	4	42
CAGATCGATTTA__0.49414772010762__9	42	9	22	0	22	43	22	0	5	5	14
GTGATCAATGAG__0.49407743636527__15	4	42	22	0	22	42	5	0	42	22	9
GTGATCGATGGC__0.49397634318046__13	4	42	22	0	22	43	22	0	42	42	25
TTCATCGATTAA__0.493590214129009__16	5	22	42	0	22	43	22	0	5	14	5
ATAATCAATTGT__0.493063478556399__9	0	14	5	0	22	42	5	0	5	42	4
TGGATCGATCGC__0.492921200867936__14	42	42	22	0	22	43	22	0	22	43	25
GCGATCAATACC__0.492875062562817__18	25	43	22	0	22	42	5	0	14	4	42
TTGATCGATCGC__0.492579707386935__14	5	42	22	0	22	43	22	0	22	43	25
AGAATCGATACG__0.492575915343571__10	9	22	5	0	22	43	22	0	14	4	43
TTAATCGATTGA__0.492555276528259__13	5	14	5	0	22	43	22	0	5	42	22
GATATCGATTTT__0.492508038017127__9	22	0	14	0	22	43	22	0	5	5	5
CTGATCGATTCT__0.492428016059434__9	9	42	22	0	22	43	22	0	5	22	9
TCGATCGATAAG__0.492406150435136__13	22	43	22	0	22	43	22	0	14	5	9
TTGATCGATAAA__0.492382125103955__20	5	42	22	0	22	43	22	0	14	5	5
GTGATCAATGTC__0.492200961546145__13	4	42	22	0	22	42	5	0	42	4	22
CGGATCAATGGA__0.491987997236017__13	43	42	22	0	22	42	5	0	42	42	22
CGAATCGATAAA__0.491972824987625__15	43	22	5	0	22	43	22	0	14	5	5
CTGATCGATTTT__0.491919897449142__9	9	42	22	0	22	43	22	0	5	5	5
TGTATCGATACT__0.491884735272349__15	42	4	14	0	22	43	22	0	14	4	9
GGGATCAATTGT__0.491866166685483__12	42	42	22	0	22	42	5	0	5	42	4
GGGATCAATATC__0.491772904340131__15	42	42	22	0	22	42	5	0	14	0	22
TTGATCGATAGC__0.491572899913355__15	5	42	22	0	22	43	22	0	14	9	25
GTTATCAATACC__0.491545003571201__22	4	5	14	0	22	42	5	0	14	4	42
TCGATCGATCAT__0.491512154185293__11	22	43	22	0	22	43	22	0	22	42	0
ACAATCAATAAT__0.491407403676766__13	4	42	5	0	22	42	5	0	14	5	0
TGTATCGATTTG__0.491401345926398__13	42	4	14	0	22	43	22	0	5	5	42
CAGATCGATCCG__0.491330606053823__10	42	9	22	0	22	43	22	0	22	42	43
ATTATCAATAAG__0.491276226245982__17	0	5	14	0	22	42	5	0	14	5	9
CGGATCAATCGA__0.490415659906266__13	43	42	22	0	22	42	5	0	22	43	22
TTAATCAATGAG__0.490260373470077__14	5	14	5	0	22	42	5	0	42	22	9
AATATCGATGAC__0.490164220720521__11	5	0	14	0	22	43	22	0	42	22	4
GTGATCGATGCT__0.490120283530316__12	4	42	22	0	22	43	22	0	42	25	9
CAAATCAATATC__0.490117686912672__11	42	5	5	0	22	42	5	0	14	0	22
AGTATCGATTGT__0.49001773714825__9	9	4	14	0	22	43	22	0	5	42	4
CTGATCAATGTG__0.489945783176602__10	9	42	22	0	22	42	5	0	42	4	42
GGTATCGATGAT__0.489898240215265__14	42	4	14	0	22	43	22	0	42	22	0
TTAATCGATCCA__0.489740537542104__16	5	14	5	0	22	43	22	0	22	42	42
ATGATCAATGGA__0.489740246405866__12	0	42	22	0	22	42	5	0	42	42	22
GTGATCAATGCA__0.48943760902886__18	4	42	22	0	22	42	5	0	42	25	42
TTAATCAATGAT__0.48937427419152__14	5	14	5	0	22	42	5	0	42	22	0
AGGATCGATTGG__0.489344056718788__9	9	42	22	0	22	43	22	0	5	42	42
ACAATCGATATA__0.489343726003161__10	4	42	5	0	22	43	22	0	14	0	14
CTTATCGATTGC__0.489216773896952__12	9	5	14	0	22	43	22	0	5	42	25
TGTATCGATCGT__0.489159523424576__12	42	4	14	0	22	43	22	0	22	43	4
GTGATCGATTCA__0.489101480212488__13	4	42	22	0	22	43	22	0	5	22	42
AGCATCGATCCG__0.489074949730628__10	9	25	42	0	22	43	22	0	22	42	43
TAGATCAATATT__0.489014987361478__11	14	9	22	0	22	42	5	0	14	0	5
TTGATCAATGAT__0.488887255937883__15	5	42	22	0	22	42	5	0	42	22	0
ATAATCAATTCT__0.488753773812316__9	0	14	5	0	22	42	5	0	5	22	9
TTAATCGATGAC__0.488633549926756__14	5	14	5	0	22	43	22	0	42	22	4
ATTATCGATTCT__0.488570453384692__10	0	5	14	0	22	43	22	0	5	22	9
CTGATCGATTTA__0.488489217019061__10	9	42	22	0	22	43	22	0	5	5	14
TTGATCAATGGT__0.488391238837457__12	5	42	22	0	22	42	5	0	42	42	4
TTGATCAATTGT__0.488283437967069__12	5	42	22	0	22	42	5	0	5	42	4
CGTATCGATGAC__0.488208360843713__13	43	4	14	0	22	43	22	0	42	22	4
ATTATCAATAAA__0.488184540817782__21	0	5	14	0	22	42	5	0	14	5	5
ATGATCAATTGC__0.488129870035161__11	0	42	22	0	22	42	5	0	5	42	25
CGTATCAATACA__0.487927299983044__19	43	4	14	0	22	42	5	0	14	4	42
AAAATCGATCAC__0.487880575119834__11	5	5	5	0	22	43	22	0	22	42	4
GGCATCGATTAT__0.487821664816815__11	42	25	42	0	22	43	22	0	5	14	0
GTTATCAATATC__0.487630577575578__16	4	5	14	0	22	42	5	0	14	0	22
CGGATCAATGTG__0.487583200960053__10	43	42	22	0	22	42	5	0	42	4	42
GCGATCAATCAT__0.487496049394892__12	25	43	22	0	22	42	5	0	22	42	0
TTCATCGATCAG__0.487125310194222__13	5	22	42	0	22	43	22	0	22	42	9
ATGATCAATGAA__0.487060955673444__15	0	42	22	0	22	42	5	0	42	22	5
TTGATCAATGTT__0.487051638681439__12	5	42	22	0	22	42	5	0	42	4	5
TTGATCAATTAC__0.487026473416925__16	5	42	22	0	22	42	5	0	5	14	4
CGAATCGATCAG__0.486980684398466__9	43	22	5	0	22	43	22	0	22	42	9
AGGATCAATAGA__0.486963655172433__14	9	42	22	0	22	42	5	0	14	9	22
GGGATCAATCGT__0.486901628384163__12	42	42	22	0	22	42	5	0	22	43	4
ACAATCAATAAG__0.486879259638772__13	4	42	5	0	22	42	5	0	14	5	9
TTTATCAATATT__0.486629973347746__16	5	5	14	0	22	42	5	0	14	0	5
ACAATCAATACA__0.486625976239473__16	4	42	5	0	22	42	5	0	14	4	42
AAAATCAATACT__0.486547446705403__11	5	5	5	0	22	42	5	0	14	4	9
TTGATCAATGCT__0.486414323875774__14	5	42	22	0	22	42	5	0	42	25	9
TTGATCAATAGC__0.486290096167161__17	5	42	22	0	22	42	5	0	14	9	25
CGTATCAATATT__0.486128016365748__12	43	4	14	0	22	42	5	0	14	0	5
CCGATCAATCAC__0.486015299541494__13	42	43	22	0	22	42	5	0	22	42	4
AGTATCGATGAC__0.485995804721329__12	9	4	14	0	22	43	22	0	42	22	4
TTGATCAATAGA__0.485809701304673__17	5	42	22	0	22	42	5	0	14	9	22
CCAATCGATAAA__0.485689115143052__14	42	42	5	0	22	43	22	0	14	5	5
ATGATCGATGAG__0.485658346812139__10	0	42	22	0	22	43	22	0	42	22	9
TGAATCGATTAA__0.485590796695061__12	42	22	5	0	22	43	22	0	5	14	5
GTCATCAATAAT__0.485520704649956__15	4	22	42	0	22	42	5	0	14	5	0
CTGATCAATCGA__0.485486297644002__12	9	42	22	0	22	42	5	0	22	43	22
TGCATCGATTAA__0.48544428405539__14	42	25	42	0	22	43	22	0	5	14	5
GAGATCAATAGG__0.485387510555605__10	22	9	22	0	22	42	5	0	14	9	42
ATCATCAATAAC__0.485302007450575__17	0	22	42	0	22	42	5	0	14	5	4
CCGATCAATATT__0.485147027605218__9	42	43	22	0	22	42	5	0	14	0	5
CTGATCAATGTC__0.48513293362615__10	9	42	22	0	22	42	5	0	42	4	22
TGGATCGATCGT__0.485099205397753__11	42	42	22	0	22	43	22	0	22	43	4
TGGATCAATGAT__0.484859678159823__14	42	42	22	0	22	42	5	0	42	22	0
CTGATCAATGAA__0.484779337234908__15	9	42	22	0	22	42	5	0	42	22	5
TAGATCAATACA__0.484677393705701__17	14	9	22	0	22	42	5	0	14	4	42
CAGATCGATAGA__0.484154879047146__10	42	9	22	0	22	43	22	0	14	9	22
CCGATCAATAAA__0.483627080958819__17	42	43	22	0	22	42	5	0	14	5	5
TTAATCAATTAT__0.483458850856343__12	5	14	5	0	22	42	5	0	5	14	0
ATGATCAATCAC__0.483246943204794__14	0	42	22	0	22	42	5	0	22	42	4
CGAATCGATCCG__0.483014519152006__9	43	22	5	0	22	43	22	0	22	42	43
TTGATCAATTAG__0.482818705607349__13	5	42	22	0	22	42	5	0	5	14	9
GGAATCGATAAC__0.482803751486923__14	42	22	5	0	22	43	22	0	14	5	4
CCCATCGATCAA__0.482734600972709__11	42	42	42	0	22	43	22	0	22	42	5
CCGATCGATAGC__0.482636071922774__9	42	43	22	0	22	43	22	0	14	9	25
TGGATCAATGGT__0.482534420762039__11	42	42	22	0	22	42	5	0	42	42	4
CAGATCAATGAG__0.482291092502726__10	42	9	22	0	22	42	5	0	42	22	9
ACTATCGATAAT__0.482127611056703__10	4	9	14	0	22	43	22	0	14	5	0
TTGATCAATCAC__0.481847513122112__17	5	42	22	0	22	42	5	0	22	42	4
GTGATCGATCCC__0.481818557534937__15	4	42	22	0	22	43	22	0	22	42	42
ATTATCGATAGC__0.481664329391474__12	0	5	14	0	22	43	22	0	14	9	25
CAGATCAATGAT__0.481580493933493__10	42	9	22	0	22	42	5	0	42	22	0
ATGATCAATGAC__0.481537268109183__13	0	42	22	0	22	42	5	0	42	22	4
TAGATCAATTAT__0.481416517652189__10	14	9	22	0	22	42	5	0	5	14	0
CAAATCAATATT__0.481362329534007__9	42	5	5	0	22	42	5	0	14	0	5
TTGATCAATGAC__0.481278743134221__16	5	42	22	0	22	42	5	0	42	22	4
CTGATCAATCAA__0.481155663913431__15	9	42	22	0	22	42	5	0	22	42	5
CGTATCGATATA__0.480902551896422__12	43	4	14	0	22	43	22	0	14	0	14
AAGATCAATATA__0.480884672732705__12	5	9	22	0	22	42	5	0	14	0	14
TTAATCAATGAC__0.480744388794532__15	5	14	5	0	22	42	5	0	42	22	4
CCAATCAATATC__0.480737757847909__10	42	42	5	0	22	42	5	0	14	0	22
TGGATCGATTTA__0.480684222812156__12	42	42	22	0	22	43	22	0	5	5	14
CATATCGATAAA__0.480481390387547__14	42	0	14	0	22	43	22	0	14	5	5
AGTATCGATGAG__0.48013837146986__10	9	4	14	0	22	43	22	0	42	22	9
AACATCGATCAC__0.48008542124699__10	5	4	42	0	22	43	22	0	22	42	4
CAGATCAATGCA__0.479926914499739__13	42	9	22	0	22	42	5	0	42	25	42
CGAATCGATTAA__0.479896564265913__10	43	22	5	0	22	43	22	0	5	14	5
TTAATCAATGGT__0.479831787436414__10	5	14	5	0	22	42	5	0	42	42	4
TTGATCGATTGG__0.479802642490931__11	5	42	22	0	22	43	22	0	5	42	42
ATGATCAATCGA__0.479743663179697__11	0	42	22	0	22	42	5	0	22	43	22
TAAATCAATAAC__0.479587453293538__16	14	5	5	0	22	42	5	0	14	5	4
ATGATCAATTTA__0.479578196692365__10	0	42	22	0	22	42	5	0	5	5	14
CTCATCAATAAT__0.47928586840032__13	9	22	42	0	22	42	5	0	14	5	0
CTTATCAATGTT__0.47889125278755__10	9	5	14	0	22	42	5	0	42	4	5
TTAATCAATTTG__0.478365018826047__10	5	14	5	0	22	42	5	0	5	5	42
ATGATCAATGCT__0.478326174595883__10	0	42	22	0	22	42	5	0	42	25	9
GCGATCGATAAA__0.478285856174747__14	25	43	22	0	22	43	22	0	14	5	5
CTAATCAATTGA__0.478230470097833__10	9	14	5	0	22	42	5	0	5	42	22
CTCATCAATAAC__0.478220277095101__16	9	22	42	0	22	42	5	0	14	5	4
TGGATCAATGGA__0.47801792288358__13	42	42	22	0	22	42	5	0	42	42	22
ATTATCGATGAC__0.478006174211135__12	0	5	14	0	22	43	22	0	42	22	4
CGGATCAATCAA__0.477778798382452__15	43	42	22	0	22	42	5	0	22	42	5
TTGATCGATCCC__0.477747571405613__15	5	42	22	0	22	43	22	0	22	42	42
TGGATCAATTAG__0.477736503171285__12	42	42	22	0	22	42	5	0	5	14	9
TGGATCAATCGT__0.477550333825352__11	42	42	22	0	22	42	5	0	22	43	4
TAGATCAATAGG__0.477456178437101__10	14	9	22	0	22	42	5	0	14	9	42
CTTATCGATTCT__0.477365305646108__9	9	5	14	0	22	43	22	0	5	22	9
CTTATCGATGAC__0.477322182524133__12	9	5	14	0	22	43	22	0	42	22	4
TAGATCAATAAA__0.476993419362933__17	14	9	22	0	22	42	5	0	14	5	5
CTGATCAATTTA__0.476738583324832__10	9	42	22	0	22	42	5	0	5	5	14
TAGATCGATTAA__0.476668035588376__11	14	9	22	0	22	43	22	0	5	14	5
CGGATCAATGGC__0.476631613702268__11	43	42	22	0	22	42	5	0	42	42	25
GTGATCAATGCC__0.476604195423797__15	4	42	22	0	22	42	5	0	42	25	42
CTGATCGATGGA__0.47627739712643__9	9	42	22	0	22	43	22	0	42	42	22
TGTATCGATAAA__0.476204804560222__17	42	4	14	0	22	43	22	0	14	5	5
ACGATCAATAGC__0.475884587145203__11	4	43	22	0	22	42	5	0	14	9	25
GGAATCGATCCG__0.475646187422661__10	42	22	5	0	22	43	22	0	22	42	43
GTCATCAATAAG__0.475587550050262__14	4	22	42	0	22	42	5	0	14	5	9
GGGATCGATCGG__0.475548591692325__10	42	42	22	0	22	43	22	0	22	43	42
ATCATCGATACG__0.475548099366554__10	0	22	42	0	22	43	22	0	14	4	43
GCGATCAATAAG__0.475403276461877__13	25	43	22	0	22	42	5	0	14	5	9
GAAATCGATATA__0.475059072976597__9	22	5	5	0	22	43	22	0	14	0	14
TATATCGATTTG__0.474821052430032__9	14	0	14	0	22	43	22	0	5	5	42
AAGATCAATGAT__0.47456700355458__9	5	9	22	0	22	42	5	0	42	22	0
GCGATCGATACA__0.474559301667562__12	25	43	22	0	22	43	22	0	14	4	42
CGGATCAATCAG__0.474399182588079__11	43	42	22	0	22	42	5	0	22	42	9
ATGATCAATGTA__0.474356321654222__10	0	42	22	0	22	42	5	0	42	4	14
TTAATCGATGGG__0.473871405530833__9	5	14	5	0	22	43	22	0	42	42	42
AAGATCAATAGC__0.473778870476597__11	5	9	22	0	22	42	5	0	14	9	25
GGAATCAATAGT__0.473690585188662__10	42	22	5	0	22	42	5	0	14	9	4
GTCATCAATACT__0.473503079676778__12	4	22	42	0	22	42	5	0	14	4	9
ATGATCAATGCA__0.473469089766278__13	0	42	22	0	22	42	5	0	42	25	42
AAGATCAATAGA__0.473095815560846__11	5	9	22	0	22	42	5	0	14	9	22
GTTATCAATAGG__0.473042197114911__13	4	5	14	0	22	42	5	0	14	9	42
ATGATCAATTAC__0.472802877251511__11	0	42	22	0	22	42	5	0	5	14	4
CGGATCAATGTC__0.472604069330853__9	43	42	22	0	22	42	5	0	42	4	22
GTGATCAATCGG__0.472577208137935__10	4	42	22	0	22	42	5	0	22	43	42
GGAATCGATCAT__0.472571806342947__9	42	22	5	0	22	43	22	0	22	42	0
ATTATCAATACG__0.472383823418422__13	0	5	14	0	22	42	5	0	14	4	43
CCAATCAATATG__0.472370247595652__9	42	42	5	0	22	42	5	0	14	0	42
TAGATCAATATG__0.472259493564937__10	14	9	22	0	22	42	5	0	14	0	42
GAAATCGATAAA__0.472119553193854__12	22	5	5	0	22	43	22	0	14	5	5
AGGATCAATCAT__0.47211704994492__10	9	42	22	0	22	42	5	0	22	42	0
CTTATCAATAAG__0.472091692520438__14	9	5	14	0	22	42	5	0	14	5	9
AGGATCAATGGA__0.471975563954591__10	9	42	22	0	22	42	5	0	42	42	22
ATGATCAATTCA__0.471518157966888__10	0	42	22	0	22	42	5	0	5	22	42
GGGATCGATTGG__0.471414509453922__10	42	42	22	0	22	43	22	0	5	42	42
GTGATCAATCGC__0.471111315755672__12	4	42	22	0	22	42	5	0	22	43	25
GGGATCAATGAT__0.47100323106291__12	42	42	22	0	22	42	5	0	42	22	0
CTCATCGATAAT__0.47093367989281__10	9	22	42	0	22	43	22	0	14	5	0
CAAATCAATACA__0.470748063482658__14	42	5	5	0	22	42	5	0	14	4	42
TGGATCAATCGG__0.470742171680783__10	42	42	22	0	22	42	5	0	22	43	42
CCAATCGATCCA__0.470392808462167__10	42	42	5	0	22	43	22	0	22	42	42
CTGATCAATGGC__0.47039164508867__10	9	42	22	0	22	42	5	0	42	42	25
CTGATCAATGCG__0.469973136936989__10	9	42	22	0	22	42	5	0	42	25	43
CCAATCAATACA__0.469918939913628__14	42	42	5	0	22	42	5	0	14	4	42
GTGATCAATCGA__0.469844997223917__12	4	42	22	0	22	42	5	0	22	43	22
GAGATCAATATG__0.469767945891531__9	22	9	22	0	22	42	5	0	14	0	42
CTGATCAATGGA__0.469659192422886__10	9	42	22	0	22	42	5	0	42	42	22
GTTATCGATGAG__0.469652779506351__12	4	5	14	0	22	43	22	0	42	22	9
GATATCGATACT__0.469588882273586__9	22	0	14	0	22	43	22	0	14	4	9
AAGATCAATCAC__0.469398444449431__11	5	9	22	0	22	42	5	0	22	42	4
CTGATCAATGCC__0.46926014662641__12	9	42	22	0	22	42	5	0	42	25	42
GGCATCGATCCG__0.469216177827392__10	42	25	42	0	22	43	22	0	22	42	43
CCAATCAATATA__0.469142467772145__11	42	42	5	0	22	42	5	0	14	0	14
TTAATCGATGTC__0.469086999890056__9	5	14	5	0	22	43	22	0	42	4	22
CGGATCAATGTA__0.468989867104344__10	43	42	22	0	22	42	5	0	42	4	14
GAGATCAATAAA__0.468842351962581__15	22	9	22	0	22	42	5	0	14	5	5
ATTATCAATGAG__0.468824068080078__11	0	5	14	0	22	42	5	0	42	22	9
CGTATCAATAGT__0.468817016694398__10	43	4	14	0	22	42	5	0	14	9	4
ATCATCGATCAA__0.468780600676298__11	0	22	42	0	22	43	22	0	22	42	5
TCGATCAATACT__0.468583401150963__11	22	43	22	0	22	42	5	0	14	4	9
GTTATCAATGAT__0.468441451297809__13	4	5	14	0	22	42	5	0	42	22	0
TAGATCAATACG__0.468310084110087__11	14	9	22	0	22	42	5	0	14	4	43
CTTATCAATGAG__0.468210671663212__11	9	5	14	0	22	42	5	0	42	22	9
TTGATCAATGGC__0.468060641766889__12	5	42	22	0	22	42	5	0	42	42	25
GAGATCAATGGA__0.467962700523153__9	22	9	22	0	22	42	5	0	42	42	22
CAAATCAATAAG__0.467487315165515__11	42	5	5	0	22	42	5	0	14	5	9
TCGATCAATAAC__0.467372906158366__15	22	43	22	0	22	42	5	0	14	5	4
CGGATCAATCGC__0.467043285227864__10	43	42	22	0	22	42	5	0	22	43	25
CTTATCAATCAT__0.466879747857105__11	9	5	14	0	22	42	5	0	22	42	0
TGCATCGATCAG__0.46682736527169__10	42	25	42	0	22	43	22	0	22	42	9
TTAATCAATGCA__0.466708470951206__14	5	14	5	0	22	42	5	0	42	25	42
ACGATCGATCAA__0.466332837393274__9	4	43	22	0	22	43	22	0	22	42	5
TTGATCGATAGG__0.466274102186087__10	5	42	22	0	22	43	22	0	14	9	42
CTAATCAATCCT__0.466123392117182__9	9	14	5	0	22	42	5	0	22	42	9
TGTATCGATTGC__0.465706006849442__11	42	4	14	0	22	43	22	0	5	42	25
CCGATCAATAGC__0.465475847523714__10	42	43	22	0	22	42	5	0	14	9	25
CTCATCAATACT__0.464849989838371__10	9	22	42	0	22	42	5	0	14	4	9
GTGATCAATTGG__0.464811647704467__9	4	42	22	0	22	42	5	0	5	42	42
GCAATCAATAAC__0.464745094938841__14	25	42	5	0	22	42	5	0	14	5	4
GTGATCAATGTA__0.464686554597959__11	4	42	22	0	22	42	5	0	42	4	14
TGGATCGATCGG__0.464625802185555__9	42	42	22	0	22	43	22	0	22	43	42
GGGATCAATGGT__0.464471991181811__9	42	42	22	0	22	42	5	0	42	42	4
TTAATCAATCAG__0.464359790670418__11	5	14	5	0	22	42	5	0	22	42	9
ACAATCAATAAA__0.464355341722409__14	4	42	5	0	22	42	5	0	14	5	5
TGTATCGATATT__0.464164658218599__10	42	4	14	0	22	43	22	0	14	0	5
CTCATCGATACG__0.464122998459968__9	9	22	42	0	22	43	22	0	14	4	43
TCGATCAATATT__0.464065107132102__9	22	43	22	0	22	42	5	0	14	0	5
AAAATCGATCCA__0.463726008776143__9	5	5	5	0	22	43	22	0	22	42	42
ACAATCAATACC__0.463528876508692__12	4	42	5	0	22	42	5	0	14	4	42
GGTATCGATACT__0.463502931437348__11	42	4	14	0	22	43	22	0	14	4	9
GGCATCGATCAG__0.463207032293662__9	42	25	42	0	22	43	22	0	22	42	9
ATGATCAATGGC__0.463133535503241__9	0	42	22	0	22	42	5	0	42	42	25
CAAATCAATAAT__0.462811685606051__10	42	5	5	0	22	42	5	0	14	5	0
GCGATCAATAGC__0.462720757227153__11	25	43	22	0	22	42	5	0	14	9	25
GGGATCAATGCG__0.462590926144391__11	42	42	22	0	22	42	5	0	42	25	43
TTCATCGATAAT__0.462075098419595__11	5	22	42	0	22	43	22	0	14	5	0
GTTATCAATAGA__0.462056843118396__14	4	5	14	0	22	42	5	0	14	9	22
CGTATCAATATG__0.462046144823459__10	43	4	14	0	22	42	5	0	14	0	42
TAGATCAATGAT__0.461932700404205__9	14	9	22	0	22	42	5	0	42	22	0
ATAATCAATTCC__0.461926069611809__9	0	14	5	0	22	42	5	0	5	22	42
CGTATCAATATA__0.461831944503466__12	43	4	14	0	22	42	5	0	14	0	14
CTCATCAATACC__0.461675123195646__13	9	22	42	0	22	42	5	0	14	4	42
TTAATCAATTGA__0.461435490064184__10	5	14	5	0	22	42	5	0	5	42	22
CCAATCAATAGC__0.461372247881541__10	42	42	5	0	22	42	5	0	14	9	25
GGTATCGATTTT__0.461264052796656__9	42	4	14	0	22	43	22	0	5	5	5
TGGATCGATTTC__0.461146044743978__9	42	42	22	0	22	43	22	0	5	5	22
ATCATCGATCCC__0.461045490553306__10	0	22	42	0	22	43	22	0	22	42	42
ATGATCAATCAG__0.460962689756931__9	0	42	22	0	22	42	5	0	22	42	9
GTGATCGATTCC__0.460874410620746__10	4	42	22	0	22	43	22	0	5	22	42
GTTATCAATATA__0.460481882393831__14	4	5	14	0	22	42	5	0	14	0	14
GCAATCAATATC__0.460417351055626__9	25	42	5	0	22	42	5	0	14	0	22
TTGATCAATGAG__0.460386434286245__11	5	42	22	0	22	42	5	0	42	22	9
TTAATCAATTAA__0.460346014464917__12	5	14	5	0	22	42	5	0	5	14	5
AAAATCAATACG__0.460198246766583__9	5	5	5	0	22	42	5	0	14	4	43
TGGATCGATGAT__0.460108703503732__10	42	42	22	0	22	43	22	0	42	22	0
AAAATCGATACA__0.459500029530483__9	5	5	5	0	22	43	22	0	14	4	42
GGTATCAATACT__0.459448903124583__12	42	4	14	0	22	42	5	0	14	4	9
GGGATCAATAGG__0.458923409101085__10	42	42	22	0	22	42	5	0	14	9	42
CTTATCAATGGC__0.458869035979992__10	9	5	14	0	22	42	5	0	42	42	25
TGGATCGATGAG__0.458742102317452__10	42	42	22	0	22	43	22	0	42	22	9
CTAATCAATCCA__0.458213838433111__11	9	14	5	0	22	42	5	0	22	42	42
GGTATCGATATA__0.458171490988834__11	42	4	14	0	22	43	22	0	14	0	14
ACAATCGATAAA__0.457943417460648__10	4	42	5	0	22	43	22	0	14	5	5
TAAATCAATACT__0.457749120378947__9	14	5	5	0	22	42	5	0	14	4	9
TTTATCGATTTA__0.457452277836155__11	5	5	14	0	22	43	22	0	5	5	14
CAAATCAATACG__0.457307036019948__9	42	5	5	0	22	42	5	0	14	4	43
TTAATCAATGGA__0.457270564237383__10	5	14	5	0	22	42	5	0	42	42	22
TGTATCGATATA__0.457225259433146__11	42	4	14	0	22	43	22	0	14	0	14
CGTATCGATAGC__0.45702920952749__9	43	4	14	0	22	43	22	0	14	9	25
TTGATCAATTCG__0.456829569624517__9	5	42	22	0	22	42	5	0	5	22	43
CCGATCAATGAC__0.456808365431809__9	42	43	22	0	22	42	5	0	42	22	4
TCGATCAATATG__0.456695925473476__9	22	43	22	0	22	42	5	0	14	0	42
GGTATCGATGAG__0.456673560143159__10	42	4	14	0	22	43	22	0	42	22	9
ACGATCAATAGA__0.456498266345745__9	4	43	22	0	22	42	5	0	14	9	22
CTTATCAATCAC__0.456281766815646__12	9	5	14	0	22	42	5	0	22	42	4
CGAATCGATACA__0.455744555468449__9	43	22	5	0	22	43	22	0	14	4	42
GTTATCAATAGC__0.45565856090222__13	4	5	14	0	22	42	5	0	14	9	25
GTGATCGATGTA__0.45559771184416__9	4	42	22	0	22	43	22	0	42	4	14
TTCATCGATACG__0.455544796913955__10	5	22	42	0	22	43	22	0	14	4	43
TGTATCGATGAG__0.455324281816294__10	42	4	14	0	22	43	22	0	42	22	9
GGGATCGATTAA__0.455253296364014__11	42	42	22	0	22	43	22	0	5	14	5
TTAATCAATCAC__0.454680440943817__12	5	14	5	0	22	42	5	0	22	42	4
TGTATCAATACG__0.453947587180044__12	42	4	14	0	22	42	5	0	14	4	43
GAAATCAATAAT__0.453927949511017__9	22	5	5	0	22	42	5	0	14	5	0
CTTATCAATGAC__0.453387835153727__11	9	5	14	0	22	42	5	0	42	22	4
GTTATCAATGGT__0.453123665398425__9	4	5	14	0	22	42	5	0	42	42	4
TGGATCAATGCG__0.453025686241789__10	42	42	22	0	22	42	5	0	42	25	43
ATTATCAATAGC__0.453020118157364__11	0	5	14	0	22	42	5	0	14	9	25
ACGATCAATCAC__0.452935249488485__9	4	43	22	0	22	42	5	0	22	42	4
GTCATCAATACA__0.452705388177864__13	4	22	42	0	22	42	5	0	14	4	42
CGGATCAATGCA__0.45265299745241__11	43	42	22	0	22	42	5	0	42	25	42
GAAATCAATATA__0.451894891000005__9	22	5	5	0	22	42	5	0	14	0	14
TTTATCAATAGT__0.451793149424708__11	5	5	14	0	22	42	5	0	14	9	4
GGTATCGATTTA__0.451667783557963__9	42	4	14	0	22	43	22	0	5	5	14
GTTATCAATGTT__0.451630630690384__9	4	5	14	0	22	42	5	0	42	4	5
TGGATCGATGTA__0.451610607931642__9	42	42	22	0	22	43	22	0	42	4	14
CTTATCGATAGA__0.451522249420008__9	9	5	14	0	22	43	22	0	14	9	22
CGAATCAATACC__0.450937610760328__11	43	22	5	0	22	42	5	0	14	4	42
TTAATCAATAGA__0.450467394568841__11	5	14	5	0	22	42	5	0	14	9	22
TCGATCGATAAC__0.450460725762347__10	22	43	22	0	22	43	22	0	14	5	4
TGTATCGATTTA__0.450231366427596__9	42	4	14	0	22	43	22	0	5	5	14
AGTATCAATAAC__0.450118517357979__12	9	4	14	0	22	42	5	0	14	5	4
TTGATCGATCTA__0.449970088610335__9	5	42	22	0	22	43	22	0	22	9	14
TCGATCAATACC__0.449751808434758__12	22	43	22	0	22	42	5	0	14	4	42
GAAATCAATACA__0.449714190382753__11	22	5	5	0	22	42	5	0	14	4	42
CGGATCAATGCC__0.449545393263175__10	43	42	22	0	22	42	5	0	42	25	42
TGGATCAATTAA__0.449480613081838__11	42	42	22	0	22	42	5	0	5	14	5
TTCATCAATAAT__0.449396901391513__11	5	22	42	0	22	42	5	0	14	5	0
TTGATCAATCAG__0.44910878112167__10	5	42	22	0	22	42	5	0	22	42	9
CTCATCGATCAA__0.448974828110556__9	9	22	42	0	22	43	22	0	22	42	5
GTGATCAATCAA__0.448739536506913__12	4	42	22	0	22	42	5	0	22	42	5
TGGATCAATTTA__0.448709276211794__9	42	42	22	0	22	42	5	0	5	5	14
CTTATCAATGCG__0.448647297689514__9	9	5	14	0	22	42	5	0	42	25	43
CCAATCAATAAG__0.448561221194617__9	42	42	5	0	22	42	5	0	14	5	9
TTAATCAATGGC__0.448231216832732__9	5	14	5	0	22	42	5	0	42	42	25
TTTATCAATAAC__0.448098306094148__15	5	5	14	0	22	42	5	0	14	5	4
CGTATCAATAAT__0.44734685745552__10	43	4	14	0	22	42	5	0	14	5	0
GTTATCAATAAA__0.447124316637717__15	4	5	14	0	22	42	5	0	14	5	5
AAAATCAATACC__0.446557276776208__10	5	5	5	0	22	42	5	0	14	4	42
TTTATCGATTGC__0.446303292862346__10	5	5	14	0	22	43	22	0	5	42	25
TTGATCAATTGC__0.446299648183541__9	5	42	22	0	22	42	5	0	5	42	25
CGTATCAATAAA__0.445988814739873__13	43	4	14	0	22	42	5	0	14	5	5
ATGATCAATCAA__0.445703269281845__10	0	42	22	0	22	42	5	0	22	42	5
GGTATCGATACA__0.445495175253665__11	42	4	14	0	22	43	22	0	14	4	42
TGAATCGATAAC__0.444806160861959__9	42	22	5	0	22	43	22	0	14	5	4
GGTATCGATAAA__0.444634690240881__12	42	4	14	0	22	43	22	0	14	5	5
GGGATCAATCAT__0.44429924692092__9	42	42	22	0	22	42	5	0	22	42	0
CGTATCAATAAG__0.444264406748463__10	43	4	14	0	22	42	5	0	14	5	9
GGGATCAATCGC__0.444221391887544__9	42	42	22	0	22	42	5	0	22	43	25
TGGATCAATCAC__0.444185688532954__11	42	42	22	0	22	42	5	0	22	42	4
GTGATCAATTCA__0.443932330045834__9	4	42	22	0	22	42	5	0	5	22	42
CATATCAATACA__0.443641733751268__11	42	0	14	0	22	42	5	0	14	4	42
TCAATCAATAAT__0.443544651240788__9	22	42	5	0	22	42	5	0	14	5	0
AAGATCAATCAA__0.443362673037158__9	5	9	22	0	22	42	5	0	22	42	5
CTCATCAATATA__0.443284205378104__9	9	22	42	0	22	42	5	0	14	0	14
GGCATCGATCAA__0.443206419323842__9	42	25	42	0	22	43	22	0	22	42	5
GTTATCAATGCA__0.443009657044949__12	4	5	14	0	22	42	5	0	42	25	42
CTCATCAATACA__0.442835727670682__11	9	22	42	0	22	42	5	0	14	4	42
TGTATCAATAGT__0.442835032827616__9	42	4	14	0	22	42	5	0	14	9	4
AAAATCAATACA__0.442621779070383__10	5	5	5	0	22	42	5	0	14	4	42
TTTATCAATAAT__0.442585616709925__12	5	5	14	0	22	42	5	0	14	5	0
TGGATCAATCGA__0.442261138094236__9	42	42	22	0	22	42	5	0	22	43	22
AGGATCAATCAC__0.442224484631123__9	9	42	22	0	22	42	5	0	22	42	4
TGTATCAATACT__0.442185006181767__10	42	4	14	0	22	42	5	0	14	4	9
CTCATCAATAAG__0.441798210163105__9	9	22	42	0	22	42	5	0	14	5	9
GGGATCAATTAA__0.44175976294579__10	42	42	22	0	22	42	5	0	5	14	5
GTTATCAATTAT__0.441728326797122__9	4	5	14	0	22	42	5	0	5	14	0
TTGATCAATGCG__0.441132957980257__9	5	42	22	0	22	42	5	0	42	25	43
ATAATCAATCCA__0.440966673714275__9	0	14	5	0	22	42	5	0	22	42	42
GGGATCAATAGC__0.44057213229121__10	42	42	22	0	22	42	5	0	14	9	25
TTAATCAATTAC__0.439952593370319__9	5	14	5	0	22	42	5	0	5	14	4
AGGATCAATGCA__0.439773400444103__9	9	42	22	0	22	42	5	0	42	25	42
GGTATCGATGAC__0.439386252995958__9	42	4	14	0	22	43	22	0	42	22	4
CGAATCAATAAC__0.439308165449721__10	43	22	5	0	22	42	5	0	14	5	4
ATCATCAATACC__0.439223802426337__10	0	22	42	0	22	42	5	0	14	4	42
GTCATCAATAAC__0.438814543390108__11	4	22	42	0	22	42	5	0	14	5	4
ATTATCAATACC__0.438379576634251__11	0	5	14	0	22	42	5	0	14	4	42
TGTATCAATATG__0.437331691993218__9	42	4	14	0	22	42	5	0	14	0	42
TTTATCAATACC__0.437301658740899__13	5	5	14	0	22	42	5	0	14	4	42
TGGATCAATTAC__0.436521502884771__9	42	42	22	0	22	42	5	0	5	14	4
GTTATCAATGAG__0.436140218916077__9	4	5	14	0	22	42	5	0	42	22	9
CTTATCAATTAA__0.436041921147005__9	9	5	14	0	22	42	5	0	5	14	5
ATCATCAATACA__0.435601984010477__10	0	22	42	0	22	42	5	0	14	4	42
CTTATCAATCAA__0.435321628028657__10	9	5	14	0	22	42	5	0	22	42	5
GTTATCAATCAT__0.434953267633815__9	4	5	14	0	22	42	5	0	22	42	0
TTCATCAATACG__0.43489766596101__9	5	22	42	0	22	42	5	0	14	4	43
TGGATCAATGAA__0.434487474944801__10	42	42	22	0	22	42	5	0	42	22	5
GCAATCAATACA__0.43368201776106__10	25	42	5	0	22	42	5	0	14	4	42
TTAATCAATCAA__0.433392469379116__10	5	14	5	0	22	42	5	0	22	42	5
GGGATCAATGAC__0.432147436865005__9	42	42	22	0	22	42	5	0	42	22	4
TTGATCAATGCA__0.431687877538041__10	5	42	22	0	22	42	5	0	42	25	42
CCAATCAATAAA__0.43064511133124__10	42	42	5	0	22	42	5	0	14	5	5
GGAATCAATACA__0.430469635834891__10	42	22	5	0	22	42	5	0	14	4	42
TGGATCAATAGA__0.430222495872718__9	42	42	22	0	22	42	5	0	14	9	22
TTGATCAATTAA__0.429363829728114__9	5	42	22	0	22	42	5	0	5	14	5
GTTATCAATTAC__0.428510121922586__9	4	5	14	0	22	42	5	0	5	14	4
GTTATCAATCAC__0.428426992420831__10	4	5	14	0	22	42	5	0	22	42	4
GGGATCAATGCA__0.42582788559238__9	42	42	22	0	22	42	5	0	42	25	42
TCAATCAATAAA__0.425057033205689__10	22	42	5	0	22	42	5	0	14	5	5
TGTATCAATAAC__0.420566051698168__10	42	4	14	0	22	42	5	0	14	5	4
CTCATCAATAAA__0.418388829824709__9	9	22	42	0	22	42	5	0	14	5	5
TTTATCAATAGC__0.417786406536509__9	5	5	14	0	22	42	5	0	14	9	25
TTTATCAATACA__0.412072362580613__10	5	5	14	0	22	42	5	0	14	4	42
