ATTATCGATTAG__1__417	30	20	13	7	31	31	7	30	20	18
CTAATCGATAAC__0.961240358292204__419	18	20	30	7	31	31	7	13	20	6
CGTATCGATTAG__0.95910321379191__327	8	6	13	7	31	31	7	30	20	18
CTAATCGATTAG__0.933253661167339__61	18	20	30	7	31	31	7	30	20	18
GTAATCGATAAT__0.92970288850902__327	6	20	30	7	31	31	7	13	20	30
AGTATCGATTAG__0.924707359851854__255	11	6	13	7	31	31	7	30	20	18
TGTATCGATTAG__0.923735058342965__334	6	6	13	7	31	31	7	30	20	18
ATAATCGATAAT__0.922365895400257__275	13	20	30	7	31	31	7	13	20	30
AATATCGATTAG__0.920116503776665__214	30	13	13	7	31	31	7	30	20	18
GATATCGATTAG__0.91591110722282__235	7	13	13	7	31	31	7	30	20	18
ATAATCGATTAT__0.912783287563214__53	13	20	30	7	31	31	7	30	20	13
AATATCGATTAC__0.897029103346356__219	30	13	13	7	31	31	7	30	20	6
GGTATCGATTAG__0.886075274587368__267	8	6	13	7	31	31	7	30	20	18
GTAATCGATTAC__0.884861971333672__62	6	20	30	7	31	31	7	30	20	6
CTAATCAATACT__0.883291724103856__241	18	20	30	7	8	9	30	13	6	11
CTAATCAATAAT__0.877951781344143__262	18	20	30	7	8	9	30	13	20	30
GTAATCGATACG__0.877322595244887__238	6	20	30	7	31	31	7	13	6	8
GTAATCGATAAC__0.873362401026691__286	6	20	30	7	31	31	7	13	20	6
CTTATCGATTAG__0.87185241816817__212	6	20	13	7	31	31	7	30	20	18
CTAATCAATAAC__0.865942443066456__307	18	20	30	7	8	9	30	13	20	6
GTAATCGATACT__0.864220062518604__208	6	20	30	7	31	31	7	13	6	11
ACTATCGATTAG__0.853430733766893__143	11	18	13	7	31	31	7	30	20	18
ATAATCGATACG__0.853333027483357__180	13	20	30	7	31	31	7	13	6	8
ATAATCGATAAC__0.851368053345563__226	13	20	30	7	31	31	7	13	20	6
CTAATCAATACA__0.850409890081308__283	18	20	30	7	8	9	30	13	6	6
GTGATCGATTAG__0.844657892676668__196	17	8	7	7	31	31	7	30	20	18
GTAATCGATAGT__0.841585292441215__156	6	20	30	7	31	31	7	13	18	11
GTAATCGATACA__0.840561276512848__230	6	20	30	7	31	31	7	13	6	6
ATAATCGATACT__0.840376782386514__156	13	20	30	7	31	31	7	13	6	11
GATATCGATTAC__0.838067965867846__173	7	13	13	7	31	31	7	30	20	6
CTAATCAATACG__0.837259451595888__198	18	20	30	7	8	9	30	13	6	8
CATATCGATTAG__0.834365926111965__140	18	13	13	7	31	31	7	30	20	18
TATATCGATTAG__0.833800580327792__167	13	13	13	7	31	31	7	30	20	18
TTTATCGATTAG__0.831722027350212__223	36	20	13	7	31	31	7	30	20	18
GTAATCGATAAG__0.830113205755078__187	6	20	30	7	31	31	7	13	20	6
TGTATCGATTAT__0.828653260323463__192	6	6	13	7	31	31	7	30	20	13
GTGATCGATAAT__0.825962738295899__201	17	8	7	7	31	31	7	13	20	30
ATAATCGATATC__0.820797221630014__134	13	20	30	7	31	31	7	13	13	7
CTAATCAATACC__0.814752857081307__219	18	20	30	7	8	9	30	13	6	8
GTAATCGATATG__0.812075368069333__141	6	20	30	7	31	31	7	13	13	18
CGGATCGATAAT__0.811236936753303__160	2	5	7	7	31	31	7	13	20	30
CTGATCGATAAT__0.810616787071642__153	2	8	7	7	31	31	7	13	20	30
GTAATCAATAAC__0.80883414481366__234	6	20	30	7	8	9	30	13	20	6
ATAATCAATAAC__0.808498778186462__216	13	20	30	7	8	9	30	13	20	6
GTAATCAATAAT__0.80765929274034__189	6	20	30	7	8	9	30	13	20	30
ATGATCGATCAT__0.805872891157175__31	18	8	7	7	31	31	7	7	8	18
GTAATCGATACC__0.804070104209155__182	6	20	30	7	31	31	7	13	6	8
ATAATCGATATG__0.798735230555498__111	13	20	30	7	31	31	7	13	13	18
ATAATCGATAAG__0.798539414105855__135	13	20	30	7	31	31	7	13	20	6
CGGATCGATATT__0.797345978684104__116	2	5	7	7	31	31	7	13	13	30
GTAATCAATACT__0.796480747890836__159	6	20	30	7	8	9	30	13	6	11
GTGATCGATCAC__0.795903077332695__45	17	8	7	7	31	31	7	7	8	17
CTAATCGATCAT__0.795244681556683__113	18	20	30	7	31	31	7	7	8	18
CGGATCGATATC__0.794289022362442__127	2	5	7	7	31	31	7	13	13	7
GTTATCGATAAC__0.792942778749554__52	6	20	13	7	31	31	7	13	20	6
AATATCGATTAT__0.792537637141026__100	30	13	13	7	31	31	7	30	20	13
CTAATCAATAAG__0.791862999518051__163	18	20	30	7	8	9	30	13	20	6
CGGATCGATACT__0.789204381602829__127	2	5	7	7	31	31	7	13	6	11
ATTATCGATTAA__0.787408401076594__153	30	20	13	7	31	31	7	30	20	20
GTGATCGATTAT__0.786946948032356__136	17	8	7	7	31	31	7	30	20	13
ATAATCAATACT__0.785964451841342__133	13	20	30	7	8	9	30	13	6	11
ATAATCAATAAT__0.785795878656301__149	13	20	30	7	8	9	30	13	20	30
CTAATCAATAGT__0.785581588867273__114	18	20	30	7	8	9	30	13	18	11
CTAATCGATTAC__0.783973296851211__119	18	20	30	7	31	31	7	30	20	6
CTAATCAATATC__0.783149167383264__124	18	20	30	7	8	9	30	13	13	7
GTAATCGATCAT__0.78204442788325__120	6	20	30	7	31	31	7	7	8	18
ATTATCGATCAT__0.78058287689608__123	30	20	13	7	31	31	7	7	8	18
ATAATCGATTAG__0.779919300761854__98	13	20	30	7	31	31	7	30	20	18
TATATCGATTAC__0.779358668662669__134	13	13	13	7	31	31	7	30	20	6
GTGATCGATATT__0.775849706119785__120	17	8	7	7	31	31	7	13	13	30
CGGATCGATACG__0.77567900239055__124	2	5	7	7	31	31	7	13	6	8
GTGATCGATTAC__0.774243700670702__142	17	8	7	7	31	31	7	30	20	6
ATAATCGATACC__0.772461495053499__133	13	20	30	7	31	31	7	13	6	8
GCTATCGATTAG__0.76821085817351__107	25	18	13	7	31	31	7	30	20	18
CTGATCGATCAG__0.767958661038593__26	2	8	7	7	31	31	7	7	8	2
CGGATCGATATG__0.76772790513919__102	2	5	7	7	31	31	7	13	13	18
GTAATCAATACA__0.766725064572665__181	6	20	30	7	8	9	30	13	6	6
ATAATCGATTAC__0.766558591626505__105	13	20	30	7	31	31	7	30	20	6
ATAATCGATAGT__0.764019772708448__81	13	20	30	7	31	31	7	13	18	11
GTAATCAATACG__0.763291059003983__137	6	20	30	7	8	9	30	13	6	8
GTGATCGATACG__0.759382182275577__129	17	8	7	7	31	31	7	13	6	8
GTGATCGATAAC__0.758139162788819__154	17	8	7	7	31	31	7	13	20	6
CTAATCAATAAA__0.758068485608347__174	18	20	30	7	8	9	30	13	20	36
TATATCGATTAT__0.757315838241892__102	13	13	13	7	31	31	7	30	20	13
CTGATCGATTAG__0.756346252999298__91	2	8	7	7	31	31	7	30	20	18
CTAATCAATATG__0.755438396162589__102	18	20	30	7	8	9	30	13	13	18
GTTATCGATCAT__0.753424454296786__125	6	20	13	7	31	31	7	7	8	18
CTGATCGATTAT__0.753356105015544__88	2	8	7	7	31	31	7	30	20	13
GTAATCGATAAA__0.75188098633076__147	6	20	30	7	31	31	7	13	20	36
GTGATCAATAAT__0.751152060154246__143	17	8	7	7	8	9	30	13	20	30
CTGATCGATAAC__0.750716690991147__126	2	8	7	7	31	31	7	13	20	6
CCTATCGATTAG__0.750506193246725__78	8	18	13	7	31	31	7	30	20	18
CGGATCGATAAC__0.749266113001543__130	2	5	7	7	31	31	7	13	20	6
CTGATCGATATC__0.74916766176762__91	2	8	7	7	31	31	7	13	13	7
ATGATCAATAAT__0.746788539669377__117	18	8	7	7	8	9	30	13	20	30
GTGATCGATACT__0.746398334520409__112	17	8	7	7	31	31	7	13	6	11
CTGATCGATACG__0.744569715766369__97	2	8	7	7	31	31	7	13	6	8
CTTATCGATAAG__0.744225981348185__28	6	20	13	7	31	31	7	13	20	6
GTAATCAATAGT__0.744159341916666__98	6	20	30	7	8	9	30	13	18	11
GTGATCGATCAT__0.743390021462659__105	17	8	7	7	31	31	7	7	8	18
CTAATCAATATT__0.742704127845289__86	18	20	30	7	8	9	30	13	13	30
ATGATCAATAAC__0.742247175176485__141	18	8	7	7	8	9	30	13	20	6
CTGATCAATAAT__0.741742642057464__116	2	8	7	7	8	9	30	13	20	30
ATAATCAATAAG__0.74120082014182__116	13	20	30	7	8	9	30	13	20	6
ATAATCGATAAA__0.741046692749409__124	13	20	30	7	31	31	7	13	20	36
GTGATCGATCAG__0.739202474641935__105	17	8	7	7	31	31	7	7	8	2
ATAATCAATACA__0.738941638082125__139	13	20	30	7	8	9	30	13	6	6
GTAATCGATAGG__0.738784222650659__84	6	20	30	7	31	31	7	13	18	8
TTAATCGATTAA__0.738489972004206__29	20	20	30	7	31	31	7	30	20	20
ATTATCGATAAT__0.735369693009874__26	30	20	13	7	31	31	7	13	20	30
CTAATCAATAGG__0.735119596231041__84	18	20	30	7	8	9	30	13	18	8
CAGATCGATAAT__0.734737178105133__82	2	9	7	7	31	31	7	13	20	30
GTAATCAATAAG__0.734544009713926__122	6	20	30	7	8	9	30	13	20	6
GTGATCGATAAG__0.73381854084645__112	17	8	7	7	31	31	7	13	20	6
AATATCGATCAT__0.733651060426543__71	30	13	13	7	31	31	7	7	8	18
ATAATCAATACC__0.733043983334987__128	13	20	30	7	8	9	30	13	6	8
CTGATCAATACT__0.73265757991022__98	2	8	7	7	8	9	30	13	6	11
CGTATCGATACG__0.731410497065538__24	8	6	13	7	31	31	7	13	6	8
CGTATCGATTAA__0.73134303776311__103	8	6	13	7	31	31	7	30	20	20
CTGATCGATACT__0.730798119619228__83	2	8	7	7	31	31	7	13	6	11
GTGATCAATACT__0.730243178790086__113	17	8	7	7	8	9	30	13	6	11
CTGATCGATAAG__0.72938912462142__91	2	8	7	7	31	31	7	13	20	6
CTGATCGATATT__0.728717693963458__71	2	8	7	7	31	31	7	13	13	30
GTAATCAATATT__0.728261935892361__88	6	20	30	7	8	9	30	13	13	30
AATATCGATTAA__0.727536770421946__83	30	13	13	7	31	31	7	30	20	20
CTAATCGATTAA__0.726696562739307__88	18	20	30	7	31	31	7	30	20	20
ATAATCGATAGG__0.72576540460042__65	13	20	30	7	31	31	7	13	18	8
TTAATCGATAAC__0.724462716251836__120	20	20	30	7	31	31	7	13	20	6
GTGATCGATATC__0.723257256140256__93	17	8	7	7	31	31	7	13	13	7
ATAATCAATATC__0.722613375838654__82	13	20	30	7	8	9	30	13	13	7
CTGATCGATTAC__0.722023807751028__83	2	8	7	7	31	31	7	30	20	6
CGGATCAATAAT__0.72106409688733__104	2	5	7	7	8	9	30	13	20	30
ATAATCAATATT__0.7205159846017__73	13	20	30	7	8	9	30	13	13	30
ATAATCAATACG__0.719729909739918__92	13	20	30	7	8	9	30	13	6	8
ATAATCAATAAA__0.719492526435454__133	13	20	30	7	8	9	30	13	20	36
TGTATCGATCAG__0.719252328083872__99	6	6	13	7	31	31	7	7	8	2
CGGATCAATAAC__0.718485367471826__127	2	5	7	7	8	9	30	13	20	6
ATAATCGATCAT__0.71615982515129__66	13	20	30	7	31	31	7	7	8	18
GTAATCGATTAA__0.715209406161678__92	6	20	30	7	31	31	7	30	20	20
GTGATCAATAAC__0.715096752329269__135	17	8	7	7	8	9	30	13	20	6
GTGATCGATATG__0.71493271776677__84	17	8	7	7	31	31	7	13	13	18
GATATCGATTAA__0.714598134854261__84	7	13	13	7	31	31	7	30	20	20
TTGATCGATTAG__0.714509082241391__89	9	8	7	7	31	31	7	30	20	18
CTGATCAATAAC__0.714311540643704__119	2	8	7	7	8	9	30	13	20	6
CGTATCGATCAT__0.713442590566681__76	8	6	13	7	31	31	7	7	8	18
GATATCGATCAT__0.71336603462028__69	7	13	13	7	31	31	7	7	8	18
CTAATCAATAGC__0.712522248199852__93	18	20	30	7	8	9	30	13	18	25
CGGATCGATAGT__0.711234204179017__64	2	5	7	7	31	31	7	13	18	11
GTAATCGATAGC__0.711152913078728__82	6	20	30	7	31	31	7	13	18	25
ATGATCAATACT__0.710813458525822__82	18	8	7	7	8	9	30	13	6	11
GTAATCAATATG__0.710638099813817__84	6	20	30	7	8	9	30	13	13	18
CGGATCGATACC__0.709491552471949__95	2	5	7	7	31	31	7	13	6	8
CTAATCAATATA__0.708933316032879__92	18	20	30	7	8	9	30	13	13	13
AGTATCGATCAT__0.708730964261003__69	11	6	13	7	31	31	7	7	8	18
CCGATCGATTAC__0.705896554328306__60	2	31	7	7	31	31	7	30	20	6
GTAATCAATAAA__0.704629177865876__128	6	20	30	7	8	9	30	13	20	36
GTAATCAATACC__0.704609205900702__114	6	20	30	7	8	9	30	13	6	8
CTGATCAATATC__0.704437913659647__76	2	8	7	7	8	9	30	13	13	7
ATAATCAATAGT__0.703793860554632__65	13	20	30	7	8	9	30	13	18	11
ATAATCGATCGT__0.703693182196234__48	13	20	30	7	31	31	7	7	31	8
TGTATCGATTAA__0.702198406623371__100	6	6	13	7	31	31	7	30	20	20
ACGATCGATTAC__0.700706244379626__57	8	31	7	7	31	31	7	30	20	6
CGGATCAATACT__0.699270526534341__80	2	5	7	7	8	9	30	13	6	11
CTAATCGATCGT__0.698410019606271__47	18	20	30	7	31	31	7	7	31	8
ATAATCAATATG__0.698199360574006__68	13	20	30	7	8	9	30	13	13	18
CTTATCGATCAT__0.698142377941419__71	6	20	13	7	31	31	7	7	8	18
GTAATCAATATC__0.696588770996441__77	6	20	30	7	8	9	30	13	13	7
CTGATCGATATG__0.696097833544338__60	2	8	7	7	31	31	7	13	13	18
CTGATCAATACG__0.695951834681571__81	2	8	7	7	8	9	30	13	6	8
CAGATCGATAAC__0.695547368442919__77	2	9	7	7	31	31	7	13	20	6
ATTATCGATCTT__0.695226549003427__60	30	20	13	7	31	31	7	7	9	6
CGGATCGATACA__0.69519012589032__87	2	5	7	7	31	31	7	13	6	6
GTGATCGATACC__0.694641275401259__96	17	8	7	7	31	31	7	13	6	8
GGTATCGATCAG__0.694575765349911__82	8	6	13	7	31	31	7	7	8	2
GTGATCAATACG__0.694244740384065__93	17	8	7	7	8	9	30	13	6	8
TCTATCGATTAG__0.694131195647238__66	9	18	13	7	31	31	7	30	20	18
CAGATCGATATT__0.692668746873819__47	2	9	7	7	31	31	7	13	13	30
CGGATCGATAAG__0.692248350235767__73	2	5	7	7	31	31	7	13	20	6
ATAATCGATTAA__0.691896271534521__68	13	20	30	7	31	31	7	30	20	20
CATATCGATTAA__0.691366348916912__68	18	13	13	7	31	31	7	30	20	20
ATGATCAATAGT__0.690848169332214__61	18	8	7	7	8	9	30	13	18	11
AGTATCGATTAA__0.690668701305512__73	11	6	13	7	31	31	7	30	20	20
CAGATCGATACG__0.690640533129344__58	2	9	7	7	31	31	7	13	6	8
GTGATCGATACA__0.690394940350458__94	17	8	7	7	31	31	7	13	6	6
GTAATCAATAGC__0.689190448419539__86	6	20	30	7	8	9	30	13	18	25
CCAATCGATTAC__0.687827571491535__55	8	9	30	7	31	31	7	30	20	6
CTGATCAATACA__0.687127781203053__99	2	8	7	7	8	9	30	13	6	6
GTGATCAATATT__0.686481341468843__73	17	8	7	7	8	9	30	13	13	30
ATTATCGATAAG__0.685997095010526__74	30	20	13	7	31	31	7	13	20	6
GTGATCGATATA__0.685253097232788__78	17	8	7	7	31	31	7	13	13	13
AGGATCGATAAT__0.684725348260969__65	8	5	7	7	31	31	7	13	20	30
ATGATCAATACA__0.684541582395099__95	18	8	7	7	8	9	30	13	6	6
CTAATCGATGAT__0.684122447381295__53	18	20	30	7	31	31	7	18	8	7
ATGATCAATATT__0.683975515024685__58	18	8	7	7	8	9	30	13	13	30
GCGATCGATTAG__0.683171007320256__53	25	31	7	7	31	31	7	30	20	18
CGGATCAATAGT__0.683068167120217__61	2	5	7	7	8	9	30	13	18	11
CTGATCGATAGT__0.682531666930782__50	2	8	7	7	31	31	7	13	18	11
GTGATCGATAGT__0.682020929002363__62	17	8	7	7	31	31	7	13	18	11
GTAATCAATATA__0.681970318710721__83	6	20	30	7	8	9	30	13	13	13
CGTATCGATAAG__0.681841906399508__70	8	6	13	7	31	31	7	13	20	6
CTTATCGATTAA__0.681766073500737__75	6	20	13	7	31	31	7	30	20	20
ACTATCGATCAT__0.681700766219929__48	11	18	13	7	31	31	7	7	8	18
CCAATCGATTAG__0.681681482433596__44	8	9	30	7	31	31	7	30	20	18
GTGATCAATAGT__0.680958342117095__70	17	8	7	7	8	9	30	13	18	11
CTGATCAATAGT__0.679876815252811__58	2	8	7	7	8	9	30	13	18	11
GCGATCGATTAT__0.679801086752689__51	25	31	7	7	31	31	7	30	20	13
ACTATCGATTAA__0.679774305716715__58	11	18	13	7	31	31	7	30	20	20
CGGATCGATATA__0.678629715348952__65	2	5	7	7	31	31	7	13	13	13
TTGATCGATTAT__0.678615328890091__68	9	8	7	7	31	31	7	30	20	13
GGTATCGATCAT__0.67846306895342__71	8	6	13	7	31	31	7	7	8	18
GTGATCGATTAA__0.677355172941573__78	17	8	7	7	31	31	7	30	20	20
GTGATCAATATC__0.675691966772638__73	17	8	7	7	8	9	30	13	13	7
ATGATCGATTAA__0.675002145231818__62	18	8	7	7	31	31	7	30	20	20
ATAATCAATATA__0.674471062204003__71	13	20	30	7	8	9	30	13	13	13
CTAATCAATAGA__0.674183477886083__71	18	20	30	7	8	9	30	13	18	9
ATTATCGATCCA__0.673215341235334__75	30	20	13	7	31	31	7	7	5	8
GAGATCGATAAT__0.672160720946749__54	8	9	7	7	31	31	7	13	20	30
GTTATCGATAAG__0.67189763070013__79	6	20	13	7	31	31	7	13	20	6
AATATCGATCCA__0.671537633278927__61	30	13	13	7	31	31	7	7	5	8
GTGATCAATATG__0.67151139211853__70	17	8	7	7	8	9	30	13	13	18
ATGATCAATACG__0.671483478652653__66	18	8	7	7	8	9	30	13	6	8
CTGATCAATAAG__0.670948224128553__73	2	8	7	7	8	9	30	13	20	6
GTGATCAATAAG__0.670916425656492__84	17	8	7	7	8	9	30	13	20	6
TGTATCGATCAT__0.670698642710226__68	6	6	13	7	31	31	7	7	8	18
GTGATCAATACA__0.670512664450237__99	17	8	7	7	8	9	30	13	6	6
CTGATCGATCAT__0.670266620581894__51	2	8	7	7	31	31	7	7	8	18
ATGATCAATATC__0.668794141154654__57	18	8	7	7	8	9	30	13	13	7
ATGATCAATAAG__0.668624374677665__70	18	8	7	7	8	9	30	13	20	6
GTGATCGATCCG__0.668159913426889__66	17	8	7	7	31	31	7	7	5	2
CTGATCAATATT__0.667756402468101__53	2	8	7	7	8	9	30	13	13	30
ATAATCGATAGC__0.666588622198774__52	13	20	30	7	31	31	7	13	18	25
CGGATCGATAAA__0.666414911368421__79	2	5	7	7	31	31	7	13	20	36
CGGATCAATACG__0.665820760415435__67	2	5	7	7	8	9	30	13	6	8
CGGATCAATACA__0.664836776122182__87	2	5	7	7	8	9	30	13	6	6
GCGATCGATTAC__0.664240499390563__53	25	31	7	7	31	31	7	30	20	6
ATTATCGATAAC__0.663914155041339__74	30	20	13	7	31	31	7	13	20	6
CTGATCGATAAA__0.663163415928776__74	2	8	7	7	31	31	7	13	20	36
AATATCGATCTT__0.663084583558228__36	30	13	13	7	31	31	7	7	9	6
CCGATCGATTAT__0.662525105521884__36	2	31	7	7	31	31	7	30	20	13
GTAATCAATAGG__0.662305298587684__56	6	20	30	7	8	9	30	13	18	8
TTAATCAATACT__0.661147342497615__67	20	20	30	7	8	9	30	13	6	11
CTAATCAATCGT__0.660771018625786__42	18	20	30	7	8	9	30	7	31	8
CCGATCAATAAT__0.660613685799304__57	2	31	7	7	8	9	30	13	20	30
ATGATCAATATG__0.658469400281586__52	18	8	7	7	8	9	30	13	13	18
TTGATCGATTAC__0.658320908621578__66	9	8	7	7	31	31	7	30	20	6
CAGATCGATATC__0.657856474753463__41	2	9	7	7	31	31	7	13	13	7
CAAATCGATTAG__0.657622350473457__37	9	36	30	7	31	31	7	30	20	18
CCGATCGATAAT__0.657591173850793__44	2	31	7	7	31	31	7	13	20	30
CGGATCAATACC__0.657521740492171__79	2	5	7	7	8	9	30	13	6	8
GTGATCAATACC__0.65685274620745__86	17	8	7	7	8	9	30	13	6	8
ATGATCAATACC__0.656551747857498__74	18	8	7	7	8	9	30	13	6	8
CGGATCAATATT__0.65649952884398__50	2	5	7	7	8	9	30	13	13	30
AGGATCGATACT__0.656441449744147__48	8	5	7	7	31	31	7	13	6	11
ATAATCAATAGG__0.656070557587178__47	13	20	30	7	8	9	30	13	18	8
ATGATCGATCCG__0.654034171662383__47	18	8	7	7	31	31	7	7	5	2
ATAATCGATCCG__0.653422454545923__45	13	20	30	7	31	31	7	7	5	2
GTGATCGATAAA__0.653328720265167__79	17	8	7	7	31	31	7	13	20	36
CTAATCGATTGC__0.652789691611296__42	18	20	30	7	31	31	7	30	9	13
CTGATCAATACC__0.651796982244046__73	2	8	7	7	8	9	30	13	6	8
CGGATCAATATG__0.651022707553118__52	2	5	7	7	8	9	30	13	13	18
GGTATCGATTAA__0.649627510731121__67	8	6	13	7	31	31	7	30	20	20
CGTATCGATAAC__0.649364613395256__65	8	6	13	7	31	31	7	13	20	6
ATGATCGATATG__0.649275475346952__41	18	8	7	7	31	31	7	13	13	18
CTAATCGATGCT__0.648735475331506__37	18	20	30	7	31	31	7	18	13	25
CGTATCGATAAT__0.648339479736191__54	8	6	13	7	31	31	7	13	20	30
ATAATCGATTGC__0.648286195558766__40	13	20	30	7	31	31	7	30	9	13
TAGATCGATAAT__0.64810038221759__49	18	9	7	7	31	31	7	13	20	30
CTGATCGATCCG__0.647038180621306__46	2	8	7	7	31	31	7	7	5	2
GTGATCGATCGT__0.646879961217197__44	17	8	7	7	31	31	7	7	31	8
CCAATCGATTAT__0.645729401912602__33	8	9	30	7	31	31	7	30	20	13
CGGATCAATAAG__0.645112652155498__62	2	5	7	7	8	9	30	13	20	6
GTAATCAATGAT__0.645037879722047__52	6	20	30	7	8	9	30	18	8	7
TATATCGATCAT__0.644962886342839__47	13	13	13	7	31	31	7	7	8	18
CAGATCAATAAT__0.644533347334262__52	2	9	7	7	8	9	30	13	20	30
GTAATCGATCCG__0.644498389380343__49	6	20	30	7	31	31	7	7	5	2
CTAATCGATGAC__0.644164748548182__46	18	20	30	7	31	31	7	18	8	8
CTGATCGATATA__0.643950063483714__48	2	8	7	7	31	31	7	13	13	13
GTGATCAATAAA__0.643496651692984__86	17	8	7	7	8	9	30	13	20	36
GTAATCGATGAG__0.64349625569523__46	6	20	30	7	31	31	7	18	8	8
CAGATCAATAAC__0.64320547170735__65	2	9	7	7	8	9	30	13	20	6
TGGATCGATATG__0.641477845181659__51	8	5	7	7	31	31	7	13	13	18
GAGATCGATATT__0.640997876189176__33	8	9	7	7	31	31	7	13	13	30
CTAATCAATGAT__0.640588992910402__45	18	20	30	7	8	9	30	18	8	7
CCGATCGATACG__0.640362195034573__37	2	31	7	7	31	31	7	13	6	8
TTGATCAATAAT__0.640199695276572__67	9	8	7	7	8	9	30	13	20	30
CTGATCAATAAA__0.639645093774927__75	2	8	7	7	8	9	30	13	20	36
GTGATCAATATA__0.638613109291309__65	17	8	7	7	8	9	30	13	13	13
TTAATCAATAAT__0.637967597660298__62	20	20	30	7	8	9	30	13	20	30
TGGATCAATAAT__0.637961484782852__64	8	5	7	7	8	9	30	13	20	30
CTAATCGATGAG__0.637806014271108__38	18	20	30	7	31	31	7	18	8	8
ACAATCGATTAC__0.637685399779627__36	6	9	30	7	31	31	7	30	20	6
CTAATCGATTGT__0.637418358443473__30	18	20	30	7	31	31	7	30	9	6
TTAATCAATACA__0.636824027286587__76	20	20	30	7	8	9	30	13	6	6
CCGATCGATTAG__0.636674680942305__30	2	31	7	7	31	31	7	30	20	18
GTGATCAATAGG__0.636589716234721__51	17	8	7	7	8	9	30	13	18	8
CAGATCGATACT__0.636477771875748__36	2	9	7	7	31	31	7	13	6	11
CTGATCAATATG__0.636076886610016__45	2	8	7	7	8	9	30	13	13	18
CCGATCAATACG__0.635878067389089__45	2	31	7	7	8	9	30	13	6	8
GTAATCGATAGA__0.635469699145441__48	6	20	30	7	31	31	7	13	18	9
ATGATCAATAAA__0.635273866428093__71	18	8	7	7	8	9	30	13	20	36
CTAATCGATCCG__0.633246794718115__39	18	20	30	7	31	31	7	7	5	2
ATAATCAATAGC__0.633085200125936__51	13	20	30	7	8	9	30	13	18	25
CGGATCGATAGG__0.633059813745544__37	2	5	7	7	31	31	7	13	18	8
ATAATCGATAGA__0.632651974424043__41	13	20	30	7	31	31	7	13	18	9
AGTATCGATCCA__0.632568678355979__51	11	6	13	7	31	31	7	7	5	8
CTGATCGATTAA__0.63209433375703__46	2	8	7	7	31	31	7	30	20	20
CATATCGATAAG__0.632035409033262__42	18	13	13	7	31	31	7	13	20	6
TGGATCAATAGT__0.631948479668345__49	8	5	7	7	8	9	30	13	18	11
CCGATCGATAAC__0.631600695004733__45	2	31	7	7	31	31	7	13	20	6
CGGATCAATAAA__0.631390057291918__73	2	5	7	7	8	9	30	13	20	36
GTAATCGATGAT__0.630909269901328__41	6	20	30	7	31	31	7	18	8	7
CTAATCAATCAC__0.630863628655425__53	18	20	30	7	8	9	30	7	8	17
AGTATCGATCTT__0.630719665083082__33	11	6	13	7	31	31	7	7	9	6
TTTATCGATTAA__0.630528373379849__65	36	20	13	7	31	31	7	30	20	20
GGGATCGATAAT__0.629250087745108__53	13	5	7	7	31	31	7	13	20	30
CGGATCGATAGC__0.629101506256262__43	2	5	7	7	31	31	7	13	18	25
AGTATCGATACT__0.628866594335271__10	11	6	13	7	31	31	7	13	6	11
CTAATCGATGGT__0.628158942849496__27	18	20	30	7	31	31	7	18	8	8
CAAATCGATTAC__0.62805902464506__35	9	36	30	7	31	31	7	30	20	6
CTAATCAATGGT__0.627972149099719__31	18	20	30	7	8	9	30	18	8	8
CTGATCGATAGG__0.627556038074715__34	2	8	7	7	31	31	7	13	18	8
TTCATCGATTAG__0.627179504309607__44	12	8	18	7	31	31	7	30	20	18
TTGATCGATAAT__0.627124256092174__53	9	8	7	7	31	31	7	13	20	30
CTAATCGATGCC__0.62682239973468__39	18	20	30	7	31	31	7	18	13	45
AATATCGATAAC__0.62636657684113__46	30	13	13	7	31	31	7	13	20	6
GTGATCGATCGG__0.626335462117316__38	17	8	7	7	31	31	7	7	31	2
TTGATCAATAGT__0.625919455513019__48	9	8	7	7	8	9	30	13	18	11
AGGATCGATAAC__0.625772175735156__50	8	5	7	7	31	31	7	13	20	6
CAGATCAATACA__0.62544122792075__57	2	9	7	7	8	9	30	13	6	6
AGGATCGATACG__0.625135472744433__40	8	5	7	7	31	31	7	13	6	8
GTGATCGATAGG__0.624155167428246__41	17	8	7	7	31	31	7	13	18	8
ATCATCGATTAT__0.624061639008996__33	7	8	18	7	31	31	7	30	20	13
CCTATCGATTAA__0.623951007540418__39	8	18	13	7	31	31	7	30	20	20
CCGATCGATTAA__0.623432120682839__35	2	31	7	7	31	31	7	30	20	20
AAGATCAATACT__0.623222262964374__38	6	9	7	7	8	9	30	13	6	11
AGGATCGATATT__0.622582168720448__32	8	5	7	7	31	31	7	13	13	30
TTAATCAATAGT__0.622260287104738__43	20	20	30	7	8	9	30	13	18	11
AGGATCAATACA__0.622228023461518__59	8	5	7	7	8	9	30	13	6	6
CAGATCGATAAG__0.621990838346904__36	2	9	7	7	31	31	7	13	20	6
CAGATCGATTAG__0.621525203105274__29	2	9	7	7	31	31	7	30	20	18
TGGATCAATATT__0.621054612652657__45	8	5	7	7	8	9	30	13	13	30
TGGATCAATACT__0.621052806656296__51	8	5	7	7	8	9	30	13	6	11
TTTATCGATCAT__0.621022892246283__52	36	20	13	7	31	31	7	7	8	18
CCGATCAATACT__0.620930897921872__37	2	31	7	7	8	9	30	13	6	11
GTGATCGATAGC__0.620483362992242__46	17	8	7	7	31	31	7	13	18	25
TGGATCAATAAC__0.620424334309208__67	8	5	7	7	8	9	30	13	20	6
AGGATCGATATC__0.620194377491148__35	8	5	7	7	31	31	7	13	13	7
AAGATCGATAAC__0.619391696870289__42	6	9	7	7	31	31	7	13	20	6
AGGATCAATAAC__0.61916986139031__57	8	5	7	7	8	9	30	13	20	6
CGCATCGATTAC__0.619103150965421__37	25	13	18	7	31	31	7	30	20	6
CTAATCGATCTT__0.618845464571498__27	18	20	30	7	31	31	7	7	9	6
GGGATCGATATT__0.618448858064925__40	13	5	7	7	31	31	7	13	13	30
TGCATCGATTAG__0.618251068030984__39	13	13	18	7	31	31	7	30	20	18
AAAATCGATTAG__0.617776342908156__26	36	36	30	7	31	31	7	30	20	18
CTAATCAATGGA__0.617769318716781__38	18	20	30	7	8	9	30	18	8	5
CTAATCAATGAC__0.617545850555898__45	18	20	30	7	8	9	30	18	8	8
AGTATCGATAAG__0.616630604337315__40	11	6	13	7	31	31	7	13	20	6
GCGATCGATCCG__0.616508192102993__35	25	31	7	7	31	31	7	7	5	2
CTGATCAATATA__0.616316326730516__47	2	8	7	7	8	9	30	13	13	13
CTGATCGATCGT__0.615539671538697__27	2	8	7	7	31	31	7	7	31	8
TGGATCAATATG__0.615493729741811__46	8	5	7	7	8	9	30	13	13	18
AACATCGATTAC__0.615274249824833__30	6	6	18	7	31	31	7	30	20	6
ATTATCGATCGT__0.614899026831133__31	30	20	13	7	31	31	7	7	31	8
CGCATCGATTAG__0.614885369317566__31	25	13	18	7	31	31	7	30	20	18
ACGATCAATAAC__0.614841515829753__50	8	31	7	7	8	9	30	13	20	6
GTAATCGATTGC__0.614753264164475__36	6	20	30	7	31	31	7	30	9	13
GATATCGATCCA__0.614710131652028__43	7	13	13	7	31	31	7	7	5	8
TTAATCAATATC__0.614348132588468__44	20	20	30	7	8	9	30	13	13	7
GTAATCGATGGT__0.614317925325564__29	6	20	30	7	31	31	7	18	8	8
GTGATCGATTGG__0.614248582232748__36	17	8	7	7	31	31	7	30	9	8
ACAATCGATCCG__0.613753310148756__28	6	9	30	7	31	31	7	7	5	2
CAGATCGATACA__0.613603494651808__40	2	9	7	7	31	31	7	13	6	6
GTGATCGATCGC__0.613272719150416__40	17	8	7	7	31	31	7	7	31	25
TGCATCGATTAC__0.613227322122543__42	13	13	18	7	31	31	7	30	20	6
TTAATCAATAAC__0.612736963771874__62	20	20	30	7	8	9	30	13	20	6
GAAATCGATTAG__0.612062508110894__26	12	36	30	7	31	31	7	30	20	18
CGGATCAATAGC__0.611657145582219__46	2	5	7	7	8	9	30	13	18	25
CTGATCAATAGG__0.611574017216025__35	2	8	7	7	8	9	30	13	18	8
AAGATCAATAAT__0.611454469787349__39	6	9	7	7	8	9	30	13	20	30
GAGATCAATACG__0.611196122261397__39	8	9	7	7	8	9	30	13	6	8
AGGATCAATATT__0.610612499051655__33	8	5	7	7	8	9	30	13	13	30
CGTATCGATCCA__0.610417268896903__45	8	6	13	7	31	31	7	7	5	8
GTAATCAATGAG__0.61004666599994__39	6	20	30	7	8	9	30	18	8	8
CGTATCGATCTT__0.610039612519383__30	8	6	13	7	31	31	7	7	9	6
CGGATCAATATC__0.609717513646893__38	2	5	7	7	8	9	30	13	13	7
TGGATCAATACG__0.609127323759698__49	8	5	7	7	8	9	30	13	6	8
GTGATCGATTGT__0.609003821816452__33	17	8	7	7	31	31	7	30	9	6
AATATCGATAAG__0.608851206332352__33	30	13	13	7	31	31	7	13	20	6
GTAATCGATGAC__0.608330365185487__39	6	20	30	7	31	31	7	18	8	8
CTAATCGATGGC__0.608259356928208__28	18	20	30	7	31	31	7	18	8	45
ATAATCAATAGA__0.60815882823127__42	13	20	30	7	8	9	30	13	18	9
ATTATCGATACT__0.608063723051876__37	30	20	13	7	31	31	7	13	6	11
CTAATCAATTGT__0.60787109016581__26	18	20	30	7	8	9	30	30	9	6
GTAATCAATTAT__0.60754181718948__35	6	20	30	7	8	9	30	30	20	13
CTAATCAATGTA__0.607456208903298__34	18	20	30	7	8	9	30	18	6	6
CTAATCGATGGG__0.60714836401067__24	18	20	30	7	31	31	7	18	8	13
GTGATCAATGGT__0.607057070478856__34	17	8	7	7	8	9	30	18	8	8
GCGATCGATCAG__0.606667041840208__31	25	31	7	7	31	31	7	7	8	2
GTGATCGATTGC__0.606532981013909__38	17	8	7	7	31	31	7	30	9	13
ATAATCGATTGT__0.60648026070044__23	13	20	30	7	31	31	7	30	9	6
CAGATCAATAAG__0.606372843825394__40	2	9	7	7	8	9	30	13	20	6
CTAATCAATGAA__0.606362822092049__45	18	20	30	7	8	9	30	18	8	12
GGGATCGATACG__0.606064438139852__43	13	5	7	7	31	31	7	13	6	8
CTCATCGATTAT__0.605964437153204__29	8	8	18	7	31	31	7	30	20	13
ATGATCGATCGT__0.605750638925445__24	18	8	7	7	31	31	7	7	31	8
TAAATCGATTAC__0.605511639555863__32	20	36	30	7	31	31	7	30	20	6
CTTATCGATCGT__0.605473563207116__29	6	20	13	7	31	31	7	7	31	8
AGGATCAATAAT__0.605280356326815__41	8	5	7	7	8	9	30	13	20	30
CTAATCAATGCG__0.605145015613353__34	18	20	30	7	8	9	30	18	13	25
TTGATCAATACT__0.604979469897407__46	9	8	7	7	8	9	30	13	6	11
ACGATCAATACT__0.60496969910691__32	8	31	7	7	8	9	30	13	6	11
CTGATCAATAGC__0.604558956005224__42	2	8	7	7	8	9	30	13	18	25
CCGATCGATCCG__0.604226797723588__26	2	31	7	7	31	31	7	7	5	2
AGGATCAATACG__0.60417619006915__39	8	5	7	7	8	9	30	13	6	8
GTGATCAATTAT__0.603986146984515__38	17	8	7	7	8	9	30	30	20	13
GTGATCAATAGC__0.603379011087748__48	17	8	7	7	8	9	30	13	18	25
ATGATCAATATA__0.602758264227252__41	18	8	7	7	8	9	30	13	13	13
GAGATCGATACG__0.601846598631319__30	8	9	7	7	31	31	7	13	6	8
ATGATCAATAGC__0.601683435353692__40	18	8	7	7	8	9	30	13	18	25
TGTATCGATAAC__0.60158058959025__51	6	6	13	7	31	31	7	13	20	6
GTGATCGATCTG__0.601256292846603__33	17	8	7	7	31	31	7	7	9	2
CTAATCAATCAT__0.601163580912026__33	18	20	30	7	8	9	30	7	8	18
ATGATCAATAGG__0.600390944934092__31	18	8	7	7	8	9	30	13	18	8
TATATCGATTAA__0.600379096947266__39	13	13	13	7	31	31	7	30	20	20
CAAATCGATTAT__0.599944744524756__23	9	36	30	7	31	31	7	30	20	13
CCGATCGATCAG__0.599513436955845__24	2	31	7	7	31	31	7	7	8	2
TTAATCAATACC__0.599452387362836__54	20	20	30	7	8	9	30	13	6	8
GTAATCAATAGA__0.599284067948673__43	6	20	30	7	8	9	30	13	18	9
AGGATCAATACT__0.599238462639134__35	8	5	7	7	8	9	30	13	6	11
CTAATCAATCAG__0.599041670705995__33	18	20	30	7	8	9	30	7	8	2
CCGATCGATCAT__0.598933166356178__23	2	31	7	7	31	31	7	7	8	18
CGGATCAATATA__0.598747463228273__42	2	5	7	7	8	9	30	13	13	13
CAGATCGATAGT__0.598630824620733__22	2	9	7	7	31	31	7	13	18	11
GTAATCGATGGC__0.598531495962297__30	6	20	30	7	31	31	7	18	8	45
GTAATCAATGGT__0.598423935499884__28	6	20	30	7	8	9	30	18	8	8
GCGATCGATCAT__0.598296034774653__28	25	31	7	7	31	31	7	7	8	18
ATCATCGATCCG__0.598126096432673__30	7	8	18	7	31	31	7	7	5	2
CTAATCGATTCT__0.598096727100527__22	18	20	30	7	31	31	7	30	12	9
ACGATCGATTAA__0.597953611355792__28	8	31	7	7	31	31	7	30	20	20
CTTATCAATACT__0.597940073503863__40	6	20	13	7	8	9	30	13	6	11
TTGATCGATAAG__0.597840997624843__42	9	8	7	7	31	31	7	13	20	6
TTAATCAATACG__0.597529068611771__43	20	20	30	7	8	9	30	13	6	8
GAGATCGATACT__0.597254545481535__27	8	9	7	7	31	31	7	13	6	11
CTTATCAATAAC__0.596614613818214__53	6	20	13	7	8	9	30	13	20	6
TAGATCGATACA__0.596468348911556__38	18	9	7	7	31	31	7	13	6	6
CCGATCGATACT__0.595814344518167__24	2	31	7	7	31	31	7	13	6	11
CTAATCAATGCA__0.595570113056922__41	18	20	30	7	8	9	30	18	13	13
TCGATCGATTAG__0.595555079384832__28	31	31	7	7	31	31	7	30	20	18
CTAATCAATGAG__0.595495614633625__31	18	20	30	7	8	9	30	18	8	8
GTAATCAATGAC__0.595443101376377__41	6	20	30	7	8	9	30	18	8	8
GATATCGATAAC__0.595411230013468__39	7	13	13	7	31	31	7	13	20	6
TAGATCGATACG__0.594983864386888__31	18	9	7	7	31	31	7	13	6	8
TTAATCGATAGC__0.594724105567798__36	20	20	30	7	31	31	7	13	18	25
AGGATCGATATG__0.594598848565383__27	8	5	7	7	31	31	7	13	13	18
GGTATCGATAAG__0.593642420753691__41	8	6	13	7	31	31	7	13	20	6
CAGATCGATACC__0.592464637006901__33	2	9	7	7	31	31	7	13	6	8
AGGATCGATACA__0.59238824311294__37	8	5	7	7	31	31	7	13	6	6
CCGATCAATAAC__0.591914209571653__42	2	31	7	7	8	9	30	13	20	6
GGAATCGATTAG__0.591585286807718__27	5	12	30	7	31	31	7	30	20	18
ATAATCGATGGC__0.59150097353982__24	13	20	30	7	31	31	7	18	8	45
AAAATCGATTAC__0.591485629514279__25	36	36	30	7	31	31	7	30	20	6
AGGATCGATTAT__0.59145506077356__26	8	5	7	7	31	31	7	30	20	13
TAGATCGATAGT__0.591372047866762__24	18	9	7	7	31	31	7	13	18	11
AAGATCAATAAC__0.591313219786733__42	6	9	7	7	8	9	30	13	20	6
TTGATCGATCAG__0.591286593486258__36	9	8	7	7	31	31	7	7	8	2
ACGATCGATCCG__0.591258610632065__23	8	31	7	7	31	31	7	7	5	2
TTGATCGATCAT__0.591253473299981__35	9	8	7	7	31	31	7	7	8	18
ATTATCGATTTG__0.591131905407692__27	30	20	13	7	31	31	7	30	36	9
GTAATCGATGGG__0.590911996405997__25	6	20	30	7	31	31	7	18	8	13
AAAATCGATAAT__0.590848456763143__26	36	36	30	7	31	31	7	13	20	30
GTGATCAATGAT__0.590709338204612__37	17	8	7	7	8	9	30	18	8	7
ACGATCAATAAT__0.590369502907791__32	8	31	7	7	8	9	30	13	20	30
TAGATCGATACT__0.590270979207726__28	18	9	7	7	31	31	7	13	6	11
TTGATCGATCAA__0.590234439976354__11	9	8	7	7	31	31	7	7	8	9
TTCATCGATTAT__0.589875087843003__32	12	8	18	7	31	31	7	30	20	13
TAGATCGATATC__0.589738835669987__27	18	9	7	7	31	31	7	13	13	7
CGGATCAATAGG__0.589736931352875__30	2	5	7	7	8	9	30	13	18	8
CTTATCGATATC__0.589434553112157__31	6	20	13	7	31	31	7	13	13	7
TGGATCGATAAC__0.589358528960893__45	8	5	7	7	31	31	7	13	20	6
GCGATCGATAAT__0.588880451362753__30	25	31	7	7	31	31	7	13	20	30
GAGATCGATATG__0.588532415667867__23	8	9	7	7	31	31	7	13	13	18
GGGATCAATAGT__0.588514464360583__34	13	5	7	7	8	9	30	13	18	11
GGGATCAATAAC__0.588419625125487__51	13	5	7	7	8	9	30	13	20	6
CTTATCAATACC__0.58811329795965__48	6	20	13	7	8	9	30	13	6	8
GGGATCGATAAC__0.587759171387251__44	13	5	7	7	31	31	7	13	20	6
GAGATCAATAAC__0.587478583805681__42	8	9	7	7	8	9	30	13	20	6
CTAATCAATTAT__0.586974937645021__26	18	20	30	7	8	9	30	30	20	13
TTGATCGATCAC__0.586969576071239__41	9	8	7	7	31	31	7	7	8	17
CTAATCGATGGA__0.58694425189418__24	18	20	30	7	31	31	7	18	8	5
TAGATCGATATG__0.586425773607675__25	18	9	7	7	31	31	7	13	13	18
TTGATCGATATT__0.586328982351048__31	9	8	7	7	31	31	7	13	13	30
CAGATCAATACG__0.58630502353966__31	2	9	7	7	8	9	30	13	6	8
CTAATCAATTAC__0.586265662445415__32	18	20	30	7	8	9	30	30	20	6
AAGATCAATAAG__0.586107269998758__33	6	9	7	7	8	9	30	13	20	6
TTAATCAATAAG__0.585959167183184__42	20	20	30	7	8	9	30	13	20	6
GTAATCAATCAC__0.585933516299519__40	6	20	30	7	8	9	30	7	8	17
GTAATCAATGAA__0.585928942316337__41	6	20	30	7	8	9	30	18	8	12
CGAATCGATTAC__0.585856300265769__25	31	12	30	7	31	31	7	30	20	6
GAGATCGATTAT__0.585803034379896__22	8	9	7	7	31	31	7	30	20	13
CGAATCGATTAG__0.585619245875286__21	31	12	30	7	31	31	7	30	20	18
ATGATCGATAGC__0.585535354978763__28	18	8	7	7	31	31	7	13	18	25
AGGATCAATAAG__0.585170825932954__36	8	5	7	7	8	9	30	13	20	6
GGGATCAATAAT__0.584611044335442__41	13	5	7	7	8	9	30	13	20	30
GAGATCAATACT__0.584343865546754__29	8	9	7	7	8	9	30	13	6	11
ACTATCGATCCA__0.584302334933169__30	11	18	13	7	31	31	7	7	5	8
TGTATCGATAAT__0.584102891557833__38	6	6	13	7	31	31	7	13	20	30
CATATCGATAAC__0.584055294941767__34	18	13	13	7	31	31	7	13	20	6
CTTATCGATCCA__0.583777401470486__37	6	20	13	7	31	31	7	7	5	8
TGTATCGATAAG__0.583437548442033__38	6	6	13	7	31	31	7	13	20	6
CAGATCAATACT__0.582963069608726__28	2	9	7	7	8	9	30	13	6	11
GTAATCGATGGA__0.582933160540861__27	6	20	30	7	31	31	7	18	8	5
GTAATCAATGGG__0.582894815170087__26	6	20	30	7	8	9	30	18	8	13
TTAATCAATATT__0.582764693301421__31	20	20	30	7	8	9	30	13	13	30
CGTATCGATTGG__0.582263356791522__24	8	6	13	7	31	31	7	30	9	8
CAGATCAATATC__0.581923042692708__26	2	9	7	7	8	9	30	13	13	7
AGGATCGATAAG__0.581697786158079__29	8	5	7	7	31	31	7	13	20	6
CAGATCGATATG__0.581654833950685__21	2	9	7	7	31	31	7	13	13	18
TGGATCAATAGG__0.581610213119309__33	8	5	7	7	8	9	30	13	18	8
AAGATCAATACG__0.581511685097845__29	6	9	7	7	8	9	30	13	6	8
ACGATCAATACA__0.581066384942198__38	8	31	7	7	8	9	30	13	6	6
AGTATCGATTGG__0.580592819425575__22	11	6	13	7	31	31	7	30	9	8
TTGATCGATAGT__0.580324302844446__29	9	8	7	7	31	31	7	13	18	11
CCGATCGATACC__0.579944578464674__28	2	31	7	7	31	31	7	13	6	8
GTGATCAATTGT__0.579663241113699__27	17	8	7	7	8	9	30	30	9	6
GGAATCGATTAC__0.579609065220869__28	5	12	30	7	31	31	7	30	20	6
CAGATCGATAAA__0.579366601389103__34	2	9	7	7	31	31	7	13	20	36
CCGATCAATACA__0.579252624487653__38	2	31	7	7	8	9	30	13	6	6
TGGATCAATACA__0.57900849578169__48	8	5	7	7	8	9	30	13	6	6
TCGATCGATTAC__0.578901185204741__28	31	31	7	7	31	31	7	30	20	6
ACAATCGATAAC__0.57835225714__29	6	9	30	7	31	31	7	13	20	6
CTGATCGATTTG__0.5783251388352__21	2	8	7	7	31	31	7	30	36	9
CCAATCAATACT__0.578154255552282__27	8	9	30	7	8	9	30	13	6	11
ATAATCAATGAC__0.577974935770081__32	13	20	30	7	8	9	30	18	8	8
CTAATCAATTAA__0.577900882344137__32	18	20	30	7	8	9	30	30	20	20
TTAATCAATATG__0.577864126736173__32	20	20	30	7	8	9	30	13	13	18
TGTATCGATCGG__0.577743811540878__28	6	6	13	7	31	31	7	7	31	2
GGTATCGATACC__0.577640783902789__10	8	6	13	7	31	31	7	13	6	8
CCAATCGATCAT__0.57755776300929__20	8	9	30	7	31	31	7	7	8	18
CTTATCAATAAT__0.577317067288697__37	6	20	13	7	8	9	30	13	20	30
AGGATCAATATG__0.57724101957625__27	8	5	7	7	8	9	30	13	13	18
TTAATCAATAAA__0.577171053595904__50	20	20	30	7	8	9	30	13	20	36
TTGATCGATAAC__0.577030542906573__41	9	8	7	7	31	31	7	13	20	6
GGTATCGATCTT__0.57656130589717__28	8	6	13	7	31	31	7	7	9	6
TTGATCGATATG__0.57653503096348__30	9	8	7	7	31	31	7	13	13	18
AGTATCGATCGT__0.576120572938965__20	11	6	13	7	31	31	7	7	31	8
ACGATCAATACG__0.575862356437327__27	8	31	7	7	8	9	30	13	6	8
GTTATCGATAAA__0.575765960755279__45	6	20	13	7	31	31	7	13	20	36
CGCATCGATTAT__0.57572525590011__22	25	13	18	7	31	31	7	30	20	13
TGAATCGATTAC__0.57542227218301__26	8	12	30	7	31	31	7	30	20	6
CTAATCGATCCA__0.574954597229879__30	18	20	30	7	31	31	7	7	5	8
AATATCGATCGG__0.574827662409964__17	30	13	13	7	31	31	7	7	31	2
CTAATCAATGTT__0.574798833152299__20	18	20	30	7	8	9	30	18	6	6
GATATCGATCTT__0.57479604954033__20	7	13	13	7	31	31	7	7	9	6
TTGATCAATAAC__0.574603689430276__47	9	8	7	7	8	9	30	13	20	6
CCGATCAATAGT__0.574447431525785__21	2	31	7	7	8	9	30	13	18	11
ACTATCGATCTT__0.574418222611914__17	11	18	13	7	31	31	7	7	9	6
TAGATCGATAAG__0.574327452723248__27	18	9	7	7	31	31	7	13	20	6
CTGATCAATCAC__0.574215298075613__34	2	8	7	7	8	9	30	7	8	17
CTAATCGATTTA__0.574061949566721__21	18	20	30	7	31	31	7	30	36	20
CTGATCAATGAT__0.573699032717552__27	2	8	7	7	8	9	30	18	8	7
CTTATCAATACA__0.573522219906998__44	6	20	13	7	8	9	30	13	6	6
CGTATCGATCGT__0.573431661655621__21	8	6	13	7	31	31	7	7	31	8
AGGATCGATACC__0.573345126195858__31	8	5	7	7	31	31	7	13	6	8
CTGATCGATTGG__0.573197522907076__20	2	8	7	7	31	31	7	30	9	8
TAGATCGATATT__0.573173183367815__21	18	9	7	7	31	31	7	13	13	30
TTGATCGATACG__0.573011992331622__33	9	8	7	7	31	31	7	13	6	8
TGAATCGATTAG__0.572682128220699__22	8	12	30	7	31	31	7	30	20	18
ATTATCGATTGG__0.57263355959928__23	30	20	13	7	31	31	7	30	9	8
TTAATCGATCCG__0.571684549646254__29	20	20	30	7	31	31	7	7	5	2
ATAATCGATGAC__0.571604723424576__25	13	20	30	7	31	31	7	18	8	8
ATAATCAATCAC__0.571419736547943__32	13	20	30	7	8	9	30	7	8	17
TTCATCGATTAC__0.571338391594054__31	12	8	18	7	31	31	7	30	20	6
CAGATCAATAGG__0.571318279796726__22	2	9	7	7	8	9	30	13	18	8
ATGATCAATAGA__0.571070464889825__31	18	8	7	7	8	9	30	13	18	9
ATAATCAATGAT__0.570838705025025__25	13	20	30	7	8	9	30	18	8	7
GTTATCAATAAT__0.570718491123059__40	6	20	13	7	8	9	30	13	20	30
CATATCGATAAT__0.570713764072607__25	18	13	13	7	31	31	7	13	20	30
GAAATCGATTAT__0.570483302060309__18	12	36	30	7	31	31	7	30	20	13
CAGATCGATATA__0.570343488142644__23	2	9	7	7	31	31	7	13	13	13
GCGATCAATATT__0.570288155311029__24	25	31	7	7	8	9	30	13	13	30
AGGATCAATAGG__0.570077584880249__24	8	5	7	7	8	9	30	13	18	8
TTGATCAATATT__0.569565538473499__30	9	8	7	7	8	9	30	13	13	30
AGCATCGATTAT__0.569435726904351__19	25	13	18	7	31	31	7	30	20	13
AGGATCGATTAC__0.569282119064899__25	8	5	7	7	31	31	7	30	20	6
CAGATCGATTAC__0.569275732589728__22	2	9	7	7	31	31	7	30	20	6
CTAATCAATGTG__0.569274581136912__20	18	20	30	7	8	9	30	18	6	17
ATAATCAATTAT__0.569112799931588__22	13	20	30	7	8	9	30	30	20	13
TCGATCGATTAT__0.569085282237701__22	31	31	7	7	31	31	7	30	20	13
CTGATCGATAGC__0.569073922697264__25	2	8	7	7	31	31	7	13	18	25
GCGATCGATACT__0.568941827537684__23	25	31	7	7	31	31	7	13	6	11
CTAATCAATCGC__0.568757469338113__25	18	20	30	7	8	9	30	7	31	25
TTAATCAATAGG__0.568556257906765__28	20	20	30	7	8	9	30	13	18	8
GTAATCAATTGC__0.568275671104032__26	6	20	30	7	8	9	30	30	9	13
ACCATCGATTAT__0.567688883875309__16	8	8	18	7	31	31	7	30	20	13
ATAATCGATGGA__0.567588591692695__20	13	20	30	7	31	31	7	18	8	5
ACAATCGATAAT__0.567365548358625__21	6	9	30	7	31	31	7	13	20	30
CTAATCAATGGG__0.567330986904625__20	18	20	30	7	8	9	30	18	8	13
CTAATCAATGCT__0.566926406921493__23	18	20	30	7	8	9	30	18	13	25
GCGATCGATAAC__0.566923984267127__30	25	31	7	7	31	31	7	13	20	6
GGGATCAATACT__0.566789443677105__32	13	5	7	7	8	9	30	13	6	11
CTTATCGATGAT__0.566439571579546__25	6	20	13	7	31	31	7	18	8	7
GTGATCGATGAT__0.566264598320054__27	17	8	7	7	31	31	7	18	8	7
CTGATCGATAGA__0.566168351467538__25	2	8	7	7	31	31	7	13	18	9
GGGATCGATATG__0.565994347106705__27	13	5	7	7	31	31	7	13	13	18
CCGATCGATAAG__0.565966009825459__21	2	31	7	7	31	31	7	13	20	6
ATTATCGATAAA__0.565680564340944__36	30	20	13	7	31	31	7	13	20	36
GGTATCGATAAT__0.565605970852955__32	8	6	13	7	31	31	7	13	20	30
CGTATCGATACT__0.565505527387857__25	8	6	13	7	31	31	7	13	6	11
TTGATCGATCCG__0.565467649177885__30	9	8	7	7	31	31	7	7	5	2
ATAATCAATCGT__0.565387969330269__19	13	20	30	7	8	9	30	7	31	8
GGGATCGATTAT__0.565379322374181__27	13	5	7	7	31	31	7	30	20	13
CTAATCAATCAA__0.56529467744017__33	18	20	30	7	8	9	30	7	8	9
GTAATCAATGGA__0.565291261702195__27	6	20	30	7	8	9	30	18	8	5
CCAATCGATAAC__0.565260378629132__27	8	9	30	7	31	31	7	13	20	6
GTGATCGATTCG__0.565252831877165__24	17	8	7	7	31	31	7	30	12	31
ATGATCGATTGC__0.565181348252871__21	18	8	7	7	31	31	7	30	9	13
CTTATCAATACG__0.565005327156297__32	6	20	13	7	8	9	30	13	6	8
TTGATCAATAAG__0.564857257759221__37	9	8	7	7	8	9	30	13	20	6
CTAATCGATGTG__0.564837933995571__17	18	20	30	7	31	31	7	18	6	17
GGGATCGATAGT__0.564549898047484__25	13	5	7	7	31	31	7	13	18	11
CGGATCAATAGA__0.564531145503524__31	2	5	7	7	8	9	30	13	18	9
GAGATCGATAGT__0.56451228394443__17	8	9	7	7	31	31	7	13	18	11
TTGATCGATACT__0.564504541661576__29	9	8	7	7	31	31	7	13	6	11
TGGATCAATAAA__0.564440930745115__45	8	5	7	7	8	9	30	13	20	36
GGCATCGATTAC__0.564360186408441__26	45	13	18	7	31	31	7	30	20	6
TAAATCGATTAT__0.564359347503539__19	20	36	30	7	31	31	7	30	20	13
GTAATCAATTAA__0.563833626070525__31	6	20	30	7	8	9	30	30	20	20
CAGATCAATAGT__0.563639262483205__20	2	9	7	7	8	9	30	13	18	11
TAGATCAATACT__0.563635987628337__26	18	9	7	7	8	9	30	13	6	11
CTTATCAATAGT__0.563574469284222__26	6	20	13	7	8	9	30	13	18	11
CTAATCAATTGG__0.563553879389754__18	18	20	30	7	8	9	30	30	9	8
ATGATCAATGAT__0.563509920659941__24	18	8	7	7	8	9	30	18	8	7
AGGATCGATAGT__0.563498218575082__19	8	5	7	7	31	31	7	13	18	11
TGTATCGATCCA__0.563303327850951__35	6	6	13	7	31	31	7	7	5	8
GTTATCGATCGT__0.563249740922024__25	6	20	13	7	31	31	7	7	31	8
ATAATCAATGTA__0.563065421704074__23	13	20	30	7	8	9	30	18	6	6
TTGATCAATACG__0.563011822443823__34	9	8	7	7	8	9	30	13	6	8
CCAATCGATCCG__0.562726946761548__19	8	9	30	7	31	31	7	7	5	2
AATATCGATTTG__0.56253207186978__16	30	13	13	7	31	31	7	30	36	9
CTGATCAATGAC__0.562524630158684__29	2	8	7	7	8	9	30	18	8	8
CGGATCGATGGC__0.562499717300175__21	2	5	7	7	31	31	7	18	8	45
ATTATCGATATT__0.562435121225412__22	30	20	13	7	31	31	7	13	13	30
CTAATCGATGTT__0.562285116409945__16	18	20	30	7	31	31	7	18	6	6
CCGATCAATATA__0.562112332311784__26	2	31	7	7	8	9	30	13	13	13
AAGATCAATAGT__0.56191694433911__19	6	9	7	7	8	9	30	13	18	11
TAGATCAATAGT__0.561713952912772__22	18	9	7	7	8	9	30	13	18	11
ATGATCGATCCA__0.56166436902691__27	18	8	7	7	31	31	7	7	5	8
GCGATCAATACA__0.561568652669044__36	25	31	7	7	8	9	30	13	6	6
GAAATCGATTAC__0.561533910654896__20	12	36	30	7	31	31	7	30	20	6
ATAATCAATGGC__0.561148126103674__23	13	20	30	7	8	9	30	18	8	45
CCGATCAATACC__0.561053376529245__31	2	31	7	7	8	9	30	13	6	8
TAGATCGATTAG__0.560571253777905__20	18	9	7	7	31	31	7	30	20	18
ATAATCAATCAT__0.560547657433647__23	13	20	30	7	8	9	30	7	8	18
GTGATCGATGAG__0.560287623217864__26	17	8	7	7	31	31	7	18	8	8
ATGATCAATTAT__0.560195042847494__21	18	8	7	7	8	9	30	30	20	13
ATAATCAATGAA__0.560140510673568__30	13	20	30	7	8	9	30	18	8	12
GTAATCAATTGT__0.560095136062817__20	6	20	30	7	8	9	30	30	9	6
ATAATCGATCCA__0.559968871169583__26	13	20	30	7	31	31	7	7	5	8
CTTATCAATATG__0.559705650593661__27	6	20	13	7	8	9	30	13	13	18
CTGATCAATCAT__0.559632034630204__24	2	8	7	7	8	9	30	7	8	18
TTGATCGATATC__0.559630498008272__27	9	8	7	7	31	31	7	13	13	7
GCGATCAATAAC__0.559528426135696__35	25	31	7	7	8	9	30	13	20	6
GTAATCAATTAC__0.559477148067718__28	6	20	30	7	8	9	30	30	20	6
GGGATCAATACA__0.559179891136042__40	13	5	7	7	8	9	30	13	6	6
ACGATCAATACC__0.559125894248315__30	8	31	7	7	8	9	30	13	6	8
AAGATCAATACA__0.559098562429143__32	6	9	7	7	8	9	30	13	6	6
GAGATCAATAAT__0.55875643541251__26	8	9	7	7	8	9	30	13	20	30
TGTATCGATCAA__0.55866751754658__34	6	6	13	7	31	31	7	7	8	9
TGGATCAATAAG__0.558555980200417__34	8	5	7	7	8	9	30	13	20	6
GTGATCGATCTT__0.558043137986705__22	17	8	7	7	31	31	7	7	9	6
CTAATCGATGTA__0.557993078274338__19	18	20	30	7	31	31	7	18	6	6
TTGATCAATACA__0.557792975610018__41	9	8	7	7	8	9	30	13	6	6
CGTATCGATAAA__0.557715065973873__33	8	6	13	7	31	31	7	13	20	36
GTGATCGATCTA__0.557051249873064__25	17	8	7	7	31	31	7	7	9	18
CTTATCGATCTT__0.556931476567617__20	6	20	13	7	31	31	7	7	9	6
GAAATCGATAAT__0.556874891272243__20	12	36	30	7	31	31	7	13	20	30
GTTATCAATACG__0.556202642777159__34	6	20	13	7	8	9	30	13	6	8
GGGATCGATATA__0.555402691831628__28	13	5	7	7	31	31	7	13	13	13
ACGATCAATAGG__0.555353196591395__18	8	31	7	7	8	9	30	13	18	8
GGGATCGATACC__0.555228478768575__32	13	5	7	7	31	31	7	13	6	8
GAGATCAATATT__0.554993437645347__19	8	9	7	7	8	9	30	13	13	30
CGGATCAATGAC__0.554977878894138__28	2	5	7	7	8	9	30	18	8	8
CTAATCAATGCC__0.55496441445604__27	18	20	30	7	8	9	30	18	13	45
GCGATCAATACG__0.55479856101202__26	25	31	7	7	8	9	30	13	6	8
CCCATCGATTAT__0.554515959207613__15	13	8	18	7	31	31	7	30	20	13
GCGATCAATAAT__0.554483776046186__27	25	31	7	7	8	9	30	13	20	30
CTGATCGATCCA__0.554419770280216__26	2	8	7	7	31	31	7	7	5	8
CAGATCGATCGC__0.554354953956619__17	2	9	7	7	31	31	7	7	31	25
GGGATCGATACA__0.554285367439648__32	13	5	7	7	31	31	7	13	6	6
TTGATCAATATG__0.554253145754584__28	9	8	7	7	8	9	30	13	13	18
GTGATCAATCAT__0.554151766581964__27	17	8	7	7	8	9	30	7	8	18
GAGATCGATCGG__0.553951553032528__14	8	9	7	7	31	31	7	7	31	2
CAGATCAATATG__0.553932964120054__20	2	9	7	7	8	9	30	13	13	18
GGGATCGATACT__0.553915172589605__26	13	5	7	7	31	31	7	13	6	11
ATGATCGATGAC__0.553863433851782__22	18	8	7	7	31	31	7	18	8	8
GCGATCGATTAA__0.553738393942172__23	25	31	7	7	31	31	7	30	20	20
GTAATCAATGCT__0.553618751264596__23	6	20	30	7	8	9	30	18	13	25
TTAATCGATGAT__0.553492639659036__23	20	20	30	7	31	31	7	18	8	7
CTTATCGATATA__0.553447010708512__25	6	20	13	7	31	31	7	13	13	13
ATTATCAATACT__0.553406188147511__27	30	20	13	7	8	9	30	13	6	11
GGGATCAATATT__0.553219718104966__25	13	5	7	7	8	9	30	13	13	30
ACTATCGATAAG__0.552780878293129__20	11	18	13	7	31	31	7	13	20	6
CCGATCGATATG__0.552571851560293__15	2	31	7	7	31	31	7	13	13	18
GTAATCAATCAT__0.55198704826093__24	6	20	30	7	8	9	30	7	8	18
GAGATCAATACA__0.551865443839717__31	8	9	7	7	8	9	30	13	6	6
CAAATCGATCAT__0.551815443093427__16	9	36	30	7	31	31	7	7	8	18
CCAATCAATAAC__0.551754588055291__31	8	9	30	7	8	9	30	13	20	6
TAGATCAATAAT__0.551748550996127__26	18	9	7	7	8	9	30	13	20	30
ATAATCAATGGT__0.551666607712958__16	13	20	30	7	8	9	30	18	8	8
AGGATCAATACC__0.551580559367609__31	8	5	7	7	8	9	30	13	6	8
CTAATCAATGTC__0.551406282330071__18	18	20	30	7	8	9	30	18	6	8
AGGATCGATCAT__0.551298460899471__19	8	5	7	7	31	31	7	7	8	18
CTGATCAATTAA__0.551219278109386__26	2	8	7	7	8	9	30	30	20	20
AAGATCGATTAC__0.551188349117878__18	6	9	7	7	31	31	7	30	20	6
CAGATCAATACC__0.551080626063166__29	2	9	7	7	8	9	30	13	6	8
CGGATCAATCGG__0.550941225760969__18	2	5	7	7	8	9	30	7	31	2
GTAATCGATGCT__0.550870345651878__19	6	20	30	7	31	31	7	18	13	25
GTGATCAATTAA__0.550768635977659__30	17	8	7	7	8	9	30	30	20	20
CCGATCAATAAG__0.550677042958148__24	2	31	7	7	8	9	30	13	20	6
CAGATCAATAAA__0.550470387691731__33	2	9	7	7	8	9	30	13	20	36
GTAATCGATTGA__0.550461116471893__21	6	20	30	7	31	31	7	30	9	8
GTAATCAATGCA__0.550421050437753__30	6	20	30	7	8	9	30	18	13	13
AGTATCGATAAC__0.550288650741456__27	11	6	13	7	31	31	7	13	20	6
GTAATCAATCAG__0.550209502984218__24	6	20	30	7	8	9	30	7	8	2
AGGATCAATATA__0.550071631029891__26	8	5	7	7	8	9	30	13	13	13
TAGATCGATAAC__0.5498968837529__26	18	9	7	7	31	31	7	13	20	6
CAAATCGATAAG__0.549866207643089__19	9	36	30	7	31	31	7	13	20	6
GTGATCAATGTT__0.549830116110893__21	17	8	7	7	8	9	30	18	6	6
GTTATCAATAGT__0.549450635186607__27	6	20	13	7	8	9	30	13	18	11
GTGATCAATTAC__0.549304309662355__28	17	8	7	7	8	9	30	30	20	6
GTAATCAATGTC__0.548877410019659__20	6	20	30	7	8	9	30	18	6	8
AAGATCGATATG__0.548719425965489__15	6	9	7	7	31	31	7	13	13	18
GTGATCGATCCA__0.548702910836044__29	17	8	7	7	31	31	7	7	5	8
GCGATCAATACT__0.548615507583689__23	25	31	7	7	8	9	30	13	6	11
ATAATCAATCAG__0.548485275390924__21	13	20	30	7	8	9	30	7	8	2
GAGATCGATAAC__0.548472078656187__24	8	9	7	7	31	31	7	13	20	6
GATATCGATTTG__0.548407216467891__16	7	13	13	7	31	31	7	30	36	9
GTAATCAATGTG__0.548384210373118__19	6	20	30	7	8	9	30	18	6	17
GTAATCAATTAG__0.548296189474961__21	6	20	30	7	8	9	30	30	20	18
AGGATCGATTAG__0.548028718660088__18	8	5	7	7	31	31	7	30	20	18
AGGATCGATCAG__0.547783666532321__19	8	5	7	7	31	31	7	7	8	2
GTGATCGATTTA__0.547715673675__22	17	8	7	7	31	31	7	30	36	20
AAAATCGATTAT__0.547669726974189__14	36	36	30	7	31	31	7	30	20	13
GTAATCAATTGG__0.547566782436828__18	6	20	30	7	8	9	30	30	9	8
CGGATCAATGAT__0.547520536074642__22	2	5	7	7	8	9	30	18	8	7
TTAATCAATAGC__0.547455628924684__29	20	20	30	7	8	9	30	13	18	25
ATAATCAATTGC__0.547420647879882__19	13	20	30	7	8	9	30	30	9	13
CCAATCAATATT__0.546788934350645__17	8	9	30	7	8	9	30	13	13	30
ATAATCAATGAG__0.546755730907542__20	13	20	30	7	8	9	30	18	8	8
ACTATCGATAAC__0.546567426038001__23	11	18	13	7	31	31	7	13	20	6
GTGATCGATTTC__0.546493387069724__20	17	8	7	7	31	31	7	30	36	12
GAGATCGATTGT__0.546492590395293__13	8	9	7	7	31	31	7	30	9	6
GGGATCGATTAG__0.546322341386305__23	13	5	7	7	31	31	7	30	20	18
CTGATCGATTGT__0.546174888270116__15	2	8	7	7	31	31	7	30	9	6
CTAATCAATTGC__0.54613468054983__19	18	20	30	7	8	9	30	30	9	13
GTGATCGATTTG__0.54610641747152__20	17	8	7	7	31	31	7	30	36	9
TAGATCGATACC__0.545571143464763__24	18	9	7	7	31	31	7	13	6	8
CTAATCGATGTC__0.5452082745108__15	18	20	30	7	31	31	7	18	6	8
CTAATCAATTAG__0.545121281958162__18	18	20	30	7	8	9	30	30	20	18
CCGATCAATATC__0.545085102163129__18	2	31	7	7	8	9	30	13	13	7
TTGATCAATATC__0.544933273495918__26	9	8	7	7	8	9	30	13	13	7
GTAATCAATCGG__0.544759219148826__18	6	20	30	7	8	9	30	7	31	2
ATAATCAATGCA__0.544723138431892__26	13	20	30	7	8	9	30	18	13	13
TCGATCAATAAT__0.544686296848407__26	31	31	7	7	8	9	30	13	20	30
GTTATCAATACT__0.544498451625981__29	6	20	13	7	8	9	30	13	6	11
CTAATCAATGGC__0.544471328664249__20	18	20	30	7	8	9	30	18	8	45
TATATCGATAAC__0.544346667338572__27	13	13	13	7	31	31	7	13	20	6
CTGATCAATAGA__0.544313673636456__25	2	8	7	7	8	9	30	13	18	9
TGGATCAATAGC__0.544190269269965__29	8	5	7	7	8	9	30	13	18	25
TAGATCAATAAC__0.544076395874557__30	18	9	7	7	8	9	30	13	20	6
TTGATCGATCTG__0.544031764743425__21	9	8	7	7	31	31	7	7	9	2
CCTATCGATCAT__0.543431888112302__16	8	18	13	7	31	31	7	7	8	18
GTAATCAATGGC__0.543296676984771__22	6	20	30	7	8	9	30	18	8	45
CTTATCGATTGT__0.542717895590052__17	6	20	13	7	31	31	7	30	9	6
GTAATCAATGCG__0.542687836905432__22	6	20	30	7	8	9	30	18	13	25
ATGATCAATCGC__0.54263657978577__20	18	8	7	7	8	9	30	7	31	25
CGGATCAATCGT__0.54227187730693__17	2	5	7	7	8	9	30	7	31	8
ATAATCAATTAA__0.54204612845089__23	13	20	30	7	8	9	30	30	20	20
GAGATCGATACA__0.542026972779012__22	8	9	7	7	31	31	7	13	6	6
TATATCGATCCA__0.541934249033653__25	13	13	13	7	31	31	7	7	5	8
CGAATCGATTAT__0.541766077441641__14	31	12	30	7	31	31	7	30	20	13
CTAATCAATTTG__0.541737812388474__15	18	20	30	7	8	9	30	30	36	9
GGGATCAATACG__0.541628961033817__27	13	5	7	7	8	9	30	13	6	8
AGAATCGATTAC__0.541535584249932__16	9	12	30	7	31	31	7	30	20	6
ATTATCGATTTA__0.541496279989659__19	30	20	13	7	31	31	7	30	36	20
TTGATCAATTAT__0.541422830545138__23	9	8	7	7	8	9	30	30	20	13
CTGATCAATTGC__0.541371693176519__19	2	8	7	7	8	9	30	30	9	13
TTGATCAATACC__0.54134800805387__34	9	8	7	7	8	9	30	13	6	8
CTAATCAATTTA__0.541291939776058__18	18	20	30	7	8	9	30	30	36	20
AAGATCAATACC__0.541070709697212__26	6	9	7	7	8	9	30	13	6	8
GTAATCAATGCC__0.540960217133796__26	6	20	30	7	8	9	30	18	13	45
GTGATCAATGTG__0.5409209045397__20	17	8	7	7	8	9	30	18	6	17
AGGATCAATAGT__0.540861168435058__18	8	5	7	7	8	9	30	13	18	11
CCGATCAATATG__0.540736183802786__17	2	31	7	7	8	9	30	13	13	18
CTGATCAATGCT__0.540646967089884__19	2	8	7	7	8	9	30	18	13	25
TATATCGATCTT__0.540590546177689__17	13	13	13	7	31	31	7	7	9	6
CTGATCGATTTC__0.540376878207477__15	2	8	7	7	31	31	7	30	36	12
CAGATCAATATA__0.540223567921922__22	2	9	7	7	8	9	30	13	13	13
TGTATCGATTGT__0.540050550499765__20	6	6	13	7	31	31	7	30	9	6
TAGATCGATCAT__0.540007569018233__17	18	9	7	7	31	31	7	7	8	18
GTTATCAATAAC__0.539919285390066__36	6	20	13	7	8	9	30	13	20	6
TTGATCAATAAA__0.539577955783955__37	9	8	7	7	8	9	30	13	20	36
TGGATCAATATC__0.539253877676708__24	8	5	7	7	8	9	30	13	13	7
CAAATCAATACT__0.539230045836005__19	9	36	30	7	8	9	30	13	6	11
TCTATCGATCAT__0.539126676232679__19	9	18	13	7	31	31	7	7	8	18
GCGATCGATATC__0.539019813004652__17	25	31	7	7	31	31	7	13	13	7
ATAATCAATGGA__0.538960673142018__19	13	20	30	7	8	9	30	18	8	5
CAGATCGATTAT__0.538954968047768__14	2	9	7	7	31	31	7	30	20	13
CCGATCGATATC__0.538903096989717__14	2	31	7	7	31	31	7	13	13	7
ACGATCAATATT__0.538894997707362__15	8	31	7	7	8	9	30	13	13	30
GAGATCGATAAG__0.538558284989858__18	8	9	7	7	31	31	7	13	20	6
GAAATCGATAAC__0.538525162471627__21	12	36	30	7	31	31	7	13	20	6
GGTATCGATCGT__0.538281223962992__19	8	6	13	7	31	31	7	7	31	8
CTGATCGATTGC__0.538215956994602__17	2	8	7	7	31	31	7	30	9	13
AAGATCAATATC__0.537912886309999__17	6	9	7	7	8	9	30	13	13	7
TTAATCAATATA__0.537776812176499__27	20	20	30	7	8	9	30	13	13	13
ACAATCAATACT__0.53774566733109__18	6	9	30	7	8	9	30	13	6	11
AAGATCAATAAA__0.537713155278288__29	6	9	7	7	8	9	30	13	20	36
TAGATCGATTAT__0.537560667835828__16	18	9	7	7	31	31	7	30	20	13
CTTATCAATAGC__0.537508113204962__26	6	20	13	7	8	9	30	13	18	25
TTTATCGATAAG__0.537416134847512__28	36	20	13	7	31	31	7	13	20	6
GTAATCAATTGA__0.537386613957319__20	6	20	30	7	8	9	30	30	9	8
GCGATCGATATT__0.537383138360468__15	25	31	7	7	31	31	7	13	13	30
CAGATCGATCAG__0.537209890435071__15	2	9	7	7	31	31	7	7	8	2
TGTATCGATCTT__0.537045299586926__20	6	6	13	7	31	31	7	7	9	6
GTGATCGATAGA__0.537004897053046__23	17	8	7	7	31	31	7	13	18	9
ATAATCAATGTT__0.536729545161561__14	13	20	30	7	8	9	30	18	6	6
CAGATCAATAGC__0.536683123551437__21	2	9	7	7	8	9	30	13	18	25
CTGATCAATGGT__0.536682591286365__15	2	8	7	7	8	9	30	18	8	8
CGGATCAATCAT__0.536468557564928__20	2	5	7	7	8	9	30	7	8	18
GGGATCGATAAG__0.536379529989341__24	13	5	7	7	31	31	7	13	20	6
CCAATCAATAAT__0.536302589806919__21	8	9	30	7	8	9	30	13	20	30
GTGATCAATTAG__0.536190407991762__21	17	8	7	7	8	9	30	30	20	18
GTAATCAATCGT__0.536132622430044__17	6	20	30	7	8	9	30	7	31	8
GAGATCAATAGT__0.536098680659087__16	8	9	7	7	8	9	30	13	18	11
CGAATCGATCAT__0.535924632713225__14	31	12	30	7	31	31	7	7	8	18
GGTATCGATCCA__0.535711874709394__27	8	6	13	7	31	31	7	7	5	8
GTTATCAATACA__0.535507768739624__35	6	20	13	7	8	9	30	13	6	6
AAAATCGATAAG__0.535033266134005__16	36	36	30	7	31	31	7	13	20	6
CGTATCGATACA__0.534866935328247__24	8	6	13	7	31	31	7	13	6	6
GGGATCGATTAC__0.534836902120836__23	13	5	7	7	31	31	7	30	20	6
ACAATCGATCAT__0.534833344896267__13	6	9	30	7	31	31	7	7	8	18
ATGATCAATCGT__0.534822584331525__15	18	8	7	7	8	9	30	7	31	8
GTGATCAATCGT__0.534800500868225__19	17	8	7	7	8	9	30	7	31	8
GTGATCAATGAC__0.534703186571453__26	17	8	7	7	8	9	30	18	8	8
GAGATCGATATC__0.534676171554703__15	8	9	7	7	31	31	7	13	13	7
CTGATCGATCTT__0.5345325571655__14	2	8	7	7	31	31	7	7	9	6
TGGATCAATACC__0.534522403332525__31	8	5	7	7	8	9	30	13	6	8
ATAATCAATGCG__0.534075295469578__18	13	20	30	7	8	9	30	18	13	25
GTAATCGATCCA__0.533799549365295__23	6	20	30	7	31	31	7	7	5	8
CAGATCGATCGT__0.533600866408671__11	2	9	7	7	31	31	7	7	31	8
GAGATCGATTAG__0.533561643361709__14	8	9	7	7	31	31	7	30	20	18
CGTATCGATAGT__0.533393866364979__16	8	6	13	7	31	31	7	13	18	11
ACAATCAATAAC__0.532877933076677__25	6	9	30	7	8	9	30	13	20	6
AGGATCGATCGT__0.53266177517948__13	8	5	7	7	31	31	7	7	31	8
ACGATCAATAAG__0.532587429020526__20	8	31	7	7	8	9	30	13	20	6
CAGATCAATATT__0.53230500400783__15	2	9	7	7	8	9	30	13	13	30
CGGATCGATGAG__0.53208726489129__17	2	5	7	7	31	31	7	18	8	8
GTGATCAATGCG__0.532038180952521__22	17	8	7	7	8	9	30	18	13	25
GCAATCGATAAC__0.532035179191508__22	13	9	30	7	31	31	7	13	20	6
GTGATCGATCCT__0.531919087272168__20	17	8	7	7	31	31	7	7	5	8
TGGATCGATAGC__0.531527847629402__22	8	5	7	7	31	31	7	13	18	25
ATTATCGATTGC__0.531468017291383__18	30	20	13	7	31	31	7	30	9	13
AGGATCGATAAA__0.531010495186373__24	8	5	7	7	31	31	7	13	20	36
CATATCGATCGC__0.530893975202734__15	18	13	13	7	31	31	7	7	31	25
AGGATCAATATC__0.530800877280002__18	8	5	7	7	8	9	30	13	13	7
CGGATCAATTAG__0.530752558594826__17	2	5	7	7	8	9	30	30	20	18
CTAATCAATTCG__0.530473041895954__14	18	20	30	7	8	9	30	30	12	31
GGGATCGATCGT__0.530372193268079__17	13	5	7	7	31	31	7	7	31	8
GGGATCAATAAG__0.530280848849455__26	13	5	7	7	8	9	30	13	20	6
GAGATCGATCAT__0.530177467500419__14	8	9	7	7	31	31	7	7	8	18
TGTATCGATTGG__0.529949632456559__19	6	6	13	7	31	31	7	30	9	8
GTGATCGATCTC__0.529907106370069__18	17	8	7	7	31	31	7	7	9	8
GAAATCGATACT__0.529893329367395__14	12	36	30	7	31	31	7	13	6	11
GAAATCGATACG__0.529779605172668__15	12	36	30	7	31	31	7	13	6	8
CTGATCGATGAC__0.528950241675943__18	2	8	7	7	31	31	7	18	8	8
AAGATCAATATT__0.528872152724612__14	6	9	7	7	8	9	30	13	13	30
CCAATCGATTAA__0.528538133180609__16	8	9	30	7	31	31	7	30	20	20
TCGATCGATCCG__0.528408192817445__17	31	31	7	7	31	31	7	7	5	2
AATATCGATCGT__0.528361694042679__11	30	13	13	7	31	31	7	7	31	8
CTGATCAATCGC__0.528350429930578__18	2	8	7	7	8	9	30	7	31	25
CTGATCAATGCA__0.528158331467652__23	2	8	7	7	8	9	30	18	13	13
CGCATCGATCCG__0.528069283927542__16	25	13	18	7	31	31	7	7	5	2
TAGATCGATTAC__0.527837519411218__17	18	9	7	7	31	31	7	30	20	6
CTTATCAATAAA__0.527406622919193__31	6	20	13	7	8	9	30	13	20	36
GGAATCGATTAT__0.527404246297718__15	5	12	30	7	31	31	7	30	20	13
AGGATCAATAAA__0.527374263760523__28	8	5	7	7	8	9	30	13	20	36
CTGATCAATTAT__0.52732384929135__16	2	8	7	7	8	9	30	30	20	13
GGGATCAATATG__0.527128645895825__21	13	5	7	7	8	9	30	13	13	18
CGTATCGATATC__0.526725300527217__17	8	6	13	7	31	31	7	13	13	7
CTGATCAATCAG__0.526581922392493__18	2	8	7	7	8	9	30	7	8	2
GAGATCGATCAG__0.526503971387051__14	8	9	7	7	31	31	7	7	8	2
GGTATCGATAAC__0.526482596794629__26	8	6	13	7	31	31	7	13	20	6
ATAATCGATGTA__0.526418551096845__14	13	20	30	7	31	31	7	18	6	6
TGGATCAATATA__0.526183859184358__25	8	5	7	7	8	9	30	13	13	13
TAAATCGATCAT__0.526098378987642__14	20	36	30	7	31	31	7	7	8	18
ATGATCAATTGT__0.525923293244993__13	18	8	7	7	8	9	30	30	9	6
GAAATCGATATC__0.525857781932252__13	12	36	30	7	31	31	7	13	13	7
GCGATCAATAGT__0.525842973735703__16	25	31	7	7	8	9	30	13	18	11
CAGATCGATTAA__0.525735651884319__16	2	9	7	7	31	31	7	30	20	20
ATAATCAATGTC__0.525719233369592__14	13	20	30	7	8	9	30	18	6	8
CCTATCGATAAG__0.525400553457057__16	8	18	13	7	31	31	7	13	20	6
CGTATCGATATG__0.525270022468262__16	8	6	13	7	31	31	7	13	13	18
GCGATCGATAAG__0.524764755765278__17	25	31	7	7	31	31	7	13	20	6
GAAATCGATAAG__0.524680627387387__15	12	36	30	7	31	31	7	13	20	6
CGGATCGATGAC__0.524639787937263__18	2	5	7	7	31	31	7	18	8	8
CGTATCAATAAC__0.52462258108697__27	8	6	13	7	8	9	30	13	20	6
CTGATCAATTAC__0.524600610579343__19	2	8	7	7	8	9	30	30	20	6
CCTATCGATCCA__0.524549196210897__18	8	18	13	7	31	31	7	7	5	8
AATATCGATACG__0.524460249707645__15	30	13	13	7	31	31	7	13	6	8
CGAATCGATAAT__0.52444601551082__15	31	12	30	7	31	31	7	13	20	30
ATTATCAATAGT__0.524372942921717__18	30	20	13	7	8	9	30	13	18	11
ATTATCAATATT__0.524264884865477__18	30	20	13	7	8	9	30	13	13	30
CATATCGATTGG__0.524032271886502__12	18	13	13	7	31	31	7	30	9	8
ACAATCGATCGT__0.523987264537717__9	6	9	30	7	31	31	7	7	31	8
GTAATCGATGTA__0.523682186230141__16	6	20	30	7	31	31	7	18	6	6
TGCATCGATCAC__0.523219119646176__21	13	13	18	7	31	31	7	7	8	17
GTAATCAATGTA__0.523174972908896__18	6	20	30	7	8	9	30	18	6	6
GGGATCGATATC__0.523105495429272__19	13	5	7	7	31	31	7	13	13	7
CTAATCGATTGA__0.522684252215247__14	18	20	30	7	31	31	7	30	9	8
GTAATCAATCAA__0.522661251649469__24	6	20	30	7	8	9	30	7	8	9
GCGATCGATACG__0.522526189070318__16	25	31	7	7	31	31	7	13	6	8
AGTATCGATTGC__0.522418282895003__15	11	6	13	7	31	31	7	30	9	13
CGAATCGATATG__0.522244557024067__12	31	12	30	7	31	31	7	13	13	18
ACTATCGATCGT__0.521865570488405__10	11	18	13	7	31	31	7	7	31	8
ATTATCAATAAC__0.521732108703098__27	30	20	13	7	8	9	30	13	20	6
GAAATCGATTAA__0.521672674078489__15	12	36	30	7	31	31	7	30	20	20
CCGATCGATCAA__0.521655578788374__16	2	31	7	7	31	31	7	7	8	9
GCTATCGATAAG__0.521612801393455__18	25	18	13	7	31	31	7	13	20	6
CAAATCGATAAC__0.521445528237256__18	9	36	30	7	31	31	7	13	20	6
TTAATCGATTGC__0.521102550798269__17	20	20	30	7	31	31	7	30	9	13
GTGATCGATTGA__0.520910812119832__18	17	8	7	7	31	31	7	30	9	8
GAGATCGATATA__0.520846541848532__15	8	9	7	7	31	31	7	13	13	13
ATTATCAATACA__0.520567680171215__27	30	20	13	7	8	9	30	13	6	6
GTGATCAATCAC__0.520470756796901__24	17	8	7	7	8	9	30	7	8	17
TTTATCGATCCA__0.520447983196764__26	36	20	13	7	31	31	7	7	5	8
GTGATCAATAGA__0.520295210434288__23	17	8	7	7	8	9	30	13	18	9
GGTATCGATTGG__0.520281264659177__17	8	6	13	7	31	31	7	30	9	8
CAGATCGATAGC__0.520206455823903__14	2	9	7	7	31	31	7	13	18	25
GTAATCAATGTT__0.519990902840223__14	6	20	30	7	8	9	30	18	6	6
ACAATCGATACG__0.519753591104986__13	6	9	30	7	31	31	7	13	6	8
GGGATCGATAGG__0.519654029415928__17	13	5	7	7	31	31	7	13	18	8
CGGATCAATGCG__0.519586270743229__17	2	5	7	7	8	9	30	18	13	25
TAGATCAATAAG__0.519554887721454__20	18	9	7	7	8	9	30	13	20	6
ACAATCGATTAA__0.519259214974411__14	6	9	30	7	31	31	7	30	20	20
AGGATCGATTAA__0.519227118500666__17	8	5	7	7	31	31	7	30	20	20
TAGATCGATATA__0.519014409123748__16	18	9	7	7	31	31	7	13	13	13
GGGATCGATCAT__0.518958936584613__18	13	5	7	7	31	31	7	7	8	18
CGTATCAATACT__0.51872017707776__19	8	6	13	7	8	9	30	13	6	11
AACATCGATCCG__0.518349354407561__12	6	6	18	7	31	31	7	7	5	2
ATAATCAATGCC__0.518323921901988__19	13	20	30	7	8	9	30	18	13	45
TTTATCGATCTT__0.518045530248825__19	36	20	13	7	31	31	7	7	9	6
ATAATCAATCGG__0.51797552678173__12	13	20	30	7	8	9	30	7	31	2
CAAATCAATAGT__0.517839983236176__13	9	36	30	7	8	9	30	13	18	11
AAGATCAATAGG__0.517821769129632__13	6	9	7	7	8	9	30	13	18	8
ATAATCAATTAC__0.517701233303254__17	13	20	30	7	8	9	30	30	20	6
CCTATCGATAAC__0.517587982886228__18	8	18	13	7	31	31	7	13	20	6
CTTATCAATATT__0.517545146668377__17	6	20	13	7	8	9	30	13	13	30
TTGATCGATATA__0.51742816805697__20	9	8	7	7	31	31	7	13	13	13
CTTATCGATTGG__0.517406625163916__14	6	20	13	7	31	31	7	30	9	8
AGAATCGATCCG__0.517343726713083__12	9	12	30	7	31	31	7	7	5	2
GTGATCAATGGA__0.517193284629781__19	17	8	7	7	8	9	30	18	8	5
CACATCGATTAC__0.517133939888614__13	17	6	18	7	31	31	7	30	20	6
GGTATCGATACG__0.51695254512851__20	8	6	13	7	31	31	7	13	6	8
ACTATCGATTGG__0.516156320037992__10	11	18	13	7	31	31	7	30	9	8
TAGATCGATCAG__0.516127761334704__14	18	9	7	7	31	31	7	7	8	2
GAGATCGATTAA__0.516097733963325__15	8	9	7	7	31	31	7	30	20	20
GTAATCAATTCG__0.516038726677887__14	6	20	30	7	8	9	30	30	12	31
CGTATCGATAGG__0.516004822749046__14	8	6	13	7	31	31	7	13	18	8
ATTATCAATATC__0.515587630745666__18	30	20	13	7	8	9	30	13	13	7
CAGATCAATCAC__0.515586708002137__18	2	9	7	7	8	9	30	7	8	17
ATAATCAATGTG__0.515362092771062__12	13	20	30	7	8	9	30	18	6	17
AATATCGATAAA__0.515304982778583__19	30	13	13	7	31	31	7	13	20	36
CCGATCGATAAA__0.515283541622553__18	2	31	7	7	31	31	7	13	20	36
CTGATCAATGGG__0.515152571557719__13	2	8	7	7	8	9	30	18	8	13
ACGATCAATAGT__0.515118217499517__12	8	31	7	7	8	9	30	13	18	11
GAGATCAATACC__0.514856002529576__21	8	9	7	7	8	9	30	13	6	8
CGGATCGATGTG__0.514733302773406__12	2	5	7	7	31	31	7	18	6	17
CTAATCAATTTT__0.5147031856547__11	18	20	30	7	8	9	30	30	36	36
ATAATCAATCGC__0.514682521276223__15	13	20	30	7	8	9	30	7	31	25
CAGATCAATGCG__0.514641619246099__14	2	9	7	7	8	9	30	18	13	25
AATATCGATTGC__0.51438255679414__12	30	13	13	7	31	31	7	30	9	13
GTGATCAATGAA__0.514356286901111__23	17	8	7	7	8	9	30	18	8	12
GAAATCGATATG__0.514161318643431__11	12	36	30	7	31	31	7	13	13	18
ATGATCAATGAG__0.5138005542555__15	18	8	7	7	8	9	30	18	8	8
ATGATCAATCGG__0.513752209218377__12	18	8	7	7	8	9	30	7	31	2
GCAATCGATCCG__0.513499225202375__14	13	9	30	7	31	31	7	7	5	2
ATGATCGATCTT__0.513163903230572__11	18	8	7	7	31	31	7	7	9	6
TTGATCGATACC__0.513029475344363__22	9	8	7	7	31	31	7	13	6	8
TGTATCGATATC__0.512861898300754__18	6	6	13	7	31	31	7	13	13	7
CGAATCGATACT__0.512750889738933__12	31	12	30	7	31	31	7	13	6	11
CTGATCAATGTT__0.512489398106853__12	2	8	7	7	8	9	30	18	6	6
TTGATCAATAGG__0.512390845552051__18	9	8	7	7	8	9	30	13	18	8
TAAATCGATTAA__0.512338709577624__15	20	36	30	7	31	31	7	30	20	20
GTTATCAATAAG__0.512285416838508__24	6	20	13	7	8	9	30	13	20	6
ACCATCGATCCG__0.51228395125281__11	8	8	18	7	31	31	7	7	5	2
ATGATCAATCAT__0.512276458732684__15	18	8	7	7	8	9	30	7	8	18
ACGATCAATATC__0.512252178966919__13	8	31	7	7	8	9	30	13	13	7
TTAATCGATGTT__0.512009057536658__13	20	20	30	7	31	31	7	18	6	6
TGCATCGATTAT__0.511907265032793__15	13	13	18	7	31	31	7	30	20	13
GTTATCAATATT__0.511891627587427__19	6	20	13	7	8	9	30	13	13	30
CGGATCAATTGT__0.511825506655537__12	2	5	7	7	8	9	30	30	9	6
ACGATCAATATA__0.511650322686538__16	8	31	7	7	8	9	30	13	13	13
GTGATCGATCGA__0.511634065912931__17	17	8	7	7	31	31	7	7	31	31
GAAATCGATCAT__0.5115900101614__11	12	36	30	7	31	31	7	7	8	18
CTAATCAATCGA__0.511485222466364__15	18	20	30	7	8	9	30	7	31	31
ATGATCAATGTG__0.511401702396764__12	18	8	7	7	8	9	30	18	6	17
CAGATCGATCGG__0.51122261865598__9	2	9	7	7	31	31	7	7	31	2
CGCATCGATCAC__0.511198851200318__16	25	13	18	7	31	31	7	7	8	17
CTGATCAATGAG__0.510929407812746__15	2	8	7	7	8	9	30	18	8	8
CGGATCAATTGG__0.510870442877067__12	2	5	7	7	8	9	30	30	9	8
ACGATCAATAAA__0.510840561122615__22	8	31	7	7	8	9	30	13	20	36
GTTATCAATATG__0.51083326738918__20	6	20	13	7	8	9	30	13	13	18
GTTATCGATGAT__0.510792030093893__18	6	20	13	7	31	31	7	18	8	7
ATTATCGATATC__0.510616644546422__15	30	20	13	7	31	31	7	13	13	7
GTTATCGATAGC__0.510462872719492__19	6	20	13	7	31	31	7	13	18	25
GTGATCGATGAC__0.510364959694159__18	17	8	7	7	31	31	7	18	8	8
CGTATCGATTTT__0.510343708104367__12	8	6	13	7	31	31	7	30	36	36
GGGATCGATCAG__0.510270775498712__17	13	5	7	7	31	31	7	7	8	2
GAGATCGATACC__0.510241132307771__16	8	9	7	7	31	31	7	13	6	8
GTGATCAATGCT__0.510145000747345__17	17	8	7	7	8	9	30	18	13	25
TTGATCAATATA__0.51000792453463__22	9	8	7	7	8	9	30	13	13	13
CTGATCGATGTG__0.51000693544831__11	2	8	7	7	31	31	7	18	6	17
CGGATCAATGAA__0.509971567225528__20	2	5	7	7	8	9	30	18	8	12
GCGATCAATATC__0.509534762967856__15	25	31	7	7	8	9	30	13	13	7
AAAATCAATAAC__0.509239533207367__20	36	36	30	7	8	9	30	13	20	6
GATATCGATTGG__0.509208256291314__11	7	13	13	7	31	31	7	30	9	8
ATAATCGATCTT__0.509016616723514__10	13	20	30	7	31	31	7	7	9	6
ATGATCAATTAA__0.508895681591886__17	18	8	7	7	8	9	30	30	20	20
AAAATCGATACT__0.508878434674569__11	36	36	30	7	31	31	7	13	6	11
TAGATCGATAGC__0.508794448704591__14	18	9	7	7	31	31	7	13	18	25
CAGATCGATCAT__0.508506897578963__11	2	9	7	7	31	31	7	7	8	18
TAAATCGATAAC__0.508468033598882__17	20	36	30	7	31	31	7	13	20	6
GTAATCAATTTT__0.508365119856358__12	6	20	30	7	8	9	30	30	36	36
GTGATCGATGGT__0.508314557628187__13	17	8	7	7	31	31	7	18	8	8
TTAATCAATCAT__0.508204488121942__17	20	20	30	7	8	9	30	7	8	18
TTGATCGATTGT__0.507958187322788__14	9	8	7	7	31	31	7	30	9	6
ATGATCGATGGA__0.507928414880976__12	18	8	7	7	31	31	7	18	8	5
AAAATCGATCCG__0.507894031611692__11	36	36	30	7	31	31	7	7	5	2
CTAATCAATCGG__0.507648852902479__11	18	20	30	7	8	9	30	7	31	2
GGTATCGATTTG__0.507558681687985__15	8	6	13	7	31	31	7	30	36	9
TAGATCGATAAA__0.5075442311126__19	18	9	7	7	31	31	7	13	20	36
ATAATCAATTTC__0.507385068576175__11	13	20	30	7	8	9	30	30	36	12
CCGATCGATATA__0.507384075708914__12	2	31	7	7	31	31	7	13	13	13
CTAATCAATTCT__0.50735472667024__11	18	20	30	7	8	9	30	30	12	9
CCCATCGATCCG__0.507316293811565__11	13	8	18	7	31	31	7	7	5	2
ATAATCAATCAA__0.507078945928674__19	13	20	30	7	8	9	30	7	8	9
CGTATCAATACG__0.506955007151881__18	8	6	13	7	8	9	30	13	6	8
GTTATCGATGAC__0.506447443681805__19	6	20	13	7	31	31	7	18	8	8
CATATCGATGAG__0.506342195728603__12	18	13	13	7	31	31	7	18	8	8
AAAATCGATCAT__0.506216724091122__10	36	36	30	7	31	31	7	7	8	18
TTGATCGATTAA__0.506174741952918__19	9	8	7	7	31	31	7	30	20	20
CTTATCAATTAT__0.506148861667613__15	6	20	13	7	8	9	30	30	20	13
TAGATCAATAGC__0.50614138997161__17	18	9	7	7	8	9	30	13	18	25
GTGATCAATGGC__0.506130891145849__17	17	8	7	7	8	9	30	18	8	45
ACGATCAATGTT__0.506049042525371__9	8	31	7	7	8	9	30	18	6	6
ACGATCAATATG__0.505839248446135__12	8	31	7	7	8	9	30	13	13	18
CTGATCAATTAG__0.505653051985145__13	2	8	7	7	8	9	30	30	20	18
ATGATCGATGGG__0.505612976619429__10	18	8	7	7	31	31	7	18	8	13
GTGATCAATTGC__0.505115426558671__16	17	8	7	7	8	9	30	30	9	13
CTGATCGATCGA__0.504918399279946__13	2	8	7	7	31	31	7	7	31	31
TTTATCGATCGT__0.504831847280989__16	36	20	13	7	31	31	7	7	31	8
GTAATCGATGTC__0.504800850376305__12	6	20	30	7	31	31	7	18	6	8
TTAATCAATGTT__0.504638625747273__13	20	20	30	7	8	9	30	18	6	6
AGGATCGATATA__0.504559636407163__14	8	5	7	7	31	31	7	13	13	13
CGGATCAATTGA__0.504475295692862__14	2	5	7	7	8	9	30	30	9	8
AGTATCGATAAA__0.504240176801871__19	11	6	13	7	31	31	7	13	20	36
GGGATCAATATA__0.504089845400898__20	13	5	7	7	8	9	30	13	13	13
GTGATCGATGGG__0.50408425799727__13	17	8	7	7	31	31	7	18	8	13
CAAATCGATCCG__0.504028717848476__11	9	36	30	7	31	31	7	7	5	2
ATGATCGATTGA__0.504024408879439__12	18	8	7	7	31	31	7	30	9	8
TAGATCGATTTT__0.503958518136017__10	18	9	7	7	31	31	7	30	36	36
ATAATCAATTAG__0.503923018514769__12	13	20	30	7	8	9	30	30	20	18
GAAATCGATCCG__0.503738724785429__11	12	36	30	7	31	31	7	7	5	2
GTGATCAATCAG__0.503679273049503__17	17	8	7	7	8	9	30	7	8	2
AGGATCGATCCG__0.503609737893504__13	8	5	7	7	31	31	7	7	5	2
GTGATCAATGGG__0.50349325523361__14	17	8	7	7	8	9	30	18	8	13
AAGATCAATATG__0.503410802465116__12	6	9	7	7	8	9	30	13	13	18
CGGATCAATTAT__0.503245104072991__13	2	5	7	7	8	9	30	30	20	13
CGGATCAATTAA__0.503080611081884__17	2	5	7	7	8	9	30	30	20	20
CTTATCAATATC__0.50292324392858__16	6	20	13	7	8	9	30	13	13	7
TCTATCGATTAA__0.502883463650802__16	9	18	13	7	31	31	7	30	20	20
GAGATCAATAAG__0.502832404525423__16	8	9	7	7	8	9	30	13	20	6
TAAATCGATCCG__0.502503360883271__12	20	36	30	7	31	31	7	7	5	2
CGCATCGATTAA__0.502109073682364__14	25	13	18	7	31	31	7	30	20	20
ATCATCGATCAG__0.502061898498275__12	7	8	18	7	31	31	7	7	8	2
ATAATCGATTCT__0.501871115389112__9	13	20	30	7	31	31	7	30	12	9
AGGATCGATAGG__0.501736993275037__11	8	5	7	7	31	31	7	13	18	8
CGTATCAATACC__0.501668080670293__21	8	6	13	7	8	9	30	13	6	8
GAGATCGATTAC__0.501357900566788__12	8	9	7	7	31	31	7	30	20	6
CGGATCAATGAG__0.501020644200982__14	2	5	7	7	8	9	30	18	8	8
AGGATCAATAGC__0.500760333086605__16	8	5	7	7	8	9	30	13	18	25
ATGATCAATTAG__0.500660039003665__12	18	8	7	7	8	9	30	30	20	18
TCGATCGATAAT__0.500605289957171__14	31	31	7	7	31	31	7	13	20	30
CGAATCGATAAG__0.500523023970941__12	31	12	30	7	31	31	7	13	20	6
ATTATCGATATA__0.500389134376413__15	30	20	13	7	31	31	7	13	13	13
CGGATCGATGGA__0.500374720681414__12	2	5	7	7	31	31	7	18	8	5
ATTATCAATAAT__0.500370398395872__18	30	20	13	7	8	9	30	13	20	30
CGGATCGATAGA__0.500068703414336__14	2	5	7	7	31	31	7	13	18	9
TTAATCGATCTT__0.500043592128589__12	20	20	30	7	31	31	7	7	9	6
GGTATCGATATG__0.500001519818841__15	8	6	13	7	31	31	7	13	13	18
TGAATCGATTAT__0.49994191280133__11	8	12	30	7	31	31	7	30	20	13
GGGATCAATACC__0.499904361096862__22	13	5	7	7	8	9	30	13	6	8
GGGATCGATAAA__0.499545609434735__21	13	5	7	7	31	31	7	13	20	36
AAAATCGATCAA__0.499487256534039__13	36	36	30	7	31	31	7	7	8	9
TGGATCAATGTA__0.499289191316918__16	8	5	7	7	8	9	30	18	6	6
CCAATCAATACG__0.499122699469052__14	8	9	30	7	8	9	30	13	6	8
AAAATCGATAAC__0.499062250814283__14	36	36	30	7	31	31	7	13	20	6
GCAATCAATAAT__0.499053893702084__16	13	9	30	7	8	9	30	13	20	30
CAAATCGATTAA__0.498807201314651__12	9	36	30	7	31	31	7	30	20	20
ATCATCAATACT__0.498683739057959__14	7	8	18	7	8	9	30	13	6	11
TTCATCGATAAC__0.498683594879887__19	12	8	18	7	31	31	7	13	20	6
TGTATCGATATG__0.49858455655913__15	6	6	13	7	31	31	7	13	13	18
CCAATCAATACC__0.49854919915767__18	8	9	30	7	8	9	30	13	6	8
GGGATCAATAAA__0.498526693698703__24	13	5	7	7	8	9	30	13	20	36
GTGATCGATGGA__0.498525809144171__14	17	8	7	7	31	31	7	18	8	5
TTTATCAATACT__0.498233233650863__20	36	20	13	7	8	9	30	13	6	11
AGGATCAATGAT__0.498200468662516__13	8	5	7	7	8	9	30	18	8	7
CGAATCGATATC__0.498002706196599__10	31	12	30	7	31	31	7	13	13	7
CAAATCGATACG__0.497908980033307__11	9	36	30	7	31	31	7	13	6	8
GCGATCGATACC__0.497598666695017__15	25	31	7	7	31	31	7	13	6	8
CTTATCAATATA__0.49754251237081__18	6	20	13	7	8	9	30	13	13	13
ATGATCAATGTT__0.497437432381627__10	18	8	7	7	8	9	30	18	6	6
CGGATCAATTAC__0.497337803882398__15	2	5	7	7	8	9	30	30	20	6
GCGATCGATCGT__0.497301322665796__9	25	31	7	7	31	31	7	7	31	8
ATAATCAATTGA__0.497121145573691__12	13	20	30	7	8	9	30	30	9	8
CTGATCAATGTA__0.497089272660994__13	2	8	7	7	8	9	30	18	6	6
GTGATCGATTCT__0.496953658121715__12	17	8	7	7	31	31	7	30	12	9
CCTATCGATAAT__0.49693130017136__12	8	18	13	7	31	31	7	13	20	30
CAGATCGATAGG__0.496843281851191__9	2	9	7	7	31	31	7	13	18	8
ATGATCGATGAT__0.49671138443294__11	18	8	7	7	31	31	7	18	8	7
CGGATCAATCAC__0.496630262008131__17	2	5	7	7	8	9	30	7	8	17
TCAATCGATCCG__0.496609171541057__12	8	9	30	7	31	31	7	7	5	2
GCGATCAATATG__0.496516890184613__13	25	31	7	7	8	9	30	13	13	18
TTCATCGATCAC__0.49648978011044__17	12	8	18	7	31	31	7	7	8	17
TCGATCGATTAA__0.49643750725405__14	31	31	7	7	31	31	7	30	20	20
TAGATCAATATC__0.496352581364962__13	18	9	7	7	8	9	30	13	13	7
GAGATCGATAAA__0.49630198436591__16	8	9	7	7	31	31	7	13	20	36
GTGATCAATTCG__0.496233083564263__13	17	8	7	7	8	9	30	30	12	31
GAGATCGATGAT__0.496187902034807__10	8	9	7	7	31	31	7	18	8	7
ACCATCGATCAG__0.496171535702333__9	8	8	18	7	31	31	7	7	8	2
GCGATCAATAAA__0.496121614852664__21	25	31	7	7	8	9	30	13	20	36
GAGATCAATATC__0.496062592890944__12	8	9	7	7	8	9	30	13	13	7
CTTATCAATAGG__0.495836649759825__14	6	20	13	7	8	9	30	13	18	8
CAAATCAATAAC__0.495811321315559__18	9	36	30	7	8	9	30	13	20	6
CGGATCAATGGG__0.495671428715704__11	2	5	7	7	8	9	30	18	8	13
GTAATCAATCGC__0.495560007785178__14	6	20	30	7	8	9	30	7	31	25
AGTATCGATTTG__0.495557046953702__10	11	6	13	7	31	31	7	30	36	9
CTTATCGATGAG__0.495435982025553__13	6	20	13	7	31	31	7	18	8	8
TGCATCGATCCG__0.495254088105734__14	13	13	18	7	31	31	7	7	5	2
ATAATCAATGGG__0.495145460538367__10	13	20	30	7	8	9	30	18	8	13
CGAATCGATAAC__0.495009447626765__14	31	12	30	7	31	31	7	13	20	6
GTAATCAATTTG__0.494954353067465__11	6	20	30	7	8	9	30	30	36	9
CTGATCAATTGG__0.494819355460987__10	2	8	7	7	8	9	30	30	9	8
CAAATCGATATG__0.494274686509798__9	9	36	30	7	31	31	7	13	13	18
TAGATCAATACC__0.494250066907526__18	18	9	7	7	8	9	30	13	6	8
CAGATCGATTTA__0.49414772010762__9	2	9	7	7	31	31	7	30	36	20
GTGATCAATGAG__0.49407743636527__15	17	8	7	7	8	9	30	18	8	8
GTGATCGATGGC__0.49397634318046__13	17	8	7	7	31	31	7	18	8	45
TTCATCGATTAA__0.493590214129009__16	12	8	18	7	31	31	7	30	20	20
ATAATCAATTGT__0.493063478556399__9	13	20	30	7	8	9	30	30	9	6
TGGATCGATCGC__0.492921200867936__14	8	5	7	7	31	31	7	7	31	25
GCGATCAATACC__0.492875062562817__18	25	31	7	7	8	9	30	13	6	8
TTGATCGATCGC__0.492579707386935__14	9	8	7	7	31	31	7	7	31	25
AGAATCGATACG__0.492575915343571__10	9	12	30	7	31	31	7	13	6	8
TTAATCGATTGA__0.492555276528259__13	20	20	30	7	31	31	7	30	9	8
GATATCGATTTT__0.492508038017127__9	7	13	13	7	31	31	7	30	36	36
CTGATCGATTCT__0.492428016059434__9	2	8	7	7	31	31	7	30	12	9
TCGATCGATAAG__0.492406150435136__13	31	31	7	7	31	31	7	13	20	6
TTGATCGATAAA__0.492382125103955__20	9	8	7	7	31	31	7	13	20	36
GTGATCAATGTC__0.492200961546145__13	17	8	7	7	8	9	30	18	6	8
CGGATCAATGGA__0.491987997236017__13	2	5	7	7	8	9	30	18	8	5
CGAATCGATAAA__0.491972824987625__15	31	12	30	7	31	31	7	13	20	36
CTGATCGATTTT__0.491919897449142__9	2	8	7	7	31	31	7	30	36	36
TGTATCGATACT__0.491884735272349__15	6	6	13	7	31	31	7	13	6	11
GGGATCAATTGT__0.491866166685483__12	13	5	7	7	8	9	30	30	9	6
GGGATCAATATC__0.491772904340131__15	13	5	7	7	8	9	30	13	13	7
TTGATCGATAGC__0.491572899913355__15	9	8	7	7	31	31	7	13	18	25
GTTATCAATACC__0.491545003571201__22	6	20	13	7	8	9	30	13	6	8
TCGATCGATCAT__0.491512154185293__11	31	31	7	7	31	31	7	7	8	18
ACAATCAATAAT__0.491407403676766__13	6	9	30	7	8	9	30	13	20	30
TGTATCGATTTG__0.491401345926398__13	6	6	13	7	31	31	7	30	36	9
CAGATCGATCCG__0.491330606053823__10	2	9	7	7	31	31	7	7	5	2
ATTATCAATAAG__0.491276226245982__17	30	20	13	7	8	9	30	13	20	6
CGGATCAATCGA__0.490415659906266__13	2	5	7	7	8	9	30	7	31	31
TTAATCAATGAG__0.490260373470077__14	20	20	30	7	8	9	30	18	8	8
AATATCGATGAC__0.490164220720521__11	30	13	13	7	31	31	7	18	8	8
GTGATCGATGCT__0.490120283530316__12	17	8	7	7	31	31	7	18	13	25
CAAATCAATATC__0.490117686912672__11	9	36	30	7	8	9	30	13	13	7
AGTATCGATTGT__0.49001773714825__9	11	6	13	7	31	31	7	30	9	6
CTGATCAATGTG__0.489945783176602__10	2	8	7	7	8	9	30	18	6	17
GGTATCGATGAT__0.489898240215265__14	8	6	13	7	31	31	7	18	8	7
TTAATCGATCCA__0.489740537542104__16	20	20	30	7	31	31	7	7	5	8
ATGATCAATGGA__0.489740246405866__12	18	8	7	7	8	9	30	18	8	5
GTGATCAATGCA__0.48943760902886__18	17	8	7	7	8	9	30	18	13	13
TTAATCAATGAT__0.48937427419152__14	20	20	30	7	8	9	30	18	8	7
AGGATCGATTGG__0.489344056718788__9	8	5	7	7	31	31	7	30	9	8
ACAATCGATATA__0.489343726003161__10	6	9	30	7	31	31	7	13	13	13
CTTATCGATTGC__0.489216773896952__12	6	20	13	7	31	31	7	30	9	13
TGTATCGATCGT__0.489159523424576__12	6	6	13	7	31	31	7	7	31	8
GTGATCGATTCA__0.489101480212488__13	17	8	7	7	31	31	7	30	12	8
AGCATCGATCCG__0.489074949730628__10	25	13	18	7	31	31	7	7	5	2
TAGATCAATATT__0.489014987361478__11	18	9	7	7	8	9	30	13	13	30
TTGATCAATGAT__0.488887255937883__15	9	8	7	7	8	9	30	18	8	7
ATAATCAATTCT__0.488753773812316__9	13	20	30	7	8	9	30	30	12	9
TTAATCGATGAC__0.488633549926756__14	20	20	30	7	31	31	7	18	8	8
ATTATCGATTCT__0.488570453384692__10	30	20	13	7	31	31	7	30	12	9
CTGATCGATTTA__0.488489217019061__10	2	8	7	7	31	31	7	30	36	20
TTGATCAATGGT__0.488391238837457__12	9	8	7	7	8	9	30	18	8	8
TTGATCAATTGT__0.488283437967069__12	9	8	7	7	8	9	30	30	9	6
CGTATCGATGAC__0.488208360843713__13	8	6	13	7	31	31	7	18	8	8
ATTATCAATAAA__0.488184540817782__21	30	20	13	7	8	9	30	13	20	36
ATGATCAATTGC__0.488129870035161__11	18	8	7	7	8	9	30	30	9	13
CGTATCAATACA__0.487927299983044__19	8	6	13	7	8	9	30	13	6	6
AAAATCGATCAC__0.487880575119834__11	36	36	30	7	31	31	7	7	8	17
GGCATCGATTAT__0.487821664816815__11	45	13	18	7	31	31	7	30	20	13
GTTATCAATATC__0.487630577575578__16	6	20	13	7	8	9	30	13	13	7
CGGATCAATGTG__0.487583200960053__10	2	5	7	7	8	9	30	18	6	17
GCGATCAATCAT__0.487496049394892__12	25	31	7	7	8	9	30	7	8	18
TTCATCGATCAG__0.487125310194222__13	12	8	18	7	31	31	7	7	8	2
ATGATCAATGAA__0.487060955673444__15	18	8	7	7	8	9	30	18	8	12
TTGATCAATGTT__0.487051638681439__12	9	8	7	7	8	9	30	18	6	6
TTGATCAATTAC__0.487026473416925__16	9	8	7	7	8	9	30	30	20	6
CGAATCGATCAG__0.486980684398466__9	31	12	30	7	31	31	7	7	8	2
AGGATCAATAGA__0.486963655172433__14	8	5	7	7	8	9	30	13	18	9
GGGATCAATCGT__0.486901628384163__12	13	5	7	7	8	9	30	7	31	8
ACAATCAATAAG__0.486879259638772__13	6	9	30	7	8	9	30	13	20	6
TTTATCAATATT__0.486629973347746__16	36	20	13	7	8	9	30	13	13	30
ACAATCAATACA__0.486625976239473__16	6	9	30	7	8	9	30	13	6	6
AAAATCAATACT__0.486547446705403__11	36	36	30	7	8	9	30	13	6	11
TTGATCAATGCT__0.486414323875774__14	9	8	7	7	8	9	30	18	13	25
TTGATCAATAGC__0.486290096167161__17	9	8	7	7	8	9	30	13	18	25
CGTATCAATATT__0.486128016365748__12	8	6	13	7	8	9	30	13	13	30
CCGATCAATCAC__0.486015299541494__13	2	31	7	7	8	9	30	7	8	17
AGTATCGATGAC__0.485995804721329__12	11	6	13	7	31	31	7	18	8	8
TTGATCAATAGA__0.485809701304673__17	9	8	7	7	8	9	30	13	18	9
CCAATCGATAAA__0.485689115143052__14	8	9	30	7	31	31	7	13	20	36
ATGATCGATGAG__0.485658346812139__10	18	8	7	7	31	31	7	18	8	8
TGAATCGATTAA__0.485590796695061__12	8	12	30	7	31	31	7	30	20	20
GTCATCAATAAT__0.485520704649956__15	8	8	18	7	8	9	30	13	20	30
CTGATCAATCGA__0.485486297644002__12	2	8	7	7	8	9	30	7	31	31
TGCATCGATTAA__0.48544428405539__14	13	13	18	7	31	31	7	30	20	20
GAGATCAATAGG__0.485387510555605__10	8	9	7	7	8	9	30	13	18	8
ATCATCAATAAC__0.485302007450575__17	7	8	18	7	8	9	30	13	20	6
CCGATCAATATT__0.485147027605218__9	2	31	7	7	8	9	30	13	13	30
CTGATCAATGTC__0.48513293362615__10	2	8	7	7	8	9	30	18	6	8
TGGATCGATCGT__0.485099205397753__11	8	5	7	7	31	31	7	7	31	8
TGGATCAATGAT__0.484859678159823__14	8	5	7	7	8	9	30	18	8	7
CTGATCAATGAA__0.484779337234908__15	2	8	7	7	8	9	30	18	8	12
TAGATCAATACA__0.484677393705701__17	18	9	7	7	8	9	30	13	6	6
CAGATCGATAGA__0.484154879047146__10	2	9	7	7	31	31	7	13	18	9
CCGATCAATAAA__0.483627080958819__17	2	31	7	7	8	9	30	13	20	36
TTAATCAATTAT__0.483458850856343__12	20	20	30	7	8	9	30	30	20	13
ATGATCAATCAC__0.483246943204794__14	18	8	7	7	8	9	30	7	8	17
CGAATCGATCCG__0.483014519152006__9	31	12	30	7	31	31	7	7	5	2
TTGATCAATTAG__0.482818705607349__13	9	8	7	7	8	9	30	30	20	18
GGAATCGATAAC__0.482803751486923__14	5	12	30	7	31	31	7	13	20	6
CCCATCGATCAA__0.482734600972709__11	13	8	18	7	31	31	7	7	8	9
CCGATCGATAGC__0.482636071922774__9	2	31	7	7	31	31	7	13	18	25
TGGATCAATGGT__0.482534420762039__11	8	5	7	7	8	9	30	18	8	8
CAGATCAATGAG__0.482291092502726__10	2	9	7	7	8	9	30	18	8	8
ACTATCGATAAT__0.482127611056703__10	11	18	13	7	31	31	7	13	20	30
TTGATCAATCAC__0.481847513122112__17	9	8	7	7	8	9	30	7	8	17
GTGATCGATCCC__0.481818557534937__15	17	8	7	7	31	31	7	7	5	13
ATTATCGATAGC__0.481664329391474__12	30	20	13	7	31	31	7	13	18	25
CAGATCAATGAT__0.481580493933493__10	2	9	7	7	8	9	30	18	8	7
ATGATCAATGAC__0.481537268109183__13	18	8	7	7	8	9	30	18	8	8
TAGATCAATTAT__0.481416517652189__10	18	9	7	7	8	9	30	30	20	13
CAAATCAATATT__0.481362329534007__9	9	36	30	7	8	9	30	13	13	30
TTGATCAATGAC__0.481278743134221__16	9	8	7	7	8	9	30	18	8	8
CTGATCAATCAA__0.481155663913431__15	2	8	7	7	8	9	30	7	8	9
CGTATCGATATA__0.480902551896422__12	8	6	13	7	31	31	7	13	13	13
AAGATCAATATA__0.480884672732705__12	6	9	7	7	8	9	30	13	13	13
TTAATCAATGAC__0.480744388794532__15	20	20	30	7	8	9	30	18	8	8
CCAATCAATATC__0.480737757847909__10	8	9	30	7	8	9	30	13	13	7
TGGATCGATTTA__0.480684222812156__12	8	5	7	7	31	31	7	30	36	20
CATATCGATAAA__0.480481390387547__14	18	13	13	7	31	31	7	13	20	36
AGTATCGATGAG__0.48013837146986__10	11	6	13	7	31	31	7	18	8	8
AACATCGATCAC__0.48008542124699__10	6	6	18	7	31	31	7	7	8	17
CAGATCAATGCA__0.479926914499739__13	2	9	7	7	8	9	30	18	13	13
CGAATCGATTAA__0.479896564265913__10	31	12	30	7	31	31	7	30	20	20
TTAATCAATGGT__0.479831787436414__10	20	20	30	7	8	9	30	18	8	8
TTGATCGATTGG__0.479802642490931__11	9	8	7	7	31	31	7	30	9	8
ATGATCAATCGA__0.479743663179697__11	18	8	7	7	8	9	30	7	31	31
TAAATCAATAAC__0.479587453293538__16	20	36	30	7	8	9	30	13	20	6
ATGATCAATTTA__0.479578196692365__10	18	8	7	7	8	9	30	30	36	20
CTCATCAATAAT__0.47928586840032__13	8	8	18	7	8	9	30	13	20	30
CTTATCAATGTT__0.47889125278755__10	6	20	13	7	8	9	30	18	6	6
TTAATCAATTTG__0.478365018826047__10	20	20	30	7	8	9	30	30	36	9
ATGATCAATGCT__0.478326174595883__10	18	8	7	7	8	9	30	18	13	25
GCGATCGATAAA__0.478285856174747__14	25	31	7	7	31	31	7	13	20	36
CTAATCAATTGA__0.478230470097833__10	18	20	30	7	8	9	30	30	9	8
CTCATCAATAAC__0.478220277095101__16	8	8	18	7	8	9	30	13	20	6
TGGATCAATGGA__0.47801792288358__13	8	5	7	7	8	9	30	18	8	5
ATTATCGATGAC__0.478006174211135__12	30	20	13	7	31	31	7	18	8	8
CGGATCAATCAA__0.477778798382452__15	2	5	7	7	8	9	30	7	8	9
TTGATCGATCCC__0.477747571405613__15	9	8	7	7	31	31	7	7	5	13
TGGATCAATTAG__0.477736503171285__12	8	5	7	7	8	9	30	30	20	18
TGGATCAATCGT__0.477550333825352__11	8	5	7	7	8	9	30	7	31	8
TAGATCAATAGG__0.477456178437101__10	18	9	7	7	8	9	30	13	18	8
CTTATCGATTCT__0.477365305646108__9	6	20	13	7	31	31	7	30	12	9
CTTATCGATGAC__0.477322182524133__12	6	20	13	7	31	31	7	18	8	8
TAGATCAATAAA__0.476993419362933__17	18	9	7	7	8	9	30	13	20	36
CTGATCAATTTA__0.476738583324832__10	2	8	7	7	8	9	30	30	36	20
TAGATCGATTAA__0.476668035588376__11	18	9	7	7	31	31	7	30	20	20
CGGATCAATGGC__0.476631613702268__11	2	5	7	7	8	9	30	18	8	45
GTGATCAATGCC__0.476604195423797__15	17	8	7	7	8	9	30	18	13	45
CTGATCGATGGA__0.47627739712643__9	2	8	7	7	31	31	7	18	8	5
TGTATCGATAAA__0.476204804560222__17	6	6	13	7	31	31	7	13	20	36
ACGATCAATAGC__0.475884587145203__11	8	31	7	7	8	9	30	13	18	25
GGAATCGATCCG__0.475646187422661__10	5	12	30	7	31	31	7	7	5	2
GTCATCAATAAG__0.475587550050262__14	8	8	18	7	8	9	30	13	20	6
GGGATCGATCGG__0.475548591692325__10	13	5	7	7	31	31	7	7	31	2
ATCATCGATACG__0.475548099366554__10	7	8	18	7	31	31	7	13	6	8
GCGATCAATAAG__0.475403276461877__13	25	31	7	7	8	9	30	13	20	6
GAAATCGATATA__0.475059072976597__9	12	36	30	7	31	31	7	13	13	13
TATATCGATTTG__0.474821052430032__9	13	13	13	7	31	31	7	30	36	9
AAGATCAATGAT__0.47456700355458__9	6	9	7	7	8	9	30	18	8	7
GCGATCGATACA__0.474559301667562__12	25	31	7	7	31	31	7	13	6	6
CGGATCAATCAG__0.474399182588079__11	2	5	7	7	8	9	30	7	8	2
ATGATCAATGTA__0.474356321654222__10	18	8	7	7	8	9	30	18	6	6
TTAATCGATGGG__0.473871405530833__9	20	20	30	7	31	31	7	18	8	13
AAGATCAATAGC__0.473778870476597__11	6	9	7	7	8	9	30	13	18	25
GGAATCAATAGT__0.473690585188662__10	5	12	30	7	8	9	30	13	18	11
GTCATCAATACT__0.473503079676778__12	8	8	18	7	8	9	30	13	6	11
ATGATCAATGCA__0.473469089766278__13	18	8	7	7	8	9	30	18	13	13
AAGATCAATAGA__0.473095815560846__11	6	9	7	7	8	9	30	13	18	9
GTTATCAATAGG__0.473042197114911__13	6	20	13	7	8	9	30	13	18	8
ATGATCAATTAC__0.472802877251511__11	18	8	7	7	8	9	30	30	20	6
CGGATCAATGTC__0.472604069330853__9	2	5	7	7	8	9	30	18	6	8
GTGATCAATCGG__0.472577208137935__10	17	8	7	7	8	9	30	7	31	2
GGAATCGATCAT__0.472571806342947__9	5	12	30	7	31	31	7	7	8	18
ATTATCAATACG__0.472383823418422__13	30	20	13	7	8	9	30	13	6	8
CCAATCAATATG__0.472370247595652__9	8	9	30	7	8	9	30	13	13	18
TAGATCAATATG__0.472259493564937__10	18	9	7	7	8	9	30	13	13	18
GAAATCGATAAA__0.472119553193854__12	12	36	30	7	31	31	7	13	20	36
AGGATCAATCAT__0.47211704994492__10	8	5	7	7	8	9	30	7	8	18
CTTATCAATAAG__0.472091692520438__14	6	20	13	7	8	9	30	13	20	6
AGGATCAATGGA__0.471975563954591__10	8	5	7	7	8	9	30	18	8	5
ATGATCAATTCA__0.471518157966888__10	18	8	7	7	8	9	30	30	12	8
GGGATCGATTGG__0.471414509453922__10	13	5	7	7	31	31	7	30	9	8
GTGATCAATCGC__0.471111315755672__12	17	8	7	7	8	9	30	7	31	25
GGGATCAATGAT__0.47100323106291__12	13	5	7	7	8	9	30	18	8	7
CTCATCGATAAT__0.47093367989281__10	8	8	18	7	31	31	7	13	20	30
CAAATCAATACA__0.470748063482658__14	9	36	30	7	8	9	30	13	6	6
TGGATCAATCGG__0.470742171680783__10	8	5	7	7	8	9	30	7	31	2
CCAATCGATCCA__0.470392808462167__10	8	9	30	7	31	31	7	7	5	8
CTGATCAATGGC__0.47039164508867__10	2	8	7	7	8	9	30	18	8	45
CTGATCAATGCG__0.469973136936989__10	2	8	7	7	8	9	30	18	13	25
CCAATCAATACA__0.469918939913628__14	8	9	30	7	8	9	30	13	6	6
GTGATCAATCGA__0.469844997223917__12	17	8	7	7	8	9	30	7	31	31
GAGATCAATATG__0.469767945891531__9	8	9	7	7	8	9	30	13	13	18
CTGATCAATGGA__0.469659192422886__10	2	8	7	7	8	9	30	18	8	5
GTTATCGATGAG__0.469652779506351__12	6	20	13	7	31	31	7	18	8	8
GATATCGATACT__0.469588882273586__9	7	13	13	7	31	31	7	13	6	11
AAGATCAATCAC__0.469398444449431__11	6	9	7	7	8	9	30	7	8	17
CTGATCAATGCC__0.46926014662641__12	2	8	7	7	8	9	30	18	13	45
GGCATCGATCCG__0.469216177827392__10	45	13	18	7	31	31	7	7	5	2
CCAATCAATATA__0.469142467772145__11	8	9	30	7	8	9	30	13	13	13
TTAATCGATGTC__0.469086999890056__9	20	20	30	7	31	31	7	18	6	8
CGGATCAATGTA__0.468989867104344__10	2	5	7	7	8	9	30	18	6	6
GAGATCAATAAA__0.468842351962581__15	8	9	7	7	8	9	30	13	20	36
ATTATCAATGAG__0.468824068080078__11	30	20	13	7	8	9	30	18	8	8
CGTATCAATAGT__0.468817016694398__10	8	6	13	7	8	9	30	13	18	11
ATCATCGATCAA__0.468780600676298__11	7	8	18	7	31	31	7	7	8	9
TCGATCAATACT__0.468583401150963__11	31	31	7	7	8	9	30	13	6	11
GTTATCAATGAT__0.468441451297809__13	6	20	13	7	8	9	30	18	8	7
TAGATCAATACG__0.468310084110087__11	18	9	7	7	8	9	30	13	6	8
CTTATCAATGAG__0.468210671663212__11	6	20	13	7	8	9	30	18	8	8
TTGATCAATGGC__0.468060641766889__12	9	8	7	7	8	9	30	18	8	45
GAGATCAATGGA__0.467962700523153__9	8	9	7	7	8	9	30	18	8	5
CAAATCAATAAG__0.467487315165515__11	9	36	30	7	8	9	30	13	20	6
TCGATCAATAAC__0.467372906158366__15	31	31	7	7	8	9	30	13	20	6
CGGATCAATCGC__0.467043285227864__10	2	5	7	7	8	9	30	7	31	25
CTTATCAATCAT__0.466879747857105__11	6	20	13	7	8	9	30	7	8	18
TGCATCGATCAG__0.46682736527169__10	13	13	18	7	31	31	7	7	8	2
TTAATCAATGCA__0.466708470951206__14	20	20	30	7	8	9	30	18	13	13
ACGATCGATCAA__0.466332837393274__9	8	31	7	7	31	31	7	7	8	9
TTGATCGATAGG__0.466274102186087__10	9	8	7	7	31	31	7	13	18	8
CTAATCAATCCT__0.466123392117182__9	18	20	30	7	8	9	30	7	5	8
TGTATCGATTGC__0.465706006849442__11	6	6	13	7	31	31	7	30	9	13
CCGATCAATAGC__0.465475847523714__10	2	31	7	7	8	9	30	13	18	25
CTCATCAATACT__0.464849989838371__10	8	8	18	7	8	9	30	13	6	11
GTGATCAATTGG__0.464811647704467__9	17	8	7	7	8	9	30	30	9	8
GCAATCAATAAC__0.464745094938841__14	13	9	30	7	8	9	30	13	20	6
GTGATCAATGTA__0.464686554597959__11	17	8	7	7	8	9	30	18	6	6
TGGATCGATCGG__0.464625802185555__9	8	5	7	7	31	31	7	7	31	2
GGGATCAATGGT__0.464471991181811__9	13	5	7	7	8	9	30	18	8	8
TTAATCAATCAG__0.464359790670418__11	20	20	30	7	8	9	30	7	8	2
ACAATCAATAAA__0.464355341722409__14	6	9	30	7	8	9	30	13	20	36
TGTATCGATATT__0.464164658218599__10	6	6	13	7	31	31	7	13	13	30
CTCATCGATACG__0.464122998459968__9	8	8	18	7	31	31	7	13	6	8
TCGATCAATATT__0.464065107132102__9	31	31	7	7	8	9	30	13	13	30
AAAATCGATCCA__0.463726008776143__9	36	36	30	7	31	31	7	7	5	8
ACAATCAATACC__0.463528876508692__12	6	9	30	7	8	9	30	13	6	8
GGTATCGATACT__0.463502931437348__11	8	6	13	7	31	31	7	13	6	11
GGCATCGATCAG__0.463207032293662__9	45	13	18	7	31	31	7	7	8	2
ATGATCAATGGC__0.463133535503241__9	18	8	7	7	8	9	30	18	8	45
CAAATCAATAAT__0.462811685606051__10	9	36	30	7	8	9	30	13	20	30
GCGATCAATAGC__0.462720757227153__11	25	31	7	7	8	9	30	13	18	25
GGGATCAATGCG__0.462590926144391__11	13	5	7	7	8	9	30	18	13	25
TTCATCGATAAT__0.462075098419595__11	12	8	18	7	31	31	7	13	20	30
GTTATCAATAGA__0.462056843118396__14	6	20	13	7	8	9	30	13	18	9
CGTATCAATATG__0.462046144823459__10	8	6	13	7	8	9	30	13	13	18
TAGATCAATGAT__0.461932700404205__9	18	9	7	7	8	9	30	18	8	7
ATAATCAATTCC__0.461926069611809__9	13	20	30	7	8	9	30	30	12	5
CGTATCAATATA__0.461831944503466__12	8	6	13	7	8	9	30	13	13	13
CTCATCAATACC__0.461675123195646__13	8	8	18	7	8	9	30	13	6	8
TTAATCAATTGA__0.461435490064184__10	20	20	30	7	8	9	30	30	9	8
CCAATCAATAGC__0.461372247881541__10	8	9	30	7	8	9	30	13	18	25
GGTATCGATTTT__0.461264052796656__9	8	6	13	7	31	31	7	30	36	36
TGGATCGATTTC__0.461146044743978__9	8	5	7	7	31	31	7	30	36	12
ATCATCGATCCC__0.461045490553306__10	7	8	18	7	31	31	7	7	5	13
ATGATCAATCAG__0.460962689756931__9	18	8	7	7	8	9	30	7	8	2
GTGATCGATTCC__0.460874410620746__10	17	8	7	7	31	31	7	30	12	5
GTTATCAATATA__0.460481882393831__14	6	20	13	7	8	9	30	13	13	13
GCAATCAATATC__0.460417351055626__9	13	9	30	7	8	9	30	13	13	7
TTGATCAATGAG__0.460386434286245__11	9	8	7	7	8	9	30	18	8	8
TTAATCAATTAA__0.460346014464917__12	20	20	30	7	8	9	30	30	20	20
AAAATCAATACG__0.460198246766583__9	36	36	30	7	8	9	30	13	6	8
TGGATCGATGAT__0.460108703503732__10	8	5	7	7	31	31	7	18	8	7
AAAATCGATACA__0.459500029530483__9	36	36	30	7	31	31	7	13	6	6
GGTATCAATACT__0.459448903124583__12	8	6	13	7	8	9	30	13	6	11
GGGATCAATAGG__0.458923409101085__10	13	5	7	7	8	9	30	13	18	8
CTTATCAATGGC__0.458869035979992__10	6	20	13	7	8	9	30	18	8	45
TGGATCGATGAG__0.458742102317452__10	8	5	7	7	31	31	7	18	8	8
CTAATCAATCCA__0.458213838433111__11	18	20	30	7	8	9	30	7	5	8
GGTATCGATATA__0.458171490988834__11	8	6	13	7	31	31	7	13	13	13
ACAATCGATAAA__0.457943417460648__10	6	9	30	7	31	31	7	13	20	36
TAAATCAATACT__0.457749120378947__9	20	36	30	7	8	9	30	13	6	11
TTTATCGATTTA__0.457452277836155__11	36	20	13	7	31	31	7	30	36	20
CAAATCAATACG__0.457307036019948__9	9	36	30	7	8	9	30	13	6	8
TTAATCAATGGA__0.457270564237383__10	20	20	30	7	8	9	30	18	8	5
TGTATCGATATA__0.457225259433146__11	6	6	13	7	31	31	7	13	13	13
CGTATCGATAGC__0.45702920952749__9	8	6	13	7	31	31	7	13	18	25
TTGATCAATTCG__0.456829569624517__9	9	8	7	7	8	9	30	30	12	31
CCGATCAATGAC__0.456808365431809__9	2	31	7	7	8	9	30	18	8	8
TCGATCAATATG__0.456695925473476__9	31	31	7	7	8	9	30	13	13	18
GGTATCGATGAG__0.456673560143159__10	8	6	13	7	31	31	7	18	8	8
ACGATCAATAGA__0.456498266345745__9	8	31	7	7	8	9	30	13	18	9
CTTATCAATCAC__0.456281766815646__12	6	20	13	7	8	9	30	7	8	17
CGAATCGATACA__0.455744555468449__9	31	12	30	7	31	31	7	13	6	6
GTTATCAATAGC__0.45565856090222__13	6	20	13	7	8	9	30	13	18	25
GTGATCGATGTA__0.45559771184416__9	17	8	7	7	31	31	7	18	6	6
TTCATCGATACG__0.455544796913955__10	12	8	18	7	31	31	7	13	6	8
TGTATCGATGAG__0.455324281816294__10	6	6	13	7	31	31	7	18	8	8
GGGATCGATTAA__0.455253296364014__11	13	5	7	7	31	31	7	30	20	20
TTAATCAATCAC__0.454680440943817__12	20	20	30	7	8	9	30	7	8	17
TGTATCAATACG__0.453947587180044__12	6	6	13	7	8	9	30	13	6	8
GAAATCAATAAT__0.453927949511017__9	12	36	30	7	8	9	30	13	20	30
CTTATCAATGAC__0.453387835153727__11	6	20	13	7	8	9	30	18	8	8
GTTATCAATGGT__0.453123665398425__9	6	20	13	7	8	9	30	18	8	8
TGGATCAATGCG__0.453025686241789__10	8	5	7	7	8	9	30	18	13	25
ATTATCAATAGC__0.453020118157364__11	30	20	13	7	8	9	30	13	18	25
ACGATCAATCAC__0.452935249488485__9	8	31	7	7	8	9	30	7	8	17
GTCATCAATACA__0.452705388177864__13	8	8	18	7	8	9	30	13	6	6
CGGATCAATGCA__0.45265299745241__11	2	5	7	7	8	9	30	18	13	13
GAAATCAATATA__0.451894891000005__9	12	36	30	7	8	9	30	13	13	13
TTTATCAATAGT__0.451793149424708__11	36	20	13	7	8	9	30	13	18	11
GGTATCGATTTA__0.451667783557963__9	8	6	13	7	31	31	7	30	36	20
GTTATCAATGTT__0.451630630690384__9	6	20	13	7	8	9	30	18	6	6
TGGATCGATGTA__0.451610607931642__9	8	5	7	7	31	31	7	18	6	6
CTTATCGATAGA__0.451522249420008__9	6	20	13	7	31	31	7	13	18	9
CGAATCAATACC__0.450937610760328__11	31	12	30	7	8	9	30	13	6	8
TTAATCAATAGA__0.450467394568841__11	20	20	30	7	8	9	30	13	18	9
TCGATCGATAAC__0.450460725762347__10	31	31	7	7	31	31	7	13	20	6
TGTATCGATTTA__0.450231366427596__9	6	6	13	7	31	31	7	30	36	20
AGTATCAATAAC__0.450118517357979__12	11	6	13	7	8	9	30	13	20	6
TTGATCGATCTA__0.449970088610335__9	9	8	7	7	31	31	7	7	9	18
TCGATCAATACC__0.449751808434758__12	31	31	7	7	8	9	30	13	6	8
GAAATCAATACA__0.449714190382753__11	12	36	30	7	8	9	30	13	6	6
CGGATCAATGCC__0.449545393263175__10	2	5	7	7	8	9	30	18	13	45
TGGATCAATTAA__0.449480613081838__11	8	5	7	7	8	9	30	30	20	20
TTCATCAATAAT__0.449396901391513__11	12	8	18	7	8	9	30	13	20	30
TTGATCAATCAG__0.44910878112167__10	9	8	7	7	8	9	30	7	8	2
CTCATCGATCAA__0.448974828110556__9	8	8	18	7	31	31	7	7	8	9
GTGATCAATCAA__0.448739536506913__12	17	8	7	7	8	9	30	7	8	9
TGGATCAATTTA__0.448709276211794__9	8	5	7	7	8	9	30	30	36	20
CTTATCAATGCG__0.448647297689514__9	6	20	13	7	8	9	30	18	13	25
CCAATCAATAAG__0.448561221194617__9	8	9	30	7	8	9	30	13	20	6
TTAATCAATGGC__0.448231216832732__9	20	20	30	7	8	9	30	18	8	45
TTTATCAATAAC__0.448098306094148__15	36	20	13	7	8	9	30	13	20	6
CGTATCAATAAT__0.44734685745552__10	8	6	13	7	8	9	30	13	20	30
GTTATCAATAAA__0.447124316637717__15	6	20	13	7	8	9	30	13	20	36
AAAATCAATACC__0.446557276776208__10	36	36	30	7	8	9	30	13	6	8
TTTATCGATTGC__0.446303292862346__10	36	20	13	7	31	31	7	30	9	13
TTGATCAATTGC__0.446299648183541__9	9	8	7	7	8	9	30	30	9	13
CGTATCAATAAA__0.445988814739873__13	8	6	13	7	8	9	30	13	20	36
ATGATCAATCAA__0.445703269281845__10	18	8	7	7	8	9	30	7	8	9
GGTATCGATACA__0.445495175253665__11	8	6	13	7	31	31	7	13	6	6
TGAATCGATAAC__0.444806160861959__9	8	12	30	7	31	31	7	13	20	6
GGTATCGATAAA__0.444634690240881__12	8	6	13	7	31	31	7	13	20	36
GGGATCAATCAT__0.44429924692092__9	13	5	7	7	8	9	30	7	8	18
CGTATCAATAAG__0.444264406748463__10	8	6	13	7	8	9	30	13	20	6
GGGATCAATCGC__0.444221391887544__9	13	5	7	7	8	9	30	7	31	25
TGGATCAATCAC__0.444185688532954__11	8	5	7	7	8	9	30	7	8	17
GTGATCAATTCA__0.443932330045834__9	17	8	7	7	8	9	30	30	12	8
CATATCAATACA__0.443641733751268__11	18	13	13	7	8	9	30	13	6	6
TCAATCAATAAT__0.443544651240788__9	8	9	30	7	8	9	30	13	20	30
AAGATCAATCAA__0.443362673037158__9	6	9	7	7	8	9	30	7	8	9
CTCATCAATATA__0.443284205378104__9	8	8	18	7	8	9	30	13	13	13
GGCATCGATCAA__0.443206419323842__9	45	13	18	7	31	31	7	7	8	9
GTTATCAATGCA__0.443009657044949__12	6	20	13	7	8	9	30	18	13	13
CTCATCAATACA__0.442835727670682__11	8	8	18	7	8	9	30	13	6	6
TGTATCAATAGT__0.442835032827616__9	6	6	13	7	8	9	30	13	18	11
AAAATCAATACA__0.442621779070383__10	36	36	30	7	8	9	30	13	6	6
TTTATCAATAAT__0.442585616709925__12	36	20	13	7	8	9	30	13	20	30
TGGATCAATCGA__0.442261138094236__9	8	5	7	7	8	9	30	7	31	31
AGGATCAATCAC__0.442224484631123__9	8	5	7	7	8	9	30	7	8	17
TGTATCAATACT__0.442185006181767__10	6	6	13	7	8	9	30	13	6	11
CTCATCAATAAG__0.441798210163105__9	8	8	18	7	8	9	30	13	20	6
GGGATCAATTAA__0.44175976294579__10	13	5	7	7	8	9	30	30	20	20
GTTATCAATTAT__0.441728326797122__9	6	20	13	7	8	9	30	30	20	13
TTGATCAATGCG__0.441132957980257__9	9	8	7	7	8	9	30	18	13	25
ATAATCAATCCA__0.440966673714275__9	13	20	30	7	8	9	30	7	5	8
GGGATCAATAGC__0.44057213229121__10	13	5	7	7	8	9	30	13	18	25
TTAATCAATTAC__0.439952593370319__9	20	20	30	7	8	9	30	30	20	6
AGGATCAATGCA__0.439773400444103__9	8	5	7	7	8	9	30	18	13	13
GGTATCGATGAC__0.439386252995958__9	8	6	13	7	31	31	7	18	8	8
CGAATCAATAAC__0.439308165449721__10	31	12	30	7	8	9	30	13	20	6
ATCATCAATACC__0.439223802426337__10	7	8	18	7	8	9	30	13	6	8
GTCATCAATAAC__0.438814543390108__11	8	8	18	7	8	9	30	13	20	6
ATTATCAATACC__0.438379576634251__11	30	20	13	7	8	9	30	13	6	8
TGTATCAATATG__0.437331691993218__9	6	6	13	7	8	9	30	13	13	18
TTTATCAATACC__0.437301658740899__13	36	20	13	7	8	9	30	13	6	8
TGGATCAATTAC__0.436521502884771__9	8	5	7	7	8	9	30	30	20	6
GTTATCAATGAG__0.436140218916077__9	6	20	13	7	8	9	30	18	8	8
CTTATCAATTAA__0.436041921147005__9	6	20	13	7	8	9	30	30	20	20
ATCATCAATACA__0.435601984010477__10	7	8	18	7	8	9	30	13	6	6
CTTATCAATCAA__0.435321628028657__10	6	20	13	7	8	9	30	7	8	9
GTTATCAATCAT__0.434953267633815__9	6	20	13	7	8	9	30	7	8	18
TTCATCAATACG__0.43489766596101__9	12	8	18	7	8	9	30	13	6	8
TGGATCAATGAA__0.434487474944801__10	8	5	7	7	8	9	30	18	8	12
GCAATCAATACA__0.43368201776106__10	13	9	30	7	8	9	30	13	6	6
TTAATCAATCAA__0.433392469379116__10	20	20	30	7	8	9	30	7	8	9
GGGATCAATGAC__0.432147436865005__9	13	5	7	7	8	9	30	18	8	8
TTGATCAATGCA__0.431687877538041__10	9	8	7	7	8	9	30	18	13	13
CCAATCAATAAA__0.43064511133124__10	8	9	30	7	8	9	30	13	20	36
GGAATCAATACA__0.430469635834891__10	5	12	30	7	8	9	30	13	6	6
TGGATCAATAGA__0.430222495872718__9	8	5	7	7	8	9	30	13	18	9
TTGATCAATTAA__0.429363829728114__9	9	8	7	7	8	9	30	30	20	20
GTTATCAATTAC__0.428510121922586__9	6	20	13	7	8	9	30	30	20	6
GTTATCAATCAC__0.428426992420831__10	6	20	13	7	8	9	30	7	8	17
GGGATCAATGCA__0.42582788559238__9	13	5	7	7	8	9	30	18	13	13
TCAATCAATAAA__0.425057033205689__10	8	9	30	7	8	9	30	13	20	36
TGTATCAATAAC__0.420566051698168__10	6	6	13	7	8	9	30	13	20	6
CTCATCAATAAA__0.418388829824709__9	8	8	18	7	8	9	30	13	20	36
TTTATCAATAGC__0.417786406536509__9	36	20	13	7	8	9	30	13	18	25
TTTATCAATACA__0.412072362580613__10	36	20	13	7	8	9	30	13	6	6
