GTCCCGGATTATGA__1__52	4	22	42	42	43	42	22	0	5	14	0	42	22
GTCCCGGATTATTC__0.960802850656328__47	4	22	42	42	43	42	22	0	5	14	0	5	22
GTCCCGGATTATTT__0.953916274921006__41	4	22	42	42	43	42	22	0	5	14	0	5	5
GTCCCGGATTATTG__0.944895328612343__39	4	22	42	42	43	42	22	0	5	14	0	5	42
AACCCGGATGTAGA__0.940544782074766__20	5	4	42	42	43	42	22	0	42	4	14	9	22
GTCCCGGATTATCG__0.923136884960631__39	4	22	42	42	43	42	22	0	5	14	0	22	43
GTCCCGGATCATGT__0.916015723298596__36	4	22	42	42	43	42	22	0	22	42	0	42	4
GTCCCGGATTTGAG__0.914383167391755__32	4	22	42	42	43	42	22	0	5	5	42	22	9
AACCCGGATGTAAT__0.911106925114029__20	5	4	42	42	43	42	22	0	42	4	14	5	0
AACCCGGATGTGGT__0.905207970054594__14	5	4	42	42	43	42	22	0	42	4	42	42	4
AACCCGGATGTAAA__0.888271865139848__20	5	4	42	42	43	42	22	0	42	4	14	5	5
AACCCGGATGTTGT__0.885971301152214__14	5	4	42	42	43	42	22	0	42	4	5	42	4
CACCCGGATGTAGC__0.885151062793566__18	42	4	42	42	43	42	22	0	42	4	14	9	25
AACCCGGATGTGGG__0.883033512765173__12	5	4	42	42	43	42	22	0	42	4	42	42	42
AACCCGGATGTACA__0.88250122425321__24	5	4	42	42	43	42	22	0	42	4	14	4	42
GTCCCGGATCATAT__0.881762688050049__32	4	22	42	42	43	42	22	0	22	42	0	14	0
CACCCGGATGTAAA__0.876293458643166__18	42	4	42	42	43	42	22	0	42	4	14	5	5
GTCCCGGATCATGG__0.876230377683941__28	4	22	42	42	43	42	22	0	22	42	0	42	42
CACCCGGATGTTGC__0.875920500553519__16	42	4	42	42	43	42	22	0	42	4	5	42	25
GTCCCGGATTATTA__0.875376909918638__31	4	22	42	42	43	42	22	0	5	14	0	5	14
AAACCGGATGTGGG__0.873481449114935__15	5	5	4	42	43	42	22	0	42	4	42	42	42
GTCCCGGATCATCT__0.867987828769578__33	4	22	42	42	43	42	22	0	22	42	0	22	9
AACCCGGATGTAAG__0.863518851310402__15	5	4	42	42	43	42	22	0	42	4	14	5	9
GTCCCGGATCATTC__0.863392992503515__35	4	22	42	42	43	42	22	0	22	42	0	5	22
GACCCGGATGTGGG__0.859793474334415__14	22	4	42	42	43	42	22	0	42	4	42	42	42
AACCCGGATGTAAC__0.856779056765553__21	5	4	42	42	43	42	22	0	42	4	14	5	4
AACCCGGATGTGCG__0.856471007719848__14	5	4	42	42	43	42	22	0	42	4	42	25	43
GTCCCGGATCATGA__0.848229495254797__27	4	22	42	42	43	42	22	0	22	42	0	42	22
GTCCCGGATTATCA__0.845627342801033__31	4	22	42	42	43	42	22	0	5	14	0	22	42
AACCCGGATGTAGT__0.844648114721724__12	5	4	42	42	43	42	22	0	42	4	14	9	4
TAACCGGATGTAGG__0.837621701588554__17	14	5	4	42	43	42	22	0	42	4	14	9	42
CACCCGGATGTATC__0.836587596850475__14	42	4	42	42	43	42	22	0	42	4	14	0	22
AACCCGGATGTGTC__0.833547593531908__12	5	4	42	42	43	42	22	0	42	4	42	4	22
AACCCGGATGTACG__0.827647877349107__14	5	4	42	42	43	42	22	0	42	4	14	4	43
GTCCCGGATTAGAG__0.827172149998589__23	4	22	42	42	43	42	22	0	5	14	9	22	9
AAACCGGATGTTGA__0.822408439157245__14	5	5	4	42	43	42	22	0	42	4	5	42	22
AACCCGGATGTGTG__0.819018346145589__10	5	4	42	42	43	42	22	0	42	4	42	4	42
GTCCCGGATTATCT__0.818429763677127__24	4	22	42	42	43	42	22	0	5	14	0	22	9
GGGAGGGAGGGGGG__0.818286168177688__160	42	42	22	9	42	42	22	9	42	42	42	42	42
AACCCGGATGTGCT__0.817649594543334__12	5	4	42	42	43	42	22	0	42	4	42	25	9
AACCCGGATGTGAA__0.815270779585886__12	5	4	42	42	43	42	22	0	42	4	42	22	5
GTCCCGGATTAGTC__0.813593525212117__23	4	22	42	42	43	42	22	0	5	14	9	4	22
GTCCCGGATTATGT__0.810910331572901__21	4	22	42	42	43	42	22	0	5	14	0	42	4
AACCCGGATGTTCA__0.808755339151775__12	5	4	42	42	43	42	22	0	42	4	5	22	42
AACCCGGATGTCGT__0.806034317523809__10	5	4	42	42	43	42	22	0	42	4	22	43	4
GACCCGGATGTAAC__0.805634812738295__19	22	4	42	42	43	42	22	0	42	4	14	5	4
CAGCAGGAAGAAGT__0.804015666080247__20	42	9	25	42	9	42	22	5	9	22	5	9	4
CACCCGGATGTAGG__0.803859447667812__9	42	4	42	42	43	42	22	0	42	4	14	9	42
GTCCCGGATCAGTA__0.801633438319315__22	4	22	42	42	43	42	22	0	22	42	9	4	14
TACCCGGATGTAGT__0.798836617776959__11	14	4	42	42	43	42	22	0	42	4	14	9	4
GTCCCGGATCAGAG__0.797021335682947__20	4	22	42	42	43	42	22	0	22	42	9	22	9
TACCCGGATGTCGG__0.795238167146115__10	14	4	42	42	43	42	22	0	42	4	22	43	42
TCGCCGGATTATTC__0.795205947724984__23	22	43	25	42	43	42	22	0	5	14	0	5	22
AACCCGGATGTGCC__0.791527860523532__13	5	4	42	42	43	42	22	0	42	4	42	25	42
GAACCGGATGTAGG__0.790856906572199__15	22	5	4	42	43	42	22	0	42	4	14	9	42
CACCCGGATGTACG__0.790774598395191__11	42	4	42	42	43	42	22	0	42	4	14	4	43
GTCCCGGATTATAG__0.790604887491882__19	4	22	42	42	43	42	22	0	5	14	0	14	9
GAACCGGATGTGTG__0.788613867983444__14	22	5	4	42	43	42	22	0	42	4	42	4	42
CACCCGGATGTGTA__0.786632055152858__9	42	4	42	42	43	42	22	0	42	4	42	4	14
GTCCCGGATCATAG__0.782012155103979__19	4	22	42	42	43	42	22	0	22	42	0	14	9
CAACCGGATGTAGC__0.781263546198018__12	42	5	4	42	43	42	22	0	42	4	14	9	25
CACCCGGATGTGCG__0.779779278014462__9	42	4	42	42	43	42	22	0	42	4	42	25	43
GACCCGGATGTACA__0.779475791379197__17	22	4	42	42	43	42	22	0	42	4	14	4	42
AACCCGGATGTACC__0.778397605387101__17	5	4	42	42	43	42	22	0	42	4	14	4	42
CACCCGGATGTTAA__0.77823288790977__9	42	4	42	42	43	42	22	0	42	4	5	14	5
GTCCCGGATTATGG__0.774788118200501__17	4	22	42	42	43	42	22	0	5	14	0	42	42
AACCCGGATGCATG__0.77371420133252__12	5	4	42	42	43	42	22	0	42	25	42	0	42
AACCCGGATGTGAC__0.773522966688229__11	5	4	42	42	43	42	22	0	42	4	42	22	4
AACCCGGATGTAGC__0.771738267138737__11	5	4	42	42	43	42	22	0	42	4	14	9	25
CACCCGGATGCGTC__0.769353976575355__11	42	4	42	42	43	42	22	0	42	25	43	4	22
GGGGGGGAGGGAGG__0.764098773668896__218	42	42	42	42	42	42	22	9	42	42	22	9	42
CTCCCGGATTATGA__0.763520692594051__11	9	22	42	42	43	42	22	0	5	14	0	42	22
CACCCGGATGTGCA__0.763517405965964__10	42	4	42	42	43	42	22	0	42	4	42	25	42
GACCCGGATGTAAA__0.763317374368687__13	22	4	42	42	43	42	22	0	42	4	14	5	5
TACCCGGATGTGGC__0.763169748035236__10	14	4	42	42	43	42	22	0	42	4	42	42	25
TACCCGGATGTGGA__0.7618706282549__9	14	4	42	42	43	42	22	0	42	4	42	42	22
AAGCCGGATGTAGC__0.760445950837796__16	5	9	25	42	43	42	22	0	42	4	14	9	25
AACCCGGATGTACT__0.759429379767077__11	5	4	42	42	43	42	22	0	42	4	14	4	9
AACCCGGATATGAA__0.757682743739928__12	5	4	42	42	43	42	22	0	14	0	42	22	5
ATCCCGGATGTAGT__0.757517797970782__9	0	22	42	42	43	42	22	0	42	4	14	9	4
AACCCGGATGTCGA__0.757098121547679__9	5	4	42	42	43	42	22	0	42	4	22	43	22
GAGCCGGATGTGGT__0.756011683875416__15	22	9	25	42	43	42	22	0	42	4	42	42	4
AACCCGGATGTGCA__0.754713623461083__10	5	4	42	42	43	42	22	0	42	4	42	25	42
AACCCGGATGCACG__0.754382011243361__14	5	4	42	42	43	42	22	0	42	25	42	4	43
GTCCCGGATCATCA__0.753662381606601__19	4	22	42	42	43	42	22	0	22	42	0	22	42
TACCCGGATGTGCA__0.753525803237036__11	14	4	42	42	43	42	22	0	42	4	42	25	42
TCGCCGGATTATCT__0.75337836501451__18	22	43	25	42	43	42	22	0	5	14	0	22	9
GTCCCGGATCATTA__0.753367631042572__18	4	22	42	42	43	42	22	0	22	42	0	5	14
AACCCGGATGCTGT__0.751962121903436__9	5	4	42	42	43	42	22	0	42	25	9	42	4
GTCCCGGATCATTT__0.750761451183481__17	4	22	42	42	43	42	22	0	22	42	0	5	5
AAACCGGATGTAGC__0.749917314732033__12	5	5	4	42	43	42	22	0	42	4	14	9	25
CACCCGGATGTACA__0.749392205135535__12	42	4	42	42	43	42	22	0	42	4	14	4	42
CTCCCGGATCATGT__0.746621068805852__10	9	22	42	42	43	42	22	0	22	42	0	42	4
CACCCGGATGTCAA__0.744734749479868__9	42	4	42	42	43	42	22	0	42	4	22	42	5
TAACCGGATGTGCG__0.744530117333999__11	14	5	4	42	43	42	22	0	42	4	42	25	43
GAACCGGATGTGGC__0.743823632213327__12	22	5	4	42	43	42	22	0	42	4	42	42	25
CTCCCGGATGTTGC__0.742709762400356__9	9	22	42	42	43	42	22	0	42	4	5	42	25
CACCCGGATGCGCT__0.741176251353139__11	42	4	42	42	43	42	22	0	42	25	43	25	9
TACCCGGATGTACG__0.739426750033848__10	14	4	42	42	43	42	22	0	42	4	14	4	43
CACCCGGATGCAAA__0.738813922307389__13	42	4	42	42	43	42	22	0	42	25	42	5	5
GACCCGGATGTTGA__0.738744425998711__9	22	4	42	42	43	42	22	0	42	4	5	42	22
GACCCGGATGTAGG__0.738356262173133__9	22	4	42	42	43	42	22	0	42	4	14	9	42
TACCCGGATGCACA__0.738068973684715__17	14	4	42	42	43	42	22	0	42	25	42	4	42
GAACCGGATGTGAA__0.736230954876857__12	22	5	4	42	43	42	22	0	42	4	42	22	5
GTCCCGGATTAGTT__0.735224071013356__15	4	22	42	42	43	42	22	0	5	14	9	4	5
TTCCCGGATTATTC__0.734817534238631__13	5	22	42	42	43	42	22	0	5	14	0	5	22
GTCCCGGATTATGC__0.734331789585946__17	4	22	42	42	43	42	22	0	5	14	0	42	25
TACCCGGATGTTAC__0.734053593754485__10	14	4	42	42	43	42	22	0	42	4	5	14	4
AACCCGGATGCTAT__0.733531218831775__10	5	4	42	42	43	42	22	0	42	25	9	14	0
GACCCGGATGTAGA__0.730824479657994__9	22	4	42	42	43	42	22	0	42	4	14	9	22
CAACCGGATGTGCA__0.728760999640025__9	42	5	4	42	43	42	22	0	42	4	42	25	42
AAGCCGGATGTGCT__0.728424563086306__12	5	9	25	42	43	42	22	0	42	4	42	25	9
TACCCGGATGTAAA__0.727333884485211__10	14	4	42	42	43	42	22	0	42	4	14	5	5
GTCCCGGATCATGC__0.72654190418682__17	4	22	42	42	43	42	22	0	22	42	0	42	25
GAACCGGATGTTAG__0.726329759776687__10	22	5	4	42	43	42	22	0	42	4	5	14	9
CTCCCGGATGTAAC__0.726253422371865__11	9	22	42	42	43	42	22	0	42	4	14	5	4
ATCCCGGATGTAAA__0.725621205592226__10	0	22	42	42	43	42	22	0	42	4	14	5	5
GAACCGGATGTCCG__0.724654464135132__12	22	5	4	42	43	42	22	0	42	4	22	42	43
TCGCCGGATCATTA__0.724418377187612__16	22	43	25	42	43	42	22	0	22	42	0	5	14
GAACCGGATGTGGG__0.724231029300116__9	22	5	4	42	43	42	22	0	42	4	42	42	42
AAACCGGATGTACT__0.722867987181442__11	5	5	4	42	43	42	22	0	42	4	14	4	9
CAACCGGATGTACC__0.722708034916024__13	42	5	4	42	43	42	22	0	42	4	14	4	42
TCGCCGGATTATTA__0.722123085169862__15	22	43	25	42	43	42	22	0	5	14	0	5	14
GTCCCGGATCAGTC__0.721093775763872__15	4	22	42	42	43	42	22	0	22	42	9	4	22
GGTGGGGAGGGGGG__0.720227625019351__152	42	4	42	42	42	42	22	9	42	42	42	42	42
TCGCCGGATCATTT__0.720119744353344__15	22	43	25	42	43	42	22	0	22	42	0	5	5
TTCCCGGATTATGA__0.718938828446868__11	5	22	42	42	43	42	22	0	5	14	0	42	22
AAGCCGGATGTAGA__0.718891505644266__11	5	9	25	42	43	42	22	0	42	4	14	9	22
CACCCGGATGCACC__0.718242175684548__17	42	4	42	42	43	42	22	0	42	25	42	4	42
GTCCCGGATTATCC__0.717412815111698__18	4	22	42	42	43	42	22	0	5	14	0	22	42
GTCCCGGATTATAT__0.715845647112515__13	4	22	42	42	43	42	22	0	5	14	0	14	0
GGCGGGGAGGGGGG__0.715537656425378__92	42	25	43	42	42	42	22	9	42	42	42	42	42
GTCCCGGATCATAA__0.712599492921783__15	4	22	42	42	43	42	22	0	22	42	0	14	5
GTCCCGGATTATAA__0.712123423702938__14	4	22	42	42	43	42	22	0	5	14	0	14	5
GAACCGGATGTGCG__0.711055928881619__10	22	5	4	42	43	42	22	0	42	4	42	25	43
TCGCCGGATTATGT__0.710966255123737__13	22	43	25	42	43	42	22	0	5	14	0	42	4
TCGCCGGATTATTG__0.709673803466311__13	22	43	25	42	43	42	22	0	5	14	0	5	42
GTCCCGGATTAGTA__0.707263086327639__14	4	22	42	42	43	42	22	0	5	14	9	4	14
AAACCGGATATCCG__0.705082385104798__12	5	5	4	42	43	42	22	0	14	0	22	42	43
CAACCGGATGTACA__0.703365524349782__10	42	5	4	42	43	42	22	0	42	4	14	4	42
TAACCGGATGTGAA__0.700506281849339__9	14	5	4	42	43	42	22	0	42	4	42	22	5
AACCCGGATATGCT__0.699488971843846__9	5	4	42	42	43	42	22	0	14	0	42	25	9
AACCCGGATACACA__0.699122137833001__18	5	4	42	42	43	42	22	0	14	4	42	4	42
GTCCCGGATTATAC__0.6982707456214__14	4	22	42	42	43	42	22	0	5	14	0	14	4
GAACCGGATGTTCG__0.698232303235901__9	22	5	4	42	43	42	22	0	42	4	5	22	43
CAGCCGGATGTCCG__0.697562895327832__10	42	9	25	42	43	42	22	0	42	4	22	42	43
GTCCCGGATTCATT__0.696636915910916__13	4	22	42	42	43	42	22	0	5	22	42	0	5
GTCCCGGATCAGTT__0.696173870748494__11	4	22	42	42	43	42	22	0	22	42	9	4	5
CACCCGGATACGCC__0.695663079346585__16	42	4	42	42	43	42	22	0	14	4	43	25	42
GAACCGGATGTATA__0.695555967621769__10	22	5	4	42	43	42	22	0	42	4	14	0	14
GGAGGGGAGGGGGG__0.695377116344433__86	42	22	9	42	42	42	22	9	42	42	42	42	42
AACCCGGATGCAAT__0.691845672859565__9	5	4	42	42	43	42	22	0	42	25	42	5	0
GAGCCGGATGTGGG__0.691809046772441__10	22	9	25	42	43	42	22	0	42	4	42	42	42
GACCCGGATGTACC__0.690348122489974__12	22	4	42	42	43	42	22	0	42	4	14	4	42
CAACCGGATGTAAC__0.687856668829149__9	42	5	4	42	43	42	22	0	42	4	14	5	4
CACCCGGATACAAA__0.687502460259633__14	42	4	42	42	43	42	22	0	14	4	42	5	5
CACCCGGATGTACC__0.686756598769096__10	42	4	42	42	43	42	22	0	42	4	14	4	42
AACCCGGATATCCG__0.684563623745527__9	5	4	42	42	43	42	22	0	14	0	22	42	43
ACACAGGAAAACGT__0.684360040579779__9	4	42	4	42	9	42	22	5	5	5	4	43	4
GTCCCGGATTAGGA__0.684115238156028__10	4	22	42	42	43	42	22	0	5	14	9	42	22
TACCCGGATGTACC__0.68364094188994__11	14	4	42	42	43	42	22	0	42	4	14	4	42
GTCCCGGATTAATC__0.682946132921162__14	4	22	42	42	43	42	22	0	5	14	5	0	22
GGGCGGGAAGGGGG__0.682873421237283__46	42	42	25	43	42	42	22	5	9	42	42	42	42
AACCCGGATCTACC__0.681151983762642__12	5	4	42	42	43	42	22	0	22	9	14	4	42
GAGCCGGATGTTGT__0.681102709234782__10	22	9	25	42	43	42	22	0	42	4	5	42	4
TCGCCGGATCATCT__0.680891619320214__13	22	43	25	42	43	42	22	0	22	42	0	22	9
AACCCGGATACAAG__0.680164829012946__10	5	4	42	42	43	42	22	0	14	4	42	5	9
AAGCAGGAAGAAGT__0.679769859628371__11	5	9	25	42	9	42	22	5	9	22	5	9	4
CAACCGGATGTCCA__0.679650385629661__9	42	5	4	42	43	42	22	0	42	4	22	42	42
TAACCGGATGTAAA__0.678996840743901__9	14	5	4	42	43	42	22	0	42	4	14	5	5
AACCCGGATACAGC__0.678726420567905__11	5	4	42	42	43	42	22	0	14	4	42	9	25
AACCCGGATATCCT__0.675965200881378__9	5	4	42	42	43	42	22	0	14	0	22	42	9
CACCCGGATGTCCC__0.675578864398724__10	42	4	42	42	43	42	22	0	42	4	22	42	42
TACCCGGATGTACA__0.674545301875988__9	14	4	42	42	43	42	22	0	42	4	14	4	42
GAACCGGATGTACG__0.673761501955295__9	22	5	4	42	43	42	22	0	42	4	14	4	43
AACCCGGATGCGCC__0.671987111588485__10	5	4	42	42	43	42	22	0	42	25	43	25	42
CACCCGGAACTAAA__0.671954163525254__11	42	4	42	42	43	42	22	5	4	9	14	5	5
CACCCGGATATACC__0.671820827910875__13	42	4	42	42	43	42	22	0	14	0	14	4	42
AAGCAGGAAGGCGT__0.671344380496315__10	5	9	25	42	9	42	22	5	9	42	25	43	4
CACCCGGATACACA__0.669381670304719__15	42	4	42	42	43	42	22	0	14	4	42	4	42
AACCCGGATGCACT__0.668454539993618__9	5	4	42	42	43	42	22	0	42	25	42	4	9
TCGCCGGATCATTC__0.667504542249384__13	22	43	25	42	43	42	22	0	22	42	0	5	22
AAACCGGATATGCT__0.667391193014643__9	5	5	4	42	43	42	22	0	14	0	42	25	9
CACCCGGATGCCGC__0.667005081348624__9	42	4	42	42	43	42	22	0	42	25	42	43	25
CAACCGGAACTAAT__0.664989647018876__9	42	5	4	42	43	42	22	5	4	9	14	5	0
GTCCCGGATTTATG__0.664732070401145__9	4	22	42	42	43	42	22	0	5	5	14	0	42
GTCCCGGATCATCC__0.664066261309583__14	4	22	42	42	43	42	22	0	22	42	0	22	42
GGTTGGGAGGGGGG__0.663594338615337__79	42	4	5	42	42	42	22	9	42	42	42	42	42
GAACCGGATCTTCA__0.663552952021533__9	22	5	4	42	43	42	22	0	22	9	5	22	42
TTCCCGGATCATTC__0.661826750801535__10	5	22	42	42	43	42	22	0	22	42	0	5	22
GGCAGGGAGGGGGG__0.661162685991546__42	42	25	42	9	42	42	22	9	42	42	42	42	42
GGGGGGGACGGGGG__0.660139060845098__57	42	42	42	42	42	42	22	4	43	42	42	42	42
GTCCCGGATCATCG__0.659591638600511__10	4	22	42	42	43	42	22	0	22	42	0	22	43
AACCCGGATACAAA__0.658895472470721__12	5	4	42	42	43	42	22	0	14	4	42	5	5
TACCCGGATATGCA__0.656046423524262__9	14	4	42	42	43	42	22	0	14	0	42	25	42
GGTCGGGAGGGGGG__0.655941902053228__41	42	4	22	43	42	42	22	9	42	42	42	42	42
TCGCCGGATCATGA__0.654933144273805__10	22	43	25	42	43	42	22	0	22	42	0	42	22
GTCCCGGATTAGTG__0.653732643835286__9	4	22	42	42	43	42	22	0	5	14	9	4	42
AAACCGGATATAGC__0.653624763532634__9	5	5	4	42	43	42	22	0	14	0	14	9	25
CACCCGGATACAAT__0.653613710073718__9	42	4	42	42	43	42	22	0	14	4	42	5	0
TCGCCGGATCATAA__0.653514322093722__11	22	43	25	42	43	42	22	0	22	42	0	14	5
GGGAGGGAGGGAGG__0.653303317033556__63	42	42	22	9	42	42	22	9	42	42	22	9	42
CACCCGGATCTACC__0.652373076059771__10	42	4	42	42	43	42	22	0	22	9	14	4	42
GGTAGGGAGGGGGG__0.65154581032076__51	42	4	14	9	42	42	22	9	42	42	42	42	42
CACCCGGATATGCC__0.651151009883217__9	42	4	42	42	43	42	22	0	14	0	42	25	42
GTCCCGGATTAAGA__0.650649182879569__10	4	22	42	42	43	42	22	0	5	14	5	9	22
GCGCCGGATTATTT__0.650081676273045__12	25	43	25	42	43	42	22	0	5	14	0	5	5
AACCCGGATACAAT__0.649546845996886__9	5	4	42	42	43	42	22	0	14	4	42	5	0
GAACCGGAACTAAC__0.648883186346942__13	22	5	4	42	43	42	22	5	4	9	14	5	4
GTCCCGGATCACGT__0.64757490583011__10	4	22	42	42	43	42	22	0	22	42	4	43	4
AACCCGGATATGCC__0.647522170188585__9	5	4	42	42	43	42	22	0	14	0	42	25	42
CACCCGGATACACT__0.647236873975845__10	42	4	42	42	43	42	22	0	14	4	42	4	9
GGGAGGGATGGGGG__0.64671300026854__48	42	42	22	9	42	42	22	0	42	42	42	42	42
AACCCGGAACTACT__0.646508977087319__9	5	4	42	42	43	42	22	5	4	9	14	4	9
AACCCGGATACGCC__0.646073212121132__12	5	4	42	42	43	42	22	0	14	4	43	25	42
GGGAGGGGTGGGGG__0.646056598120732__96	42	42	22	9	42	42	42	4	42	42	42	42	42
TCGCCGGATTATAT__0.645866513084894__9	22	43	25	42	43	42	22	0	5	14	0	14	0
GTCCCGGATCCTGA__0.645863781814345__10	4	22	42	42	43	42	22	0	22	42	9	42	22
TCGCCGGATTATTT__0.645529569833721__9	22	43	25	42	43	42	22	0	5	14	0	5	5
CACCCGGATACTGC__0.645153934710621__9	42	4	42	42	43	42	22	0	14	4	9	42	25
AAACCGGATGCAAC__0.645112067058772__10	5	5	4	42	43	42	22	0	42	25	42	5	4
GTCCCGGATTACTT__0.645098988414632__10	4	22	42	42	43	42	22	0	5	14	4	9	5
AACCCGGATGCTCC__0.644949416058088__9	5	4	42	42	43	42	22	0	42	25	9	22	42
AACCCGGATACGCA__0.642614533451055__11	5	4	42	42	43	42	22	0	14	4	43	25	42
GAACCGGATATGCT__0.642363265788318__9	22	5	4	42	43	42	22	0	14	0	42	25	9
AACCCGGATATACC__0.64191550422819__11	5	4	42	42	43	42	22	0	14	0	14	4	42
AACCCGGATGCACA__0.641031183555217__9	5	4	42	42	43	42	22	0	42	25	42	4	42
GGGTGGGAAGGGGG__0.640979257242702__58	42	42	4	42	42	42	22	5	9	42	42	42	42
GAACCGGATACGGC__0.640868357520148__9	22	5	4	42	43	42	22	0	14	4	43	42	25
GTCCCGGATTACGA__0.639880354333807__10	4	22	42	42	43	42	22	0	5	14	4	43	22
GGGCGGGACGGGGG__0.637911392199151__26	42	42	25	43	42	42	22	4	43	42	42	42	42
AACCCGGATACACG__0.637892377036505__9	5	4	42	42	43	42	22	0	14	4	42	4	43
TCGCCGGATCATCG__0.635781271507622__9	22	43	25	42	43	42	22	0	22	42	0	22	43
GTCCCGGATTAATT__0.632070575249524__9	4	22	42	42	43	42	22	0	5	14	5	0	5
GTCCCGGATTAAAG__0.631995665888857__9	4	22	42	42	43	42	22	0	5	14	5	5	9
GGGAGGGAAGGGGG__0.63068035889002__33	42	42	22	9	42	42	22	5	9	42	42	42	42
TCGCCGGATCATGC__0.630454511303805__10	22	43	25	42	43	42	22	0	22	42	0	42	25
GGACGGGAGGGGGG__0.629616606994991__24	42	22	4	43	42	42	22	9	42	42	42	42	42
GACCCGGATACACT__0.62878404990449__10	22	4	42	42	43	42	22	0	14	4	42	4	9
ATGCAGGAAGAAGT__0.628136061918579__11	0	42	25	42	9	42	22	5	9	22	5	9	4
AACCCGGATGCACC__0.627796266141247__10	5	4	42	42	43	42	22	0	42	25	42	4	42
GAGCCGGATGTAAC__0.626459850436702__10	22	9	25	42	43	42	22	0	42	4	14	5	4
GGCTGGGAGGGGGG__0.626432198050087__43	42	25	9	42	42	42	22	9	42	42	42	42	42
GTCCCGGATTTTAC__0.624803817854771__9	4	22	42	42	43	42	22	0	5	5	5	14	4
GTCCCGGATCAAAT__0.62217690095583__9	4	22	42	42	43	42	22	0	22	42	5	5	0
GGGCGGGGTGGGGG__0.619878634749176__80	42	42	25	43	42	42	42	4	42	42	42	42	42
GGGGGGGAAGGGTG__0.618837541618208__57	42	42	42	42	42	42	22	5	9	42	42	4	42
GGGGGGGATGGGGG__0.617712594077344__71	42	42	42	42	42	42	22	0	42	42	42	42	42
AACCCGGATACACC__0.617093588646594__13	5	4	42	42	43	42	22	0	14	4	42	4	42
GGGTGGGATGGGGG__0.614311958922292__61	42	42	4	42	42	42	22	0	42	42	42	42	42
AAGAAGTATACTCC__0.614288292575095__14	5	9	22	5	9	4	14	0	14	4	9	22	42
GTCCCGGATCACTT__0.612681044891935__9	4	22	42	42	43	42	22	0	22	42	4	9	5
GGGCGGGAGGGGGG__0.612368940797367__49	42	42	25	43	42	42	22	9	42	42	42	42	42
GTCCCGGATCAATA__0.610992997815021__9	4	22	42	42	43	42	22	0	22	42	5	0	14
GGGAGGGACGGGGG__0.610920809667781__23	42	42	22	9	42	42	22	4	43	42	42	42	42
GAACCGGATACGAA__0.610714586704938__9	22	5	4	42	43	42	22	0	14	4	43	22	5
GAACCGGATACAAT__0.609977188138976__9	22	5	4	42	43	42	22	0	14	4	42	5	0
GGGAAGGGTGGGGG__0.609833111588927__46	42	42	22	5	9	42	42	4	42	42	42	42	42
GGGCAGGGTGGGGG__0.608555360098805__43	42	42	25	42	9	42	42	4	42	42	42	42	42
CAACCGGATGCACC__0.60831689992228__9	42	5	4	42	43	42	22	0	42	25	42	4	42
GGGTGGGGTGGGGG__0.60738679438491__109	42	42	4	42	42	42	42	4	42	42	42	42	42
GGGGGGGACGGGTG__0.607361770197943__40	42	42	42	42	42	42	22	4	43	42	42	4	42
CACCCGGATACAAC__0.607338683244598__10	42	4	42	42	43	42	22	0	14	4	42	5	4
GGGTGGGACGGGGG__0.607048033736979__35	42	42	4	42	42	42	22	4	43	42	42	42	42
AAAACGTATACTCA__0.604263423972186__11	5	5	5	4	43	4	14	0	14	4	9	22	42
AACCCGGATACCAC__0.6040848545792__12	5	4	42	42	43	42	22	0	14	4	42	42	4
GTCCCGGATTACCA__0.602008235465097__10	4	22	42	42	43	42	22	0	5	14	4	42	42
GAGGTGGGTGGGGG__0.601413495229954__51	22	9	42	4	42	42	42	4	42	42	42	42	42
GGGTAGGGTGGGGG__0.598989044944435__55	42	42	4	14	9	42	42	4	42	42	42	42	42
GGGGGGGAGGGGTG__0.593544022784671__81	42	42	42	42	42	42	22	9	42	42	42	4	42
GCGCCGGATTATTC__0.592504527695457__9	25	43	25	42	43	42	22	0	5	14	0	5	22
GGGCGGGCTGGGGG__0.591883272142449__30	42	42	25	43	42	42	25	9	42	42	42	42	42
GGGTGGGAGGGGGG__0.589752841618717__73	42	42	4	42	42	42	22	9	42	42	42	42	42
CAACCGGATACACC__0.589278424671001__11	42	5	4	42	43	42	22	0	14	4	42	4	42
GGGGGGGAGGGGCG__0.589266146035182__80	42	42	42	42	42	42	22	9	42	42	42	25	43
GTCGCGGATTATGA__0.588301020727971__11	4	22	43	25	43	42	22	0	5	14	0	42	22
GGGAGGGAGGGGTG__0.584111032859204__41	42	42	22	9	42	42	22	9	42	42	42	4	42
AAACCGGATACGCC__0.58394848534468__9	5	5	4	42	43	42	22	0	14	4	43	25	42
GGGGGGGATGGGTG__0.582684653090789__55	42	42	42	42	42	42	22	0	42	42	42	4	42
GTGGCGGGTGGGGG__0.582600096321098__44	4	42	42	25	43	42	42	4	42	42	42	42	42
GGGGGGGACGGGCG__0.582297712608264__31	42	42	42	42	42	42	22	4	43	42	42	25	43
TGGCGGGAGGGGGG__0.580590120226974__27	42	42	25	43	42	42	22	9	42	42	42	42	42
GAGGCGGGTGGGGG__0.579240768806302__29	22	9	42	25	43	42	42	4	42	42	42	42	42
GGGACGGGTGGGGG__0.578229327755626__27	42	42	22	4	43	42	42	4	42	42	42	42	42
GTCCGGGACCACCG__0.577671295326481__14	4	22	42	43	42	42	22	4	42	42	4	42	43
CGGTGGGAGGGGGG__0.575791783464645__33	43	42	4	42	42	42	22	9	42	42	42	42	42
GGCGGGGAGGGAGG__0.574496127537913__37	42	25	43	42	42	42	22	9	42	42	22	9	42
GGCGGGGAGGGTGG__0.57407297577308__39	42	25	43	42	42	42	22	9	42	42	4	42	42
AAGAAGTATACTCA__0.573515887542761__9	5	9	22	5	9	4	14	0	14	4	9	22	42
GGAAGGGAGGGGGG__0.570746566870621__22	42	22	5	9	42	42	22	9	42	42	42	42	42
TGGTGGGAGGGGGG__0.570623546588851__46	42	42	4	42	42	42	22	9	42	42	42	42	42
GGGAGGGCTGGGGG__0.569180875069598__29	42	42	22	9	42	42	25	9	42	42	42	42	42
AGGTGGGAGGGGGG__0.567432347114009__35	9	42	4	42	42	42	22	9	42	42	42	42	42
AAAACGTATACTAA__0.567331118302558__9	5	5	5	4	43	4	14	0	14	4	9	14	5
GGGGGGGAGGGGAG__0.566520862146683__68	42	42	42	42	42	42	22	9	42	42	42	22	9
TTCCGGGACCACCT__0.564703306022771__14	5	22	42	43	42	42	22	4	42	42	4	42	9
GGGGGGGAAGGGGG__0.56468511331067__38	42	42	42	42	42	42	22	5	9	42	42	42	42
GGGGGGGAAGGGAG__0.564074120860418__37	42	42	42	42	42	42	22	5	9	42	42	22	9
CACCCGGATACACC__0.56273624333058__9	42	4	42	42	43	42	22	0	14	4	42	4	42
GGGGGGGAGGGTTG__0.561628870327577__66	42	42	42	42	42	42	22	9	42	42	4	5	42
GGGTCGGGTGGGGG__0.561048389673661__33	42	42	4	22	43	42	42	4	42	42	42	42	42
AAGTGGGACTTCCG__0.559975513481863__9	5	9	4	42	42	42	22	4	9	5	22	42	43
GGAGGGGAGGGCGG__0.559764473092141__38	42	22	9	42	42	42	22	9	42	42	25	43	42
GGGGGGGCTGGGGG__0.558114026320773__45	42	42	42	42	42	42	25	9	42	42	42	42	42
GGAGGGGAGGGTGG__0.556165480213901__36	42	22	9	42	42	42	22	9	42	42	4	42	42
GGAGGGGAGGGAGG__0.556020851984159__34	42	22	9	42	42	42	22	9	42	42	22	9	42
GGGGGGGAGGGTGG__0.554431283887917__64	42	42	42	42	42	42	22	9	42	42	4	42	42
GGGAGGGATGGGAG__0.553173936391132__26	42	42	22	9	42	42	22	0	42	42	42	22	9
GTGGAGGGTGGGGG__0.551748359371847__38	4	42	42	22	9	42	42	4	42	42	42	42	42
GGGTGGGAAGGGAG__0.550971009492837__31	42	42	4	42	42	42	22	5	9	42	42	22	9
GTGGTGGGTGGGGG__0.550287597614083__53	4	42	42	4	42	42	42	4	42	42	42	42	42
GGGCGGGAAGGGAG__0.550138084195601__19	42	42	25	43	42	42	22	5	9	42	42	22	9
GGGGGGGAGGGCAG__0.549008233244758__59	42	42	42	42	42	42	22	9	42	42	25	42	9
GTCCGGGACCACCT__0.548481710288959__12	4	22	42	43	42	42	22	4	42	42	4	42	9
GGGAGGGATGGGTG__0.546667723054113__24	42	42	22	9	42	42	22	0	42	42	42	4	42
GGGGGGGATGGGAG__0.546438389900746__44	42	42	42	42	42	42	22	0	42	42	42	22	9
TGGGGGGGTGGGTG__0.544770465009443__62	42	42	42	42	42	42	42	4	42	42	42	4	42
GAACCGGATACACC__0.544183396273105__9	22	5	4	42	43	42	22	0	14	4	42	4	42
GGTGGGGAGGGTGG__0.542379903838653__50	42	4	42	42	42	42	22	9	42	42	4	42	42
GGGGGGGAAGGGCG__0.540389928246878__32	42	42	42	42	42	42	22	5	9	42	42	25	43
GGGAGGGTTGGGGG__0.539042585927722__33	42	42	22	9	42	42	4	5	42	42	42	42	42
GGCAGGGAGGGTGG__0.539010375494664__19	42	25	42	9	42	42	22	9	42	42	4	42	42
GGTGGGGAGGGAGG__0.538776533871396__46	42	4	42	42	42	42	22	9	42	42	22	9	42
GGGGGGGCTGGGAG__0.538582532342034__40	42	42	42	42	42	42	25	9	42	42	42	22	9
AGGGGGGGTGGGTG__0.538557062601183__44	9	42	42	42	42	42	42	4	42	42	42	4	42
GCGGTGGGTGGGGG__0.535978612840782__35	25	43	42	4	42	42	42	4	42	42	42	42	42
GGGCGGGATGGGGG__0.53407105712495__22	42	42	25	43	42	42	22	0	42	42	42	42	42
GGGGGGGCTGGGTG__0.533912751079224__37	42	42	42	42	42	42	25	9	42	42	42	4	42
GGGGGGGAGGGTAG__0.532582482695979__52	42	42	42	42	42	42	22	9	42	42	4	14	9
GGGTGGGCTGGGGG__0.532278061228209__33	42	42	4	42	42	42	25	9	42	42	42	42	42
GGTGTGGAGGGGGG__0.530796157165599__31	42	4	42	4	42	42	22	9	42	42	42	42	42
GGTTGGGAGGGTGG__0.530434289422075__33	42	4	5	42	42	42	22	9	42	42	4	42	42
GGGGGGGAGGGGGG__0.529333016678937__52	42	42	42	42	42	42	22	9	42	42	42	42	42
GGGGGGGAGGGCTG__0.529165083667965__52	42	42	42	42	42	42	22	9	42	42	25	9	42
CGGGGGGGTGGGGT__0.528848274029776__38	43	42	42	42	42	42	42	4	42	42	42	42	4
GGGAGGGAGGGTTG__0.52862266900564__28	42	42	22	9	42	42	22	9	42	42	4	5	42
CGGGGGGGTAGGGG__0.528092432182777__36	43	42	42	42	42	42	42	4	14	9	42	42	42
GGGCGGGAGGGGAG__0.528026123046591__27	42	42	25	43	42	42	22	9	42	42	42	22	9
AGGGGGGGTAGGGT__0.527638635876844__39	9	42	42	42	42	42	42	4	14	9	42	42	4
CGGGGGGGTGGGTT__0.527442582975629__39	43	42	42	42	42	42	42	4	42	42	42	4	5
CGGGGGGGTAGGGT__0.527392934839124__36	43	42	42	42	42	42	42	4	14	9	42	42	4
GGGTGGGAGGGAGG__0.5270277111596__45	42	42	4	42	42	42	22	9	42	42	22	9	42
GGTAGGGAGGGTGG__0.524890408785494__22	42	4	14	9	42	42	22	9	42	42	4	42	42
GTGGGGGAGGGGGG__0.52443022868882__42	4	42	42	42	42	42	22	9	42	42	42	42	42
GGGGGGGATGGGCG__0.524094371393489__39	42	42	42	42	42	42	22	0	42	42	42	25	43
GGGAGGGAGGGGCG__0.523375773966771__27	42	42	22	9	42	42	22	9	42	42	42	25	43
CGGGGGGGTGGGTG__0.522300640448803__36	43	42	42	42	42	42	42	4	42	42	42	4	42
GGTTGGGAGGGAGG__0.520728144311752__29	42	4	5	42	42	42	22	9	42	42	22	9	42
GGGCGGGAGGGGTG__0.519308724218402__25	42	42	25	43	42	42	22	9	42	42	42	4	42
GAGGAGGGTGGGGG__0.518486804750115__19	22	9	42	22	9	42	42	4	42	42	42	42	42
GGGAGGGATTGGGG__0.516772365764263__17	42	42	22	9	42	42	22	0	5	42	42	42	42
GGGTTGGGTGGGGG__0.516061111580001__40	42	42	4	5	42	42	42	4	42	42	42	42	42
GGGAGGGGTGGGAG__0.515470088574776__42	42	42	22	9	42	42	42	4	42	42	42	22	9
GGTCGGGAGGGTGG__0.515357942059729__16	42	4	22	43	42	42	22	9	42	42	4	42	42
GGACGGGAGGGTGG__0.514942879692562__11	42	22	4	43	42	42	22	9	42	42	4	42	42
GGCTGGGAGGGAGG__0.514675648583964__19	42	25	9	42	42	42	22	9	42	42	22	9	42
GGTAGGGAGGGCGG__0.514591668893713__21	42	4	14	9	42	42	22	9	42	42	25	43	42
GGGTGGGAAGGGTG__0.514253586066375__25	42	42	4	42	42	42	22	5	9	42	42	4	42
GGGGGGGGTGGGTG__0.512428508163647__62	42	42	42	42	42	42	42	4	42	42	42	4	42
GGCGCGGGTGGGGG__0.511718039624791__19	42	25	43	25	43	42	42	4	42	42	42	42	42
AGGGGGGGTGGGGT__0.511673072842326__36	9	42	42	42	42	42	42	4	42	42	42	42	4
GGGTGGGACGGGAG__0.511479529288133__16	42	42	4	42	42	42	22	4	43	42	42	22	9
GGTCGGGAGGGCGG__0.511151938786786__16	42	4	22	43	42	42	22	9	42	42	25	43	42
TGGGGGGGTGGGGC__0.511096445968136__47	42	42	42	42	42	42	42	4	42	42	42	42	25
GGGGGGGTTGGGGG__0.511003770356092__45	42	42	42	42	42	42	4	5	42	42	42	42	42
GGGCGGGAGGGAGG__0.510996442487013__23	42	42	25	43	42	42	22	9	42	42	22	9	42
GGACGGGAGGGCGG__0.510637386125288__11	42	22	4	43	42	42	22	9	42	42	25	43	42
TGGGGGGGTAGGGT__0.510571013009475__46	42	42	42	42	42	42	42	4	14	9	42	42	4
GGGTGGGAGGGGTG__0.509220811401116__40	42	42	4	42	42	42	22	9	42	42	42	4	42
GGGAGGGAGGGCGG__0.507655130959699__25	42	42	22	9	42	42	22	9	42	42	25	43	42
GGTGGGGGTGGTGG__0.506916570755786__48	42	4	42	42	42	42	42	4	42	42	4	42	42
GGGAGGGACGGGCG__0.506845734607209__10	42	42	22	9	42	42	22	4	43	42	42	25	43
GGGCGGGAAGGGCG__0.506095824029608__14	42	42	25	43	42	42	22	5	9	42	42	25	43
GGTAGGGAGGGAGG__0.505788542020757__18	42	4	14	9	42	42	22	9	42	42	22	9	42
GGCAGGGAGGGCGG__0.503947236445028__15	42	25	42	9	42	42	22	9	42	42	25	43	42
GCGGAGGGTGGGGG__0.50372129814488__17	25	43	42	22	9	42	42	4	42	42	42	42	42
GGAAGGGAGGGCGG__0.502344013907146__14	42	22	5	9	42	42	22	9	42	42	25	43	42
GGGGGGGGTGGGGG__0.502288593101328__58	42	42	42	42	42	42	42	4	42	42	42	42	42
GGTGCGGGTGGGGG__0.501580472806773__28	42	4	42	25	43	42	42	4	42	42	42	42	42
GGGCGGGGTGGGAG__0.501532584851513__37	42	42	25	43	42	42	42	4	42	42	42	22	9
GGTGCGGAGGGGGG__0.500904622179203__16	42	4	42	25	43	42	22	9	42	42	42	42	42
GGGCGGGAGGGTTG__0.500788138697814__22	42	42	25	43	42	42	22	9	42	42	4	5	42
GGGCTGGGTGGGGG__0.500509457110626__24	42	42	25	9	42	42	42	4	42	42	42	42	42
GGGCCGGGTGGGAG__0.500270493524555__16	42	42	25	42	43	42	42	4	42	42	42	22	9
AGGGGGGGTGGGTT__0.49980960107255__34	9	42	42	42	42	42	42	4	42	42	42	4	5
GGTGGGGATGGGGG__0.499427700251261__26	42	4	42	42	42	42	22	0	42	42	42	42	42
GGGGGGGAGGGTGT__0.499351967309693__41	42	42	42	42	42	42	22	9	42	42	4	42	4
GGGCAGGGTGGGAG__0.498985964376904__21	42	42	25	42	9	42	42	4	42	42	42	22	9
TGGGGGGGTGGGGG__0.498387723223734__44	42	42	42	42	42	42	42	4	42	42	42	42	42
GGTAGGGGTGGGGG__0.497757376314419__25	42	4	14	9	42	42	42	4	42	42	42	42	42
CGGGGGGGTGGGGG__0.497430407756766__30	43	42	42	42	42	42	42	4	42	42	42	42	42
GGAAGGGAGGGTGG__0.497380716842147__13	42	22	5	9	42	42	22	9	42	42	4	42	42
GGGTGGGAGGGGCG__0.497158068810424__37	42	42	4	42	42	42	22	9	42	42	42	25	43
AGGGCGGGTAGGGG__0.497096594904744__17	9	42	42	25	43	42	42	4	14	9	42	42	42
CGGGCGGGTAGGGG__0.496375569155863__14	43	42	42	25	43	42	42	4	14	9	42	42	42
GGGGGGGATGGGTT__0.495739956560695__30	42	42	42	42	42	42	22	0	42	42	42	4	5
GGTGAGGAGGGTGG__0.495643002258906__15	42	4	42	22	9	42	22	9	42	42	4	42	42
GGGAGGGAAGGGTG__0.494624545545071__13	42	42	22	9	42	42	22	5	9	42	42	4	42
GGGTGGGACGGGTG__0.493471209641203__15	42	42	4	42	42	42	22	4	43	42	42	4	42
GGGCCGGGTGGGGG__0.493324969633555__14	42	42	25	42	43	42	42	4	42	42	42	42	42
GAGGCGGGTGGGTG__0.492663726610598__15	22	9	42	25	43	42	42	4	42	42	42	4	42
GGGGGGGACGGGAG__0.49265130117692__16	42	42	42	42	42	42	22	4	43	42	42	22	9
GGGCGGGTTGGGGG__0.492181816632056__22	42	42	25	43	42	42	4	5	42	42	42	42	42
TGGGGGGGTGGGTT__0.49208476801009__43	42	42	42	42	42	42	42	4	42	42	42	4	5
CGGGGGGGTCGGGT__0.490815454090435__24	43	42	42	42	42	42	42	4	22	43	42	42	4
CGGGTGGGTGGGTG__0.49044024317722__23	43	42	42	4	42	42	42	4	42	42	42	4	42
CGGGGGGGTGGGTA__0.49024677438688__29	43	42	42	42	42	42	42	4	42	42	42	4	14
GGGCGGGAGGGTGT__0.489835993850522__20	42	42	25	43	42	42	22	9	42	42	4	42	4
GGGACGGGTGGGAG__0.489623373469976__15	42	42	22	4	43	42	42	4	42	42	42	22	9
CGGGAGGGTAGGGG__0.489417064317567__14	43	42	42	22	9	42	42	4	14	9	42	42	42
GGTGGGGAGGGCGG__0.489147791309311__34	42	4	42	42	42	42	22	9	42	42	25	43	42
AGGGCGGGTGGGTG__0.488627049610136__17	9	42	42	25	43	42	42	4	42	42	42	4	42
GGGAGGGAAGGGCG__0.48845854587222__12	42	42	22	9	42	42	22	5	9	42	42	25	43
GGTACGGGTGGGGG__0.488436154643502__12	42	4	14	4	43	42	42	4	42	42	42	42	42
TGGGGGGGTGGGGA__0.488376833172964__41	42	42	42	42	42	42	42	4	42	42	42	42	22
GCGGCGGGTGGGGG__0.487975501648333__15	25	43	42	25	43	42	42	4	42	42	42	42	42
CGGCGGGAGGGGGG__0.487722926347565__9	43	42	25	43	42	42	22	9	42	42	42	42	42
CGGGGGGGTGGGGA__0.487603757338069__28	43	42	42	42	42	42	42	4	42	42	42	42	22
GGCGTGGAGGGTGG__0.487329989771052__15	42	25	43	4	42	42	22	9	42	42	4	42	42
GGGTAGGGTGGGAG__0.487203740847733__26	42	42	4	14	9	42	42	4	42	42	42	22	9
AGGGGGGGTAGGGG__0.486335402340764__28	9	42	42	42	42	42	42	4	14	9	42	42	42
GCAGGGGAGGGGGG__0.485081958628944__12	25	42	9	42	42	42	22	9	42	42	42	42	42
GGGAGGGACGGGTG__0.484885378193596__9	42	42	22	9	42	42	22	4	43	42	42	4	42
AGGGGGGGTGGGTA__0.484854015970952__30	9	42	42	42	42	42	42	4	42	42	42	4	14
GGGGGGGGTGGTGG__0.484762944470143__45	42	42	42	42	42	42	42	4	42	42	4	42	42
GGGTGGGAAGGGCG__0.4841934440833__19	42	42	4	42	42	42	22	5	9	42	42	25	43
GGGCGGGATGGGAG__0.483868685539064__15	42	42	25	43	42	42	22	0	42	42	42	22	9
TGGGGGGGTAGGGC__0.48383314320839__37	42	42	42	42	42	42	42	4	14	9	42	42	25
GGGAGGGAGGGTGG__0.483742450446641__20	42	42	22	9	42	42	22	9	42	42	4	42	42
AGGGGGGGTGGGGG__0.483705516507385__29	9	42	42	42	42	42	42	4	42	42	42	42	42
GGGTGGGTTGGGGG__0.483670984180117__32	42	42	4	42	42	42	4	5	42	42	42	42	42
GGGGGGGAGGGCGG__0.483445349948043__38	42	42	42	42	42	42	22	9	42	42	25	43	42
GGTGGGGACGGGGG__0.483029671244183__14	42	4	42	42	42	42	22	4	43	42	42	42	42
GGGAGGGATTGGGT__0.48247091569958__13	42	42	22	9	42	42	22	0	5	42	42	42	4
GGGAGGGTTGGGAG__0.481593265783339__22	42	42	22	9	42	42	4	5	42	42	42	22	9
GGGGGGGAGGTGGG__0.481379952247894__34	42	42	42	42	42	42	22	9	42	4	42	42	42
CGGGAGGGTGGGGC__0.481297187196944__14	43	42	42	22	9	42	42	4	42	42	42	42	25
GGGGCGGGTGGGGG__0.481180582666434__30	42	42	42	25	43	42	42	4	42	42	42	42	42
GGCGGGTATGGGGG__0.481098690371828__11	42	25	43	42	42	4	14	0	42	42	42	42	42
GGCGGGGATGGGGG__0.480930808624843__14	42	25	43	42	42	42	22	0	42	42	42	42	42
TGGGAGGGTCGGGG__0.480769272748545__20	42	42	42	22	9	42	42	4	22	43	42	42	42
GGGAGGGAGGGGAG__0.48073943625241__19	42	42	22	9	42	42	22	9	42	42	42	22	9
GGTGTGGAGGGCGG__0.480605957538062__22	42	4	42	4	42	42	22	9	42	42	25	43	42
GGGTGGGAGGGGAG__0.480267505150351__32	42	42	4	42	42	42	22	9	42	42	42	22	9
CGGGGGGGTGTGGG__0.479885264500312__24	43	42	42	42	42	42	42	4	42	4	42	42	42
CGGGGGGGTGGGGC__0.479335314493052__25	43	42	42	42	42	42	42	4	42	42	42	42	25
GGTGTGGAGGGTGG__0.478741513307768__21	42	4	42	4	42	42	22	9	42	42	4	42	42
GGGGGGGAAGGGTT__0.478487534658528__20	42	42	42	42	42	42	22	5	9	42	42	4	5
GGGTAGGGTGGGTG__0.477810176950266__22	42	42	4	14	9	42	42	4	42	42	42	4	42
CGGGCGGGTGGGGG__0.477615868280601__13	43	42	42	25	43	42	42	4	42	42	42	42	42
TGGGTGGGTCGGGG__0.477259742846375__27	42	42	42	4	42	42	42	4	22	43	42	42	42
TGGCGGGAGGGCGG__0.477139406649191__13	42	42	25	43	42	42	22	9	42	42	25	43	42
GAGGGGGAGGGGGG__0.477055665574965__19	22	9	42	42	42	42	22	9	42	42	42	42	42
TGGGAGGGTAGGGG__0.476750366462646__21	42	42	42	22	9	42	42	4	14	9	42	42	42
TGGGTGGGTAGGGG__0.476738023994641__30	42	42	42	4	42	42	42	4	14	9	42	42	42
TGGAGGGAGGGGGG__0.476132492128958__13	42	42	22	9	42	42	22	9	42	42	42	42	42
TGGGAGGGTGGGGG__0.47600876894328__23	42	42	42	22	9	42	42	4	42	42	42	42	42
GGGTGGGAGTGGGG__0.475694586144382__28	42	42	4	42	42	42	22	9	4	42	42	42	42
GGTCGGGAGGGAGG__0.475457577972467__11	42	4	22	43	42	42	22	9	42	42	22	9	42
TGGGGGGGTGGGCA__0.475204157514996__37	42	42	42	42	42	42	42	4	42	42	42	25	42
TGGGGGGGTGGGGT__0.475013540266843__36	42	42	42	42	42	42	42	4	42	42	42	42	4
TGGGGGGAGGGTGG__0.474953055730351__27	42	42	42	42	42	42	22	9	42	42	4	42	42
AGGGGGGGTTGGGT__0.474371886606411__25	9	42	42	42	42	42	42	4	5	42	42	42	4
GGGGCGGGTAGGGG__0.47397237080417__26	42	42	42	25	43	42	42	4	14	9	42	42	42
GGGAGGGGTGGGCG__0.473585058170294__29	42	42	22	9	42	42	42	4	42	42	42	25	43
GCGGGGGAGGGGGG__0.471978624065231__20	25	43	42	42	42	42	22	9	42	42	42	42	42
TGGTGGGAGGGTGG__0.47182692857716__22	42	42	4	42	42	42	22	9	42	42	4	42	42
GGGGGGGAGGGAAG__0.471720093016171__32	42	42	42	42	42	42	22	9	42	42	22	5	9
GGTGTGGGTGGGGG__0.471560758544806__29	42	4	42	4	42	42	42	4	42	42	42	42	42
GTGTGGGAGGGGGG__0.471383705339659__22	4	42	4	42	42	42	22	9	42	42	42	42	42
GGGGGGGTTGGGAG__0.471192955912953__34	42	42	42	42	42	42	4	5	42	42	42	22	9
TGGGGGGGTGGGTA__0.471180493314653__36	42	42	42	42	42	42	42	4	42	42	42	4	14
GGGGAGGGTGTGGG__0.471093672988178__26	42	42	42	22	9	42	42	4	42	4	42	42	42
GGCGGGGGTGGTGG__0.471035796010025__24	42	25	43	42	42	42	42	4	42	42	4	42	42
GGTGGGGGTGGGGG__0.470988847691509__40	42	4	42	42	42	42	42	4	42	42	42	42	42
GGGGGGGACTGGGT__0.470589407731091__13	42	42	42	42	42	42	22	4	9	42	42	42	4
GGGGGGGAGGGTCG__0.470159654575188__33	42	42	42	42	42	42	22	9	42	42	4	22	43
GGAGGGGAGGGGCG__0.469788843882957__18	42	22	9	42	42	42	22	9	42	42	42	25	43
GGGTGGGGTGGGAG__0.469528503149417__42	42	42	4	42	42	42	42	4	42	42	42	22	9
CGGGGGGGTGGGCT__0.4693118232251__25	43	42	42	42	42	42	42	4	42	42	42	25	9
CGGGGGGGTGTGGT__0.46926268693378__23	43	42	42	42	42	42	42	4	42	4	42	42	4
GGGCGGGAGGGGCG__0.469225225481118__17	42	42	25	43	42	42	22	9	42	42	42	25	43
GGGCAGGGTGGGTG__0.469072512501322__15	42	42	25	42	9	42	42	4	42	42	42	4	42
CGGGTGGGTAGGGG__0.468955349032052__19	43	42	42	4	42	42	42	4	14	9	42	42	42
GGAGGGTATGGGGG__0.468556717447145__10	42	22	9	42	42	4	14	0	42	42	42	42	42
GGGCGGGAGGTGGG__0.468179355659689__16	42	42	25	43	42	42	22	9	42	4	42	42	42
GTCGGGGAGGGGGG__0.467806471989946__11	4	22	43	42	42	42	22	9	42	42	42	42	42
GGGAGGGATGGGCG__0.467646416150241__14	42	42	22	9	42	42	22	0	42	42	42	25	43
GGCGGGGAAGGGTG__0.467627357224994__10	42	25	43	42	42	42	22	5	9	42	42	4	42
GGGAGGGGTGGGTG__0.46753634398044__26	42	42	22	9	42	42	42	4	42	42	42	4	42
GGGAGGGAGAGGGG__0.467096923266138__14	42	42	22	9	42	42	22	9	22	9	42	42	42
TGGGGGGGTCTGGG__0.467038768494835__29	42	42	42	42	42	42	42	4	22	9	42	42	42
GGGGGGGGTAGGGT__0.466700116269353__41	42	42	42	42	42	42	42	4	14	9	42	42	4
GGTAGGGTTGGGGG__0.466423298458005__14	42	4	14	9	42	42	4	5	42	42	42	42	42
GGGACGGGTGGGCG__0.466415393175446__12	42	42	22	4	43	42	42	4	42	42	42	25	43
CGGGGGGGTGGGAG__0.466283247599612__25	43	42	42	42	42	42	42	4	42	42	42	22	9
AGGGAGGGTGGGGT__0.465860071422817__14	9	42	42	22	9	42	42	4	42	42	42	42	4
AGGGGGGGTCGGGT__0.465511689050773__21	9	42	42	42	42	42	42	4	22	43	42	42	4
AGGGGGGGTGGGGC__0.465279497212115__24	9	42	42	42	42	42	42	4	42	42	42	42	25
CGGGGGGGTGGGTC__0.465081462740624__23	43	42	42	42	42	42	42	4	42	42	42	4	22
GAGGTGGGTGGGTG__0.464968365192578__18	22	9	42	4	42	42	42	4	42	42	42	4	42
GGGCGGGGTGGGTG__0.464958073350615__25	42	42	25	43	42	42	42	4	42	42	42	4	42
GGTCTGGGTGGGGG__0.464953475124302__11	42	4	22	9	42	42	42	4	42	42	42	42	42
GGTTCGGGTGGGGG__0.464693974484197__14	42	4	5	22	43	42	42	4	42	42	42	42	42
GGGAGGGATGGGTT__0.464378275766183__13	42	42	22	9	42	42	22	0	42	42	42	4	5
GGGCAGGGTGGGTT__0.464349182217376__15	42	42	25	42	9	42	42	4	42	42	42	4	5
AGGCGGGAGGGTGG__0.46433564185995__9	9	42	25	43	42	42	22	9	42	42	4	42	42
GGGGCGGGTGTGGG__0.46420877113269__24	42	42	42	25	43	42	42	4	42	4	42	42	42
GGGGAGGGTAGGGG__0.463913907574965__24	42	42	42	22	9	42	42	4	14	9	42	42	42
TGGGCGGGTGGGGG__0.463461854233995__20	42	42	42	25	43	42	42	4	42	42	42	42	42
GTGGCGGGTGGGAG__0.463318858116152__19	4	42	42	25	43	42	42	4	42	42	42	22	9
GGCGGGGAGGGCGG__0.46310078843923__17	42	25	43	42	42	42	22	9	42	42	25	43	42
CGGTGGGAGGGTGG__0.461993179143562__14	43	42	4	42	42	42	22	9	42	42	4	42	42
GGTGGGGGTGGCGG__0.461566578167901__34	42	4	42	42	42	42	42	4	42	42	25	43	42
GCGGTGGGTGGGTG__0.461451155754792__19	25	43	42	4	42	42	42	4	42	42	42	4	42
GGGGCGGGTGGGTG__0.461218949448362__25	42	42	42	25	43	42	42	4	42	42	42	4	42
TGGCGGGAGGGTGG__0.461150559550861__11	42	42	25	43	42	42	22	9	42	42	4	42	42
GGGAGGGAAGGGGT__0.461108331912627__9	42	42	22	9	42	42	22	5	9	42	42	42	4
TGGGGGGGTCGGGT__0.460276493495215__27	42	42	42	42	42	42	42	4	22	43	42	42	4
GGTTGGGGTGGGGG__0.460125379317771__25	42	4	5	42	42	42	42	4	42	42	42	42	42
CGGGAGGGTGTGGG__0.45897276257405__11	43	42	42	22	9	42	42	4	42	4	42	42	42
GGTTGGGAGGGCGG__0.458691934221584__19	42	4	5	42	42	42	22	9	42	42	25	43	42
GGGAGGGAGGGCTG__0.45855851811407__16	42	42	22	9	42	42	22	9	42	42	25	9	42
CGGGGGGGTGGGCA__0.458185652716899__22	43	42	42	42	42	42	42	4	42	42	42	25	42
TGGGGGGGTGTGGG__0.458076866385784__29	42	42	42	42	42	42	42	4	42	4	42	42	42
GGGAGGGAAGGGAG__0.457888572847485__9	42	42	22	9	42	42	22	5	9	42	42	22	9
GGGCGGGCTGGGAG__0.457618073998651__11	42	42	25	43	42	42	25	9	42	42	42	22	9
CGGGGGGGTTGGGT__0.457475628527777__20	43	42	42	42	42	42	42	4	5	42	42	42	4
GGGTGGGACTGGGG__0.457053083906901__10	42	42	4	42	42	42	22	4	9	42	42	42	42
GGGGGGGCTGGGCG__0.456591147798463__21	42	42	42	42	42	42	25	9	42	42	42	25	43
CGGGCGGGTGTGGG__0.45626181972126__10	43	42	42	25	43	42	42	4	42	4	42	42	42
GTAGGGGAGGGCGG__0.456185194713768__13	4	14	9	42	42	42	22	9	42	42	25	43	42
GGACGGGGTGGGTG__0.455326818112807__10	42	22	4	43	42	42	42	4	42	42	42	4	42
GGGAGGGAGGGTAG__0.455186806299183__15	42	42	22	9	42	42	22	9	42	42	4	14	9
GGGGGGGAGGGTAT__0.455167687319012__28	42	42	42	42	42	42	22	9	42	42	4	14	0
GGGTGGGACGGGCG__0.455105771629908__10	42	42	4	42	42	42	22	4	43	42	42	25	43
TGGTGGGAGGGAGG__0.455025343185303__18	42	42	4	42	42	42	22	9	42	42	22	9	42
CGGGTGGGTGGGGT__0.454370817486073__17	43	42	42	4	42	42	42	4	42	42	42	42	4
GGGCAGGGTGGGCG__0.454207540058911__14	42	42	25	42	9	42	42	4	42	42	42	25	43
GGGTGGGAGAGGGG__0.453717072242458__21	42	42	4	42	42	42	22	9	22	9	42	42	42
GGGGGGGCTGGGTT__0.453214826373075__20	42	42	42	42	42	42	25	9	42	42	42	4	5
GGCGGGGGTGGGGG__0.453212841878783__23	42	25	43	42	42	42	42	4	42	42	42	42	42
GCGGAGGGTGGGTG__0.453108381276648__11	25	43	42	22	9	42	42	4	42	42	42	4	42
GCGGCGGGTGGGTG__0.452909592247112__11	25	43	42	25	43	42	42	4	42	42	42	4	42
GTGGTGGGTGGGTG__0.452839409187896__24	4	42	42	4	42	42	42	4	42	42	42	4	42
GGTATGGGTGGGGG__0.452769717326888__13	42	4	14	0	42	42	42	4	42	42	42	42	42
TGGGGGGGTGTGGT__0.452732301434835__29	42	42	42	42	42	42	42	4	42	4	42	42	4
GTTAGGGAGGGGGG__0.452580066809906__9	4	5	14	9	42	42	22	9	42	42	42	42	42
GGAGGGGGTGGTGG__0.452303453780756__21	42	22	9	42	42	42	42	4	42	42	4	42	42
GGAGAGGGTGGGGG__0.451855129597225__10	42	22	9	22	9	42	42	4	42	42	42	42	42
GGGCAGGGTTGGGT__0.451840519879139__12	42	42	25	42	9	42	42	4	5	42	42	42	4
AGGGTGGGTAGGGG__0.450731423251519__18	9	42	42	4	42	42	42	4	14	9	42	42	42
GGCGTGGGTGGGGG__0.450640718033788__16	42	25	43	4	42	42	42	4	42	42	42	42	42
AGGGTGGGTGTGGG__0.450541172462855__17	9	42	42	4	42	42	42	4	42	4	42	42	42
GTGGGGGAGGGCGG__0.450237667862077__24	4	42	42	42	42	42	22	9	42	42	25	43	42
GCGGGGGGTGTGGG__0.450143947198553__21	25	43	42	42	42	42	42	4	42	4	42	42	42
CGGGGGGGTAGGGC__0.449655535090066__19	43	42	42	42	42	42	42	4	14	9	42	42	25
GGGCGGGAAGGGTG__0.449634145204392__9	42	42	25	43	42	42	22	5	9	42	42	4	42
AGGGTGGGTGGGTG__0.449398478964187__18	9	42	42	4	42	42	42	4	42	42	42	4	42
GGGCGGGAGGGCAG__0.448790383083992__14	42	42	25	43	42	42	22	9	42	42	25	42	9
CGGGCGGGTGGGTG__0.448627340552643__10	43	42	42	25	43	42	42	4	42	42	42	4	42
CGGGAGGGTGGGGA__0.448470372327656__11	43	42	42	22	9	42	42	4	42	42	42	42	22
GGGAGGGCTGGGTG__0.448385547266869__11	42	42	22	9	42	42	25	9	42	42	42	4	42
TGGGTGGGTGGGGG__0.448082274358513__24	42	42	42	4	42	42	42	4	42	42	42	42	42
CGGGCGGGTGCGGG__0.447781873414262__10	43	42	42	25	43	42	42	4	42	25	43	42	42
GGCGCGGGTGGGTG__0.447675549315311__11	42	25	43	25	43	42	42	4	42	42	42	4	42
GGGAAGGGTGGGCG__0.447528206118798__14	42	42	22	5	9	42	42	4	42	42	42	25	43
AGGGGGGGTGCGGG__0.447232098530458__21	9	42	42	42	42	42	42	4	42	25	43	42	42
CGGGAGGGTGGGTT__0.446709828907862__11	43	42	42	22	9	42	42	4	42	42	42	4	5
CGGGTGGGTGGGGG__0.446546439609385__16	43	42	42	4	42	42	42	4	42	42	42	42	42
GGTCGGGGTGGGCG__0.446460096330755__14	42	4	22	43	42	42	42	4	42	42	42	25	43
GGGTGGGAAGGGGT__0.446240967433737__13	42	42	4	42	42	42	22	5	9	42	42	42	4
GGTGTGGAGGGAGG__0.446084588814815__15	42	4	42	4	42	42	22	9	42	42	22	9	42
GTGGGGGAGGTGGG__0.445999021637615__21	4	42	42	42	42	42	22	9	42	4	42	42	42
AGGTGGGAGGGCGG__0.445359602731418__14	9	42	4	42	42	42	22	9	42	42	25	43	42
GTTTGGGAGGGGGG__0.44529218700169__12	4	5	5	42	42	42	22	9	42	42	42	42	42
GGGGCGGGTCGGGG__0.444951524526558__18	42	42	42	25	43	42	42	4	22	43	42	42	42
TGGGTGGGTGGGTG__0.444730690183267__23	42	42	42	4	42	42	42	4	42	42	42	4	42
GGGGGGGAGGGACG__0.444715962288172__25	42	42	42	42	42	42	22	9	42	42	22	4	43
GGGAAGGGTGGGAG__0.444270650001563__14	42	42	22	5	9	42	42	4	42	42	42	22	9
GGCAGGGGTGGGGG__0.444160611271114__12	42	25	42	9	42	42	42	4	42	42	42	42	42
AGGGGGGGTGGGCA__0.444094169483993__21	9	42	42	42	42	42	42	4	42	42	42	25	42
GGTCGGGGTGGGGG__0.44349207400521__13	42	4	22	43	42	42	42	4	42	42	42	42	42
TGGAGGGAGGGTGG__0.443266553843776__10	42	42	22	9	42	42	22	9	42	42	4	42	42
GGCTGGGAGGGTGG__0.442915904483163__11	42	25	9	42	42	42	22	9	42	42	4	42	42
GGTGAGGGTGGGGG__0.442898573582236__15	42	4	42	22	9	42	42	4	42	42	42	42	42
GGCGAGGGTGGGGG__0.442838060135276__9	42	25	43	22	9	42	42	4	42	42	42	42	42
GGGGGGGAGGGGTT__0.442804307919458__25	42	42	42	42	42	42	22	9	42	42	42	4	5
GGGCGGGATTGGGG__0.442314041407171__9	42	42	25	43	42	42	22	0	5	42	42	42	42
GTCGGGGAGGGTGG__0.442292532277048__9	4	22	43	42	42	42	22	9	42	42	4	42	42
GGACGGGGTGGGGG__0.442185992569638__9	42	22	4	43	42	42	42	4	42	42	42	42	42
GGGGCGGGTGGGTT__0.442172140402212__22	42	42	42	25	43	42	42	4	42	42	42	4	5
TGGGTGGGTGTGGG__0.442067562081111__21	42	42	42	4	42	42	42	4	42	4	42	42	42
TGGGCGGGTGTGGT__0.441885866453453__16	42	42	42	25	43	42	42	4	42	4	42	42	4
GGGCGGGAGTGGGG__0.441540613458146__12	42	42	25	43	42	42	22	9	4	42	42	42	42
CGGTGGGAGGGCGG__0.441129970246412__12	43	42	4	42	42	42	22	9	42	42	25	43	42
GGGCGGGATGGGGC__0.440988359262117__10	42	42	25	43	42	42	22	0	42	42	42	42	25
CGGGAGGGTGGGTG__0.440606371959404__10	43	42	42	22	9	42	42	4	42	42	42	4	42
CGGGTGGGTGTGGG__0.44054742496284__14	43	42	42	4	42	42	42	4	42	4	42	42	42
GGGGGGGACTGGGG__0.440319177468515__10	42	42	42	42	42	42	22	4	9	42	42	42	42
TGGGAGGGTGGGGA__0.440092248511275__17	42	42	42	22	9	42	42	4	42	42	42	42	22
GGGGGGGATTGGGT__0.439903837634861__16	42	42	42	42	42	42	22	0	5	42	42	42	4
TGGGCGGGTGGGTG__0.439695791231095__16	42	42	42	25	43	42	42	4	42	42	42	4	42
TGGGCGGGTAGGGT__0.439643678959044__15	42	42	42	25	43	42	42	4	14	9	42	42	4
TGGGCGGGTGCGGG__0.439202903246151__16	42	42	42	25	43	42	42	4	42	25	43	42	42
GTGGCGGGTGGGTG__0.438939445859227__14	4	42	42	25	43	42	42	4	42	42	42	4	42
GGTGAGGAGGGGGG__0.438785561375634__9	42	4	42	22	9	42	22	9	42	42	42	42	42
GTGGAGGGTGGGTG__0.438657371920765__15	4	42	42	22	9	42	42	4	42	42	42	4	42
GAGGCGGGTGGGCG__0.438521901230301__10	22	9	42	25	43	42	42	4	42	42	42	25	43
GCTGGGGAGGGAGG__0.438452230139348__10	25	9	42	42	42	42	22	9	42	42	22	9	42
CGGGTGGGTCGGGG__0.438354919138882__13	43	42	42	4	42	42	42	4	22	43	42	42	42
GGGGTGGGTGGGTG__0.438124848643117__29	42	42	42	4	42	42	42	4	42	42	42	4	42
GGGAGGGATGGGGT__0.438035138590485__10	42	42	22	9	42	42	22	0	42	42	42	42	4
AGGTGGGAGGGAGG__0.437683643553499__12	9	42	4	42	42	42	22	9	42	42	22	9	42
CGGGAGGGTAGGGT__0.43764829590646__9	43	42	42	22	9	42	42	4	14	9	42	42	4
GGGTGGGAGGGTGT__0.437386253406431__22	42	42	4	42	42	42	22	9	42	42	4	42	4
GGGTGGGAAGGGGA__0.437142133683116__12	42	42	4	42	42	42	22	5	9	42	42	42	22
GGGAAGGGTGGGTG__0.437114076715501__12	42	42	22	5	9	42	42	4	42	42	42	4	42
GGCTTGGGTGGGGG__0.436940185078445__10	42	25	9	5	42	42	42	4	42	42	42	42	42
GGGGGGGAGTGGTG__0.436882243773945__21	42	42	42	42	42	42	22	9	4	42	42	4	42
CGGGAGGGTAGGGC__0.436735907184854__9	43	42	42	22	9	42	42	4	14	9	42	42	25
GGGGTGGGTGGGGG__0.436714758722656__29	42	42	42	4	42	42	42	4	42	42	42	42	42
GGGGGGGGTGGGTT__0.436467553142977__34	42	42	42	42	42	42	42	4	42	42	42	4	5
AGGGCGGGTCGGGG__0.436312107999176__9	9	42	42	25	43	42	42	4	22	43	42	42	42
GAGGAGGGTGGGCG__0.436298901416439__10	22	9	42	22	9	42	42	4	42	42	42	25	43
GGGGGGGAGGCGGG__0.435921764761668__22	42	42	42	42	42	42	22	9	42	25	43	42	42
AGGGGGGGTGGGCG__0.435911882323563__20	9	42	42	42	42	42	42	4	42	42	42	25	43
AGGGAGGGTGTGGG__0.435863380129674__10	9	42	42	22	9	42	42	4	42	4	42	42	42
GCGGTGGGTGGGCG__0.435543424640395__16	25	43	42	4	42	42	42	4	42	42	42	25	43
GAGGCGGGTGGGAG__0.435355051050083__10	22	9	42	25	43	42	42	4	42	42	42	22	9
GTGGGGGGTGGGTG__0.43508408513201__27	4	42	42	42	42	42	42	4	42	42	42	4	42
GGGGGGGAGGGGCT__0.434836938505683__23	42	42	42	42	42	42	22	9	42	42	42	25	9
GGAGGGGGTGGGGG__0.434511808300047__20	42	22	9	42	42	42	42	4	42	42	42	42	42
GGGGAGGGTCGGGG__0.434472015076787__17	42	42	42	22	9	42	42	4	22	43	42	42	42
GGGTGGGAGGGTAG__0.434456546394242__21	42	42	4	42	42	42	22	9	42	42	4	14	9
GGGAGGGAGGGTCG__0.434365760274027__13	42	42	22	9	42	42	22	9	42	42	4	22	43
GGGGGGGAATTGGG__0.43405905195691__12	42	42	42	42	42	42	22	5	0	5	42	42	42
GGGCGGGAGGGGGT__0.43382802936946__13	42	42	25	43	42	42	22	9	42	42	42	42	4
GGGGGGGATTGGGG__0.433584505398506__15	42	42	42	42	42	42	22	0	5	42	42	42	42
GGGAGGGCTGGGAG__0.433283226480878__10	42	42	22	9	42	42	25	9	42	42	42	22	9
GGTGGGGCTGGGGG__0.433153656092587__13	42	4	42	42	42	42	25	9	42	42	42	42	42
GTGGGGGAGGCGGG__0.433023165021839__18	4	42	42	42	42	42	22	9	42	25	43	42	42
GTAGGGGAGGGGGG__0.432945608267206__10	4	14	9	42	42	42	22	9	42	42	42	42	42
GGTTGGGATGGGTG__0.432852235422537__10	42	4	5	42	42	42	22	0	42	42	42	4	42
GGTGGGGGTGGAGG__0.432422035416378__27	42	4	42	42	42	42	42	4	42	42	22	9	42
GCGGTGGGTGGGAG__0.432299177296089__16	25	43	42	4	42	42	42	4	42	42	42	22	9
GGGGCGGGTGGCGG__0.432213647778757__18	42	42	42	25	43	42	42	4	42	42	25	43	42
TGGGGGGGTGGGCG__0.432210545478675__26	42	42	42	42	42	42	42	4	42	42	42	25	43
GGTAGGGGTGGGTG__0.431890765215217__14	42	4	14	9	42	42	42	4	42	42	42	4	42
TGGGGGGGTCGGGG__0.431821132410303__22	42	42	42	42	42	42	42	4	22	43	42	42	42
GGGGCGGGTAGGGT__0.431769813392234__18	42	42	42	25	43	42	42	4	14	9	42	42	4
AGGGGGGGTTGGGA__0.431478496157097__17	9	42	42	42	42	42	42	4	5	42	42	42	22
GGGTGGGATTGGGT__0.43146821826569__13	42	42	4	42	42	42	22	0	5	42	42	42	4
GGGAGGGATGGGCA__0.431105057182433__10	42	42	22	9	42	42	22	0	42	42	42	25	42
GGTTGGGGTGGGTG__0.430987165339547__19	42	4	5	42	42	42	42	4	42	42	42	4	42
GGGTTGGGTGGGAG__0.430953486581608__21	42	42	4	5	42	42	42	4	42	42	42	22	9
CGGGAGGGTGGGAG__0.430888798464637__10	43	42	42	22	9	42	42	4	42	42	42	22	9
GGTTGGGATGGGGG__0.430594997193347__10	42	4	5	42	42	42	22	0	42	42	42	42	42
GGTGGGGAAGGGGG__0.43048654479758__11	42	4	42	42	42	42	22	5	9	42	42	42	42
TGGGAGGGTAGGGT__0.430220428180446__14	42	42	42	22	9	42	42	4	14	9	42	42	4
GGTTTGGGTGGGGG__0.430201818681668__14	42	4	5	5	42	42	42	4	42	42	42	42	42
GGGGGGGACGGGCA__0.429965235195032__10	42	42	42	42	42	42	22	4	43	42	42	25	42
GGGAGGGCTGGGCG__0.429901268476094__10	42	42	22	9	42	42	25	9	42	42	42	25	43
GGGAGGGTTTGGGT__0.429802357186834__13	42	42	22	9	42	42	4	5	5	42	42	42	4
AGGGGGGGTGGGCT__0.429706755266686__19	9	42	42	42	42	42	42	4	42	42	42	25	9
CGGGGGGGTAGGGA__0.429576561143054__16	43	42	42	42	42	42	42	4	14	9	42	42	22
TGGGGGGGTGCGGG__0.429427328314917__24	42	42	42	42	42	42	42	4	42	25	43	42	42
TGGGAGGGTGGGTG__0.429091715778937__15	42	42	42	22	9	42	42	4	42	42	42	4	42
GGGCTGGGTGGGAG__0.42903469304204__14	42	42	25	9	42	42	42	4	42	42	42	22	9
CGGGAGGGTGGGGT__0.428925618442691__9	43	42	42	22	9	42	42	4	42	42	42	42	4
GGGAGGGATGGTGG__0.428867256192563__9	42	42	22	9	42	42	22	0	42	42	4	42	42
GGGAGGGAGGGCAG__0.428817324445788__12	42	42	22	9	42	42	22	9	42	42	25	42	9
GGGGAGGGTGGGTG__0.428366211365168__19	42	42	42	22	9	42	42	4	42	42	42	4	42
GAGTGGGAGGGGGG__0.428289650098804__9	22	9	4	42	42	42	22	9	42	42	42	42	42
TGGAGGGAGGGCGG__0.428272227288914__9	42	42	22	9	42	42	22	9	42	42	25	43	42
GGGGCGGGTTGGGT__0.428016744367188__17	42	42	42	25	43	42	42	4	5	42	42	42	4
CGGGAGGGTGGGGG__0.427942865841331__9	43	42	42	22	9	42	42	4	42	42	42	42	42
AGGGGGGGTGGGAA__0.427929548140178__19	9	42	42	42	42	42	42	4	42	42	42	22	5
GGGAGGGGTGGGTT__0.427891216384359__19	42	42	22	9	42	42	42	4	42	42	42	4	5
GGTAAGGGTGGGGG__0.427762917236393__9	42	4	14	5	9	42	42	4	42	42	42	42	42
ATGGGGGAGGGGGG__0.427745559946249__10	0	42	42	42	42	42	22	9	42	42	42	42	42
GGGGTGGGTAGGGG__0.427679507066552__26	42	42	42	4	42	42	42	4	14	9	42	42	42
GGGTCGGGTGGGAG__0.427384521480826__12	42	42	4	22	43	42	42	4	42	42	42	22	9
GGGAGGGAGGGTTT__0.427337855278779__12	42	42	22	9	42	42	22	9	42	42	4	5	5
TGGGGGGGTTGGGG__0.427293854107607__22	42	42	42	42	42	42	42	4	5	42	42	42	42
AGGGGGGGTCGGGC__0.42671858612819__16	9	42	42	42	42	42	42	4	22	43	42	42	25
AGGGAGGGTGGGTC__0.426525086947513__10	9	42	42	22	9	42	42	4	42	42	42	4	22
AGGGAGGGTAGGGG__0.426240722052031__9	9	42	42	22	9	42	42	4	14	9	42	42	42
GGGGGGGAGGGGGT__0.426163501611033__23	42	42	42	42	42	42	22	9	42	42	42	42	4
CGGGGGGGTGCGGG__0.426099918230684__16	43	42	42	42	42	42	42	4	42	25	43	42	42
AGGGGGGGTGTGGG__0.425249150123462__16	9	42	42	42	42	42	42	4	42	4	42	42	42
GTGGGGGGTGTGGG__0.425001273134822__23	4	42	42	42	42	42	42	4	42	4	42	42	42
CGGGTGGGTAGGGA__0.424727262207129__13	43	42	42	4	42	42	42	4	14	9	42	42	22
TGGGGGGGTGGGAG__0.424542443768666__25	42	42	42	42	42	42	42	4	42	42	42	22	9
AGGGAGGGTGGGTA__0.42437040480398__10	9	42	42	22	9	42	42	4	42	42	42	4	14
GGTGGGGTTGGGGG__0.424365249276011__18	42	4	42	42	42	42	4	5	42	42	42	42	42
GGTGGGGAGGGGTG__0.424021063346088__18	42	4	42	42	42	42	22	9	42	42	42	4	42
GGGGGGGATGGGTA__0.423736854059485__16	42	42	42	42	42	42	22	0	42	42	42	4	14
AGGGCGGGTAGGGT__0.423457996877684__9	9	42	42	25	43	42	42	4	14	9	42	42	4
GGGCGGGAGGGGTT__0.423280622430278__11	42	42	25	43	42	42	22	9	42	42	42	4	5
GTGGTGGGTGGGAG__0.423124385566948__20	4	42	42	4	42	42	42	4	42	42	42	22	9
AGGTGGGAGGGTGG__0.422417025849594__11	9	42	4	42	42	42	22	9	42	42	4	42	42
AGGGGGGGTGGGGA__0.422094735886273__17	9	42	42	42	42	42	42	4	42	42	42	42	22
GTGCGGGAGGGGGG__0.421947447473163__9	4	42	25	43	42	42	22	9	42	42	42	42	42
GGGGGGTATGGGTG__0.42188610682395__12	42	42	42	42	42	4	14	0	42	42	42	4	42
GGGGGGGCTGGGTA__0.421871959469556__15	42	42	42	42	42	42	25	9	42	42	42	4	14
GTGGGGGAGGGAGG__0.421848480234463__17	4	42	42	42	42	42	22	9	42	42	22	9	42
AGGGCGGGTGGGCG__0.421685429774938__10	9	42	42	25	43	42	42	4	42	42	42	25	43
GGGGGGGACGGGTT__0.421472359775736__9	42	42	42	42	42	42	22	4	43	42	42	4	5
AGGGGGGGTGGGAG__0.421217462696401__18	9	42	42	42	42	42	42	4	42	42	42	22	9
GCGTGGGAGGGGGG__0.421106206414504__10	25	43	4	42	42	42	22	9	42	42	42	42	42
GGGCGGGAGAGGGG__0.420905529186174__9	42	42	25	43	42	42	22	9	22	9	42	42	42
GGTTGGGCTGGGGG__0.420568516301099__9	42	4	5	42	42	42	25	9	42	42	42	42	42
TGGGGGGGTAGGGG__0.420238853012451__21	42	42	42	42	42	42	42	4	14	9	42	42	42
GTTGGGGAGGGCGG__0.420184887314506__13	4	5	42	42	42	42	22	9	42	42	25	43	42
TGGGGGGAGGGCGG__0.420151602415909__17	42	42	42	42	42	42	22	9	42	42	25	43	42
GGCGGGGAGGGGCG__0.420136747319313__11	42	25	43	42	42	42	22	9	42	42	42	25	43
AGGGGGGAGGGGGG__0.420022538993076__12	9	42	42	42	42	42	22	9	42	42	42	42	42
GCGGGGGGTGGGTG__0.4199189595928__17	25	43	42	42	42	42	42	4	42	42	42	4	42
GGGGGGGATGGGGT__0.419765568016775__15	42	42	42	42	42	42	22	0	42	42	42	42	4
CGGGGGGGTCTGGG__0.419640346729046__13	43	42	42	42	42	42	42	4	22	9	42	42	42
TGGGAGGGTGGGAG__0.419631831274135__15	42	42	42	22	9	42	42	4	42	42	42	22	9
GGGGGGGGTGGCGG__0.419553781293275__26	42	42	42	42	42	42	42	4	42	42	25	43	42
GGTGGGGAAGGGCG__0.41941549116996__10	42	4	42	42	42	42	22	5	9	42	42	25	43
CGGTGGGAGGGAGG__0.419312419794018__9	43	42	4	42	42	42	22	9	42	42	22	9	42
GGGCGGGAGGGTCG__0.419200343044248__11	42	42	25	43	42	42	22	9	42	42	4	22	43
GGAGGGGATGGGCG__0.419151682897401__9	42	22	9	42	42	42	22	0	42	42	42	25	43
AGGGGGGGTGAGGG__0.419119205713622__16	9	42	42	42	42	42	42	4	42	22	9	42	42
GGCTGGGGTGGGGG__0.418893983533639__12	42	25	9	42	42	42	42	4	42	42	42	42	42
GGTGGGTATGGGGG__0.418835315143407__10	42	4	42	42	42	4	14	0	42	42	42	42	42
GGGGTGGGTGAGGG__0.418796120386624__24	42	42	42	4	42	42	42	4	42	22	9	42	42
GGTGGGGATGGGAG__0.418723591868463__13	42	4	42	42	42	42	22	0	42	42	42	22	9
GTGTGGGAGGGTGG__0.41863495057513__14	4	42	4	42	42	42	22	9	42	42	4	42	42
GGGTAGGGTGGGGT__0.418575783176881__13	42	42	4	14	9	42	42	4	42	42	42	42	4
GGGCGGGGTGGGTA__0.418324880438857__17	42	42	25	43	42	42	42	4	42	42	42	4	14
GGGCGGGTTGGGAG__0.418248042779102__12	42	42	25	43	42	42	4	5	42	42	42	22	9
GGGGGGGAGGGGGC__0.418048684366063__22	42	42	42	42	42	42	22	9	42	42	42	42	25
GGGAGGGATGGGCT__0.418046753056642__9	42	42	22	9	42	42	22	0	42	42	42	25	9
GGGTGGGGTGGGTA__0.417851513759056__25	42	42	4	42	42	42	42	4	42	42	42	4	14
GGTAGGGGTGGGCG__0.417732148902119__13	42	4	14	9	42	42	42	4	42	42	42	25	43
AGGGGGGAGGGTGG__0.417631348531878__12	9	42	42	42	42	42	22	9	42	42	4	42	42
GGGTGGGGTGGGTG__0.417428103456611__24	42	42	4	42	42	42	42	4	42	42	42	4	42
GGGTGGGGTGGGTT__0.417414765326126__25	42	42	4	42	42	42	42	4	42	42	42	4	5
GGCGGGGTTGGGGG__0.417248820629891__11	42	25	43	42	42	42	4	5	42	42	42	42	42
GTTGGGGAGGGGGG__0.417159486891432__12	4	5	42	42	42	42	22	9	42	42	42	42	42
TGGGCGGGTGGGGT__0.417047678922568__13	42	42	42	25	43	42	42	4	42	42	42	42	4
GGTCGGGGTGGGTG__0.416582712973227__10	42	4	22	43	42	42	42	4	42	42	42	4	42
GTGGGGGGTGGGCG__0.416498324672899__24	4	42	42	42	42	42	42	4	42	42	42	25	43
GGCAGGGGTGGGAG__0.416231191259913__10	42	25	42	9	42	42	42	4	42	42	42	22	9
GGGAGGGAGGGCGT__0.416145203185151__11	42	42	22	9	42	42	22	9	42	42	25	43	4
TGGGAGGGTGGGGC__0.416086125494209__13	42	42	42	22	9	42	42	4	42	42	42	42	25
GTGGTGGGTGGGCG__0.415374222096428__18	4	42	42	4	42	42	42	4	42	42	42	25	43
GGGTGGGAGGGTTG__0.415327340766944__18	42	42	4	42	42	42	22	9	42	42	4	5	42
GGCGGGGGTGGGTG__0.415224766091827__16	42	25	43	42	42	42	42	4	42	42	42	4	42
GGGAGGGTTGGGTT__0.415166719569663__12	42	42	22	9	42	42	4	5	42	42	42	4	5
GGGCAGGGTGGGGC__0.41473980037953__9	42	42	25	42	9	42	42	4	42	42	42	42	25
GGGTGGGAGCGGGG__0.414551530070236__19	42	42	4	42	42	42	22	9	25	43	42	42	42
CGGGGGGGTGGGAC__0.414443508221825__15	43	42	42	42	42	42	42	4	42	42	42	22	4
GGGGGGGATGGGGC__0.414378586233927__14	42	42	42	42	42	42	22	0	42	42	42	42	25
GGGGGGGGTGGGCG__0.41422205279782__28	42	42	42	42	42	42	42	4	42	42	42	25	43
GAGGTGGGTGGGCG__0.414010071843129__12	22	9	42	4	42	42	42	4	42	42	42	25	43
TGGGAGGGTAGGGC__0.413856847586233__12	42	42	42	22	9	42	42	4	14	9	42	42	25
GGGCGGGAGGGAAG__0.413732000817508__10	42	42	25	43	42	42	22	9	42	42	22	5	9
TGGGAGGGTGGGGT__0.413637875703149__13	42	42	42	22	9	42	42	4	42	42	42	42	4
GGGTGGGAGGGTGG__0.413242705161661__18	42	42	4	42	42	42	22	9	42	42	4	42	42
AGGGAGGGTGGGTT__0.413199283015225__9	9	42	42	22	9	42	42	4	42	42	42	4	5
GGGGCGGGTGGGCG__0.412882203379532__17	42	42	42	25	43	42	42	4	42	42	42	25	43
GGGGGGGGTAGGGC__0.412878770935244__25	42	42	42	42	42	42	42	4	14	9	42	42	25
GGGTAGGGTGGGCG__0.412798131561353__13	42	42	4	14	9	42	42	4	42	42	42	25	43
GGGTAGGGTGGGGC__0.412619535557076__12	42	42	4	14	9	42	42	4	42	42	42	42	25
TGGGGGGGTGGGAA__0.412222412759349__22	42	42	42	42	42	42	42	4	42	42	42	22	5
GGGGCGGGTGCGGG__0.412187907291692__16	42	42	42	25	43	42	42	4	42	25	43	42	42
GGGGAGGGTAGGGT__0.411938614048926__15	42	42	42	22	9	42	42	4	14	9	42	42	4
GGGGGGGATGGGTC__0.411889601488708__14	42	42	42	42	42	42	22	0	42	42	42	4	22
GGCGTGGGTGGGTG__0.411581402171504__11	42	25	43	4	42	42	42	4	42	42	42	4	42
GGGTCGGGTGGGCG__0.411471117257439__10	42	42	4	22	43	42	42	4	42	42	42	25	43
GCGGGGGAGGTGGG__0.411079018548774__11	25	43	42	42	42	42	22	9	42	4	42	42	42
GGGGGGGAGGGGGA__0.4110341700729__20	42	42	42	42	42	42	22	9	42	42	42	42	22
GGGGAGGAGGGGGG__0.41090906947468__10	42	42	42	22	9	42	22	9	42	42	42	42	42
GGGTGGGAAGGGTT__0.410843047544563__10	42	42	4	42	42	42	22	5	9	42	42	4	5
TGGTGGGAGGGCGG__0.410705814447081__13	42	42	4	42	42	42	22	9	42	42	25	43	42
AGGGGGGGTTGGGC__0.410655875124907__14	9	42	42	42	42	42	42	4	5	42	42	42	25
GGGGGGGGTGGGGC__0.410641089717845__25	42	42	42	42	42	42	42	4	42	42	42	42	25
GGGGGGGAGGGAGT__0.41059256338725__18	42	42	42	42	42	42	22	9	42	42	22	9	4
GGGGGGTATGGGGG__0.410544963115234__11	42	42	42	42	42	4	14	0	42	42	42	42	42
GGGAGGGTTGGGTG__0.410368173474266__11	42	42	22	9	42	42	4	5	42	42	42	4	42
GGGGGGGATGTGGG__0.410362400955313__13	42	42	42	42	42	42	22	0	42	4	42	42	42
TGGGAGGGTGGGTA__0.410124858877223__13	42	42	42	22	9	42	42	4	42	42	42	4	14
GGGGGGGAGGGTGC__0.409565424586269__19	42	42	42	42	42	42	22	9	42	42	4	42	25
GGGAGGGAGTGGCG__0.409522643689893__9	42	42	22	9	42	42	22	9	4	42	42	25	43
GGGAGGGAGGGTGT__0.40939366708692__10	42	42	22	9	42	42	22	9	42	42	4	42	4
GGGCGGGAGGGTGG__0.409234990507727__10	42	42	25	43	42	42	22	9	42	42	4	42	42
GGGGAGGGTGGGGG__0.409035513889507__16	42	42	42	22	9	42	42	4	42	42	42	42	42
TGGGGGGGTGGGTC__0.408941664956925__20	42	42	42	42	42	42	42	4	42	42	42	4	22
GGGGGGGATTGGGC__0.408909268289492__12	42	42	42	42	42	42	22	0	5	42	42	42	25
GGGCAGGGTGGGTA__0.408881513600295__9	42	42	25	42	9	42	42	4	42	42	42	4	14
GGGGGGGGTAGGGG__0.408759648322893__24	42	42	42	42	42	42	42	4	14	9	42	42	42
GGGAGGGAGTGGGG__0.408465392216264__9	42	42	22	9	42	42	22	9	4	42	42	42	42
GGGTGGGAGGTGGG__0.408103988989956__16	42	42	4	42	42	42	22	9	42	4	42	42	42
GGGGGGGGTGGGGT__0.407846879680744__25	42	42	42	42	42	42	42	4	42	42	42	42	4
GGGGGGGAGGGTGA__0.407704721541238__19	42	42	42	42	42	42	22	9	42	42	4	42	22
GGGGGGGTTGGGCG__0.40769638163463__19	42	42	42	42	42	42	4	5	42	42	42	25	43
CGGGGGGGTCGGGG__0.407544654450793__12	43	42	42	42	42	42	42	4	22	43	42	42	42
GGAGGGGAGGGGTG__0.407491429536588__10	42	22	9	42	42	42	22	9	42	42	42	4	42
TGGGCGGGTAGGGG__0.407383269570416__11	42	42	42	25	43	42	42	4	14	9	42	42	42
GGGGGGGGTGGGAG__0.407096793942694__27	42	42	42	42	42	42	42	4	42	42	42	22	9
GGGGGGGAGGGGTA__0.406984509124466__18	42	42	42	42	42	42	22	9	42	42	42	4	14
GAGGTGGGTGGGTT__0.406951868202308__11	22	9	42	4	42	42	42	4	42	42	42	4	5
GGGGGGGAGGGCCG__0.406941403093409__19	42	42	42	42	42	42	22	9	42	42	25	42	43
GGGGGGGGTCGGGT__0.406644131450653__21	42	42	42	42	42	42	42	4	22	43	42	42	4
GGGTGGGAGGGAAG__0.405853704342879__16	42	42	4	42	42	42	22	9	42	42	22	5	9
GGGGGGGAGGGTTT__0.405758586520841__18	42	42	42	42	42	42	22	9	42	42	4	5	5
GGAGGGGTTGGGGG__0.405738031267487__10	42	22	9	42	42	42	4	5	42	42	42	42	42
GTGGAGGGTGGGAG__0.405709356411287__12	4	42	42	22	9	42	42	4	42	42	42	22	9
TGGGAGGGTGCGGG__0.405263581453679__12	42	42	42	22	9	42	42	4	42	25	43	42	42
GGTATGGGTGGGAG__0.405062567225889__9	42	4	14	0	42	42	42	4	42	42	42	22	9
AGGGTGGGTGGGGG__0.40484971090591__12	9	42	42	4	42	42	42	4	42	42	42	42	42
GGGAGGGTTGGGCG__0.404803690081215__11	42	42	22	9	42	42	4	5	42	42	42	25	43
GGGTGGGATTGGGG__0.404744922485226__10	42	42	4	42	42	42	22	0	5	42	42	42	42
GCGGGGGAGGGTGG__0.404143249901358__11	25	43	42	42	42	42	22	9	42	42	4	42	42
GGGTGGGAGTGGTG__0.404023308176377__14	42	42	4	42	42	42	22	9	4	42	42	4	42
GGGCGGGAGGGACG__0.403720018352262__9	42	42	25	43	42	42	22	9	42	42	22	4	43
GGGCGGGAGGGTAG__0.403109529322633__9	42	42	25	43	42	42	22	9	42	42	4	14	9
CGGGGGGGTTGGGC__0.402961915216378__12	43	42	42	42	42	42	42	4	5	42	42	42	25
GGGGCGGGTGGAGG__0.402818506484345__14	42	42	42	25	43	42	42	4	42	42	22	9	42
AGGGGGGGTATGGG__0.401617094747123__13	9	42	42	42	42	42	42	4	14	0	42	42	42
GGGCGGGAGGGGTA__0.401503333298313__9	42	42	25	43	42	42	22	9	42	42	42	4	14
GGTGAGGGTGGGTG__0.40143252546332__10	42	4	42	22	9	42	42	4	42	42	42	4	42
GGGTGGGATGGGGT__0.401271210185538__11	42	42	4	42	42	42	22	0	42	42	42	42	4
GGTGTGGGTGGGTG__0.401175706682537__15	42	4	42	4	42	42	42	4	42	42	42	4	42
AGGGGGGGTAGGGC__0.400998613426366__13	9	42	42	42	42	42	42	4	14	9	42	42	25
CGGGTGGGTGCGGT__0.40087562785456__11	43	42	42	4	42	42	42	4	42	25	43	42	4
TGGGGGGGTTGGGC__0.400402915934416__17	42	42	42	42	42	42	42	4	5	42	42	42	25
GGGTGGGAGGGACG__0.400313050304548__15	42	42	4	42	42	42	22	9	42	42	22	4	43
GGGTGGGTTGTGGG__0.400195127607778__14	42	42	4	42	42	42	4	5	42	4	42	42	42
AGGGGGGGTAGGGA__0.399933612636115__13	9	42	42	42	42	42	42	4	14	9	42	42	22
AGGGGGGGTCGGGG__0.399653550189006__12	9	42	42	42	42	42	42	4	22	43	42	42	42
GGGGGGGGTGGAGG__0.399371631575533__22	42	42	42	42	42	42	42	4	42	42	22	9	42
CGGGGGGGTGGGCG__0.399134072101205__13	43	42	42	42	42	42	42	4	42	42	42	25	43
CGGGTGGGTGAGGG__0.399049406225862__10	43	42	42	4	42	42	42	4	42	22	9	42	42
AGGGGGGGTGTGGT__0.399022689406122__13	9	42	42	42	42	42	42	4	42	4	42	42	4
TGGGGGGGTGGGCT__0.399012919195783__19	42	42	42	42	42	42	42	4	42	42	42	25	9
GGGAGGGTTAGGGG__0.398589719530148__10	42	42	22	9	42	42	4	5	14	9	42	42	42
GTGGTGGGTGGGTT__0.398553512708228__15	4	42	42	4	42	42	42	4	42	42	42	4	5
GGGTGGGATGGGTA__0.39848030817346__11	42	42	4	42	42	42	22	0	42	42	42	4	14
GCGGTGGGTGGGTT__0.398457253691792__11	25	43	42	4	42	42	42	4	42	42	42	4	5
GGGGGGGAGGGCGT__0.398340826815102__17	42	42	42	42	42	42	22	9	42	42	25	43	4
GGGGCGGGTAGGGC__0.398169162778727__13	42	42	42	25	43	42	42	4	14	9	42	42	25
TGGGGGGGTCGGGA__0.398036267104499__16	42	42	42	42	42	42	42	4	22	43	42	42	22
CGGGGGGGTCGGGA__0.397993264160383__11	43	42	42	42	42	42	42	4	22	43	42	42	22
AGGGTGGGTAGGGT__0.397987332755068__11	9	42	42	4	42	42	42	4	14	9	42	42	4
GGGGAGGAGGGTGG__0.397946415195657__9	42	42	42	22	9	42	22	9	42	42	4	42	42
GGGGGGGAATGGGC__0.397909422606536__9	42	42	42	42	42	42	22	5	0	42	42	42	25
GGGGGGGATGGGCT__0.39759780831076__13	42	42	42	42	42	42	22	0	42	42	42	25	9
TGGGGGGGTAGGGA__0.397186602174848__17	42	42	42	42	42	42	42	4	14	9	42	42	22
GGTTGGGAGGGGTG__0.397163793398963__10	42	4	5	42	42	42	22	9	42	42	42	4	42
GGGCGGGTTTGGGG__0.396862990737315__9	42	42	25	43	42	42	4	5	5	42	42	42	42
GGTGGGGCTGGGTG__0.396829012802469__9	42	4	42	42	42	42	25	9	42	42	42	4	42
CGGGGGGAGGGTGG__0.396324062328508__9	43	42	42	42	42	42	22	9	42	42	4	42	42
GGGGGGGGTGGGTA__0.396279536914997__23	42	42	42	42	42	42	42	4	42	42	42	4	14
CGGGGGGGTCGGGC__0.396269239278585__11	43	42	42	42	42	42	42	4	22	43	42	42	25
GGAGTGGGTGGGGG__0.396258293557531__9	42	22	9	4	42	42	42	4	42	42	42	42	42
GGGCGGGAGGGCGG__0.395702359912498__9	42	42	25	43	42	42	22	9	42	42	25	43	42
GGGTGGGAGGTGTG__0.395627649954345__13	42	42	4	42	42	42	22	9	42	4	42	4	42
GGGGGGGTTGGGTG__0.395392335256951__16	42	42	42	42	42	42	4	5	42	42	42	4	42
GGAGGGGAGGGTTG__0.395213644978734__9	42	22	9	42	42	42	22	9	42	42	4	5	42
GGGTGGGAGGGTCG__0.395036382521591__15	42	42	4	42	42	42	22	9	42	42	4	22	43
GGGGAGGGTGGGAG__0.394884050271059__15	42	42	42	22	9	42	42	4	42	42	42	22	9
TGGGCGGGTGGGCG__0.394628016706279__11	42	42	42	25	43	42	42	4	42	42	42	25	43
GGGTGGGAGTGGCG__0.394224993849021__13	42	42	4	42	42	42	22	9	4	42	42	25	43
TGGGGGGGTTGGGT__0.393923252486054__16	42	42	42	42	42	42	42	4	5	42	42	42	4
GGGTGGGATTTGGG__0.393670782284861__9	42	42	4	42	42	42	22	0	5	5	42	42	42
GGGGGGGAGGGTTA__0.393583492045842__16	42	42	42	42	42	42	22	9	42	42	4	5	14
CGGGGGGAGGGCGG__0.393511578113569__9	43	42	42	42	42	42	22	9	42	42	25	43	42
GGGGCGGGTGGTGG__0.393508181184248__12	42	42	42	25	43	42	42	4	42	42	4	42	42
GGGGGGGAAGGGTA__0.393346601534274__9	42	42	42	42	42	42	22	5	9	42	42	4	14
AGGGTGGGTGGGTT__0.393327998263632__11	9	42	42	4	42	42	42	4	42	42	42	4	5
GGGTGGGATGGGGC__0.393309040687306__10	42	42	4	42	42	42	22	0	42	42	42	42	25
GGGTGGGGTGGGGT__0.393296471750296__19	42	42	4	42	42	42	42	4	42	42	42	42	4
GGGTGGGATGGGTG__0.393011245191913__10	42	42	4	42	42	42	22	0	42	42	42	4	42
GGCTGGGGTGGGAG__0.392611433417617__10	42	25	9	42	42	42	42	4	42	42	42	22	9
GAGGTGGGTGGGAG__0.392575266073356__10	22	9	42	4	42	42	42	4	42	42	42	22	9
TGGGTGGGTAGGGA__0.392503832391836__14	42	42	42	4	42	42	42	4	14	9	42	42	22
TGGGTGGGTGCGGG__0.392359692756635__14	42	42	42	4	42	42	42	4	42	25	43	42	42
GGTGTGGGTGGGAG__0.392332129931945__15	42	4	42	4	42	42	42	4	42	42	42	22	9
TGGGGGGGTGTGGA__0.392325660678953__16	42	42	42	42	42	42	42	4	42	4	42	42	22
GGTGGGGGTGGGTG__0.392270890656389__19	42	4	42	42	42	42	42	4	42	42	42	4	42
GGGTGGGAGGGCGG__0.392104031528682__15	42	42	4	42	42	42	22	9	42	42	25	43	42
TGGGGGGGTGGTGG__0.391613257558674__15	42	42	42	42	42	42	42	4	42	42	4	42	42
GGGAGGGGTGGGTC__0.391529103039426__13	42	42	22	9	42	42	42	4	42	42	42	4	22
GTTGGGGAGGGAGG__0.391452665387489__9	4	5	42	42	42	42	22	9	42	42	22	9	42
GGGGGGGTTGGGTT__0.391370697402882__16	42	42	42	42	42	42	4	5	42	42	42	4	5
GGCTGGGGTGGGTG__0.391025917130559__9	42	25	9	42	42	42	42	4	42	42	42	4	42
GGGCGGGGTGGGTT__0.390821185270585__13	42	42	25	43	42	42	42	4	42	42	42	4	5
TGGTGGGGTGGGCG__0.390603002521433__14	42	42	4	42	42	42	42	4	42	42	42	25	43
AGGGGGGGTCGGGA__0.390273740939499__11	9	42	42	42	42	42	42	4	22	43	42	42	22
GTGGGGGAGGAGGG__0.389926798315318__13	4	42	42	42	42	42	22	9	42	22	9	42	42
GGGTGGGAGGGTTT__0.389864354755088__14	42	42	4	42	42	42	22	9	42	42	4	5	5
GGGTGGGATGGGAG__0.389731133209025__10	42	42	4	42	42	42	22	0	42	42	42	22	9
GTGGGGGGTGGGAG__0.389709538771229__19	4	42	42	42	42	42	42	4	42	42	42	22	9
GGGGGGGAGAGGTG__0.389680015802925__13	42	42	42	42	42	42	22	9	22	9	42	4	42
GGGGAGGGTGCGGG__0.389280156840707__13	42	42	42	22	9	42	42	4	42	25	43	42	42
GGGTGGGTTCGGGG__0.389250346146551__15	42	42	4	42	42	42	4	5	22	43	42	42	42
GGGCGGGGTGGGCG__0.389230710699074__13	42	42	25	43	42	42	42	4	42	42	42	25	43
GGGGCGGGTAGGGA__0.389213442195379__12	42	42	42	25	43	42	42	4	14	9	42	42	22
CGGGGGGGTGAGGG__0.389168573730791__11	43	42	42	42	42	42	42	4	42	22	9	42	42
GTGGCGGGTGGGTT__0.389052023394584__9	4	42	42	25	43	42	42	4	42	42	42	4	5
CGGGGGGGTGGGAA__0.389025866618794__12	43	42	42	42	42	42	42	4	42	42	42	22	5
GTGGGGGAGGGTGG__0.388959032564659__13	4	42	42	42	42	42	22	9	42	42	4	42	42
TGGTGGGGTGGGTG__0.388955909186132__13	42	42	4	42	42	42	42	4	42	42	42	4	42
CGGGGGGGTCAGGG__0.388760881900919__10	43	42	42	42	42	42	42	4	22	42	9	42	42
TGGGCGGGTGGGGA__0.38863244907075__10	42	42	42	25	43	42	42	4	42	42	42	42	22
GGTGGGGGTGGGAG__0.388575446951592__20	42	4	42	42	42	42	42	4	42	42	42	22	9
GGGGGGGAGGGTCT__0.388546789273795__15	42	42	42	42	42	42	22	9	42	42	4	22	9
TGGGGGGGTTGGGA__0.388328442124518__15	42	42	42	42	42	42	42	4	5	42	42	42	22
GGTAGGGGTGGGAG__0.388292551830962__10	42	4	14	9	42	42	42	4	42	42	42	22	9
GGGGGGGATAGGGG__0.388119772806262__11	42	42	42	42	42	42	22	0	14	9	42	42	42
GGGTGGGCTTGGGG__0.387889922045017__9	42	42	4	42	42	42	25	9	5	42	42	42	42
GGGGGGGCTGGGCT__0.387819872163953__11	42	42	42	42	42	42	25	9	42	42	42	25	9
GGGGGGGGTGTGGG__0.387634605775221__19	42	42	42	42	42	42	42	4	42	4	42	42	42
AGGGGGGGTGGGTC__0.387618526215716__12	9	42	42	42	42	42	42	4	42	42	42	4	22
AGGGTGGGTAGGGA__0.387501219159134__10	9	42	42	4	42	42	42	4	14	9	42	42	22
GGGTGGGGTCGGGG__0.387403716464166__16	42	42	4	42	42	42	42	4	22	43	42	42	42
GTGGCGGGTGGGCG__0.387390622240424__9	4	42	42	25	43	42	42	4	42	42	42	25	43
CGGGTGGGTGCGGG__0.387264500076152__9	43	42	42	4	42	42	42	4	42	25	43	42	42
TGGGCGGGTGTGGG__0.387210061544895__9	42	42	42	25	43	42	42	4	42	4	42	42	42
TGGGCGGGTGGGTT__0.386987144760018__10	42	42	42	25	43	42	42	4	42	42	42	4	5
GGGGGGGATGAGGG__0.386962147016271__10	42	42	42	42	42	42	22	0	42	22	9	42	42
GGGGGGGAGGTGTG__0.386628882388165__13	42	42	42	42	42	42	22	9	42	4	42	4	42
GGGCGGGGTGGGGT__0.386600149537839__12	42	42	25	43	42	42	42	4	42	42	42	42	4
GGGGGGGGTCGGGG__0.386373164976797__18	42	42	42	42	42	42	42	4	22	43	42	42	42
AGGGTGGGTGGGTC__0.386290557708861__10	9	42	42	4	42	42	42	4	42	42	42	4	22
GGGGGGGCTGGGGC__0.385887463613483__10	42	42	42	42	42	42	25	9	42	42	42	42	25
GGGGCGGGTGTGGT__0.385794105636746__12	42	42	42	25	43	42	42	4	42	4	42	42	4
GGGGAGGGTGGGTT__0.385634320467946__13	42	42	42	22	9	42	42	4	42	42	42	4	5
GGGTGGGAGGGCCG__0.385375811894107__14	42	42	4	42	42	42	22	9	42	42	25	42	43
GGGGGGGAGTGGCG__0.385360759206545__13	42	42	42	42	42	42	22	9	4	42	42	25	43
CGGGGGGGTTGGGA__0.385339190166766__10	43	42	42	42	42	42	42	4	5	42	42	42	22
GCGGGGGAGGAGGG__0.385286591515897__9	25	43	42	42	42	42	22	9	42	22	9	42	42
GGGTGGGAGGGGGT__0.385272260054186__14	42	42	4	42	42	42	22	9	42	42	42	42	4
GGTGGGGATGGGTG__0.385126857620305__9	42	4	42	42	42	42	22	0	42	42	42	4	42
GGGCGGGGTGTGGG__0.385048223067731__11	42	42	25	43	42	42	42	4	42	4	42	42	42
GGGGGGGGTGGGCT__0.384901447617957__21	42	42	42	42	42	42	42	4	42	42	42	25	9
TGGGCGGGTGGGCT__0.384750226924494__10	42	42	42	25	43	42	42	4	42	42	42	25	9
GGGGCGGGTGAGGG__0.3847365897615__12	42	42	42	25	43	42	42	4	42	22	9	42	42
GGCGGGGGTGGCGG__0.384633183960773__11	42	25	43	42	42	42	42	4	42	42	25	43	42
GGGTGGGAGGGCAG__0.384607649516881__13	42	42	4	42	42	42	22	9	42	42	25	42	9
TGGGAGGGTGGGCA__0.38441112759162__10	42	42	42	22	9	42	42	4	42	42	42	25	42
GGGGGGGCTGGGGT__0.38407629199452__10	42	42	42	42	42	42	25	9	42	42	42	42	4
GGGGTGGGTGTGGG__0.383938584246302__16	42	42	42	4	42	42	42	4	42	4	42	42	42
GGGGGGGGTGGGGA__0.38393036786312__20	42	42	42	42	42	42	42	4	42	42	42	42	22
GGGGGGGTTCGGGG__0.383829778778355__16	42	42	42	42	42	42	4	5	22	43	42	42	42
GGGGGGGAGTGGGG__0.383623532870939__13	42	42	42	42	42	42	22	9	4	42	42	42	42
TGGGGGGGTGGGAC__0.38359354094024__16	42	42	42	42	42	42	42	4	42	42	42	22	4
TGGGGGGGTGGGCC__0.383308026998592__16	42	42	42	42	42	42	42	4	42	42	42	25	42
GGGGGGGCTGGGTC__0.383130123683337__10	42	42	42	42	42	42	25	9	42	42	42	4	22
TGGGGGGGTGAGGG__0.3829136608026__15	42	42	42	42	42	42	42	4	42	22	9	42	42
GGGTGGGCTGGGTT__0.382540243585006__9	42	42	4	42	42	42	25	9	42	42	42	4	5
GGGGGGGGTTGGGA__0.382390651673139__18	42	42	42	42	42	42	42	4	5	42	42	42	22
GGGTGGGCTGGGAG__0.382268948617529__9	42	42	4	42	42	42	25	9	42	42	42	22	9
GGTGGGGAGGGGAG__0.382086120601797__12	42	4	42	42	42	42	22	9	42	42	42	22	9
TGGGGGGGTGCGGT__0.381964048766994__16	42	42	42	42	42	42	42	4	42	25	43	42	4
GGCGGGGGTGGAGG__0.381712290428513__11	42	25	43	42	42	42	42	4	42	42	22	9	42
GGGGGGGGTTGGGT__0.38161036292438__18	42	42	42	42	42	42	42	4	5	42	42	42	4
GGGGAGGGTAGGGC__0.381420567261307__11	42	42	42	22	9	42	42	4	14	9	42	42	25
GGGGTGGGTCGGGT__0.381344543822654__14	42	42	42	4	42	42	42	4	22	43	42	42	4
GGGGAGGGTTGGGG__0.381217343220669__11	42	42	42	22	9	42	42	4	5	42	42	42	42
GGGTGGGATGGGTC__0.380867555110412__9	42	42	4	42	42	42	22	0	42	42	42	4	22
GGGTTGGGTGGGGA__0.380865043805753__12	42	42	4	5	42	42	42	4	42	42	42	42	22
GGGCGGGGTGGGGC__0.380707421288679__11	42	42	25	43	42	42	42	4	42	42	42	42	25
GGGGGGGAGGGTTC__0.380642171508214__14	42	42	42	42	42	42	22	9	42	42	4	5	22
GTGGAGGGTGGGCG__0.380389810231695__9	4	42	42	22	9	42	42	4	42	42	42	25	43
TGGGGGGGTGAGGT__0.380333632288688__15	42	42	42	42	42	42	42	4	42	22	9	42	4
CGGGTGGGTGGGAA__0.379979898252059__9	43	42	42	4	42	42	42	4	42	42	42	22	5
AGGGTGGGTGTGGT__0.379810480922324__9	9	42	42	4	42	42	42	4	42	4	42	42	4
GGGGGGGAGCGGTG__0.37973839549788__14	42	42	42	42	42	42	22	9	25	43	42	4	42
TGGGTGGGTGCGGT__0.379163031077542__13	42	42	42	4	42	42	42	4	42	25	43	42	4
GGGTGGGATGGGTT__0.378978973897578__9	42	42	4	42	42	42	22	0	42	42	42	4	5
TGGGTGGGTGAGGG__0.37876844841638__12	42	42	42	4	42	42	42	4	42	22	9	42	42
AGGGGGGGTTTGGG__0.378740657975132__10	9	42	42	42	42	42	42	4	5	5	42	42	42
GGGGAGGGTGGGTA__0.378352328267496__12	42	42	42	22	9	42	42	4	42	42	42	4	14
GGGGTGGGTGGGCG__0.377935035261901__17	42	42	42	4	42	42	42	4	42	42	42	25	43
GGGGGGGTTGGGGC__0.377844268573558__13	42	42	42	42	42	42	4	5	42	42	42	42	25
GGGGTGGGTGCGGG__0.377309133919571__16	42	42	42	4	42	42	42	4	42	25	43	42	42
AGGGTGGGTGCGGG__0.377272719052972__9	9	42	42	4	42	42	42	4	42	25	43	42	42
TGGGCGGGTGGGTA__0.377238208239867__9	42	42	42	25	43	42	42	4	42	42	42	4	14
GGTGGGGATGGGCG__0.37720269765046__9	42	4	42	42	42	42	22	0	42	42	42	25	43
GGGTGGGAGGGGTT__0.377188973817122__12	42	42	4	42	42	42	22	9	42	42	42	4	5
GTGGGGGGTGAGGG__0.376456218541703__15	4	42	42	42	42	42	42	4	42	22	9	42	42
GGGTGGGAGGGGTA__0.37628480397239__12	42	42	4	42	42	42	22	9	42	42	42	4	14
GGGGTGGGTCAGGG__0.375993400537628__14	42	42	42	4	42	42	42	4	22	42	9	42	42
GGGTAGGGTGGGCT__0.375962472114105__9	42	42	4	14	9	42	42	4	42	42	42	25	9
AGGGTGGGTACGGG__0.375912088647585__9	9	42	42	4	42	42	42	4	14	4	43	42	42
TGGGGGGAGGGAGG__0.375791416075062__10	42	42	42	42	42	42	22	9	42	42	22	9	42
TGGGTGGGTGGGGA__0.375728299305799__12	42	42	42	4	42	42	42	4	42	42	42	42	22
GGGGGGGCTTGGGT__0.375701888359379__9	42	42	42	42	42	42	25	9	5	42	42	42	4
GGGGCGGGTTGGGG__0.375478302164482__10	42	42	42	25	43	42	42	4	5	42	42	42	42
CGGGGGGGTTGGGG__0.375325529762758__9	43	42	42	42	42	42	42	4	5	42	42	42	42
GGGGAGGGTCGGGT__0.37531057743059__9	42	42	42	22	9	42	42	4	22	43	42	42	4
GGGGCGGGTGGGGT__0.375239530671765__11	42	42	42	25	43	42	42	4	42	42	42	42	4
GGGGAGGGTGAGGG__0.374474614923139__11	42	42	42	22	9	42	42	4	42	22	9	42	42
TGGGCGGGTGCGGT__0.374438143544204__9	42	42	42	25	43	42	42	4	42	25	43	42	4
GGGGTGGGTGGTGG__0.374335455519215__14	42	42	42	4	42	42	42	4	42	42	4	42	42
GGGGAGGGTGGTGG__0.373991449250343__10	42	42	42	22	9	42	42	4	42	42	4	42	42
GGGGGGGAGGGTAA__0.373981324159963__13	42	42	42	42	42	42	22	9	42	42	4	14	5
TGGGAGGGTGGGTT__0.373826595177958__9	42	42	42	22	9	42	42	4	42	42	42	4	5
GGGGGGGGTGGGCA__0.373466166637667__18	42	42	42	42	42	42	42	4	42	42	42	25	42
GGGTGGGTTTGGGG__0.373465049567425__11	42	42	4	42	42	42	4	5	5	42	42	42	42
GGGGTGGGTGTGGT__0.373383772856301__15	42	42	42	4	42	42	42	4	42	4	42	42	4
GGGGAGGGTGGGGT__0.373259859666571__11	42	42	42	22	9	42	42	4	42	42	42	42	4
GGTGGGGAGGGGCG__0.37324677738645__11	42	4	42	42	42	42	22	9	42	42	42	25	43
GGGTGGGGTGGGGC__0.373198097111945__15	42	42	4	42	42	42	42	4	42	42	42	42	25
CGGGGGGGTGTGGA__0.37312343944134__9	43	42	42	42	42	42	42	4	42	4	42	42	22
GGGGCGGGTGGGCA__0.37270977302205__11	42	42	42	25	43	42	42	4	42	42	42	25	42
GGGGGGGAGGGGTC__0.37269757197091__13	42	42	42	42	42	42	22	9	42	42	42	4	22
TGGGGGGAGGGGGG__0.372618015270964__10	42	42	42	42	42	42	22	9	42	42	42	42	42
TGGGGGGGTGGTGT__0.372547606046988__13	42	42	42	42	42	42	42	4	42	42	4	42	4
GGGTGGGGTGGGCG__0.37189293057531__16	42	42	4	42	42	42	42	4	42	42	42	25	43
TGGGTGGGTGTGGT__0.37168496470591__11	42	42	42	4	42	42	42	4	42	4	42	42	4
GGGGGGGGTTGGGC__0.371151858052845__16	42	42	42	42	42	42	42	4	5	42	42	42	25
GGGGGGGCTGGGCA__0.371094742513846__9	42	42	42	42	42	42	25	9	42	42	42	25	42
GGGTGGGAGGGGGA__0.370172727041131__12	42	42	4	42	42	42	22	9	42	42	42	42	22
GGGGGGGAGGGCTT__0.370147452031606__13	42	42	42	42	42	42	22	9	42	42	25	9	5
GGGGCGGGTGCGGT__0.369470514762283__11	42	42	42	25	43	42	42	4	42	25	43	42	4
GGGTGGGGTGGGGA__0.368977797214468__15	42	42	4	42	42	42	42	4	42	42	42	42	22
GGGTGGGGTAGGGG__0.368895764760131__14	42	42	4	42	42	42	42	4	14	9	42	42	42
TGGGGGGGTCGGGC__0.368874730114952__12	42	42	42	42	42	42	42	4	22	43	42	42	25
GTGGGGGGTGGGGT__0.368793556371724__14	4	42	42	42	42	42	42	4	42	42	42	42	4
GGGGCGGGTGGGGC__0.368753180604975__10	42	42	42	25	43	42	42	4	42	42	42	42	25
GGGGGGGAGCGGGG__0.36846952779926__13	42	42	42	42	42	42	22	9	25	43	42	42	42
GGGGGGGGTAGGGA__0.368114210866617__16	42	42	42	42	42	42	42	4	14	9	42	42	22
GGGCGGGGTGGGGA__0.367588901117935__10	42	42	25	43	42	42	42	4	42	42	42	42	22
GGGTGGGAGGGGGC__0.367528172172067__12	42	42	4	42	42	42	22	9	42	42	42	42	25
TGGGTGGGTCGGGT__0.367252897860107__9	42	42	42	4	42	42	42	4	22	43	42	42	4
GGAGGGGGTGGGAG__0.367100952260356__11	42	22	9	42	42	42	42	4	42	42	42	22	9
GGGTGGGAGGGCTG__0.366988328305997__11	42	42	4	42	42	42	22	9	42	42	25	9	42
AGGGGGGGTGGGCC__0.366870061973642__10	9	42	42	42	42	42	42	4	42	42	42	25	42
GGGTTGGGTAGGGC__0.366762299347796__10	42	42	4	5	42	42	42	4	14	9	42	42	25
GGGTGGGAGGGTTA__0.36663714831884__11	42	42	4	42	42	42	22	9	42	42	4	5	14
CGGGGGGGTAAGGG__0.366609145090866__9	43	42	42	42	42	42	42	4	14	5	9	42	42
GGGGCGGGTTTGGG__0.366537294005673__9	42	42	42	25	43	42	42	4	5	5	42	42	42
GGGGCGGGTAAGGG__0.366454823781495__10	42	42	42	25	43	42	42	4	14	5	9	42	42
GAGGGGGGTGGGGT__0.366377891169832__9	22	9	42	42	42	42	42	4	42	42	42	42	4
GGGTGGGAGGAGGG__0.366290222874012__11	42	42	4	42	42	42	22	9	42	22	9	42	42
GGGGGGGAGGAGGG__0.365801248961029__12	42	42	42	42	42	42	22	9	42	22	9	42	42
TGGGGGGGTATGGG__0.365524720623656__12	42	42	42	42	42	42	42	4	14	0	42	42	42
GTGGGGGGTGGGTT__0.365445498175331__14	4	42	42	42	42	42	42	4	42	42	42	4	5
GGGGCGGGTTGGGC__0.365362571614227__9	42	42	42	25	43	42	42	4	5	42	42	42	25
GGGGGGGAGGGCAA__0.365060958211946__12	42	42	42	42	42	42	22	9	42	42	25	42	5
GGGTGGGTTGCGGG__0.365032958791885__10	42	42	4	42	42	42	4	5	42	25	43	42	42
GGGGGGGATGGGCA__0.365000471842039__9	42	42	42	42	42	42	22	0	42	42	42	25	42
TGGGTGGGTGGTGT__0.364964549906669__10	42	42	42	4	42	42	42	4	42	42	4	42	4
GGGTGGGAGAGGTG__0.363682895222551__9	42	42	4	42	42	42	22	9	22	9	42	4	42
GTGGTGGGTGGGGT__0.363464763262732__10	4	42	42	4	42	42	42	4	42	42	42	42	4
TGGTGGGGTGGGGG__0.363095807979404__10	42	42	4	42	42	42	42	4	42	42	42	42	42
TGGGGGGGTCAGGG__0.362568162065053__11	42	42	42	42	42	42	42	4	22	42	9	42	42
GGGTTGGGTGGGTT__0.362350601371707__10	42	42	4	5	42	42	42	4	42	42	42	4	5
GGGGGGGGTCGGGA__0.362230427381303__14	42	42	42	42	42	42	42	4	22	43	42	42	22
GGGTGGGGTGGGCA__0.362103612597544__14	42	42	4	42	42	42	42	4	42	42	42	25	42
GGTTGGGGTGGGCG__0.361861756761686__10	42	4	5	42	42	42	42	4	42	42	42	25	43
TGGGTGGGTAGGGC__0.361753050722457__10	42	42	42	4	42	42	42	4	14	9	42	42	25
TGGGTGGGTGGGAG__0.361686354173661__11	42	42	42	4	42	42	42	4	42	42	42	22	9
GTGTGGGGTGGGGG__0.360642810257435__10	4	42	4	42	42	42	42	4	42	42	42	42	42
GGGGCGGGTGTGGC__0.360440952633684__9	42	42	42	25	43	42	42	4	42	4	42	42	25
GGGGGGGAGAGGGT__0.360292241746039__9	42	42	42	42	42	42	22	9	22	9	42	42	4
GGGGGGGGTTTGGG__0.359907180707686__14	42	42	42	42	42	42	42	4	5	5	42	42	42
GCGGGGGGTGGGAG__0.359644146242448__10	25	43	42	42	42	42	42	4	42	42	42	22	9
GGGGGGGGTGCGGG__0.359257233219452__15	42	42	42	42	42	42	42	4	42	25	43	42	42
GGGGTGGGTAGGGT__0.359158520390622__13	42	42	42	4	42	42	42	4	14	9	42	42	4
GGGGGGGAGTGGGT__0.359097898866092__10	42	42	42	42	42	42	22	9	4	42	42	42	4
GGGGGGGAGGGACT__0.358937871477306__11	42	42	42	42	42	42	22	9	42	42	22	4	9
GGGGGGGAGAGGGG__0.35878854628525__9	42	42	42	42	42	42	22	9	22	9	42	42	42
GGGGCGGGTGGGAG__0.358708827453496__10	42	42	42	25	43	42	42	4	42	42	42	22	9
GGGTGGGTTGGGTT__0.358673074580828__10	42	42	4	42	42	42	4	5	42	42	42	4	5
GGGAGGGGTGGGGT__0.358265885270298__9	42	42	22	9	42	42	42	4	42	42	42	42	4
GGGGGGGGTGGGTC__0.358014077706147__15	42	42	42	42	42	42	42	4	42	42	42	4	22
GGGGGGGTTAGGGC__0.357979108588068__11	42	42	42	42	42	42	4	5	14	9	42	42	25
GGGGGGGAGGGCAT__0.357625775276417__11	42	42	42	42	42	42	22	9	42	42	25	42	0
GGTGGGGAGGGTAG__0.357387442154529__9	42	4	42	42	42	42	22	9	42	42	4	14	9
GGGGGGGGTATGGG__0.357377641787382__14	42	42	42	42	42	42	42	4	14	0	42	42	42
GGGTTGGGTAGGGT__0.357179097673889__9	42	42	4	5	42	42	42	4	14	9	42	42	4
GGGGAGGGTGTGGT__0.357128564584407__9	42	42	42	22	9	42	42	4	42	4	42	42	4
GGGGGGGAGGGAAT__0.35711469044674__10	42	42	42	42	42	42	22	9	42	42	22	5	0
GGAGGGGGTGGGTG__0.357008623294903__9	42	22	9	42	42	42	42	4	42	42	42	4	42
GGGTGGGAGGGCGT__0.356858158208833__10	42	42	4	42	42	42	22	9	42	42	25	43	4
GGGTGGGGTGGGTC__0.356713754407869__13	42	42	4	42	42	42	42	4	42	42	42	4	22
TGGGTGGGTGGGCG__0.355932721277763__10	42	42	42	4	42	42	42	4	42	42	42	25	43
GGGGCGGGTGGGTC__0.355826027895096__9	42	42	42	25	43	42	42	4	42	42	42	4	22
TGGGTGGGTGGGCT__0.355390771043107__10	42	42	42	4	42	42	42	4	42	42	42	25	9
GGGGCGGGTGGGGA__0.355153594489594__9	42	42	42	25	43	42	42	4	42	42	42	42	22
GGGGGGGGTGTGGT__0.354956158807766__14	42	42	42	42	42	42	42	4	42	4	42	42	4
TGGGGGGGTACGGG__0.354892995176652__11	42	42	42	42	42	42	42	4	14	4	43	42	42
GGCGGGGGTGGGCG__0.354467223367632__9	42	25	43	42	42	42	42	4	42	42	42	25	43
TGGGTGGGTTTGGG__0.354300967126067__9	42	42	42	4	42	42	42	4	5	5	42	42	42
GGGGCGGGTGGGTA__0.353960729535483__9	42	42	42	25	43	42	42	4	42	42	42	4	14
GGGGGGGAGGGGCC__0.352627225744516__10	42	42	42	42	42	42	22	9	42	42	42	25	42
GGGTGGGGTGAGGG__0.351799257961301__12	42	42	4	42	42	42	42	4	42	22	9	42	42
GGGGGGGAGGGTCC__0.351752355957536__10	42	42	42	42	42	42	22	9	42	42	4	22	42
GGCGGGGGTGGGAG__0.351668472601285__9	42	25	43	42	42	42	42	4	42	42	42	22	9
GGGTTGGGTGGGCG__0.351435933079218__9	42	42	4	5	42	42	42	4	42	42	42	25	43
TGGGTGGGTGGGGT__0.351407538867291__9	42	42	42	4	42	42	42	4	42	42	42	42	4
TGGGGGGGTGGCGG__0.351231336822153__10	42	42	42	42	42	42	42	4	42	42	25	43	42
TGGGTGGGTGAGGC__0.351215755031113__9	42	42	42	4	42	42	42	4	42	22	9	42	25
GGGTGGGTTAGGGG__0.351081947846872__9	42	42	4	42	42	42	4	5	14	9	42	42	42
GGGTGGGAGGGCGC__0.350632755707839__10	42	42	4	42	42	42	22	9	42	42	25	43	25
GGGGTGGGTGGGAG__0.35059388138294__13	42	42	42	4	42	42	42	4	42	42	42	22	9
TGGGTGGGTGAGGT__0.350058004474206__9	42	42	42	4	42	42	42	4	42	22	9	42	4
GGGGGGGAGGGGCA__0.349686177007647__10	42	42	42	42	42	42	22	9	42	42	42	25	42
GGGGGGGTTTTGGG__0.349524946707064__9	42	42	42	42	42	42	4	5	5	5	42	42	42
GGGTGGGGTGTGGG__0.349214744453278__11	42	42	4	42	42	42	42	4	42	4	42	42	42
GGGGGGGGTGGGAC__0.349127262730751__14	42	42	42	42	42	42	42	4	42	42	42	22	4
GGGGGGGGTGGGCC__0.348949137929264__14	42	42	42	42	42	42	42	4	42	42	42	25	42
GGGTGGGAGGGTTC__0.34867998724057__9	42	42	4	42	42	42	22	9	42	42	4	5	22
TGGGTGGGTGGGTA__0.348458208075719__9	42	42	42	4	42	42	42	4	42	42	42	4	14
TGGGGGGGTGTGGC__0.34839407923121__10	42	42	42	42	42	42	42	4	42	4	42	42	25
GGTGTGGGTGGGCG__0.348024868931939__9	42	4	42	4	42	42	42	4	42	42	42	25	43
GGGTGGGAGGGGTC__0.347824291796348__9	42	42	4	42	42	42	22	9	42	42	42	4	22
GGGTGGGAGGGTGC__0.347483641345259__9	42	42	4	42	42	42	22	9	42	42	4	42	25
GGGGGGGTTCGGGC__0.347435295583176__11	42	42	42	42	42	42	4	5	22	43	42	42	25
GGGGGGGGTCGGGC__0.347178641707939__12	42	42	42	42	42	42	42	4	22	43	42	42	25
TGGTGGGGTGGGAG__0.346972498119459__9	42	42	4	42	42	42	42	4	42	42	42	22	9
GGGGGGGTTGGGCT__0.346728611583854__10	42	42	42	42	42	42	4	5	42	42	42	25	9
GGGGTGGGTCGGGG__0.34618302944596__10	42	42	42	4	42	42	42	4	22	43	42	42	42
TGGGGGGGTGCGGA__0.345724084278857__10	42	42	42	42	42	42	42	4	42	25	43	42	22
GGGTGGGAGGGCTT__0.345294944886523__9	42	42	4	42	42	42	22	9	42	42	25	9	5
GGGGGGGGTCTGGG__0.344871501237571__11	42	42	42	42	42	42	42	4	22	9	42	42	42
GGGGGGGTTATGGG__0.344335880904122__9	42	42	42	42	42	42	4	5	14	0	42	42	42
GGGGGGGAGGGCGC__0.343076673643388__10	42	42	42	42	42	42	22	9	42	42	25	43	25
GGGGGGGAGGGCAC__0.34260874344677__9	42	42	42	42	42	42	22	9	42	42	25	42	4
TGGGGGGGTTAGGG__0.340894463560171__9	42	42	42	42	42	42	42	4	5	14	9	42	42
GGGGGGGAGGGGAC__0.339848285141033__9	42	42	42	42	42	42	22	9	42	42	42	22	4
GGGGGGGTTAGGGA__0.339438377203167__9	42	42	42	42	42	42	4	5	14	9	42	42	22
GTGGGGGGTGCGGG__0.339186945823583__10	4	42	42	42	42	42	42	4	42	25	43	42	42
GGGTGGGGTAGGGC__0.338956711313826__10	42	42	4	42	42	42	42	4	14	9	42	42	25
GTGGGGGGTGGTGG__0.338855872632295__9	4	42	42	42	42	42	42	4	42	42	4	42	42
GGGGTGGGTAAGGG__0.338651639810808__11	42	42	42	4	42	42	42	4	14	5	9	42	42
GTGGGGGGTGGGGG__0.338317088989988__10	4	42	42	42	42	42	42	4	42	42	42	42	42
GGGTGGGGTGGGCT__0.33813026372748__11	42	42	4	42	42	42	42	4	42	42	42	25	9
GGGGTGGGTAGGGC__0.336562452532268__10	42	42	42	4	42	42	42	4	14	9	42	42	25
GGGGGGGGTGGTTG__0.33559241290918__11	42	42	42	42	42	42	42	4	42	42	4	5	42
GGGTGGGGTGCGGG__0.33518904900652__10	42	42	4	42	42	42	42	4	42	25	43	42	42
GGGTGGGGTGGTGG__0.334810920990906__9	42	42	4	42	42	42	42	4	42	42	4	42	42
GGGGGGGGTGGGAA__0.333309915156518__12	42	42	42	42	42	42	42	4	42	42	42	22	5
GGGGTGGGTGGGTA__0.332643120664002__10	42	42	42	4	42	42	42	4	42	42	42	4	14
GGGGTGGGTGGTGT__0.330476428938702__9	42	42	42	4	42	42	42	4	42	42	4	42	4
GGGTGGGGTAGGGT__0.329881570084971__9	42	42	4	42	42	42	42	4	14	9	42	42	4
GGGTGGGGTAGGGA__0.329157395131067__9	42	42	4	42	42	42	42	4	14	9	42	42	22
GGGGTGGGTGGGGC__0.328767508648329__9	42	42	42	4	42	42	42	4	42	42	42	42	25
GTGGGGGGTGGGTA__0.327555251972794__9	4	42	42	42	42	42	42	4	42	42	42	4	14
GGGGGGGGTGAGGT__0.323312111796517__10	42	42	42	42	42	42	42	4	42	22	9	42	4
GGTGGGGGTGGGTT__0.322120971295563__9	42	4	42	42	42	42	42	4	42	42	42	4	5
GGGGTGGGTGCGGT__0.321655339079862__9	42	42	42	4	42	42	42	4	42	25	43	42	4
GGGGGGGGTTGGGG__0.321444126507578__9	42	42	42	42	42	42	42	4	5	42	42	42	42
GGGGGGGGTGAGGG__0.317018650893453__9	42	42	42	42	42	42	42	4	42	22	9	42	42
GGGGGGGGTAAGGG__0.314082086227179__9	42	42	42	42	42	42	42	4	14	5	9	42	42
