AGATAATTGC__1__687	9	7	13	20	30	30	9	13
AGATAATTGG__0.943595712385671__509	9	7	13	20	30	30	9	8
ACATAATTGC__0.907149947649686__528	6	18	13	20	30	30	9	13
CGATAATTGC__0.888646086515952__414	31	7	13	20	30	30	9	13
AGTTAATTGC__0.861743172531608__509	11	6	20	20	30	30	9	13
CACTAATTGC__0.852407953347069__401	17	11	18	20	30	30	9	13
ACTTAATTGC__0.846576768968864__459	11	6	20	20	30	30	9	13
GGATAATTGC__0.84442837103833__363	5	7	13	20	30	30	9	13
CGATAATTGG__0.83650126124803__303	31	7	13	20	30	30	9	8
AAATAATTGC__0.827324612906387__355	36	30	13	20	30	30	9	13
ATTTAATTGC__0.826571751293926__580	30	36	20	20	30	30	9	13
ACATAATTGG__0.823891207324542__340	6	18	13	20	30	30	9	8
GGATAATTGG__0.817889822404964__299	5	7	13	20	30	30	9	8
CGCTAATTGC__0.817042843190566__323	25	25	18	20	30	30	9	13
ATATAATTGC__0.813675245855888__389	13	13	13	20	30	30	9	13
AGATAATTGA__0.803613052024269__378	9	7	13	20	30	30	9	8
CGTTAATTGC__0.799592599140596__359	8	6	20	20	30	30	9	13
AAATAATTGG__0.799321876665395__292	36	30	13	20	30	30	9	8
TGATAATTGC__0.796438850803969__332	8	7	13	20	30	30	9	13
ACTTAATTGG__0.788511008167373__329	11	6	20	20	30	30	9	8
AACTAATTGC__0.786543755530941__279	6	11	18	20	30	30	9	13
GCATAATTGC__0.786095069562489__304	13	18	13	20	30	30	9	13
AGTTAATTGG__0.785709620716232__335	11	6	20	20	30	30	9	8
ATATAATTGG__0.775932208294678__306	13	13	13	20	30	30	9	8
ACGTAATTGC__0.771691649896883__268	8	8	6	20	30	30	9	13
GTATAATTGC__0.768272582082021__303	6	13	13	20	30	30	9	13
CTATAATTGC__0.767573871852617__303	18	13	13	20	30	30	9	13
AGATAATTGT__0.766993606525747__240	9	7	13	20	30	30	9	6
TGATAATTGG__0.759270130553916__259	8	7	13	20	30	30	9	8
CGCTAATTGG__0.757045996073999__225	25	25	18	20	30	30	9	8
ATTTAATTGG__0.756896442283866__393	30	36	20	20	30	30	9	8
GACTAATTGC__0.752007838212494__207	8	11	18	20	30	30	9	13
TGCTAATTGC__0.746460037286289__282	13	25	18	20	30	30	9	13
CGTTAATTGG__0.744553592226134__257	8	6	20	20	30	30	9	8
AGCTAATTGC__0.743685601489316__233	25	25	18	20	30	30	9	13
GCATAATTGG__0.739883230507766__226	13	18	13	20	30	30	9	8
CAATAATTGC__0.733390955853945__223	9	30	13	20	30	30	9	13
ACGTAATTGG__0.732829244700083__205	8	8	6	20	30	30	9	8
CACTAATTGG__0.732478344888676__207	17	11	18	20	30	30	9	8
CCATAATTGC__0.731939075389203__218	8	18	13	20	30	30	9	13
TTTTAATTGC__0.729254222878168__476	36	36	20	20	30	30	9	13
CTTTAATTGC__0.721769777905095__324	6	36	20	20	30	30	9	13
GCGTAATTGC__0.720887436187284__209	25	8	6	20	30	30	9	13
GTATAATTGG__0.71588584185421__217	6	13	13	20	30	30	9	8
TGTTAATTGC__0.714563124383677__304	6	6	20	20	30	30	9	13
ACATAATTGA__0.712786838505286__256	6	18	13	20	30	30	9	8
TTATAATTGC__0.712396063502144__290	20	13	13	20	30	30	9	13
TACTAATTGC__0.710815088558498__222	6	11	18	20	30	30	9	13
AACTAATTGG__0.705241435645625__170	6	11	18	20	30	30	9	8
AGATAATTAC__0.701695333448409__185	9	7	13	20	30	30	20	6
GGCTAATTGC__0.699078774498004__177	45	25	18	20	30	30	9	13
CGATAATTGT__0.698951549721351__160	31	7	13	20	30	30	9	6
CTATAATTGG__0.697163109729816__196	18	13	13	20	30	30	9	8
GACTAATTGG__0.696016216021592__142	8	11	18	20	30	30	9	8
GTTTAATTGC__0.695599886154452__287	6	36	20	20	30	30	9	13
CGGTAATTGC__0.692243692813325__167	2	8	6	20	30	30	9	13
GCTTAATTGC__0.692241113884768__212	25	6	20	20	30	30	9	13
CGATAATTGA__0.691729594784804__202	31	7	13	20	30	30	9	8
ACATAATTGT__0.688948590716979__177	6	18	13	20	30	30	9	6
GGTTAATTGC__0.688469486564944__213	8	6	20	20	30	30	9	13
AGTTAATTGA__0.686558075408108__256	11	6	20	20	30	30	9	8
GCCTAATTGC__0.686310493339654__158	45	8	18	20	30	30	9	13
TCATAATTGC__0.684822982579607__213	8	18	13	20	30	30	9	13
TGCTAATTGG__0.684811073950718__191	13	25	18	20	30	30	9	8
AGCTAATTGG__0.683260024978171__157	25	25	18	20	30	30	9	8
ACTTAATTGA__0.683210502944685__243	11	6	20	20	30	30	9	8
CAATAATTGG__0.682540252114466__158	9	30	13	20	30	30	9	8
AGGTAATTGC__0.682405611208249__163	8	8	6	20	30	30	9	13
GAATAATTGC__0.68238363947652__147	12	30	13	20	30	30	9	13
CCTTAATTGC__0.682148652692744__188	8	6	20	20	30	30	9	13
ACCTAATTGC__0.67959582761061__144	8	8	18	20	30	30	9	13
CCCTAATTGC__0.67888824890815__140	13	8	18	20	30	30	9	13
ACATAATTAC__0.676638293718306__179	6	18	13	20	30	30	20	6
AGTTAATTGT__0.675957385249964__194	11	6	20	20	30	30	9	6
TTTTAATTGG__0.672433366573332__335	36	36	20	20	30	30	9	8
GCGTAATTGG__0.670321951817108__147	25	8	6	20	30	30	9	8
AAATAATTGA__0.669398699491287__195	36	30	13	20	30	30	9	8
AGGTAATTGG__0.666228804785079__139	8	8	6	20	30	30	9	8
CAGTAATTGC__0.66616801127981__151	2	11	6	20	30	30	9	13
GGCTAATTGG__0.663970819683188__136	45	25	18	20	30	30	9	8
GTTTAATTGG__0.663595032790912__229	6	36	20	20	30	30	9	8
CCATAATTGG__0.663445177699811__139	8	18	13	20	30	30	9	8
GGTTAATTGG__0.662388144179503__174	8	6	20	20	30	30	9	8
ATGTAATTGC__0.660875855579839__177	18	6	6	20	30	30	9	13
CTTTAATTGG__0.660764770133442__219	6	36	20	20	30	30	9	8
CGATAATTAC__0.65962299768804__140	31	7	13	20	30	30	20	6
TTATAATTGG__0.659515648437543__205	20	13	13	20	30	30	9	8
TGTTAATTGG__0.657768844412823__210	6	6	20	20	30	30	9	8
TCATAATTGG__0.656351950192191__172	8	18	13	20	30	30	9	8
GGATAATTGT__0.655464425058362__133	5	7	13	20	30	30	9	6
TGATAATTGA__0.653842024823186__193	8	7	13	20	30	30	9	8
CACTAATTGA__0.653482527613583__176	17	11	18	20	30	30	9	8
CGGTAATTGG__0.65297069796416__124	2	8	6	20	30	30	9	8
AAGTAATTGC__0.652900277128046__141	6	11	6	20	30	30	9	13
TACTAATTGG__0.65232614148363__150	6	11	18	20	30	30	9	8
GGATAATTGA__0.650528814861298__168	5	7	13	20	30	30	9	8
ATTTAATTGA__0.647674453653391__263	30	36	20	20	30	30	9	8
ACTTAATTGT__0.647364555867656__158	11	6	20	20	30	30	9	6
TGGTAATTGC__0.644453236638466__155	8	8	6	20	30	30	9	13
ATTTAATTGT__0.644156166669956__215	30	36	20	20	30	30	9	6
GCTTAATTGG__0.642489270600374__150	25	6	20	20	30	30	9	8
AAATAATTGT__0.642299804513048__130	36	30	13	20	30	30	9	6
CTCTAATTGC__0.641529126112294__139	8	9	18	20	30	30	9	13
GAATAATTGG__0.639155404890411__106	12	30	13	20	30	30	9	8
AACTAATTGA__0.637575200519202__155	6	11	18	20	30	30	9	8
CACTAATTGT__0.635722185094353__125	17	11	18	20	30	30	9	6
GTGTAATTGC__0.635410194846466__149	17	6	6	20	30	30	9	13
TCTTAATTGC__0.634082386827233__185	9	6	20	20	30	30	9	13
CCTTAATTGG__0.633230534116751__133	8	6	20	20	30	30	9	8
GCCTAATTGG__0.633215605093961__108	45	8	18	20	30	30	9	8
GGATAATTAC__0.630346939944681__125	5	7	13	20	30	30	20	6
CACTAATTAC__0.628801940899583__130	17	11	18	20	30	30	20	6
GCATAATTGA__0.62792700954613__157	13	18	13	20	30	30	9	8
GTCTAATTGC__0.627480935308329__140	8	9	18	20	30	30	9	13
CCGTAATTGC__0.625978395941917__103	2	8	6	20	30	30	9	13
CGTTAATTGA__0.624665050509718__167	8	6	20	20	30	30	9	8
CTGTAATTGC__0.622964036272406__130	2	6	6	20	30	30	9	13
GTGTAATTGG__0.621724316335506__130	17	6	6	20	30	30	9	8
ATATAATTGA__0.621616189179676__166	13	13	13	20	30	30	9	8
AGATAATTAG__0.621304123735598__113	9	7	13	20	30	30	20	18
TGGTAATTGG__0.619660639312026__126	8	8	6	20	30	30	9	8
CGTTAATTGT__0.619226155297328__130	8	6	20	20	30	30	9	6
AACTAATTGT__0.61770326674726__107	6	11	18	20	30	30	9	6
GGGTAATTGC__0.614560743864166__107	13	8	6	20	30	30	9	13
CAGTAATTGG__0.614444076437796__103	2	11	6	20	30	30	9	8
CGCTAATTGT__0.614261782260365__104	25	25	18	20	30	30	9	6
TGATAATTGT__0.613732611041154__118	8	7	13	20	30	30	9	6
ACTTAATTAC__0.611647231184964__136	11	6	20	20	30	30	20	6
CGCTAATTAC__0.609876718229804__110	25	25	18	20	30	30	20	6
ATGTAATTGG__0.609552130021089__122	18	6	6	20	30	30	9	8
TAGTAATTGC__0.6066585382018__120	18	11	6	20	30	30	9	13
CCCTAATTGG__0.603263566340577__82	13	8	18	20	30	30	9	8
CGCTAATTGA__0.602503534106635__122	25	25	18	20	30	30	9	8
TAGTAATTGG__0.601434684914883__110	18	11	6	20	30	30	9	8
GAGTAATTGC__0.601313557504773__91	8	11	6	20	30	30	9	13
AGTTAATTAC__0.595232014961142__126	11	6	20	20	30	30	20	6
GAGTAATTGG__0.594200665608509__81	8	11	6	20	30	30	9	8
GTATAATTGA__0.5926964477297__135	6	13	13	20	30	30	9	8
CTATAATTGT__0.592046525535287__108	18	13	13	20	30	30	9	6
AGATAATGAC__0.591152722537524__110	9	7	13	20	30	18	8	8
ATATAATTGT__0.590979497107021__109	13	13	13	20	30	30	9	6
TCGTAATTGC__0.590806588517695__101	31	8	6	20	30	30	9	13
CAATAATTGA__0.590563604602886__120	9	30	13	20	30	30	9	8
ACGTAATTGA__0.590463443530793__119	8	8	6	20	30	30	9	8
CTGTAATTGG__0.589647101317017__99	2	6	6	20	30	30	9	8
CTCTAATTGG__0.587861860113195__93	8	9	18	20	30	30	9	8
TCCTAATTGC__0.587646762043561__99	5	8	18	20	30	30	9	13
CGTTAATTAC__0.586465815788__113	8	6	20	20	30	30	20	6
GTGTAATTAT__0.584725680376091__116	17	6	6	20	30	30	20	13
ACGTAATTGT__0.584566549082213__89	8	8	6	20	30	30	9	6
TGATAATTAC__0.583491761830307__105	8	7	13	20	30	30	20	6
GCGTAATTAC__0.582150352941335__98	25	8	6	20	30	30	20	6
GTGTAATTAG__0.58201760180468__112	17	6	6	20	30	30	20	18
TGTTAATTGT__0.581473346081648__134	6	6	20	20	30	30	9	6
TGCTAATTGA__0.58143535358163__128	13	25	18	20	30	30	9	8
CCATAATTGA__0.581360199180711__111	8	18	13	20	30	30	9	8
CACTAATTAG__0.580465720374911__93	17	11	18	20	30	30	20	18
TGCTAATTGT__0.579411393485931__103	13	25	18	20	30	30	9	6
AAGTAATTGG__0.578842139120747__82	6	11	6	20	30	30	9	8
GCATAATTAC__0.577678143294614__97	13	18	13	20	30	30	20	6
AAGTAATTAT__0.577217473536105__95	6	11	6	20	30	30	20	13
GCATAATTGT__0.577153676948047__89	13	18	13	20	30	30	9	6
AGGTAATTAC__0.576846692163203__92	8	8	6	20	30	30	20	6
ACCTAATTGG__0.576098957807414__70	8	8	18	20	30	30	9	8
ATCTAATTGC__0.57541708849569__99	7	9	18	20	30	30	9	13
GTCTAATTGG__0.574958392918106__94	8	9	18	20	30	30	9	8
GGGTAATTGG__0.574727774397808__77	13	8	6	20	30	30	9	8
GACTAATTGA__0.574570961533903__93	8	11	18	20	30	30	9	8
CTATAATTGA__0.574026423271599__119	18	13	13	20	30	30	9	8
ACGTAATTAC__0.573236459995089__90	8	8	6	20	30	30	20	6
ATATAATTAC__0.572758172033359__104	13	13	13	20	30	30	20	6
GCTTAATTGT__0.572747401552428__100	25	6	20	20	30	30	9	6
GTGTAATTAC__0.572715803507575__107	17	6	6	20	30	30	20	6
AGCTAATTGA__0.572066710414965__104	25	25	18	20	30	30	9	8
GGATAATTAG__0.571746067348031__84	5	7	13	20	30	30	20	18
AGGTAATTGT__0.571691842043731__81	8	8	6	20	30	30	9	6
TGTTAATTGA__0.571096960398238__150	6	6	20	20	30	30	9	8
GGGTAATTAT__0.570989083178934__88	13	8	6	20	30	30	20	13
TCTTAATTGG__0.570866192038958__117	9	6	20	20	30	30	9	8
CCCTAATTAC__0.57029994388752__77	13	8	18	20	30	30	20	6
TCGTAATTGG__0.568119359941305__82	31	8	6	20	30	30	9	8
AAGTAATTAG__0.567971724919552__88	6	11	6	20	30	30	20	18
AAGTAATTGA__0.567488680073609__104	6	11	6	20	30	30	9	8
ATCTAATTGG__0.567177291219361__89	7	9	18	20	30	30	9	8
ACATAATTAG__0.567053609760368__87	6	18	13	20	30	30	20	18
AACTAATTAC__0.565482558908843__82	6	11	18	20	30	30	20	6
TTTTAATTGT__0.564088221256195__171	36	36	20	20	30	30	9	6
GTTTAATTGT__0.563243919159398__124	6	36	20	20	30	30	9	6
GTATAATTAC__0.562560944242794__95	6	13	13	20	30	30	20	6
TTATAATTGA__0.562305452080235__136	20	13	13	20	30	30	9	8
TACTAATTGA__0.560430033907992__107	6	11	18	20	30	30	9	8
AAGTAATTAC__0.559854667081608__84	6	11	6	20	30	30	20	6
GTATAATTGT__0.559771172317576__86	6	13	13	20	30	30	9	6
GACTAATTGT__0.559444341322672__64	8	11	18	20	30	30	9	6
TCCTAATTGG__0.556921185558355__76	5	8	18	20	30	30	9	8
AGGTAATTAT__0.556805983040827__80	8	8	6	20	30	30	20	13
ATTTAATTAC__0.556697736359605__128	30	36	20	20	30	30	20	6
GACTAATTAC__0.556631821412175__69	8	11	18	20	30	30	20	6
GGCTAATTGA__0.556449970197087__91	45	25	18	20	30	30	9	8
AGGTAATTGA__0.555107355119554__93	8	8	6	20	30	30	9	8
CCATAATTAC__0.554819425253727__79	8	18	13	20	30	30	20	6
AGGTAATTAG__0.554790859518744__78	8	8	6	20	30	30	20	18
TTGTAATTGC__0.553953747089367__108	9	6	6	20	30	30	9	13
CCATAATTGT__0.553779109027913__72	8	18	13	20	30	30	9	6
TGCTAATTAC__0.551570318791743__91	13	25	18	20	30	30	20	6
ATGTAATTAT__0.551332561984272__93	18	6	6	20	30	30	20	13
AAGTAATTAA__0.550473222978686__107	6	11	6	20	30	30	20	20
AGATAATTAT__0.549945871255485__70	9	7	13	20	30	30	20	13
AGATAATGAG__0.549837848923159__75	9	7	13	20	30	18	8	8
AGCTAATTGT__0.54952335170856__70	25	25	18	20	30	30	9	6
CAGTAATTGA__0.549464537784831__90	2	11	6	20	30	30	9	8
ACGTAATTAT__0.549357318229418__76	8	8	6	20	30	30	20	13
TTTTAATTGA__0.549086272990197__178	36	36	20	20	30	30	9	8
CCGTAATTGG__0.549055678053992__57	2	8	6	20	30	30	9	8
CAATAATTGT__0.547866132050039__70	9	30	13	20	30	30	9	6
CTTTAATTGA__0.546823858640987__129	6	36	20	20	30	30	9	8
GGTTAATTGA__0.546215188920831__105	8	6	20	20	30	30	9	8
ATGTAATTAG__0.546050465753818__88	18	6	6	20	30	30	20	18
TTATAATTGT__0.545202766307991__100	20	13	13	20	30	30	9	6
GACTAATTAG__0.544989891679843__63	8	11	18	20	30	30	20	18
GGATAATTAT__0.544952059367339__70	5	7	13	20	30	30	20	13
GTGTAATTAA__0.54478578598741__114	17	6	6	20	30	30	20	20
ATGTAATTGT__0.544316736768407__82	18	6	6	20	30	30	9	6
GAGTAATTAT__0.543976756961575__68	8	11	6	20	30	30	20	13
GCCTAATTGA__0.543806705128563__80	45	8	18	20	30	30	9	8
GGTTAATTGT__0.543058647619821__83	8	6	20	20	30	30	9	6
AATTAATTGC__0.542574671540236__84	30	30	20	20	30	30	9	13
CCTTAATTGA__0.541390633211825__93	8	6	20	20	30	30	9	8
GCGTAATTGA__0.541304610463081__86	25	8	6	20	30	30	9	8
CGCTAATTAG__0.54063991673421__67	25	25	18	20	30	30	20	18
CAGTAATTAT__0.540408966265581__72	2	11	6	20	30	30	20	13
ACATAATTAT__0.538943041169382__72	6	18	13	20	30	30	20	13
GGGTAATTAG__0.538882977232144__69	13	8	6	20	30	30	20	18
TCATAATTGT__0.538622406426165__82	8	18	13	20	30	30	9	6
CTTTAATTGT__0.538613876129211__101	6	36	20	20	30	30	9	6
GCGTAATTAG__0.538522860571945__71	25	8	6	20	30	30	20	18
AAATAATTAC__0.538520601584623__70	36	30	13	20	30	30	20	6
CAATAATTAC__0.53819796342488__71	9	30	13	20	30	30	20	6
CTATAATTAG__0.537486460795805__78	18	13	13	20	30	30	20	18
GCGTAATTGT__0.537204944261271__65	25	8	6	20	30	30	9	6
CGGTAATTGT__0.536964289671338__61	2	8	6	20	30	30	9	6
GCCTAATTAC__0.536785912220694__65	45	8	18	20	30	30	20	6
ATGTAATTGA__0.536584455205701__96	18	6	6	20	30	30	9	8
GTTTAATTGA__0.536159161829824__122	6	36	20	20	30	30	9	8
ATGTAATTAC__0.535550808537864__83	18	6	6	20	30	30	20	6
GTGTAATTGA__0.535550168264006__94	17	6	6	20	30	30	9	8
TACTAATTGT__0.535520594091379__72	6	11	18	20	30	30	9	6
AACTAATTAG__0.535184958370744__65	6	11	18	20	30	30	20	18
CGATAATTAG__0.534313468232295__60	31	7	13	20	30	30	20	18
ACGTAATTAG__0.533865494284576__67	8	8	6	20	30	30	20	18
CGGTAATTAT__0.532877016223978__65	2	8	6	20	30	30	20	13
GAATAATTGA__0.531717770295565__71	12	30	13	20	30	30	9	8
AACTAATTAT__0.531445127366204__64	6	11	18	20	30	30	20	13
GAGTAATTAC__0.529821502189484__61	8	11	6	20	30	30	20	6
TTCTAATTGC__0.529108294158149__88	12	9	18	20	30	30	9	13
CCCTAATTGT__0.5288402539154__52	13	8	18	20	30	30	9	6
GCCTAATTGT__0.52847531763217__56	45	8	18	20	30	30	9	6
TTGTAATTGG__0.526742986895988__85	9	6	6	20	30	30	9	8
ACCTAATTGA__0.526431297243317__67	8	8	18	20	30	30	9	8
AGCTAATTAC__0.526170120680448__64	25	25	18	20	30	30	20	6
GCTTAATTGA__0.526161632737827__88	25	6	20	20	30	30	9	8
CTGTAATTAT__0.525880881791474__72	2	6	6	20	30	30	20	13
GGCTAATTAT__0.525368858813245__62	45	25	18	20	30	30	20	13
CACTAATTAT__0.524735597916272__63	17	11	18	20	30	30	20	13
CAGTAATTAC__0.522739291522407__63	2	11	6	20	30	30	20	6
CAGTAATTAG__0.522200731227929__62	2	11	6	20	30	30	20	18
GGGTAATTAC__0.521137097552115__61	13	8	6	20	30	30	20	6
GGCTAATTAC__0.52108491835057__60	45	25	18	20	30	30	20	6
AAGTAATTGT__0.519517198804632__57	6	11	6	20	30	30	9	6
GGCTAATTGT__0.518522981987393__54	45	25	18	20	30	30	9	6
AGATAATGAT__0.518444831446276__64	9	7	13	20	30	18	8	7
AAATAATGAC__0.518232285160517__70	36	30	13	20	30	18	8	8
GAATAATTAC__0.517828224360342__54	12	30	13	20	30	30	20	6
AGCTAATTAT__0.517800641217397__60	25	25	18	20	30	30	20	13
ATATAATTAG__0.517398717324221__68	13	13	13	20	30	30	20	18
GCGTAATTAT__0.51694935263841__61	25	8	6	20	30	30	20	13
TCATAATTGA__0.516884903244008__85	8	18	13	20	30	30	9	8
GACTAATTAT__0.515757665400673__51	8	11	18	20	30	30	20	13
GTGTAATTGT__0.515524036962263__65	17	6	6	20	30	30	9	6
CGGTAATTGA__0.515366873735752__67	2	8	6	20	30	30	9	8
CGGTAATTAG__0.514738391208409__56	2	8	6	20	30	30	20	18
GTATAATTAG__0.513866729106979__65	6	13	13	20	30	30	20	18
GCATAATTAT__0.512419344914992__60	13	18	13	20	30	30	20	13
GCATAATTAG__0.512125490572012__59	13	18	13	20	30	30	20	18
CCCTAATTAT__0.511758255168542__50	13	8	18	20	30	30	20	13
TGGTAATTGT__0.51162900973157__62	8	8	6	20	30	30	9	6
ACATAATGAC__0.511611765618588__68	6	18	13	20	30	18	8	8
TAGTAATTAC__0.511075802802057__66	18	11	6	20	30	30	20	6
TACTAATTAC__0.508079841941251__63	6	11	18	20	30	30	20	6
CCCTAATTGA__0.507861841057807__57	13	8	18	20	30	30	9	8
GGGTAATTAA__0.507629597806907__75	13	8	6	20	30	30	20	20
CTATAATTAC__0.507283848184698__63	18	13	13	20	30	30	20	6
GTCTAATTGT__0.506849718774148__60	8	9	18	20	30	30	9	6
ACCTAATTAC__0.506611290125009__49	8	8	18	20	30	30	20	6
CGGTAATTAC__0.506608809113912__53	2	8	6	20	30	30	20	6
CTGTAATTAC__0.506417110946045__62	2	6	6	20	30	30	20	6
AGATAATAGC__0.506044011473933__52	9	7	13	20	30	13	18	25
GTATAATTAT__0.505845684930505__62	6	13	13	20	30	30	20	13
AGATAATTTG__0.505835453807995__45	9	7	13	20	30	30	36	9
GAGTAATTGA__0.505169203771836__60	8	11	6	20	30	30	9	8
CAGTAATTGT__0.504301083464422__50	2	11	6	20	30	30	9	6
CGATAATTAT__0.504299220928488__48	31	7	13	20	30	30	20	13
TGTTAATTAC__0.504223813302258__81	6	6	20	20	30	30	20	6
AAATAATTAG__0.503972367005816__53	36	30	13	20	30	30	20	18
CTGTAATTGA__0.501632586483704__69	2	6	6	20	30	30	9	8
CCTTAATTGT__0.500849158524312__55	8	6	20	20	30	30	9	6
ATGTAATTAA__0.500208798280799__82	18	6	6	20	30	30	20	20
GAGTAATTAG__0.499693753314329__48	8	11	6	20	30	30	20	18
TGGTAATTGA__0.499280459114131__70	8	8	6	20	30	30	9	8
GCTTAATTAC__0.498677013666422__62	25	6	20	20	30	30	20	6
TAGTAATTGA__0.498428082983058__69	18	11	6	20	30	30	9	8
CCTTAATTAC__0.497899070511274__58	8	6	20	20	30	30	20	6
GAATAATTGT__0.497768342465401__42	12	30	13	20	30	30	9	6
CGTTAATTAG__0.496599539591019__57	8	6	20	20	30	30	20	18
CTGTAATTAG__0.49573370146885__56	2	6	6	20	30	30	20	18
CTCTAATTGA__0.494652385319289__62	8	9	18	20	30	30	9	8
GGCTAATTAG__0.494434226915554__48	45	25	18	20	30	30	20	18
TGATAATTAG__0.493461307091562__53	8	7	13	20	30	30	20	18
TTCTAATTGG__0.493226588181793__64	12	9	18	20	30	30	9	8
AGATAATGGG__0.492840479026055__34	9	7	13	20	30	18	8	13
ACCTAATTGT__0.492339318018886__40	8	8	18	20	30	30	9	6
AGTTAATTTG__0.491753604408182__54	11	6	20	20	30	30	36	9
GGCTAATTAA__0.491633845555265__64	45	25	18	20	30	30	20	20
CGCTAATTAT__0.490463601347439__46	25	25	18	20	30	30	20	13
CTTTAATTAC__0.49009143507993__74	6	36	20	20	30	30	20	6
ACATAATGAG__0.489483852199988__52	6	18	13	20	30	18	8	8
GGTTAATTAC__0.489251996585343__59	8	6	20	20	30	30	20	6
AGTTAATTAG__0.488332736473987__56	11	6	20	20	30	30	20	18
ACTTAATTAT__0.48805451934144__55	11	6	20	20	30	30	20	13
ACTTAATTAG__0.487859508074074__54	11	6	20	20	30	30	20	18
TCATAATTAC__0.487197511844475__59	8	18	13	20	30	30	20	6
ACGTAATTAA__0.486796173561167__64	8	8	6	20	30	30	20	20
CTATAATTAT__0.486053882739681__53	18	13	13	20	30	30	20	13
ACTTAATGAC__0.485836357925609__60	11	6	20	20	30	18	8	8
GGGTAATTGA__0.485636217692803__54	13	8	6	20	30	30	9	8
CCCTAATTAG__0.485339872747343__40	13	8	18	20	30	30	20	18
TGCTAATTAG__0.484501535743746__53	13	25	18	20	30	30	20	18
GAGTAATTAA__0.484412325874596__60	8	11	6	20	30	30	20	20
ATCTAATTGT__0.484270119235556__50	7	9	18	20	30	30	9	6
AGTTAATTAT__0.484109630466424__55	11	6	20	20	30	30	20	13
TGGTAATTAC__0.48239220526348__53	8	8	6	20	30	30	20	6
AGATAATAAC__0.481356336092907__56	9	7	13	20	30	13	20	6
GCCTAATTAT__0.481227805227136__42	45	8	18	20	30	30	20	13
TAGTAATTAG__0.481164198954321__51	18	11	6	20	30	30	20	18
CGTTAATTAT__0.480973002159846__51	8	6	20	20	30	30	20	13
ATTTAATGAC__0.480089506148017__77	30	36	20	20	30	18	8	8
TGGTAATTAG__0.479946404244085__51	8	8	6	20	30	30	20	18
TCTTAATTGT__0.479872186057301__61	9	6	20	20	30	30	9	6
ACCTAATTAG__0.479837280038335__39	8	8	18	20	30	30	20	18
GTTTAATTAC__0.47857172868903__69	6	36	20	20	30	30	20	6
CAGTAATTAA__0.47851638538295__60	2	11	6	20	30	30	20	20
AGGTAATTAA__0.478427988943179__60	8	8	6	20	30	30	20	20
CCGTAATTAC__0.478370176845971__39	2	8	6	20	30	30	20	6
AGTTAATGAG__0.477886772407622__53	11	6	20	20	30	18	8	8
TGCTAATTAT__0.477659655443781__51	13	25	18	20	30	30	20	13
TACTAATTAG__0.476982911549643__48	6	11	18	20	30	30	20	18
GGGTAATTGT__0.47650358143296__39	13	8	6	20	30	30	9	6
CAATAATTAG__0.476365700583352__43	9	30	13	20	30	30	20	18
GTCTAATTGA__0.476315666526718__58	8	9	18	20	30	30	9	8
CGATAATTTG__0.475656092811235__34	31	7	13	20	30	30	36	9
ACATAATAGG__0.475562727455065__41	6	18	13	20	30	13	18	8
CCGTAATTGA__0.475009882260241__45	2	8	6	20	30	30	9	8
CCGTAATTAT__0.474948581415338__38	2	8	6	20	30	30	20	13
CTCTAATTGT__0.474776566018137__42	8	9	18	20	30	30	9	6
TAGTAATTAT__0.474565774277059__49	18	11	6	20	30	30	20	13
CTGTAATTGT__0.474299330606923__44	2	6	6	20	30	30	9	6
CACTAATTAA__0.474237961833645__56	17	11	18	20	30	30	20	20
AATTAATTGT__0.473405447998263__49	30	30	20	20	30	30	9	6
CCGTAATTGT__0.473374316301376__34	2	8	6	20	30	30	9	6
ATTTAATTAG__0.473212078398225__65	30	36	20	20	30	30	20	18
GGATAATTAA__0.472481562980204__55	5	7	13	20	30	30	20	20
AACTAATTAA__0.472163983243594__54	6	11	18	20	30	30	20	20
TGATAATTAT__0.47211095585456__45	8	7	13	20	30	30	20	13
GGATAATGAC__0.471218741363539__46	5	7	13	20	30	18	8	8
CGATAATGAC__0.4707531746287__43	31	7	13	20	30	18	8	8
CTCTAATTAC__0.470733957056355__44	8	9	18	20	30	30	20	6
TCCTAATTGA__0.47073261472122__51	5	8	18	20	30	30	9	8
ATTTAATTAT__0.47063462643676__65	30	36	20	20	30	30	20	13
GTATAATTAA__0.470472574162201__61	6	13	13	20	30	30	20	20
ATCTAATTAC__0.470202950564936__48	7	9	18	20	30	30	20	6
AGATAATAGG__0.470151822146402__35	9	7	13	20	30	13	18	8
TCGTAATTGA__0.470121365294015__51	31	8	6	20	30	30	9	8
AGCTAATTAG__0.469505967684808__40	25	25	18	20	30	30	20	18
CAATAATTAT__0.469166113144312__41	9	30	13	20	30	30	20	13
ACCTAATTAT__0.468926890247696__36	8	8	18	20	30	30	20	13
TCTTAATTGA__0.467518066788164__66	9	6	20	20	30	30	9	8
GCATAATTAA__0.466939360514926__55	13	18	13	20	30	30	20	20
ACATAATTTG__0.466680807662054__37	6	18	13	20	30	30	36	9
AGATAATCAC__0.466543058763815__36	9	7	13	20	30	7	8	17
GAGTAATTGT__0.465510511502372__33	8	11	6	20	30	30	9	6
ACTTAATGAG__0.465026536274935__46	11	6	20	20	30	18	8	8
AGATAATTAA__0.464998366687834__50	9	7	13	20	30	30	20	20
AGTTAATGAC__0.464964461338136__52	11	6	20	20	30	18	8	8
ATATAATTAT__0.464770863241187__45	13	13	13	20	30	30	20	13
CTGTAATTAA__0.464697900437732__58	2	6	6	20	30	30	20	20
AACTAATTTG__0.464664353611712__34	6	11	18	20	30	30	36	9
ATATAATGAC__0.464605937908171__52	13	13	13	20	30	18	8	8
AATTAATTGG__0.464400931046047__43	30	30	20	20	30	30	9	8
CGATAATGAG__0.464122488198638__37	31	7	13	20	30	18	8	8
GCGTAATTAA__0.463958249641711__54	25	8	6	20	30	30	20	20
TGGTAATTAT__0.463287550809254__45	8	8	6	20	30	30	20	13
TTTTAATTAC__0.463062482370257__82	36	36	20	20	30	30	20	6
CGGTAATTAA__0.462736147633538__51	2	8	6	20	30	30	20	20
GCCTAATTAG__0.461257606102773__35	45	8	18	20	30	30	20	18
AAATAATGAG__0.461030464898299__40	36	30	13	20	30	18	8	8
ACATAATTAA__0.460040941298175__51	6	18	13	20	30	30	20	20
TACTAATTAT__0.459385077872956__42	6	11	18	20	30	30	20	13
ATATAATTTG__0.457804674842573__39	13	13	13	20	30	30	36	9
CCATAATTAG__0.457378888317706__36	8	18	13	20	30	30	20	18
GCTTAATTAG__0.457359964510991__43	25	6	20	20	30	30	20	18
ATCTAATTGA__0.456622577723257__49	7	9	18	20	30	30	9	8
CCGTAATTAG__0.456032804558096__32	2	8	6	20	30	30	20	18
AAATAATTAT__0.456028493707499__36	36	30	13	20	30	30	20	13
TCCTAATTGT__0.455556282221648__36	5	8	18	20	30	30	9	6
TCATAATTAG__0.455313823277296__44	8	18	13	20	30	30	20	18
CTATAATGAC__0.45468105581458__47	18	13	13	20	30	18	8	8
CGATAATCAC__0.453471185815224__31	31	7	13	20	30	7	8	17
CTATAATTAA__0.452012173541878__52	18	13	13	20	30	30	20	20
CATTAATTGG__0.45189213835298__40	18	30	20	20	30	30	9	8
GAATAATTAG__0.451629163704537__31	12	30	13	20	30	30	20	18
TAGTAATTAA__0.451475959061486__53	18	11	6	20	30	30	20	20
TCGTAATTAT__0.449897743499326__37	31	8	6	20	30	30	20	13
GGATAATTTG__0.448881167713173__29	5	7	13	20	30	30	36	9
TTGTAATTGA__0.448488974318703__56	9	6	6	20	30	30	9	8
CCCTAATTAA__0.447198170264115__40	13	8	18	20	30	30	20	20
GAATAATTAT__0.446816426798219__30	12	30	13	20	30	30	20	13
TGCTAATTAA__0.446816218793479__50	13	25	18	20	30	30	20	20
TGATAATGAC__0.446620662390369__42	8	7	13	20	30	18	8	8
CCATAATTAT__0.446046909100284__33	8	18	13	20	30	30	20	13
GTGTAATTTG__0.445434452402685__36	17	6	6	20	30	30	36	9
CCTTAATTAT__0.445252718050161__37	8	6	20	20	30	30	20	13
ACATAATGAT__0.445066415848642__38	6	18	13	20	30	18	8	7
ATTTAATGAG__0.444973923044379__52	30	36	20	20	30	18	8	8
TTGTAATTAG__0.444970820328276__47	9	6	6	20	30	30	20	18
CGATAATTAA__0.44489506380149__41	31	7	13	20	30	30	20	20
ACATAATCAC__0.444726229985317__34	6	18	13	20	30	7	8	17
TGATAATTTG__0.443714611135673__32	8	7	13	20	30	30	36	9
CGTTAATTTG__0.443522390134418__34	8	6	20	20	30	30	36	9
ACTTAATTTG__0.441604641198095__34	11	6	20	20	30	30	36	9
GGATAATGAG__0.440470792285295__32	5	7	13	20	30	18	8	8
CACTAATCAC__0.440164624671348__31	17	11	18	20	30	7	8	17
AAGTAATTTG__0.439631641474887__29	6	11	6	20	30	30	36	9
TTCTAATTGT__0.43922293570796__42	12	9	18	20	30	30	9	6
AAATAATGGG__0.439165795960371__24	36	30	13	20	30	18	8	13
TGATAATTAA__0.438410318550264__45	8	7	13	20	30	30	20	20
AAATAATGAT__0.438280691805821__35	36	30	13	20	30	18	8	7
ATCTAATTAT__0.437836069439817__36	7	9	18	20	30	30	20	13
TCTTAATTAC__0.43742907747902__45	9	6	20	20	30	30	20	6
CGCTAATGAC__0.436825485965348__33	25	25	18	20	30	18	8	8
TTATAATTAC__0.436719154829123__44	20	13	13	20	30	30	20	6
GGTTAATTAT__0.435675591448383__37	8	6	20	20	30	30	20	13
CGATAATAGG__0.435625827532898__25	31	7	13	20	30	13	18	8
AAGTAATTTA__0.435391621187009__33	6	11	6	20	30	30	36	20
TCGTAATTGT__0.435381293715462__30	31	8	6	20	30	30	9	6
AGCTAATTAA__0.435032362604921__40	25	25	18	20	30	30	20	20
AATTAATTTT__0.434686874826297__34	30	30	20	20	30	30	36	36
GGTTAATTAG__0.434563829693645__36	8	6	20	20	30	30	20	18
TTTTAATTAG__0.433878318553965__61	36	36	20	20	30	30	20	18
GTCTAATTAG__0.433450398923774__34	8	9	18	20	30	30	20	18
CGATAATAGC__0.432874211854357__27	31	7	13	20	30	13	18	25
GCTTAATTAT__0.432549890539404__35	25	6	20	20	30	30	20	13
GTCTAATTAT__0.431635009144229__34	8	9	18	20	30	30	20	13
AACTAATGAG__0.431382605375218__29	6	11	18	20	30	18	8	8
GTCTAATTAC__0.431372535794992__34	8	9	18	20	30	30	20	6
ATTTAATTTG__0.431265608831126__43	30	36	20	20	30	30	36	9
CTTTAATTAG__0.430753814829354__43	6	36	20	20	30	30	20	18
TGGTAATTAA__0.4307018871561__44	8	8	6	20	30	30	20	20
AAATAATCAC__0.430620196601178__29	36	30	13	20	30	7	8	17
AAATAATTTG__0.430338667854362__26	36	30	13	20	30	30	36	9
TCGTAATTAC__0.430264747101822__31	31	8	6	20	30	30	20	6
CGATAATGGG__0.430192593092622__19	31	7	13	20	30	18	8	13
ACATAATAGC__0.429168902932206__30	6	18	13	20	30	13	18	25
AAGTAATCAT__0.428928751738457__26	6	11	6	20	30	7	8	18
TCGTAATTAG__0.428574361418603__30	31	8	6	20	30	30	20	18
CGATAATGAT__0.428215923762858__29	31	7	13	20	30	18	8	7
CTCTAATTAT__0.427898306392774__30	8	9	18	20	30	30	20	13
AGTTAATAGC__0.427343820074095__34	11	6	20	20	30	13	18	25
ATATAATTAA__0.427175901595988__42	13	13	13	20	30	30	20	20
TTGTAATTAC__0.427145116557187__41	9	6	6	20	30	30	20	6
AGATAATGGC__0.426983920794562__23	9	7	13	20	30	18	8	45
AAATAATCAT__0.426766341789807__27	36	30	13	20	30	7	8	18
GTGTAATTTA__0.426283818933951__35	17	6	6	20	30	30	36	20
GGATAATCGG__0.426215325883316__18	5	7	13	20	30	7	31	2
GGATAATAGC__0.425663412156233__27	5	7	13	20	30	13	18	25
TATTAATTGC__0.425391824453944__39	13	30	20	20	30	30	9	13
AACTAATGAC__0.425131204789141__30	6	11	18	20	30	18	8	8
ACTTAATGAT__0.42450407486341__34	11	6	20	20	30	18	8	7
AGGTAATTTA__0.424374734245435__29	8	8	6	20	30	30	36	20
ACATAATCAT__0.42344773043865__27	6	18	13	20	30	7	8	18
CTATAATTTG__0.423154716647198__28	18	13	13	20	30	30	36	9
TGATAATGAT__0.422936306586879__33	8	7	13	20	30	18	8	7
CTCTAATTAG__0.422185091270819__28	8	9	18	20	30	30	20	18
CACTAATGAC__0.422140674078286__30	17	11	18	20	30	18	8	8
CGATAATCGT__0.421766514173566__17	31	7	13	20	30	7	31	8
CGGTAATTTG__0.421655901487124__23	2	8	6	20	30	30	36	9
AGATAATAAG__0.421535579355095__32	9	7	13	20	30	13	20	6
AGATAATCGC__0.421426919765585__19	9	7	13	20	30	7	31	25
ACATAATGGG__0.421328341497594__21	6	18	13	20	30	18	8	13
ATATAATGAG__0.420933820417482__32	13	13	13	20	30	18	8	8
GCATAATTTG__0.420911560604011__25	13	18	13	20	30	30	36	9
ACGTAATGAC__0.420589249223859__30	8	8	6	20	30	18	8	8
CGTTAATGAG__0.419657238613136__30	8	6	20	20	30	18	8	8
TACTAATTAA__0.419565366537658__38	6	11	18	20	30	30	20	20
GACTAATTAA__0.418944275852996__31	8	11	18	20	30	30	20	20
AGATAATCGG__0.418905406107976__16	9	7	13	20	30	7	31	2
TCATAATTAT__0.418498021473751__32	8	18	13	20	30	30	20	13
ATTTAATAGC__0.418363228741817__41	30	36	20	20	30	13	18	25
ACCTAATTAA__0.418176298958107__31	8	8	18	20	30	30	20	20
TGTTAATTAT__0.417861282536271__38	6	6	20	20	30	30	20	13
GTTTAATTAG__0.417812429367799__39	6	36	20	20	30	30	20	18
CGATAATAAC__0.417650155469812__31	31	7	13	20	30	13	20	6
CACTAATGAT__0.417347797722324__28	17	11	18	20	30	18	8	7
AGTTAATCAC__0.417142012470734__30	11	6	20	20	30	7	8	17
TAGTAATTGT__0.41706553262602__27	18	11	6	20	30	30	9	6
GCCTAATTAA__0.417012317889636__32	45	8	18	20	30	30	20	20
TTGTAATTAT__0.41690292850101__37	9	6	6	20	30	30	20	13
ACGTAATTTA__0.416676769615199__27	8	8	6	20	30	30	36	20
CTGTAATTTG__0.416552848399474__26	2	6	6	20	30	30	36	9
CAATAATGAG__0.416210524787106__27	9	30	13	20	30	18	8	8
TTTTAATGAC__0.415815617786748__57	36	36	20	20	30	18	8	8
TCCTAATTAC__0.415768456078227__27	5	8	18	20	30	30	20	6
GTATAATTTG__0.415765068911067__26	6	13	13	20	30	30	36	9
CCGTAATTAA__0.415311307321856__31	2	8	6	20	30	30	20	20
TGTTAATTAG__0.414432359478506__36	6	6	20	20	30	30	20	18
AGGTAATGAC__0.413646506946519__28	8	8	6	20	30	18	8	8
CGTTAATGAC__0.413633233183355__31	8	6	20	20	30	18	8	8
CGTTAATGAT__0.413142948580134__30	8	6	20	20	30	18	8	7
ATGTAATTTG__0.412969747346904__27	18	6	6	20	30	30	36	9
TGATAATGAG__0.41292663332495__28	8	7	13	20	30	18	8	8
AAATAATAAC__0.412784457260354__32	36	30	13	20	30	13	20	6
ACTTAATAGG__0.412779478074679__26	11	6	20	20	30	13	18	8
AAATAATAGC__0.412610558405011__25	36	30	13	20	30	13	18	25
AAATAATGGC__0.411733791201954__22	36	30	13	20	30	18	8	45
TGCTAATTTG__0.411281794791469__26	13	25	18	20	30	30	36	9
ACATAATAAC__0.411010908415099__32	6	18	13	20	30	13	20	6
AGTTAATTAA__0.41046435949396__37	11	6	20	20	30	30	20	20
ACTTAATAGC__0.410417822789416__28	11	6	20	20	30	13	18	25
ACTTAATCAC__0.40960022072744__27	11	6	20	20	30	7	8	17
AGTTAATAGG__0.409440717843227__26	11	6	20	20	30	13	18	8
ATCTAATTAG__0.409161513544623__27	7	9	18	20	30	30	20	18
GCATAATTTA__0.408747289952805__26	13	18	13	20	30	30	36	20
ATTTAATGAT__0.408728786876508__39	30	36	20	20	30	18	8	7
TCGTAATTAA__0.40811941317517__33	31	8	6	20	30	30	20	20
AGTTAATGAT__0.408088643934468__30	11	6	20	20	30	18	8	7
CGCTAATTTG__0.407521198774201__20	25	25	18	20	30	30	36	9
AGTTAATGGG__0.407331563799289__21	11	6	20	20	30	18	8	13
CAGTAATTTG__0.406763592376678__21	2	11	6	20	30	30	36	9
GGATAATGAT__0.406366767389359__25	5	7	13	20	30	18	8	7
ATGTAATTTA__0.405286442221625__29	18	6	6	20	30	30	36	20
GCATAATGAC__0.40423172756045__27	13	18	13	20	30	18	8	8
AATTAATTCA__0.404177544374749__27	30	30	20	20	30	30	12	8
CACTAATGAG__0.404169101564131__23	17	11	18	20	30	18	8	8
GGGTAATTTG__0.404039281984079__20	13	8	6	20	30	30	36	9
TGATAATAGC__0.403984572701547__25	8	7	13	20	30	13	18	25
AGATAATCGT__0.40395957634021__15	9	7	13	20	30	7	31	8
CGTTAATTAA__0.403801190167472__33	8	6	20	20	30	30	20	20
GGATAATCAC__0.403738166628977__21	5	7	13	20	30	7	8	17
CGATAATTTC__0.403683470346993__15	31	7	13	20	30	30	36	12
ACATAATCGT__0.403342006461108__18	6	18	13	20	30	7	31	8
GTATAATGAC__0.403202682046886__29	6	13	13	20	30	18	8	8
CAATAATGAC__0.402956699456615__26	9	30	13	20	30	18	8	8
GACTAATGAG__0.402595951062248__20	8	11	18	20	30	18	8	8
TTGTAATTAA__0.402579578231699__40	9	6	6	20	30	30	20	20
CGCTAATTAA__0.402544626303426__28	25	25	18	20	30	30	20	20
ACTTAATTAA__0.402166508605685__33	11	6	20	20	30	30	20	20
AGATAATCAT__0.40162930829525__19	9	7	13	20	30	7	8	18
ACTTAATAAC__0.401177040453884__32	11	6	20	20	30	13	20	6
GCGTAATTTG__0.40089957684034__20	25	8	6	20	30	30	36	9
ACTTAATGGG__0.400486603901085__19	11	6	20	20	30	18	8	13
AGATAATGGT__0.400159502292564__16	9	7	13	20	30	18	8	8
CGATAATGGC__0.399386931452091__17	31	7	13	20	30	18	8	45
AATTAATTCT__0.398873332594912__22	30	30	20	20	30	30	12	9
AGTTAATTTA__0.398621026817417__27	11	6	20	20	30	30	36	20
CTTTAATGAC__0.397748674742098__35	6	36	20	20	30	18	8	8
CCATAATTTG__0.397646865310765__19	8	18	13	20	30	30	36	9
CCATAATTAA__0.397582609521768__28	8	18	13	20	30	30	20	20
CATTAATTGC__0.397396196634749__25	18	30	20	20	30	30	9	13
GCATAATGAG__0.397311306108884__23	13	18	13	20	30	18	8	8
TTATAATTTG__0.39706834768513__28	20	13	13	20	30	30	36	9
CCATAATCAC__0.396963003475297__21	8	18	13	20	30	7	8	17
CCATAATGAG__0.396927152006839__22	8	18	13	20	30	18	8	8
TCCTAATTAG__0.396857484607457__22	5	8	18	20	30	30	20	18
CACTAATTTA__0.396560479726262__22	17	11	18	20	30	30	36	20
GACTAATTTG__0.396465290215115__16	8	11	18	20	30	30	36	9
GTTTAATTAT__0.395501988453194__32	6	36	20	20	30	30	20	13
AACTAATGAT__0.395444553062305__22	6	11	18	20	30	18	8	7
AAATAATAGG__0.394897248584241__19	36	30	13	20	30	13	18	8
AGTTAATAAC__0.39476476205675__31	11	6	20	20	30	13	20	6
ATATAATAGG__0.394628487418875__22	13	13	13	20	30	13	18	8
AATTAATTGA__0.393927808445263__29	30	30	20	20	30	30	9	8
AGGTAATTTG__0.393332986759469__18	8	8	6	20	30	30	36	9
CCTTAATGAC__0.393243472273411__25	8	6	20	20	30	18	8	8
CCTTAATTAG__0.392641095758809__22	8	6	20	20	30	30	20	18
CAATAATTAA__0.392467523898415__27	9	30	13	20	30	30	20	20
CACTAATTTG__0.392309242016576__18	17	11	18	20	30	30	36	9
TACTAATGAC__0.391761487307238__25	6	11	18	20	30	18	8	8
TTGTAATTGT__0.391201159308576__27	9	6	6	20	30	30	9	6
ATTTAATCAC__0.390598465708175__31	30	36	20	20	30	7	8	17
AGATAATAGT__0.390576580775713__17	9	7	13	20	30	13	18	11
GATTAATTGC__0.390197323405971__20	7	30	20	20	30	30	9	13
TGTTAATTAA__0.390126933329275__36	6	6	20	20	30	30	20	20
ATTTAATGGG__0.389575506863659__24	30	36	20	20	30	18	8	13
TACTAATTTG__0.389382721743878__20	6	11	18	20	30	30	36	9
ACATAATGGC__0.388729067775463__18	6	18	13	20	30	18	8	45
AAGTAATCAC__0.387706686877573__18	6	11	6	20	30	7	8	17
CGCTAATGAT__0.387565982909647__20	25	25	18	20	30	18	8	7
TCATAATGAC__0.387315763119252__27	8	18	13	20	30	18	8	8
AAGTAATGAC__0.386765660006188__22	6	11	6	20	30	18	8	8
GTTTAATGAC__0.386668088719765__32	6	36	20	20	30	18	8	8
CCGTAATTTG__0.386650254533825__15	2	8	6	20	30	30	36	9
CACTAATAGC__0.386536819788803__20	17	11	18	20	30	13	18	25
AGCTAATTTG__0.386466024207514__17	25	25	18	20	30	30	36	9
ACTTAATCGT__0.38642825780367__17	11	6	20	20	30	7	31	8
TCCTAATTAT__0.38592630276687__20	5	8	18	20	30	30	20	13
TTCTAATTGA__0.385875744183298__30	12	9	18	20	30	30	9	8
AGTTAATTTT__0.38546985991383__20	11	6	20	20	30	30	36	36
TTATAATTAG__0.385462151238225__26	20	13	13	20	30	30	20	18
GAATAATTAA__0.385375048471346__23	12	30	13	20	30	30	20	20
ATATAATAGC__0.38519268355317__22	13	13	13	20	30	13	18	25
GGATAATAAG__0.385032764242541__23	5	7	13	20	30	13	20	6
ATCTAATTAA__0.384962133829099__28	7	9	18	20	30	30	20	20
CTATAATGAG__0.384718168308743__22	18	13	13	20	30	18	8	8
TTATAATGAT__0.384509763876644__29	20	13	13	20	30	18	8	7
AAGTAATCAA__0.383728741196297__21	6	11	6	20	30	7	8	9
CAATAATAGC__0.383670054712004__19	9	30	13	20	30	13	18	25
GGATAATGGG__0.38363395318701__13	5	7	13	20	30	18	8	13
TGTTAATGAG__0.383346947083565__27	6	6	20	20	30	18	8	8
TTCTAATTAC__0.383253965545954__26	12	9	18	20	30	30	20	6
GTATAATGAT__0.383080581597588__23	6	13	13	20	30	18	8	7
CGATAATCAT__0.382097454986897__15	31	7	13	20	30	7	8	18
GTTTAATTTG__0.381580707232451__26	6	36	20	20	30	30	36	9
CTTTAATTAT__0.381417924074797__27	6	36	20	20	30	30	20	13
ATATAATCAC__0.381396375087078__21	13	13	13	20	30	7	8	17
TTATAATGAC__0.381053444526985__29	20	13	13	20	30	18	8	8
ACCTAATGAC__0.381001130645409__18	8	8	18	20	30	18	8	8
GCCTAATTTG__0.380914182647533__15	45	8	18	20	30	30	36	9
CAGTAATCAT__0.380896450847986__16	2	11	6	20	30	7	8	18
CAATAATCAC__0.380557859559056__18	9	30	13	20	30	7	8	17
GTATAATGAG__0.380489669216894__21	6	13	13	20	30	18	8	8
AACTAATCAT__0.38017822698972__16	6	11	18	20	30	7	8	18
CTGTAATTTA__0.38001881235045__21	2	6	6	20	30	30	36	20
AGCTAATGAG__0.379570186587253__18	25	25	18	20	30	18	8	8
AGATAATTTA__0.379043879912942__17	9	7	13	20	30	30	36	20
GCTTAATTTG__0.378715329208005__19	25	6	20	20	30	30	36	9
AAGTAATTTC__0.378713824500714__14	6	11	6	20	30	30	36	12
CTATAATGAT__0.378673467355399__22	18	13	13	20	30	18	8	7
AAATAATTAA__0.378426429988465__23	36	30	13	20	30	30	20	20
CTATAATCAC__0.378378036474519__20	18	13	13	20	30	7	8	17
GTATAATAGC__0.377845836951641__20	6	13	13	20	30	13	18	25
GAATAATGAC__0.377762362893088__18	12	30	13	20	30	18	8	8
TAGTAATTTG__0.377499866794838__18	18	11	6	20	30	30	36	9
ATATAATGAT__0.377329850667812__22	13	13	13	20	30	18	8	7
AAATAATCGC__0.377007093732136__14	36	30	13	20	30	7	31	25
GGTTAATGAC__0.376928430420211__23	8	6	20	20	30	18	8	8
AAATAATTTA__0.376879561623402__18	36	30	13	20	30	30	36	20
GAGTAATTTC__0.376865487187692__12	8	11	6	20	30	30	36	12
CACTAATAAC__0.376556592755985__23	17	11	18	20	30	13	20	6
GAGTAATTTG__0.376545663584275__14	8	11	6	20	30	30	36	9
AGCTAATGAC__0.376002533709027__19	25	25	18	20	30	18	8	8
GGATAATTTA__0.375654673055902__17	5	7	13	20	30	30	36	20
GAATAATGAG__0.375415200326055__16	12	30	13	20	30	18	8	8
TGATAATCGC__0.37529052009175__15	8	7	13	20	30	7	31	25
CAATAATGAT__0.374733621601334__19	9	30	13	20	30	18	8	7
ACTTAATTTC__0.374647842081343__16	11	6	20	20	30	30	36	12
ATTTAATAGG__0.374606565974383__24	30	36	20	20	30	13	18	8
GTGTAATCAT__0.374264263346721__18	17	6	6	20	30	7	8	18
GTCTAATTAA__0.374257883225866__25	8	9	18	20	30	30	20	20
AATTAATTTG__0.374135780189337__19	30	30	20	20	30	30	36	9
ACTTAATGGC__0.374086115844715__17	11	6	20	20	30	18	8	45
CCATAATGAC__0.373971507032594__19	8	18	13	20	30	18	8	8
TCATAATTAA__0.373866555205477__26	8	18	13	20	30	30	20	20
AGTTAATGGT__0.373728712981929__16	11	6	20	20	30	18	8	8
CTATAATAAC__0.373654996551015__24	18	13	13	20	30	13	20	6
TGTTAATGGG__0.373549591552049__19	6	6	20	20	30	18	8	13
GGATAATGGC__0.373499970998995__14	5	7	13	20	30	18	8	45
CAATAATTTG__0.373448281238508__15	9	30	13	20	30	30	36	9
CGCTAATGAG__0.372985012179801__16	25	25	18	20	30	18	8	8
CGCTAATAGG__0.372740790614267__15	25	25	18	20	30	13	18	8
GTGTAATTTC__0.372687095943336__16	17	6	6	20	30	30	36	12
CAGTAATGAG__0.372295283822999__17	2	11	6	20	30	18	8	8
TGATAATGGC__0.37219773501307__16	8	7	13	20	30	18	8	45
CGATAATTCG__0.372048810617922__10	31	7	13	20	30	30	12	31
AGTTAATTTC__0.37164564613822__16	11	6	20	20	30	30	36	12
TTATAATGAG__0.371607106885838__24	20	13	13	20	30	18	8	8
AATTAATTCG__0.37159148266681__16	30	30	20	20	30	30	12	31
ACCTAATCAC__0.371116668952664__14	8	8	18	20	30	7	8	17
CGTTAATAAC__0.37089236797111__23	8	6	20	20	30	13	20	6
ATATAATCGT__0.37085777831956__15	13	13	13	20	30	7	31	8
ATTTAATCGT__0.370824488339394__21	30	36	20	20	30	7	31	8
GGCTAATTTG__0.370691863745539__14	45	25	18	20	30	30	36	9
TTTTAATGAG__0.370687506795126__33	36	36	20	20	30	18	8	8
GGCTAATGAG__0.370677236369652__16	45	25	18	20	30	18	8	8
TGTTAATTTG__0.370579626139923__22	6	6	20	20	30	30	36	9
CGCTAATTTA__0.370225717431678__16	25	25	18	20	30	30	36	20
GGTTAATTAA__0.370208197674353__25	8	6	20	20	30	30	20	20
CAATAATAAC__0.370136569930868__21	9	30	13	20	30	13	20	6
GTATAATTTA__0.370134795789399__19	6	13	13	20	30	30	36	20
TTCTAATTAG__0.370094665771227__22	12	9	18	20	30	30	20	18
CTTTAATGAG__0.370087633167615__24	6	36	20	20	30	18	8	8
ATTTAATTCG__0.369953206548275__21	30	36	20	20	30	30	12	31
ATGTAATGGG__0.369520413240791__15	18	6	6	20	30	18	8	13
GGATAATAAC__0.36910530213278__20	5	7	13	20	30	13	20	6
AAGTAATTTT__0.368976424593115__14	6	11	6	20	30	30	36	36
GCTTAATTAA__0.368964738018172__24	25	6	20	20	30	30	20	20
ATTTAATTTA__0.368660433018608__26	30	36	20	20	30	30	36	20
AGATAATGAA__0.368481340584302__22	9	7	13	20	30	18	8	12
TTCTAATTAT__0.368102431445724__22	12	9	18	20	30	30	20	13
ACATAATTCG__0.368063482812473__12	6	18	13	20	30	30	12	31
ACTTAATCAT__0.367868791263328__17	11	6	20	20	30	7	8	18
GCGTAATCAT__0.367735249504706__14	25	8	6	20	30	7	8	18
CCATAATCGT__0.367711552552412__12	8	18	13	20	30	7	31	8
AACTAATGGG__0.367632841574603__11	6	11	18	20	30	18	8	13
TGCTAATGAC__0.367572515808185__20	13	25	18	20	30	18	8	8
GACTAATCAC__0.367553335956941__13	8	11	18	20	30	7	8	17
GTTTAATGAT__0.366838945271744__25	6	36	20	20	30	18	8	7
TTTTAATTAT__0.366817970793665__32	36	36	20	20	30	30	20	13
CGGTAATGGG__0.366770202411784__11	2	8	6	20	30	18	8	13
TCGTAATTTG__0.366722587987757__15	31	8	6	20	30	30	36	9
ACATAATCGC__0.366489609955331__13	6	18	13	20	30	7	31	25
CGTTAATCAC__0.366446621306408__17	8	6	20	20	30	7	8	17
AGTTAATCGC__0.366428424243169__15	11	6	20	20	30	7	31	25
AGTTAATAGT__0.366284387156156__17	11	6	20	20	30	13	18	11
GGTTAATTTG__0.365892109520149__17	8	6	20	20	30	30	36	9
ATATAATCGC__0.365850359799269__15	13	13	13	20	30	7	31	25
CCCTAATGAC__0.365655551210896__15	13	8	18	20	30	18	8	8
GCTTAATGAG__0.365080326140813__18	25	6	20	20	30	18	8	8
AGCTAATTTC__0.364787708784634__12	25	25	18	20	30	30	36	12
AAATAATCAA__0.364589251186982__18	36	30	13	20	30	7	8	9
TGATAATAGG__0.364441844807088__15	8	7	13	20	30	13	18	8
CAATAATAGG__0.364357309656815__14	9	30	13	20	30	13	18	8
CGATAATGTG__0.364185928064614__12	31	7	13	20	30	18	6	17
TCATAATTTG__0.363955074715884__17	8	18	13	20	30	30	36	9
AGGTAATCAT__0.363885445980777__13	8	8	6	20	30	7	8	18
CGTTAATAGC__0.3638190112304__17	8	6	20	20	30	13	18	25
AAATAATTCG__0.363690215557468__11	36	30	13	20	30	30	12	31
GGATAATAGG__0.363666906413057__13	5	7	13	20	30	13	18	8
CACTAATGGG__0.363557910919163__11	17	11	18	20	30	18	8	13
AACTAATTTA__0.36336619234144__15	6	11	18	20	30	30	36	20
TAGTAATTTA__0.363301994232745__18	18	11	6	20	30	30	36	20
TATTAATTGG__0.363298334545864__20	13	30	20	20	30	30	9	8
GGGTAATGGG__0.363261144963481__11	13	8	6	20	30	18	8	13
ACTTAATTTA__0.363132330817944__18	11	6	20	20	30	30	36	20
CGATAATCGC__0.363043845776345__10	31	7	13	20	30	7	31	25
GGATAATTTT__0.362866166496503__12	5	7	13	20	30	30	36	36
AGCTAATGAT__0.362232075684959__16	25	25	18	20	30	18	8	7
AGGTAATGAG__0.362133000643406__15	8	8	6	20	30	18	8	8
GGTTAATGAT__0.361951608903422__19	8	6	20	20	30	18	8	7
CGATAATAAG__0.361934254364618__17	31	7	13	20	30	13	20	6
ACATAATAGT__0.3616854075013__14	6	18	13	20	30	13	18	11
CGATAATTCC__0.361317543692856__10	31	7	13	20	30	30	12	5
CGTTAATAGG__0.361276927421064__15	8	6	20	20	30	13	18	8
ATATAATGGG__0.361144540165816__13	13	13	13	20	30	18	8	13
AGATAATGTG__0.360973719904091__12	9	7	13	20	30	18	6	17
GGGTAATTTA__0.360454398861288__15	13	8	6	20	30	30	36	20
ACGTAATCGT__0.36043125902201__10	8	8	6	20	30	7	31	8
TGTTAATGAC__0.360179749079888__23	6	6	20	20	30	18	8	8
ACTTAATAAG__0.359761719705101__20	11	6	20	20	30	13	20	6
CAATAATGGG__0.359738163347526__11	9	30	13	20	30	18	8	13
AGATAATGGA__0.359452697606392__13	9	7	13	20	30	18	8	5
TTTTAATTTG__0.359106992680672__28	36	36	20	20	30	30	36	9
ATCTAATTTG__0.358961185756531__15	7	9	18	20	30	30	36	9
ATTTAATGGC__0.35872653598202__20	30	36	20	20	30	18	8	45
AATTAATTCC__0.358583646793277__15	30	30	20	20	30	30	12	5
AGTTAATCGT__0.358471992783671__13	11	6	20	20	30	7	31	8
TACTAATGAG__0.358444628377276__16	6	11	18	20	30	18	8	8
CAGTAATGAC__0.358396575627419__16	2	11	6	20	30	18	8	8
ATGTAATGAC__0.358114135701__19	18	6	6	20	30	18	8	8
TGATAATTTC__0.357925987626667__12	8	7	13	20	30	30	36	12
GTGTAATGAG__0.357491185756527__17	17	6	6	20	30	18	8	8
ATTTAATCGC__0.357392750607568__19	30	36	20	20	30	7	31	25
GCGTAATGAC__0.357334051491714__16	25	8	6	20	30	18	8	8
ACCTAATTTG__0.357236335375812__11	8	8	18	20	30	30	36	9
TGCTAATTTA__0.357182850188572__17	13	25	18	20	30	30	36	20
GCTTAATGAC__0.356920542643182__18	25	6	20	20	30	18	8	8
CCATAATAGC__0.356798359980557__14	8	18	13	20	30	13	18	25
TCCTAATTAA__0.356436914769457__19	5	8	18	20	30	30	20	20
TGATAATAGT__0.356400947991915__14	8	7	13	20	30	13	18	11
GGGTAATGAG__0.356399411210265__14	13	8	6	20	30	18	8	8
CGGTAATCAC__0.356317560775611__12	2	8	6	20	30	7	8	17
ATGTAATCAT__0.356186773176442__15	18	6	6	20	30	7	8	18
ACGTAATAAC__0.354915113269616__18	8	8	6	20	30	13	20	6
CATTAATTGT__0.354907188016229__16	18	30	20	20	30	30	9	6
ACGTAATCGC__0.354903770100994__10	8	8	6	20	30	7	31	25
TGATAATAAC__0.354902829198325__19	8	7	13	20	30	13	20	6
GTGTAATCAC__0.354765979015059__15	17	6	6	20	30	7	8	17
CACTAATCGT__0.354584452174763__10	17	11	18	20	30	7	31	8
ACGTAATGGG__0.354113768834257__10	8	8	6	20	30	18	8	13
AGCTAATTTA__0.353757442061826__14	25	25	18	20	30	30	36	20
TCCTAATTTG__0.353707183087208__13	5	8	18	20	30	30	36	9
ATATAATCAT__0.353464951033421__15	13	13	13	20	30	7	8	18
AAGTAATGAG__0.353455577330918__14	6	11	6	20	30	18	8	8
ATATAATGGC__0.353295244823332__14	13	13	13	20	30	18	8	45
GACTAATGAC__0.353144244641834__13	8	11	18	20	30	18	8	8
ATATAATTTA__0.353002710028787__16	13	13	13	20	30	30	36	20
GACTAATTTA__0.352688547666876__12	8	11	18	20	30	30	36	20
CAGTAATTTA__0.352628648484185__14	2	11	6	20	30	30	36	20
TGATAATCGT__0.352476166138609__11	8	7	13	20	30	7	31	8
GTATAATCAC__0.352473167920125__15	6	13	13	20	30	7	8	17
GGCTAATGAT__0.352247243589995__14	45	25	18	20	30	18	8	7
TGCTAATCGT__0.352060110806558__12	13	25	18	20	30	7	31	8
CGTTAATCAT__0.351966535554671__14	8	6	20	20	30	7	8	18
CACTAATAAG__0.351951943719882__17	17	11	18	20	30	13	20	6
AAATAATCGT__0.351797224170199__10	36	30	13	20	30	7	31	8
AAGTAATGGG__0.35160842432677__10	6	11	6	20	30	18	8	13
AGATAATTTC__0.351543723325424__9	9	7	13	20	30	30	36	12
TGATAATCAC__0.351351981487018__14	8	7	13	20	30	7	8	17
CAGTAATCAC__0.351294800327938__12	2	11	6	20	30	7	8	17
ACCTAATTTC__0.351116560868796__9	8	8	18	20	30	30	36	12
CCCTAATTTG__0.350923995397918__10	13	8	18	20	30	30	36	9
AACTAATCGT__0.350160714158279__9	6	11	18	20	30	7	31	8
AGATAATTTT__0.350134269084647__10	9	7	13	20	30	30	36	36
CCTTAATAAC__0.350092573085923__18	8	6	20	20	30	13	20	6
CGATAATTTA__0.35002191065344__12	31	7	13	20	30	30	36	20
CCTTAATTTG__0.349764898254278__13	8	6	20	20	30	30	36	9
ACGTAATGAT__0.349587050637069__14	8	8	6	20	30	18	8	7
ATATAATAAG__0.34958639977066__18	13	13	13	20	30	13	20	6
GGCTAATTTA__0.349406400706884__13	45	25	18	20	30	30	36	20
GTATAATCAT__0.349299906421816__14	6	13	13	20	30	7	8	18
CACTAATCGC__0.349181044804123__10	17	11	18	20	30	7	31	25
ACGTAATGAG__0.349170322035326__13	8	8	6	20	30	18	8	8
GGCTAATCAC__0.349110120585739__12	45	25	18	20	30	7	8	17
ATTTAATAAG__0.349014005793508__23	30	36	20	20	30	13	20	6
GAATAATTTA__0.348963876954074__12	12	30	13	20	30	30	36	20
TCATAATAGC__0.348795242954787__16	8	18	13	20	30	13	18	25
CAATAATAAG__0.348592405976222__16	9	30	13	20	30	13	20	6
AAATAATCAG__0.348478483981643__11	36	30	13	20	30	7	8	2
AGATAATTCC__0.348350581356412__9	9	7	13	20	30	30	12	5
TGATAATCAT__0.347958650408921__13	8	7	13	20	30	7	8	18
CTATAATGGG__0.34790379486354__11	18	13	13	20	30	18	8	13
GAATAATCAC__0.347886545421268__11	12	30	13	20	30	7	8	17
GCATAATCAC__0.347842188867508__13	13	18	13	20	30	7	8	17
GGATAATTTC__0.347793812498489__9	5	7	13	20	30	30	36	12
CTCTAATTTG__0.347702379014061__12	8	9	18	20	30	30	36	9
GCGTAATTTT__0.347652097704091__11	25	8	6	20	30	30	36	36
CCGTAATCAC__0.347605516023055__10	2	8	6	20	30	7	8	17
CGATAATGGA__0.347405105237974__11	31	7	13	20	30	18	8	5
ACGTAATTTG__0.347300498088342__11	8	8	6	20	30	30	36	9
GCGTAATGAG__0.34713577394171__13	25	8	6	20	30	18	8	8
GTGTAATTTT__0.346988161262196__13	17	6	6	20	30	30	36	36
GGATAATCAT__0.346854617972865__11	5	7	13	20	30	7	8	18
AAATAATTCC__0.346796492502619__10	36	30	13	20	30	30	12	5
AGCTAATAGC__0.346614721936879__13	25	25	18	20	30	13	18	25
ATTTAATGGT__0.346098279460406__16	30	36	20	20	30	18	8	8
CACTAATTCC__0.345962451989183__10	17	11	18	20	30	30	12	5
GGATAATCGC__0.345748328537463__9	5	7	13	20	30	7	31	25
AATTAATTTA__0.345740793299811__16	30	30	20	20	30	30	36	20
CGATAATTCA__0.345559478509946__10	31	7	13	20	30	30	12	8
GCGTAATTTA__0.345080730000059__13	25	8	6	20	30	30	36	20
CGGTAATTTT__0.34497011858673__10	2	8	6	20	30	30	36	36
AAGTAATTCG__0.344874240354909__9	6	11	6	20	30	30	12	31
TTATAATTAT__0.344782254214629__17	20	13	13	20	30	30	20	13
GCTTAATCAC__0.344768189312399__14	25	6	20	20	30	7	8	17
ACCTAATGAG__0.344745833206957__11	8	8	18	20	30	18	8	8
TTTTAATAGC__0.344599402795784__25	36	36	20	20	30	13	18	25
TTATAATAGG__0.344541771108525__16	20	13	13	20	30	13	18	8
CTTTAATCAC__0.34437143702689__18	6	36	20	20	30	7	8	17
CCCTAATTTA__0.344289551204849__11	13	8	18	20	30	30	36	20
AAATAATAAG__0.344288345616859__15	36	30	13	20	30	13	20	6
CTTTAATGGG__0.344036163849922__14	6	36	20	20	30	18	8	13
AGATAATAGA__0.344004938900719__14	9	7	13	20	30	13	18	9
AGATAATCGA__0.3438240028514__10	9	7	13	20	30	7	31	31
CCTTAATCAC__0.343665533091854__13	8	6	20	20	30	7	8	17
ACGTAATAGG__0.343530479829105__11	8	8	6	20	30	13	18	8
CCATAATGGG__0.343383549368683__9	8	18	13	20	30	18	8	13
AGGTAATGAT__0.343265140641472__13	8	8	6	20	30	18	8	7
TACTAATCAC__0.342936367133992__13	6	11	18	20	30	7	8	17
TGATAATAAG__0.342714282608668__16	8	7	13	20	30	13	20	6
CGTTAATGGG__0.342616673346868__10	8	6	20	20	30	18	8	13
ACCTAATTTA__0.342548088413472__11	8	8	18	20	30	30	36	20
GGTTAATCAC__0.342485027750297__14	8	6	20	20	30	7	8	17
GATTAATTGA__0.342470803096097__15	7	30	20	20	30	30	9	8
ACGTAATAGC__0.342378777585213__12	8	8	6	20	30	13	18	25
AGGTAATTTT__0.342088082654806__10	8	8	6	20	30	30	36	36
ACTTAATTTT__0.34200949854915__12	11	6	20	20	30	30	36	36
TCATAATGAG__0.341970209827132__15	8	18	13	20	30	18	8	8
GCATAATGGC__0.341887253827418__11	13	18	13	20	30	18	8	45
ACTTAATCGC__0.34182706116159__11	11	6	20	20	30	7	31	25
ATATAATAAC__0.341668835119253__17	13	13	13	20	30	13	20	6
CGCTAATAAC__0.341599654328584__15	25	25	18	20	30	13	20	6
ACGTAATTTC__0.341573147744721__9	8	8	6	20	30	30	36	12
AGTTAATCAT__0.341235235277855__13	11	6	20	20	30	7	8	18
GCGTAATGAT__0.341189595979801__13	25	8	6	20	30	18	8	7
CTCTAATTAA__0.341119276533783__16	8	9	18	20	30	30	20	20
ATCTAATTTT__0.341114511844287__12	7	9	18	20	30	30	36	36
AAATAATTTT__0.341056911091729__10	36	30	13	20	30	30	36	36
ATGTAATCAC__0.340977063241438__13	18	6	6	20	30	7	8	17
GACTAATAAC__0.34075287938777__14	8	11	18	20	30	13	20	6
GGGTAATCAT__0.340712470542066__10	13	8	6	20	30	7	8	18
AAATAATTTC__0.340387448048618__9	36	30	13	20	30	30	36	12
ATTTAATTAA__0.340337647783735__22	30	36	20	20	30	30	20	20
TGATAATCGG__0.340292949016484__9	8	7	13	20	30	7	31	2
ACGTAATCAT__0.340111156684258__10	8	8	6	20	30	7	8	18
GTATAATGGG__0.340094630510997__10	6	13	13	20	30	18	8	13
GACTAATGAT__0.340014664381228__11	8	11	18	20	30	18	8	7
CGTTAATCGT__0.33995908355717__10	8	6	20	20	30	7	31	8
CGATAATAGA__0.33973239746551__13	31	7	13	20	30	13	18	9
TTTTAATCAC__0.339732121709971__24	36	36	20	20	30	7	8	17
CACTAATTTC__0.33943109019787__9	17	11	18	20	30	30	36	12
GAATAATTTG__0.339395370084554__9	12	30	13	20	30	30	36	9
ATGTAATGAG__0.339341012926105__14	18	6	6	20	30	18	8	8
CAATAATTTA__0.339168557941077__12	9	30	13	20	30	30	36	20
CGGTAATGAT__0.339113946670531__12	2	8	6	20	30	18	8	7
TTATAATAAG__0.338882759439007__19	20	13	13	20	30	13	20	6
ATGTAATTTT__0.338805657846684__12	18	6	6	20	30	30	36	36
AATTAATGAG__0.338769293176167__14	30	30	20	20	30	18	8	8
TGCTAATGAT__0.338742986487199__14	13	25	18	20	30	18	8	7
ATATAATTCG__0.338691757175106__10	13	13	13	20	30	30	12	31
GAGTAATTTA__0.338675638396892__11	8	11	6	20	30	30	36	20
CGCTAATAAG__0.338405734775669__14	25	25	18	20	30	13	20	6
TCTTAATTTG__0.338321346886826__15	9	6	20	20	30	30	36	9
TGCTAATAAC__0.338314974757165__17	13	25	18	20	30	13	20	6
TCTTAATTAT__0.338249342857343__16	9	6	20	20	30	30	20	13
CCCTAATGAG__0.338160768316224__10	13	8	18	20	30	18	8	8
TCTTAATGAG__0.33804420465285__16	9	6	20	20	30	18	8	8
ATTTAATAAC__0.337888985639441__21	30	36	20	20	30	13	20	6
GTATAATCAA__0.337797123417491__15	6	13	13	20	30	7	8	9
GCTTAATAGG__0.337642243658126__12	25	6	20	20	30	13	18	8
TTATAATCAT__0.337428295620655__16	20	13	13	20	30	7	8	18
CGGTAATGAC__0.337361556702727__12	2	8	6	20	30	18	8	8
AAGTAATAAC__0.337204089455801__15	6	11	6	20	30	13	20	6
GGGTAATGAT__0.337053422845214__12	13	8	6	20	30	18	8	7
ACGTAATCAC__0.336996818172861__10	8	8	6	20	30	7	8	17
ACTTAATTCA__0.336717486624478__12	11	6	20	20	30	30	12	8
CCGTAATGAC__0.336452107325144__11	2	8	6	20	30	18	8	8
CCTTAATGAT__0.336315575132949__13	8	6	20	20	30	18	8	7
CTGTAATCAT__0.336018173561705__11	2	6	6	20	30	7	8	18
GACTAATAGC__0.336013544894328__10	8	11	18	20	30	13	18	25
AACTAATAGG__0.335929840235838__10	6	11	18	20	30	13	18	8
ATCTAATGAC__0.335660460543505__14	7	9	18	20	30	18	8	8
TGTTAATAGC__0.335657214624703__16	6	6	20	20	30	13	18	25
CGCTAATCAC__0.335485236428341__10	25	25	18	20	30	7	8	17
AGGTAATAGC__0.33513402793634__11	8	8	6	20	30	13	18	25
CTTTAATGAT__0.335009066440942__17	6	36	20	20	30	18	8	7
CTTTAATTAA__0.334936490227717__20	6	36	20	20	30	30	20	20
CACTAATCAT__0.334768504574443__10	17	11	18	20	30	7	8	18
TGATAATCGA__0.334744094961646__11	8	7	13	20	30	7	31	31
AAATAATAGT__0.334657481252802__10	36	30	13	20	30	13	18	11
TCTTAATTAG__0.334617403163935__15	9	6	20	20	30	30	20	18
ACATAATGGT__0.334604785903614__9	6	18	13	20	30	18	8	8
TTATAATTTA__0.334444054170294__16	20	13	13	20	30	30	36	20
CAGTAATAGC__0.334133662922249__11	2	11	6	20	30	13	18	25
AATTAATTTC__0.333918169972596__11	30	30	20	20	30	30	36	12
ATCTAATTTA__0.333879783982585__13	7	9	18	20	30	30	36	20
AGATAATTCA__0.333818097990709__9	9	7	13	20	30	30	12	8
ACTTAATCGG__0.333717970017255__9	11	6	20	20	30	7	31	2
CACTAATCAG__0.333406871301472__9	17	11	18	20	30	7	8	2
GTATAATAGG__0.333392875315353__11	6	13	13	20	30	13	18	8
GGGTAATTTT__0.333229524373129__9	13	8	6	20	30	30	36	36
TGCTAATTTT__0.333058107475009__11	13	25	18	20	30	30	36	36
GCCTAATGAC__0.33290330549446__11	45	8	18	20	30	18	8	8
AGTTAATGGC__0.332807496349683__11	11	6	20	20	30	18	8	45
TTATAATGGC__0.332591714827084__14	20	13	13	20	30	18	8	45
TGGTAATTTG__0.332588296370784__11	8	8	6	20	30	30	36	9
AGTTAATGAA__0.332514410080696__17	11	6	20	20	30	18	8	12
GATTAATTGG__0.33248631243302__10	7	30	20	20	30	30	9	8
GTTTAATGAG__0.332446403631339__16	6	36	20	20	30	18	8	8
TTGTAATTTG__0.332355925669122__14	9	6	6	20	30	30	36	9
GTTTAATCAC__0.332185346279138__16	6	36	20	20	30	7	8	17
GTCTAATTTG__0.332175385608819__11	8	9	18	20	30	30	36	9
GCATAATGAT__0.332136157834741__12	13	18	13	20	30	18	8	7
AGTTAATAAG__0.332068166621148__15	11	6	20	20	30	13	20	6
TGTTAATGAT__0.331858678919874__16	6	6	20	20	30	18	8	7
ACATAATAGA__0.331376217181557__13	6	18	13	20	30	13	18	9
TCATAATGAT__0.331315967149453__14	8	18	13	20	30	18	8	7
ACATAATTTA__0.331238072130034__11	6	18	13	20	30	30	36	20
TTATAATAGC__0.33119844862012__15	20	13	13	20	30	13	18	25
TTATAATTAA__0.331081075189532__18	20	13	13	20	30	30	20	20
AGTTAATCGG__0.331058312116649__9	11	6	20	20	30	7	31	2
TGCTAATGAG__0.330882614882985__12	13	25	18	20	30	18	8	8
TGCTAATAAG__0.330807374510458__15	13	25	18	20	30	13	20	6
ACGTAATGGA__0.33068633852632__10	8	8	6	20	30	18	8	5
AACTAATAAG__0.33060186057938__13	6	11	18	20	30	13	20	6
GCCTAATAAC__0.33024755482153__13	45	8	18	20	30	13	20	6
TTATAATTCG__0.330123257059796__12	20	13	13	20	30	30	12	31
TCCTAATGAG__0.329956223245287__11	5	8	18	20	30	18	8	8
CTCTAATGAC__0.329862818861256__12	8	9	18	20	30	18	8	8
GGCTAATGAC__0.329851178766371__11	45	25	18	20	30	18	8	8
TGTTAATAAC__0.329546720875206__18	6	6	20	20	30	13	20	6
AGGTAATCAC__0.328813795430471__9	8	8	6	20	30	7	8	17
ACATAATCAG__0.328702548843529__9	6	18	13	20	30	7	8	2
CGCTAATAGC__0.328548245088947__10	25	25	18	20	30	13	18	25
GTTTAATAGG__0.328431655849369__14	6	36	20	20	30	13	18	8
ATTTAATGGA__0.328333119509284__15	30	36	20	20	30	18	8	5
CTATAATCGT__0.328037608302403__9	18	13	13	20	30	7	31	8
AGTTAATCGA__0.327918431191262__11	11	6	20	20	30	7	31	31
CAATAATGGC__0.327865816095375__9	9	30	13	20	30	18	8	45
GGTTAATGAG__0.32767367283199__12	8	6	20	20	30	18	8	8
ATATAATCGA__0.32765048034766__11	13	13	13	20	30	7	31	31
CCTTAATGAG__0.327608576704848__11	8	6	20	20	30	18	8	8
TTTTAATGAT__0.327571802132248__21	36	36	20	20	30	18	8	7
GATTAATTGT__0.327516454811027__10	7	30	20	20	30	30	9	6
TGGTAATTTA__0.3274502623217__12	8	8	6	20	30	30	36	20
AAATAATGTG__0.327412980761111__9	36	30	13	20	30	18	6	17
GGTTAATAGC__0.327369251230868__12	8	6	20	20	30	13	18	25
GGTTAATGGG__0.327266489732762__9	8	6	20	20	30	18	8	13
CACTAATCGA__0.327246453936011__9	17	11	18	20	30	7	31	31
AAGTAATGAT__0.327110093105316__11	6	11	6	20	30	18	8	7
TGCTAATAGC__0.327106968567532__12	13	25	18	20	30	13	18	25
CCTTAATTAA__0.327065715116157__14	8	6	20	20	30	30	20	20
CATTAATTGA__0.326434295984421__14	18	30	20	20	30	30	9	8
TGATAATTTA__0.326271558033291__11	8	7	13	20	30	30	36	20
TGCTAATTCG__0.326262985729366__9	13	25	18	20	30	30	12	31
GGCTAATAGG__0.32609609931072__9	45	25	18	20	30	13	18	8
ATTTAATGTG__0.325995591149603__14	30	36	20	20	30	18	6	17
TAGTAATCAT__0.325962766356541__10	18	11	6	20	30	7	8	18
ACATAATGCG__0.325721224244254__9	6	18	13	20	30	18	13	25
ACTTAATCTG__0.325496814575154__9	11	6	20	20	30	7	9	2
AATTAATGGG__0.325417616463256__9	30	30	20	20	30	18	8	13
ATATAATGGA__0.325384975156283__11	13	13	13	20	30	18	8	5
TCATAATTTC__0.325308998003741__10	8	18	13	20	30	30	36	12
GCGTAATAGC__0.325231577673099__10	25	8	6	20	30	13	18	25
TTTTAATAAC__0.325204456556933__23	36	36	20	20	30	13	20	6
GGTTAATCAT__0.325066309127885__11	8	6	20	20	30	7	8	18
TTATAATGGG__0.324965151284554__11	20	13	13	20	30	18	8	13
ACTTAATGAA__0.324921526123037__15	11	6	20	20	30	18	8	12
TAGTAATGAT__0.324810559254214__12	18	11	6	20	30	18	8	7
ATTTAATCGG__0.324796602967037__12	30	36	20	20	30	7	31	2
CTATAATTCC__0.324654748817113__9	18	13	13	20	30	30	12	5
CACTAATAGG__0.32450891564738__9	17	11	18	20	30	13	18	8
ACATAATAAG__0.324277041011766__12	6	18	13	20	30	13	20	6
TACTAATAAC__0.324158812503856__14	6	11	18	20	30	13	20	6
TCATAATCAC__0.324133168183113__12	8	18	13	20	30	7	8	17
TTATAATCAC__0.324128475449444__14	20	13	13	20	30	7	8	17
AAGTAATTCA__0.32411171036686__9	6	11	6	20	30	30	12	8
GCCTAATGAG__0.32399769718154__9	45	8	18	20	30	18	8	8
TACTAATCAT__0.323900468164329__10	6	11	18	20	30	7	8	18
GTCTAATGAG__0.323298562047919__11	8	9	18	20	30	18	8	8
CCATAATAAC__0.323047389703196__12	8	18	13	20	30	13	20	6
AGTTAATGTG__0.323019988963745__10	11	6	20	20	30	18	6	17
GTGTAATGAT__0.322832865070134__12	17	6	6	20	30	18	8	7
CTATAATTTA__0.322657417016727__11	18	13	13	20	30	30	36	20
CGTTAATTTA__0.322430517265531__11	8	6	20	20	30	30	36	20
ATTTAATCAT__0.322427163709367__14	30	36	20	20	30	7	8	18
GCCTAATTTA__0.321761105831225__9	45	8	18	20	30	30	36	20
ATGTAATGAT__0.321720884069019__12	18	6	6	20	30	18	8	7
TGGTAATGAC__0.321639529719532__12	8	8	6	20	30	18	8	8
GCTTAATTTC__0.321540879094295__9	25	6	20	20	30	30	36	12
TACTAATGAT__0.321261386664526__11	6	11	18	20	30	18	8	7
CGGTAATAGC__0.321256595752086__9	2	8	6	20	30	13	18	25
TGTTAATCGT__0.321045016899437__11	6	6	20	20	30	7	31	8
TCGTAATGAC__0.320939999138132__11	31	8	6	20	30	18	8	8
ATCTAATCAT__0.320851620613019__10	7	9	18	20	30	7	8	18
CTATAATCAT__0.32077810084519__10	18	13	13	20	30	7	8	18
ACGTAATCAA__0.320734911223705__10	8	8	6	20	30	7	8	9
TCATAATAAC__0.320711135892218__14	8	18	13	20	30	13	20	6
CAGTAATGAT__0.320569879213017__10	2	11	6	20	30	18	8	7
TCGTAATGAG__0.32055051630367__10	31	8	6	20	30	18	8	8
ACATAATCAA__0.320543198572075__11	6	18	13	20	30	7	8	9
GCATAATAAC__0.320290868221778__12	13	18	13	20	30	13	20	6
GTCTAATTTA__0.320234667253715__11	8	9	18	20	30	30	36	20
TGCTAATAGG__0.320129254959621__10	13	25	18	20	30	13	18	8
TATTAATTGA__0.319957396638982__15	13	30	20	20	30	30	9	8
AGTTAATTCC__0.319776257960195__9	11	6	20	20	30	30	12	5
GGTTAATTTC__0.319447818081202__9	8	6	20	20	30	30	36	12
GTATAATCAG__0.319321017813337__9	6	13	13	20	30	7	8	2
CGGTAATTTA__0.319259802958902__9	2	8	6	20	30	30	36	20
TAGTAATTTT__0.31916750379826__9	18	11	6	20	30	30	36	36
ATTTAATTTC__0.318270530271829__12	30	36	20	20	30	30	36	12
ATCTAATGAT__0.318180702564987__11	7	9	18	20	30	18	8	7
GCTTAATAAC__0.318167789224001__13	25	6	20	20	30	13	20	6
ATTTAATGCA__0.317991036201916__15	30	36	20	20	30	18	13	13
AGTTAATATG__0.31793643262773__11	11	6	20	20	30	13	13	18
CGTTAATAAG__0.317916045925686__12	8	6	20	20	30	13	20	6
CTATAATGGC__0.317677749344964__9	18	13	13	20	30	18	8	45
ATATAATCAG__0.317529552062397__9	13	13	13	20	30	7	8	2
CTATAATAGC__0.317506251103781__10	18	13	13	20	30	13	18	25
GTCTAATTTT__0.317432942428624__9	8	9	18	20	30	30	36	36
CTGTAATGAG__0.317243661904303__10	2	6	6	20	30	18	8	8
TGTTAATCGC__0.317171437142643__11	6	6	20	20	30	7	31	25
CTCTAATCAC__0.317085745213359__9	8	9	18	20	30	7	8	17
CTTTAATAGC__0.316840797084606__13	6	36	20	20	30	13	18	25
CTTTAATTTG__0.31660041358552__12	6	36	20	20	30	30	36	9
GGTTAATTTA__0.316502408583833__11	8	6	20	20	30	30	36	20
TATTAATTGT__0.316432412034241__12	13	30	20	20	30	30	9	6
TTATAATAAC__0.316349374325414__15	20	13	13	20	30	13	20	6
ACGTAATAAG__0.31617385729142__11	8	8	6	20	30	13	20	6
GCATAATAGC__0.316072150532856__9	13	18	13	20	30	13	18	25
CCTTAATCAT__0.316050658025597__9	8	6	20	20	30	7	8	18
GCATAATAAG__0.315999216037592__11	13	18	13	20	30	13	20	6
TAGTAATGAC__0.315574510943993__11	18	11	6	20	30	18	8	8
TTATAATCGC__0.315329770590641__11	20	13	13	20	30	7	31	25
ACTTAATAGT__0.314987575888509__9	11	6	20	20	30	13	18	11
CTTTAATTTC__0.314886750084523__11	6	36	20	20	30	30	36	12
TGTTAATTTA__0.314715996999578__13	6	6	20	20	30	30	36	20
AACTAATAAC__0.31466020560795__11	6	11	18	20	30	13	20	6
TCTTAATCAC__0.314484648315007__12	9	6	20	20	30	7	8	17
CTCTAATGAG__0.314062827720562__9	8	9	18	20	30	18	8	8
AAATAATGAA__0.31325951816054__12	36	30	13	20	30	18	8	12
TGTTAATAGG__0.312920050071015__11	6	6	20	20	30	13	18	8
TTTTAATTAA__0.312910083043655__20	36	36	20	20	30	30	20	20
CTTTAATTTA__0.312898080948874__13	6	36	20	20	30	30	36	20
AATTAATAAA__0.312866362523034__17	30	30	20	20	30	13	20	36
TGATAATAGA__0.31267847028565__11	8	7	13	20	30	13	18	9
GTCTAATCAT__0.31251123728628__9	8	9	18	20	30	7	8	18
AGATAATCAA__0.312383686079377__9	9	7	13	20	30	7	8	9
TGCTAATTCA__0.312240220334843__9	13	25	18	20	30	30	12	8
ACTTAATGGA__0.312202433424785__9	11	6	20	20	30	18	8	5
CCATAATGAT__0.312060709084484__9	8	18	13	20	30	18	8	7
GTTTAATAAC__0.311515283019887__15	6	36	20	20	30	13	20	6
AATTAATGTT__0.311471404374226__9	30	30	20	20	30	18	6	6
CTCTAATTTA__0.31140307986246__9	8	9	18	20	30	30	36	20
AATTAATACT__0.311265567753117__10	30	30	20	20	30	13	6	11
AGTTAATTCA__0.310822603092749__9	11	6	20	20	30	30	12	8
CTTTAATAAG__0.310689683760259__14	6	36	20	20	30	13	20	6
TCTTAATTTC__0.310658920284709__10	9	6	20	20	30	30	36	12
ATTTAATTCA__0.310570066915356__12	30	36	20	20	30	30	12	8
AGTTAATGGA__0.309677677674936__9	11	6	20	20	30	18	8	5
TGGTAATGAT__0.309611247357456__10	8	8	6	20	30	18	8	7
TCCTAATGAT__0.308813853539845__9	5	8	18	20	30	18	8	7
GTTTAATAGC__0.308696111226251__12	6	36	20	20	30	13	18	25
AGGTAATAAG__0.308352258481491__10	8	8	6	20	30	13	20	6
TCATAATTTA__0.307964203269269__10	8	18	13	20	30	30	36	20
AAGTAATAGA__0.307854053827637__10	6	11	6	20	30	13	18	9
GTGTAATCAA__0.307834771057088__10	17	6	6	20	30	7	8	9
CTTTAATAAC__0.307750549064379__14	6	36	20	20	30	13	20	6
GTATAATAAC__0.307519679501814__11	6	13	13	20	30	13	20	6
TTATAATAAA__0.30703991852164__17	20	13	13	20	30	13	20	36
TTTTAATTCG__0.306832035802729__14	36	36	20	20	30	30	12	31
TCCTAATGAC__0.306758743988115__9	5	8	18	20	30	18	8	8
GCTTAATAGC__0.306704233580996__9	25	6	20	20	30	13	18	25
ATTTAATAGT__0.306579269993754__11	30	36	20	20	30	13	18	11
GAATAATAAC__0.306570310625687__9	12	30	13	20	30	13	20	6
TGTTAATCAC__0.306276766445408__11	6	6	20	20	30	7	8	17
GTGTAATGAC__0.306106591282885__10	17	6	6	20	30	18	8	8
CAGTAATAAC__0.306057212698093__10	2	11	6	20	30	13	20	6
GTTTAATGGG__0.305924668070619__9	6	36	20	20	30	18	8	13
CCGTAATAAC__0.305328524099237__9	2	8	6	20	30	13	20	6
GTTTAATTTA__0.304835859880561__12	6	36	20	20	30	30	36	20
CTTTAATGGC__0.304686224050468__10	6	36	20	20	30	18	8	45
TTATAATGCA__0.304680758677076__12	20	13	13	20	30	18	13	13
ATATAATCAA__0.303939676858916__10	13	13	13	20	30	7	8	9
TGTTAATAGT__0.303927313468178__10	6	6	20	20	30	13	18	11
TTATAATGAA__0.303571890237437__14	20	13	13	20	30	18	8	12
GTTTAATAAG__0.303471359896503__13	6	36	20	20	30	13	20	6
GCTTAATGAT__0.302315250860467__9	25	6	20	20	30	18	8	7
CTGTAATGAC__0.302078611400208__9	2	6	6	20	30	18	8	8
TTTTAATCGT__0.301948949217923__13	36	36	20	20	30	7	31	8
AATTAATGAA__0.301803962705444__12	30	30	20	20	30	18	8	12
AATTAATAAC__0.301585774111701__11	30	30	20	20	30	13	20	6
CACTAATGAA__0.301488750375473__10	17	11	18	20	30	18	8	12
TGTTAATTTC__0.30129636861954__9	6	6	20	20	30	30	36	12
TGTTAATCAT__0.301199280102725__10	6	6	20	20	30	7	8	18
GTTTAATCGT__0.30115956730687__9	6	36	20	20	30	7	31	8
AATTAATCAA__0.300429935358092__10	30	30	20	20	30	7	8	9
CTGTAATAAC__0.299604080848039__10	2	6	6	20	30	13	20	6
GTTTAATTAA__0.299237095422246__13	6	36	20	20	30	30	20	20
AAGTAATAAG__0.299040156538155__9	6	11	6	20	30	13	20	6
TTTTAATGGC__0.298531377879577__13	36	36	20	20	30	18	8	45
ATTTAATCAA__0.298001536711369__12	30	36	20	20	30	7	8	9
TCATAATAAG__0.297553010581615__10	8	18	13	20	30	13	20	6
TTGTAATGAC__0.297491934586648__11	9	6	6	20	30	18	8	8
GCATAATGAA__0.297099124603571__10	13	18	13	20	30	18	8	12
TTTTAATCGG__0.29699427819019__12	36	36	20	20	30	7	31	2
GCGTAATAAC__0.296781526374938__9	25	8	6	20	30	13	20	6
ATTTAATGTC__0.296651033106415__9	30	36	20	20	30	18	6	8
AATTAATGAC__0.296565671509376__9	30	30	20	20	30	18	8	8
ATTTAATCGA__0.296330054861623__10	30	36	20	20	30	7	31	31
TTGTAATCAT__0.296323268308556__9	9	6	6	20	30	7	8	18
ATGTAATAAC__0.295669069102702__10	18	6	6	20	30	13	20	6
CTTTAATTTT__0.295500924520004__9	6	36	20	20	30	30	36	36
ACTTAATAGA__0.294955178972839__9	11	6	20	20	30	13	18	9
TTCTAATGAC__0.294852717220654__10	12	9	18	20	30	18	8	8
ATATAATAGA__0.294220666078007__9	13	13	13	20	30	13	18	9
TGCTAATGAA__0.293016339098736__10	13	25	18	20	30	18	8	12
TTTTAATCGC__0.292930937399699__12	36	36	20	20	30	7	31	25
ATTTAATTTT__0.292487652331858__9	30	36	20	20	30	30	36	36
GTATAATGAA__0.291795005887328__10	6	13	13	20	30	18	8	12
ACATAATGAA__0.290502451145895__9	6	18	13	20	30	18	8	12
TAGTAATAAC__0.289971843232432__9	18	11	6	20	30	13	20	6
ATTTAATAGA__0.289955111913033__11	30	36	20	20	30	13	18	9
TCATAATAGA__0.28978235985216__9	8	18	13	20	30	13	18	9
GTGTAATAAC__0.288859685606945__9	17	6	6	20	30	13	20	6
TTATAATCAA__0.288428126402726__10	20	13	13	20	30	7	8	9
GGTTAATAAC__0.288246551817449__9	8	6	20	20	30	13	20	6
ATCTAATAAC__0.287451158496792__9	7	9	18	20	30	13	20	6
CGTTAATGAA__0.287118977585802__9	8	6	20	20	30	18	8	12
TTTTAATAGG__0.28708008581442__11	36	36	20	20	30	13	18	8
TTCTAATTAA__0.286372962138784__10	12	9	18	20	30	30	20	20
TCTTAATGAC__0.286319094342978__9	9	6	20	20	30	18	8	8
TGATAATGAA__0.285576028115405__9	8	7	13	20	30	18	8	12
ATTTAATGAA__0.28225958574815__11	30	36	20	20	30	18	8	12
AAGTAATAAA__0.280436383359435__10	6	11	6	20	30	13	20	36
AAATAATAAA__0.277720226016435__9	36	30	13	20	30	13	20	36
ACGTAATAAA__0.274510685197442__9	8	8	6	20	30	13	20	36
TTTTAATCAT__0.267407698099521__9	36	36	20	20	30	7	8	18
TTTTAATAAG__0.25998900650598__9	36	36	20	20	30	13	20	6
