CACTAATTGC__1__246	17	11	18	20	30	30	9	13
CACTAAACGG__0.971350770609144__205	17	11	18	20	36	6	8	2
CACTAATTGG__0.943386809321505__128	17	11	18	20	30	30	9	8
CGCTAAACGG__0.942307606926509__239	25	25	18	20	36	6	8	2
CGCTAATTGG__0.941774422543961__159	25	25	18	20	30	30	9	8
CCCTAATTGC__0.932332453315384__158	13	8	18	20	30	30	9	13
TGCTAATTGG__0.915418042985299__181	13	25	18	20	30	30	9	8
CGCTAATTGC__0.912149177911695__204	25	25	18	20	30	30	9	13
CCCTAATTGG__0.897712850786415__88	13	8	18	20	30	30	9	8
CCCTAAACGG__0.880096686250644__132	13	8	18	20	36	6	8	2
CGTTAAACGG__0.876354638190667__210	8	6	20	20	36	6	8	2
TGCTAATTGC__0.873694119027489__203	13	25	18	20	30	30	9	13
CCTTAAACGG__0.862288941892732__135	8	6	20	20	36	6	8	2
CACTAAACGT__0.861280310654607__147	17	11	18	20	36	6	8	8
CACTAATTGA__0.860589406366699__117	17	11	18	20	30	30	9	8
TACTAATTGG__0.855170517701742__97	6	11	18	20	30	30	9	8
CACTAATTGT__0.851459053331507__92	17	11	18	20	30	30	9	6
TGCTAAACGG__0.83828232390438__189	13	25	18	20	36	6	8	2
TACTAAACGG__0.833063198704592__123	6	11	18	20	36	6	8	2
CGTTAATTGG__0.832660600751892__135	8	6	20	20	30	30	9	8
CACTAAACGA__0.832630323091102__161	17	11	18	20	36	6	8	31
TACTAATTGC__0.82452068286047__123	6	11	18	20	30	30	9	13
CGCTAATTGA__0.824009471787463__119	25	25	18	20	30	30	9	8
CGCTAAATGG__0.823718404456133__116	25	25	18	20	36	30	18	8
CGCTAAACGT__0.821073044178824__156	25	25	18	20	36	6	8	8
GCCTAATTGC__0.82051103741548__119	45	8	18	20	30	30	9	13
AGCTAATTGG__0.817710139685516__104	25	25	18	20	30	30	9	8
TGTTAATTGG__0.814337662795367__172	6	6	20	20	30	30	9	8
CGCTAATTGT__0.813732762840044__94	25	25	18	20	30	30	9	6
TCCTAATTGG__0.811469896718744__72	5	8	18	20	30	30	9	8
CGTTAATTGC__0.809603174861761__155	8	6	20	20	30	30	9	13
GCCTAATTGG__0.807476950247311__79	45	8	18	20	30	30	9	8
GACTAATTGG__0.806326337314948__82	8	11	18	20	30	30	9	8
CACTAAATGG__0.804692500113345__82	17	11	18	20	36	30	18	8
CGCTAAACGA__0.804275531618367__176	25	25	18	20	36	6	8	31
GGCTAATTGG__0.803640103501988__136	45	25	18	20	30	30	9	8
CACTAAACGC__0.803335344438494__173	17	11	18	20	36	6	8	25
GCTTAAACGG__0.803324051191642__147	25	6	20	20	36	6	8	2
GCCTAAACGG__0.802988333440429__121	45	8	18	20	36	6	8	2
TGCTAATTGT__0.801732316551948__109	13	25	18	20	30	30	9	6
ACTTAAACGG__0.798940890682098__104	11	6	20	20	36	6	8	2
CCTTAATTGC__0.798373912885085__113	8	6	20	20	30	30	9	13
CACTAATGGG__0.796514288977749__58	17	11	18	20	30	18	8	13
ACTTAATTGC__0.7940524262832__115	11	6	20	20	30	30	9	13
CGATAAACGG__0.793507768956934__107	31	7	13	20	36	6	8	2
TGTTAAACGG__0.787961486540103__182	6	6	20	20	36	6	8	2
CGCTAATGGG__0.786148215898603__69	25	25	18	20	30	18	8	13
TCCTAATTGC__0.78437539365563__93	5	8	18	20	30	30	9	13
AGTTAATTGG__0.784045505982302__108	11	6	20	20	30	30	9	8
TGCTAAATGG__0.782015280432922__116	13	25	18	20	36	30	18	8
TACTAATTGT__0.78155732191942__72	6	11	18	20	30	30	9	6
CCCTAAACGT__0.781431924238825__96	13	8	18	20	36	6	8	8
TCCTAAACGG__0.779851586542761__98	5	8	18	20	36	6	8	2
GACTAAACGG__0.779454985189235__100	8	11	18	20	36	6	8	2
ACCTAATTGG__0.779068687434537__53	8	8	18	20	30	30	9	8
AGCTAAACGG__0.771628212747259__123	25	25	18	20	36	6	8	2
AACTAAACGG__0.770187378653591__86	6	11	18	20	36	6	8	2
AACTAATTGC__0.770140897195012__91	6	11	18	20	30	30	9	13
ACCTAATTGC__0.7691318800496__76	8	8	18	20	30	30	9	13
ACTTAATTGG__0.76699896352984__71	11	6	20	20	30	30	9	8
CCCTAATTGT__0.766487987826608__51	13	8	18	20	30	30	9	6
TACTAATTGA__0.765684718430241__80	6	11	18	20	30	30	9	8
CCTTAATTGG__0.76325666872565__66	8	6	20	20	30	30	9	8
AGTTAATTGC__0.761060751030398__122	11	6	20	20	30	30	9	13
GACTAATTGC__0.76094866551589__93	8	11	18	20	30	30	9	13
TCCTAATTGT__0.759425274777586__59	5	8	18	20	30	30	9	6
CCCTAATTGA__0.759047183237157__60	13	8	18	20	30	30	9	8
AGTTAAACGG__0.75827819515221__119	11	6	20	20	36	6	8	2
CGCTAAACGC__0.757649864644411__166	25	25	18	20	36	6	8	25
GGCTAATTGC__0.75759647446223__137	45	25	18	20	30	30	9	13
CCCTAAACGC__0.756912638952293__134	13	8	18	20	36	6	8	25
CCCTAAACGA__0.755466832432079__106	13	8	18	20	36	6	8	31
CGATAATTGG__0.75238544084817__62	31	7	13	20	30	30	9	8
CTCTAATTGG__0.751998143512777__59	8	9	18	20	30	30	9	8
ACCTAAACGG__0.751944607285745__74	8	8	18	20	36	6	8	2
GCTTAATTGG__0.749293463362309__95	25	6	20	20	30	30	9	8
GGTTAATTGG__0.748124495791343__140	8	6	20	20	30	30	9	8
ACATAAACGG__0.747420172012998__77	6	18	13	20	36	6	8	2
TGATAATTGG__0.747062354870736__78	8	7	13	20	30	30	9	8
GACTAATTGT__0.74262305750627__62	8	11	18	20	30	30	9	6
AGCTAATTGC__0.74075762323465__98	25	25	18	20	30	30	9	13
AGATAAACGG__0.735679543250053__90	9	7	13	20	36	6	8	2
TCTTAAACGG__0.734794110067569__85	9	6	20	20	36	6	8	2
CTCTAATTGC__0.733828470060925__80	8	9	18	20	30	30	9	13
GGTTAAACGG__0.732876000551524__154	8	6	20	20	36	6	8	2
CGTTAATTGT__0.732806457231374__81	8	6	20	20	30	30	9	6
GCTTAATTGC__0.732261697192731__111	25	6	20	20	30	30	9	13
TGCTAAACGT__0.732140636268412__121	13	25	18	20	36	6	8	8
TCATAAACGG__0.731661605068517__83	8	18	13	20	36	6	8	2
AACTAATTGG__0.730266108578734__49	6	11	18	20	30	30	9	8
GCCTAATTGT__0.729527367482088__55	45	8	18	20	30	30	9	6
TGCTAATTGA__0.729421088296306__88	13	25	18	20	30	30	9	8
CGTTAAACGT__0.728695324479868__111	8	6	20	20	36	6	8	8
CGTTAATTGA__0.726782133334905__91	8	6	20	20	30	30	9	8
CGATAATTGC__0.725469946685986__76	31	7	13	20	30	30	9	13
TGATAAACGG__0.723806820573702__92	8	7	13	20	36	6	8	2
CACTAATCGT__0.722532377934029__49	17	11	18	20	30	7	31	8
CACTAAATGC__0.722363393241647__89	17	11	18	20	36	30	18	13
ACTTAAACGT__0.721364880353188__79	11	6	20	20	36	6	8	8
AGTTAATTGT__0.718848185463824__76	11	6	20	20	30	30	9	6
CACTAAATGA__0.718193608453768__68	17	11	18	20	36	30	18	8
CCATAAACGG__0.714297283565018__59	8	18	13	20	36	6	8	2
CCTTAAACGT__0.714192725138461__73	8	6	20	20	36	6	8	8
TACTAAACGT__0.71416518078517__76	6	11	18	20	36	6	8	8
GGCTAAACGG__0.712667003331298__124	45	25	18	20	36	6	8	2
AGTTAAATGG__0.712330425459327__90	11	6	20	20	36	30	18	8
CGGTAATTGG__0.711713769356666__79	2	8	6	20	30	30	9	8
CGATAAACGT__0.711425900504183__79	31	7	13	20	36	6	8	8
CGGTAAACGG__0.710754191264915__89	2	8	6	20	36	6	8	2
TGCTAATGGG__0.710701060688974__59	13	25	18	20	30	18	8	13
CCTTAATTGT__0.710209763813321__52	8	6	20	20	30	30	9	6
TGTTAATTGC__0.708765257469622__118	6	6	20	20	30	30	9	13
AGTTAAACGT__0.708681530274021__100	11	6	20	20	36	6	8	8
CGTTAATGGG__0.708600021449498__62	8	6	20	20	30	18	8	13
CCATAATTGG__0.707319706565235__42	8	18	13	20	30	30	9	8
CCCTAAATGG__0.706828565942615__47	13	8	18	20	36	30	18	8
TCTTAATTGG__0.705418840088326__60	9	6	20	20	30	30	9	8
CGATAATTGT__0.704892824343988__50	31	7	13	20	30	30	9	6
ACTTAAACGA__0.704764706514979__89	11	6	20	20	36	6	8	31
TGCTAAACGA__0.703745933718377__123	13	25	18	20	36	6	8	31
CTCTAAACGG__0.701972230071291__62	8	9	18	20	36	6	8	2
ACATAATTGC__0.701378731587558__64	6	18	13	20	30	30	9	13
CCTTAATTGA__0.700705323025622__59	8	6	20	20	30	30	9	8
CACTAATCGC__0.699623908109078__68	17	11	18	20	30	7	31	25
AGCTAATTGA__0.697113936355723__68	25	25	18	20	30	30	9	8
GTCTAATTGG__0.696719803937643__65	8	9	18	20	30	30	9	8
ACTTAATTGA__0.696183407030286__60	11	6	20	20	30	30	9	8
TGTTAATTGT__0.696121804872288__89	6	6	20	20	30	30	9	6
AACTAAACGT__0.695512778930978__66	6	11	18	20	36	6	8	8
CACTAATAGC__0.694471261639941__62	17	11	18	20	30	13	18	25
GGATAAACGG__0.693171238128272__99	5	7	13	20	36	6	8	2
TCCTAATGGG__0.691972992491042__34	5	8	18	20	30	18	8	13
CACTAATAGG__0.690577358665259__39	17	11	18	20	30	13	18	8
AACTAATTGT__0.689933150444916__42	6	11	18	20	30	30	9	6
TTCTAATTGG__0.689511485298056__53	12	9	18	20	30	30	9	8
TACTAAACGC__0.6888523814173__99	6	11	18	20	36	6	8	25
CGCTAATAGC__0.688827063317305__72	25	25	18	20	30	13	18	25
GGATAATTGG__0.687978867431821__75	5	7	13	20	30	30	9	8
TACTAATGGG__0.686541916431919__36	6	11	18	20	30	18	8	13
GGCTAATTGT__0.686026621847465__72	45	25	18	20	30	30	9	6
CCGTAAACGG__0.685937445972273__55	2	8	6	20	36	6	8	2
ACCTAAACGA__0.68456220638721__74	8	8	18	20	36	6	8	31
TCCTAATTGA__0.684215263400097__47	5	8	18	20	30	30	9	8
CAATAAACGG__0.682979610085066__50	9	30	13	20	36	6	8	2
GCATAAACGG__0.682701216670078__71	13	18	13	20	36	6	8	2
TCATAATTGG__0.682273887866697__50	8	18	13	20	30	30	9	8
AGATAATTGG__0.682146301123592__49	9	7	13	20	30	30	9	8
AGTTAATGGG__0.681380437552096__54	11	6	20	20	30	18	8	13
CGGTAATTGC__0.681038921137225__84	2	8	6	20	30	30	9	13
GACTAAACGT__0.680989838045231__66	8	11	18	20	36	6	8	8
ACTTAATTGT__0.680771128097835__46	11	6	20	20	30	30	9	6
ACATAATTGG__0.680073402336759__40	6	18	13	20	30	30	9	8
GACTAAATGG__0.679412598950667__48	8	11	18	20	36	30	18	8
TACTAAACGA__0.679317323627039__77	6	11	18	20	36	6	8	31
CCTTAAACGA__0.678725101337323__74	8	6	20	20	36	6	8	31
TGGTAATTGG__0.676594313142088__90	8	8	6	20	30	30	9	8
GCCTAAACGT__0.676510116529643__69	45	8	18	20	36	6	8	8
AGTTAATTGA__0.676430639354617__69	11	6	20	20	30	30	9	8
AACTAATTGA__0.676037245617501__47	6	11	18	20	30	30	9	8
CCATAATTGC__0.675766598910827__51	8	18	13	20	30	30	9	13
CGTTAAATGG__0.675499597184488__72	8	6	20	20	36	30	18	8
GCATAATTGG__0.674687333394728__55	13	18	13	20	30	30	9	8
GCCTAAATGG__0.674315866581433__50	45	8	18	20	36	30	18	8
CACTAATCGG__0.674084704213295__37	17	11	18	20	30	7	31	2
TACTAAATGG__0.673207470426749__44	6	11	18	20	36	30	18	8
TGTTAATTGA__0.672217234528719__88	6	6	20	20	30	30	9	8
GGCTAAATGG__0.672096626198811__78	45	25	18	20	36	30	18	8
CCGTAATTGC__0.671017195475734__52	2	8	6	20	30	30	9	13
CGTTAAACGA__0.670103265334358__95	8	6	20	20	36	6	8	31
CGCTAAATGC__0.669512485557334__81	25	25	18	20	36	30	18	13
CACTAATCGA__0.668966400397081__44	17	11	18	20	30	7	31	31
CCTTAAACGC__0.668071590583784__85	8	6	20	20	36	6	8	25
GGTTAAATGG__0.667788854280677__103	8	6	20	20	36	30	18	8
CTATAAACGG__0.665360861862751__50	18	13	13	20	36	6	8	2
CCGTAATTGG__0.665000675285549__36	2	8	6	20	30	30	9	8
GCTTAAACGT__0.66495908086232__76	25	6	20	20	36	6	8	8
GCTTAAATGG__0.664905273862461__67	25	6	20	20	36	30	18	8
TGCTAAACGC__0.664807017421512__112	13	25	18	20	36	6	8	25
GCATAATTGC__0.664787904526999__67	13	18	13	20	30	30	9	13
CGATAAATGG__0.66471398785786__49	31	7	13	20	36	30	18	8
TGTTAATGGG__0.663806292556034__67	6	6	20	20	30	18	8	13
TCCTAAACGT__0.663088138557014__59	5	8	18	20	36	6	8	8
GCTTAATTGT__0.662522104083118__58	25	6	20	20	30	30	9	6
GGCTAATTGA__0.661213704932344__72	45	25	18	20	30	30	9	8
ACATAAACGT__0.660377205356871__54	6	18	13	20	36	6	8	8
GCCTAATTGA__0.660124289594302__44	45	8	18	20	30	30	9	8
TCCTAAACGA__0.659698355959317__72	5	8	18	20	36	6	8	31
CTCTAATTGA__0.657898367489341__45	8	9	18	20	30	30	9	8
AGATAATTGC__0.656784859555585__57	9	7	13	20	30	30	9	13
CGATAATTGA__0.65672200381368__45	31	7	13	20	30	30	9	8
CCTTAAATGG__0.656109083881244__44	8	6	20	20	36	30	18	8
CGCTAATCGG__0.654957938524826__41	25	25	18	20	30	7	31	2
TTATAAACGG__0.654787044649639__57	20	13	13	20	36	6	8	2
TCGTAAACGG__0.653578965872192__56	31	8	6	20	36	6	8	2
AGGTAATTGG__0.653199170857798__63	8	8	6	20	30	30	9	8
TCTTAATTGC__0.653169791575557__59	9	6	20	20	30	30	9	13
TGGTAAACGG__0.652471484687501__85	8	8	6	20	36	6	8	2
TGTTAAATGG__0.652402760112646__83	6	6	20	20	36	30	18	8
CGCTAATAGG__0.652055741038535__39	25	25	18	20	30	13	18	8
GGCTAATGGG__0.651958617953776__53	45	25	18	20	30	18	8	13
ACCTAATTGT__0.65173692876976__28	8	8	18	20	30	30	9	6
GGTTAATTGT__0.65044301596959__77	8	6	20	20	30	30	9	6
TCCTAAATGG__0.650350488826563__40	5	8	18	20	36	30	18	8
GGATAATTGC__0.650127019793621__73	5	7	13	20	30	30	9	13
GCCTAAACGA__0.64992273213137__72	45	8	18	20	36	6	8	31
CGCTAATCGT__0.64984354183659__40	25	25	18	20	30	7	31	8
CCCTAATAGC__0.648283096101001__40	13	8	18	20	30	13	18	25
GACTAATTGA__0.647860275862511__43	8	11	18	20	30	30	9	8
TGATAATTGC__0.647158941723355__58	8	7	13	20	30	30	9	13
CCATAAACGA__0.646725532865271__58	8	18	13	20	36	6	8	31
GGTTAATTGC__0.646693821602063__92	8	6	20	20	30	30	9	13
ACTTAATGGG__0.646251135165414__31	11	6	20	20	30	18	8	13
CCCTAATGGG__0.645809369349158__21	13	8	18	20	30	18	8	13
TACTAATCGT__0.645703040894633__35	6	11	18	20	30	7	31	8
CTCTAAACGT__0.645281421015964__51	8	9	18	20	36	6	8	8
TCGTAATTGG__0.645004088981287__43	31	8	6	20	30	30	9	8
TCTTAATTGA__0.644384244592692__50	9	6	20	20	30	30	9	8
CCCTAATCGT__0.644304542762143__26	13	8	18	20	30	7	31	8
CCATAAACGT__0.642730757772045__45	8	18	13	20	36	6	8	8
GCGTAAACGG__0.642359109385401__70	25	8	6	20	36	6	8	2
TCATAATTGC__0.64214977582331__52	8	18	13	20	30	30	9	13
ACATAAACGA__0.641916115616419__60	6	18	13	20	36	6	8	31
TGTTAAACGT__0.641840228799072__86	6	6	20	20	36	6	8	8
AGCTAATTGT__0.641595212851965__41	25	25	18	20	30	30	9	6
AACTAAATGG__0.641554407876751__35	6	11	18	20	36	30	18	8
ACTTAAATGG__0.641400747069585__42	11	6	20	20	36	30	18	8
CTCTAAACGA__0.641344618273656__62	8	9	18	20	36	6	8	31
TGCTAATCGT__0.640712994876927__48	13	25	18	20	30	7	31	8
CCATAATTGA__0.640261532760004__36	8	18	13	20	30	30	9	8
TTCTAAACGG__0.639963123266692__53	12	9	18	20	36	6	8	2
GCGTAATTGG__0.639677218755006__58	25	8	6	20	30	30	9	8
ACGTAAACGG__0.639454769118699__49	8	8	6	20	36	6	8	2
TCTTAATTGT__0.638399358758346__41	9	6	20	20	30	30	9	6
TGATAAACGT__0.636055527820555__61	8	7	13	20	36	6	8	8
TCGTAATTGC__0.636041626249488__52	31	8	6	20	30	30	9	13
GCTTAATTGA__0.635590983386137__57	25	6	20	20	30	30	9	8
CACTAAATGT__0.635194505864168__35	17	11	18	20	36	30	18	6
CTCTAAATGG__0.634818970824883__35	8	9	18	20	36	30	18	8
CACTAAACTG__0.634463023845288__49	17	11	18	20	36	6	11	2
TGATAATTGT__0.634109029027633__41	8	7	13	20	30	30	9	6
GAGTAATTGG__0.632948808336933__47	8	11	6	20	30	30	9	8
ACCTAAACGC__0.632711915583774__67	8	8	18	20	36	6	8	25
ACATAATTGA__0.631028662624817__37	6	18	13	20	30	30	9	8
TTCTAATTGC__0.630970974135866__51	12	9	18	20	30	30	9	13
CGCTAATGGC__0.630848893665842__40	25	25	18	20	30	18	8	45
CGTTAATAGG__0.630678123610446__46	8	6	20	20	30	13	18	8
ACGTAATTGG__0.629055796757483__36	8	8	6	20	30	30	9	8
CGTTAAACGC__0.62893660285813__85	8	6	20	20	36	6	8	25
AACTAAACGA__0.62874002611468__55	6	11	18	20	36	6	8	31
ACGTAATTGC__0.627523850304911__47	8	8	6	20	30	30	9	13
GCGTAATTGC__0.627301250183968__66	25	8	6	20	30	30	9	13
AGCTAAATGG__0.627152167737559__44	25	25	18	20	36	30	18	8
AACTAAACGC__0.627080877747084__67	6	11	18	20	36	6	8	25
CGCTAAATGA__0.626782758675706__50	25	25	18	20	36	30	18	8
TGGTAATTGC__0.626147202804821__79	8	8	6	20	30	30	9	13
TCTTAAACGT__0.625499330991984__50	9	6	20	20	36	6	8	8
ACCTAAACGT__0.625042238227414__41	8	8	18	20	36	6	8	8
CAGTAATTGG__0.624137949083291__36	2	11	6	20	30	30	9	8
GTATAATTGG__0.622151869993956__57	6	13	13	20	30	30	9	8
GACTAATGGG__0.622133895461895__26	8	11	18	20	30	18	8	13
CCTTAATGGG__0.620924059875671__25	8	6	20	20	30	18	8	13
ACCTAATTGA__0.620668345903568__28	8	8	18	20	30	30	9	8
CGGTAAATGG__0.620567839787452__49	2	8	6	20	36	30	18	8
CTATAATTGG__0.619979584453176__34	18	13	13	20	30	30	9	8
ATATAAACGG__0.619764131311095__43	13	13	13	20	36	6	8	2
CTATAATTGC__0.619427352162027__47	18	13	13	20	30	30	9	13
ATCTAAACGG__0.619200431029702__43	7	9	18	20	36	6	8	2
CTCTAATTGT__0.618557866971994__29	8	9	18	20	30	30	9	6
ACTTAAACGC__0.618231936063075__64	11	6	20	20	36	6	8	25
TGCTAATCGG__0.617858223061502__41	13	25	18	20	30	7	31	2
CAGTAAACGG__0.617374515987442__46	2	11	6	20	36	6	8	2
AGATAAACGT__0.617037574551582__50	9	7	13	20	36	6	8	8
AGCTAAACGT__0.616863892486145__56	25	25	18	20	36	6	8	8
TACTAATAGG__0.616826494762462__28	6	11	18	20	30	13	18	8
GTCTAATTGC__0.616496303617552__52	8	9	18	20	30	30	9	13
CTGTAATTGC__0.616398770489682__46	2	6	6	20	30	30	9	13
TACTAAATGA__0.616244057766049__40	6	11	18	20	36	30	18	8
TTATAATTGG__0.6159759514635__42	20	13	13	20	30	30	9	8
TGATAATGGG__0.615364080665578__31	8	7	13	20	30	18	8	13
AGATAATGGG__0.615081067125968__28	9	7	13	20	30	18	8	13
CCCTAAATGC__0.612628986782716__45	13	8	18	20	36	30	18	13
GCCTAAACGC__0.612539109632561__68	45	8	18	20	36	6	8	25
ATGTAATTGG__0.612163814130393__41	18	6	6	20	30	30	9	8
AGTTAAACGC__0.612116063773699__76	11	6	20	20	36	6	8	25
GCTTAATGGG__0.61186610443978__37	25	6	20	20	30	18	8	13
CACTAATGGC__0.610909391968511__29	17	11	18	20	30	18	8	45
CGATAAACGA__0.610611334624441__53	31	7	13	20	36	6	8	31
AGGTAATTGC__0.610000243340195__59	8	8	6	20	30	30	9	13
CACTAATGGA__0.609996880467752__22	17	11	18	20	30	18	8	5
TAGTAATTGG__0.608984248156827__39	18	11	6	20	30	30	9	8
ACCTAAATGG__0.608723908421039__27	8	8	18	20	36	30	18	8
CGATAATGGG__0.608568083913612__23	31	7	13	20	30	18	8	13
GGTTAAACGT__0.608437441883696__78	8	6	20	20	36	6	8	8
TGCTAATAGG__0.608161161312274__38	13	25	18	20	30	13	18	8
AGATAATTGA__0.606620820730897__37	9	7	13	20	30	30	9	8
TGATAATTGA__0.60589402287044__40	8	7	13	20	30	30	9	8
GTCTAAACGG__0.604793863456022__49	8	9	18	20	36	6	8	2
ATATAATTGG__0.604718037810139__36	13	13	13	20	30	30	9	8
AGATAAACGA__0.60458448644279__56	9	7	13	20	36	6	8	31
CCCTAAATGA__0.604277655141988__33	13	8	18	20	36	30	18	8
GTCTAATTGT__0.604081618448548__37	8	9	18	20	30	30	9	6
TGCTAAATGA__0.603941030566129__52	13	25	18	20	36	30	18	8
AGGTAAACGG__0.603397842423221__51	8	8	6	20	36	6	8	2
GCCTAATGGG__0.603038475631513__22	45	8	18	20	30	18	8	13
GGTTAATGGG__0.602383546786784__52	8	6	20	20	30	18	8	13
CGCTAATGGT__0.602085469223484__24	25	25	18	20	30	18	8	8
GCATAATGGG__0.601689952349227__30	13	18	13	20	30	18	8	13
TGCTAAATGC__0.600386562484673__61	13	25	18	20	36	30	18	13
AGATAATTGT__0.599802259587579__30	9	7	13	20	30	30	9	6
TCCTAAACGC__0.598772509959336__60	5	8	18	20	36	6	8	25
TCATAATTGA__0.597699715269369__35	8	18	13	20	30	30	9	8
GACTAAACGA__0.597652099594838__48	8	11	18	20	36	6	8	31
CGCTAATGGA__0.597614402226011__25	25	25	18	20	30	18	8	5
CGGTAATTGT__0.597411331160761__39	2	8	6	20	30	30	9	6
GCTTAAACGA__0.597379254204562__59	25	6	20	20	36	6	8	31
TGGTAATTGT__0.59731807232885__53	8	8	6	20	30	30	9	6
TCTTAAATGG__0.597051926535128__36	9	6	20	20	36	30	18	8
AGTTAAACGA__0.596915939620741__60	11	6	20	20	36	6	8	31
CGTTAATAGC__0.596908429510847__48	8	6	20	20	30	13	18	25
TACTAAATGC__0.595768780674112__44	6	11	18	20	36	30	18	13
CAATAATTGG__0.595315569416947__26	9	30	13	20	30	30	9	8
CCCTAATAGG__0.595118337225246__18	13	8	18	20	30	13	18	8
AGCTAAACGC__0.59423899538074__68	25	25	18	20	36	6	8	25
CCCTAATCGC__0.593825078171285__30	13	8	18	20	30	7	31	25
GACTAAACGC__0.593654490087847__56	8	11	18	20	36	6	8	25
ATCTAATTGC__0.593535641314336__38	7	9	18	20	30	30	9	13
CACTAATGGT__0.5931500450669__18	17	11	18	20	30	18	8	8
TCTTAAACGA__0.593067826286927__49	9	6	20	20	36	6	8	31
AAGTAATTGC__0.592309823742593__36	6	11	6	20	30	30	9	13
ACATAATTGT__0.591930028859497__24	6	18	13	20	30	30	9	6
CGCTAATCGA__0.591844203098734__33	25	25	18	20	30	7	31	31
TGATAAACGA__0.591749125543783__55	8	7	13	20	36	6	8	31
AAGTAATTGG__0.591000865410208__27	6	11	6	20	30	30	9	8
CCGTAATTGT__0.5890027853127__23	2	8	6	20	30	30	9	6
CGGTAAACGT__0.588762097583289__46	2	8	6	20	36	6	8	8
AGCTAATGGG__0.588556389661632__25	25	25	18	20	30	18	8	13
CACTAAATAC__0.588355158384437__41	17	11	18	20	36	30	13	6
GGGTAAACGG__0.587181624736525__72	13	8	6	20	36	6	8	2
TTCTAATTGA__0.587178469622914__34	12	9	18	20	30	30	9	8
AAATAAACGG__0.586211262601506__28	36	30	13	20	36	6	8	2
GTGTAATTGG__0.585959263336633__49	17	6	6	20	30	30	9	8
GCGTAATTGT__0.585703033066844__40	25	8	6	20	30	30	9	6
GGGTAATTGG__0.584940598813556__66	13	8	6	20	30	30	9	8
GCTTAAACGC__0.584690226162932__62	25	6	20	20	36	6	8	25
ATCTAATTGG__0.584322706351504__25	7	9	18	20	30	30	9	8
GGATAATTGT__0.583707193353303__38	5	7	13	20	30	30	9	6
CGTTAATGGT__0.583663113391485__29	8	6	20	20	30	18	8	8
GCTTAATCGT__0.583613660877816__37	25	6	20	20	30	7	31	8
GGCTAAACGT__0.583470531621713__60	45	25	18	20	36	6	8	8
CGGTAATTGA__0.583290412182843__41	2	8	6	20	30	30	9	8
TGTTAAACGA__0.583192966511258__68	6	6	20	20	36	6	8	31
GAGTAAACGG__0.583088488068771__44	8	11	6	20	36	6	8	2
ACTTAATAGC__0.582699369676071__35	11	6	20	20	30	13	18	25
AGATAAATGG__0.582199652053953__33	9	7	13	20	36	30	18	8
CGATAAATGC__0.581400251563325__45	31	7	13	20	36	30	18	13
CAGTAATTGC__0.581207640867438__35	2	11	6	20	30	30	9	13
CTGTAATTGG__0.580760455580808__28	2	6	6	20	30	30	9	8
GTATAAACGG__0.58041580192644__45	6	13	13	20	36	6	8	2
CGTTAAATGC__0.579519481803443__58	8	6	20	20	36	30	18	13
CGTTAATCGG__0.579495930049178__33	8	6	20	20	30	7	31	2
CGGTAATGGG__0.579380915298775__32	2	8	6	20	30	18	8	13
TAGTAAACGG__0.57813765802392__41	18	11	6	20	36	6	8	2
TTCTAATTGT__0.578131197289697__27	12	9	18	20	30	30	9	6
TGATAAATGG__0.577705129357451__35	8	7	13	20	36	30	18	8
TCATAAACGA__0.577674170476617__44	8	18	13	20	36	6	8	31
GAATAAACGG__0.577012769354274__32	12	30	13	20	36	6	8	2
CTATAAACGT__0.576969520553755__32	18	13	13	20	36	6	8	8
AACTAATGGG__0.576648033204693__17	6	11	18	20	30	18	8	13
GCATAAACGT__0.576045001460132__40	13	18	13	20	36	6	8	8
GCATAAACGA__0.575671687693722__48	13	18	13	20	36	6	8	31
ACGTAAATGG__0.575591041137174__30	8	8	6	20	36	30	18	8
AACTAATCGT__0.575436304727222__21	6	11	18	20	30	7	31	8
CAATAAACGT__0.574461869655117__29	9	30	13	20	36	6	8	8
TGCTAATAGC__0.573431126102955__41	13	25	18	20	30	13	18	25
CGATAAACGC__0.57330482979055__50	31	7	13	20	36	6	8	25
ACTTAATGGC__0.57323618338493__26	11	6	20	20	30	18	8	45
CAATAAACGA__0.573163094415861__36	9	30	13	20	36	6	8	31
ACGTAATTGT__0.572547298148428__25	8	8	6	20	30	30	9	6
TACTAATAGC__0.57241413623614__31	6	11	18	20	30	13	18	25
CATTAAACGG__0.57184947924602__28	18	30	20	20	36	6	8	2
GCCTAATCGT__0.571766836999847__22	45	8	18	20	30	7	31	8
TTGTAATTGG__0.571532930546076__37	9	6	6	20	30	30	9	8
CCCTAATCGG__0.570970792600989__16	13	8	18	20	30	7	31	2
TTATAAACGT__0.570187705797703__36	20	13	13	20	36	6	8	8
TGGTAAATGG__0.568684254784165__47	8	8	6	20	36	30	18	8
GCTTAATGGT__0.568387144315052__28	25	6	20	20	30	18	8	8
CCATAAACGC__0.568119558421727__43	8	18	13	20	36	6	8	25
TTATAATTGC__0.568042104810006__39	20	13	13	20	30	30	9	13
ACTTAAATGA__0.567557531970052__33	11	6	20	20	36	30	18	8
AACTAATAGG__0.567507718456919__19	6	11	18	20	30	13	18	8
GGATAAATGG__0.567283636180877__42	5	7	13	20	36	30	18	8
CACTAATAGT__0.566847808624641__20	17	11	18	20	30	13	18	11
TCCTAATCGT__0.56654091102739__19	5	8	18	20	30	7	31	8
CAATAATTGC__0.566454504373639__31	9	30	13	20	30	30	9	13
AGTTAATCGT__0.565896127938771__31	11	6	20	20	30	7	31	8
CTGTAAACGG__0.565703146610252__34	2	6	6	20	36	6	8	2
GGATAAACGT__0.564738465138093__47	5	7	13	20	36	6	8	8
CGTTAAATGA__0.564583270786024__44	8	6	20	20	36	30	18	8
GCATAATTGT__0.564343134187826__27	13	18	13	20	30	30	9	6
CCCTAAATGT__0.564181989229398__21	13	8	18	20	36	30	18	6
TACTAATCGC__0.563683752850987__31	6	11	18	20	30	7	31	25
CGTTAATCGT__0.563630583253444__30	8	6	20	20	30	7	31	8
GGATAATGGG__0.563381734755832__29	5	7	13	20	30	18	8	13
TGGTAATGGG__0.562838450183377__40	8	8	6	20	30	18	8	13
AACTAAATGA__0.562825814174631__27	6	11	18	20	36	30	18	8
TACTAATCGG__0.562267692757645__20	6	11	18	20	30	7	31	2
AAGTAAACGG__0.561886148512531__30	6	11	6	20	36	6	8	2
TGTTAAACGC__0.561855638970789__64	6	6	20	20	36	6	8	25
CCATAATCGT__0.561649098917938__18	8	18	13	20	30	7	31	8
TCTTAATGGG__0.561531039222213__21	9	6	20	20	30	18	8	13
ACATAATGGG__0.560560001693135__16	6	18	13	20	30	18	8	13
CAATAAATGG__0.560475818720446__21	9	30	13	20	36	30	18	8
TCTTAAACGC__0.560359779825072__46	9	6	20	20	36	6	8	25
AGCTAAACGA__0.560323062255883__46	25	25	18	20	36	6	8	31
GACTAATCGG__0.560163746005114__21	8	11	18	20	30	7	31	2
AGTTAATGGC__0.560120592627702__31	11	6	20	20	30	18	8	45
TCATAAACGT__0.560102917688026__32	8	18	13	20	36	6	8	8
ACGTAAACGA__0.559830091367917__40	8	8	6	20	36	6	8	31
ACCTAATAGG__0.559708347124395__15	8	8	18	20	30	13	18	8
GGCTAAACGC__0.559610104877347__65	45	25	18	20	36	6	8	25
GTATAATTGC__0.559109803384772__46	6	13	13	20	30	30	9	13
TACTAATGGT__0.559066151381001__16	6	11	18	20	30	18	8	8
TGCTAAATGT__0.558871896920846__33	13	25	18	20	36	30	18	6
TCGTAATTGA__0.558601082472081__28	31	8	6	20	30	30	9	8
GTGTAATTGC__0.558540028665112__48	17	6	6	20	30	30	9	13
CCCTAATGGA__0.55827690460538__13	13	8	18	20	30	18	8	5
CCTTAATCGG__0.558167893925139__20	8	6	20	20	30	7	31	2
CCGTAATTGA__0.557869754900923__22	2	8	6	20	30	30	9	8
ACTTAATCGG__0.557837187971742__21	11	6	20	20	30	7	31	2
TGCTAATCGA__0.557744535349919__32	13	25	18	20	30	7	31	31
CAGTAATTGT__0.557580922169563__23	2	11	6	20	30	30	9	6
AACTAAATGC__0.557287257627925__33	6	11	18	20	36	30	18	13
GACTAATAGG__0.557131276392525__20	8	11	18	20	30	13	18	8
GGATAATTGA__0.556822401079977__36	5	7	13	20	30	30	9	8
TCCTAATAGG__0.556783744491448__17	5	8	18	20	30	13	18	8
TCGTAATGGG__0.556776707113173__22	31	8	6	20	30	18	8	13
CAATAATTGT__0.556270061329264__21	9	30	13	20	30	30	9	6
GCCTAAATGC__0.556188599493061__37	45	8	18	20	36	30	18	13
ACGTAATTGA__0.555946270686915__26	8	8	6	20	30	30	9	8
CGCTAAACTG__0.555849793332036__36	25	25	18	20	36	6	11	2
CCATAAATGG__0.555767034222465__20	8	18	13	20	36	30	18	8
CGCTAAATTG__0.555515052833515__24	25	25	18	20	36	30	30	9
ACATAAACGC__0.554609151431234__41	6	18	13	20	36	6	8	25
CGCTAAATGT__0.554005013566928__26	25	25	18	20	36	30	18	6
TCATAATTGT__0.553698906905178__22	8	18	13	20	30	30	9	6
AGTTAAATGA__0.553580223307968__41	11	6	20	20	36	30	18	8
GCATAATTGA__0.553208494896606__29	13	18	13	20	30	30	9	8
ATGTAATTGC__0.55320198020513__35	18	6	6	20	30	30	9	13
ACCTAATAGC__0.552917580966414__22	8	8	18	20	30	13	18	25
CGTTAATGGC__0.552475748601326__29	8	6	20	20	30	18	8	45
TCGTAATTGT__0.551858716190667__23	31	8	6	20	30	30	9	6
GTCTAATTGA__0.551579614417589__30	8	9	18	20	30	30	9	8
CCCTAAATAC__0.551166152509553__31	13	8	18	20	36	30	13	6
TACTAATGGC__0.551107814142262__21	6	11	18	20	30	18	8	45
TGTTAATCGG__0.550346575259129__37	6	6	20	20	30	7	31	2
ACATAAATGG__0.550308570830173__21	6	18	13	20	36	30	18	8
CAGTAATGGG__0.550142882928796__20	2	11	6	20	30	18	8	13
TGGTAAACGT__0.550002710849333__46	8	8	6	20	36	6	8	8
GACTAAATGC__0.549975655398868__33	8	11	18	20	36	30	18	13
GCATAAATGG__0.549804211361224__28	13	18	13	20	36	30	18	8
GGGTAATTGC__0.549703761450484__60	13	8	6	20	30	30	9	13
GGCTAAACGA__0.549617275176337__55	45	25	18	20	36	6	8	31
CACTAATTAG__0.54957490623357__17	17	11	18	20	30	30	20	18
CGGTAATTAG__0.549154632211579__30	2	8	6	20	30	30	20	18
TCATAATCGT__0.549040769915489__22	8	18	13	20	30	7	31	8
CCCTAATGGC__0.548872170873875__16	13	8	18	20	30	18	8	45
ATCTAAATGG__0.548494919606358__22	7	9	18	20	36	30	18	8
CCGTAAACGT__0.54839258814632__26	2	8	6	20	36	6	8	8
ACTTAATAGG__0.547806889699834__19	11	6	20	20	30	13	18	8
GCGTAAATGG__0.547712216809646__35	25	8	6	20	36	30	18	8
TGCTAATGGT__0.54704001241515__21	13	25	18	20	30	18	8	8
ATATAATTGC__0.546914077777242__32	13	13	13	20	30	30	9	13
AGTTAAATGT__0.546743181282598__34	11	6	20	20	36	30	18	6
TACTAAATGT__0.546737936348921__21	6	11	18	20	36	30	18	6
GTGTAAACGG__0.546716662854551__47	17	6	6	20	36	6	8	2
AGTTAAATGC__0.546459669958479__46	11	6	20	20	36	30	18	13
AACTAATAGC__0.546425402510504__25	6	11	18	20	30	13	18	25
GCCTAATGGT__0.546308481796491__15	45	8	18	20	30	18	8	8
ATCTAATTGT__0.545899177474462__20	7	9	18	20	30	30	9	6
AGATAATAGG__0.545476314204283__18	9	7	13	20	30	13	18	8
TGTTAATAGG__0.545405228063717__36	6	6	20	20	30	13	18	8
GGTTAATTGA__0.545135169050446__43	8	6	20	20	30	30	9	8
CCTTAATGGT__0.544839985657205__15	8	6	20	20	30	18	8	8
TCTTAATAGG__0.544572155856402__22	9	6	20	20	30	13	18	8
AGCTAATAGC__0.544074612083037__31	25	25	18	20	30	13	18	25
CGATAATCGG__0.544006505036743__18	31	7	13	20	30	7	31	2
AGGTAATGGG__0.54378641043701__28	8	8	6	20	30	18	8	13
GCGTAATGGG__0.543642228256638__28	25	8	6	20	30	18	8	13
TGCTAATCGC__0.543211517714172__35	13	25	18	20	30	7	31	25
TTCTAAACGA__0.543126410358446__37	12	9	18	20	36	6	8	31
ACTTAATCGT__0.542836295296297__19	11	6	20	20	30	7	31	8
AGATAAACGC__0.542790277891491__43	9	7	13	20	36	6	8	25
CCTTAAATGC__0.542724450626345__33	8	6	20	20	36	30	18	13
CCTTAATCGT__0.542587979728644__18	8	6	20	20	30	7	31	8
CCCTAATCGA__0.541938132323921__16	13	8	18	20	30	7	31	31
CCGTAAACGA__0.541846692481631__31	2	8	6	20	36	6	8	31
GGATAAACGA__0.540676950595696__46	5	7	13	20	36	6	8	31
AGGTAATTGT__0.54054721825043__29	8	8	6	20	30	30	9	6
CTATAATGGG__0.540490593298791__17	18	13	13	20	30	18	8	13
CGCTAATCGC__0.540415007932396__29	25	25	18	20	30	7	31	25
TGCTAATGGC__0.540121090014709__26	13	25	18	20	30	18	8	45
GCTTAAATGC__0.540004272618017__43	25	6	20	20	36	30	18	13
CTCTAATGGG__0.539980554463614__14	8	9	18	20	30	18	8	13
TAGTAATTGC__0.539712330474738__30	18	11	6	20	30	30	9	13
CCCTAATTTG__0.539080174173138__13	13	8	18	20	30	30	36	9
GCCTAATAGC__0.538566980718253__24	45	8	18	20	30	13	18	25
AGCTAATAGG__0.538562930181254__21	25	25	18	20	30	13	18	8
AGTTAATAGC__0.538321593356969__32	11	6	20	20	30	13	18	25
ACTTAAATGC__0.538122984994631__33	11	6	20	20	36	30	18	13
ATCTAATGGG__0.537369216966024__16	7	9	18	20	30	18	8	13
ATATAAACGT__0.537103170225583__27	13	13	13	20	36	6	8	8
CGTTAATCGA__0.536340593582527__28	8	6	20	20	30	7	31	31
TTATAATTGA__0.536220304572002__28	20	13	13	20	30	30	9	8
TGTTAAATGC__0.536042033110514__53	6	6	20	20	36	30	18	13
GTCTAAACGT__0.535729804213212__33	8	9	18	20	36	6	8	8
ACCTAAATGC__0.535277015591415__27	8	8	18	20	36	30	18	13
CACTAATTTG__0.535192949399614__15	17	11	18	20	30	30	36	9
TGCTAATGGA__0.534973520499568__20	13	25	18	20	30	18	8	5
AACTAATGGC__0.534944203378815__18	6	11	18	20	30	18	8	45
ACCTAAATGA__0.534618767830189__21	8	8	18	20	36	30	18	8
ATCTAAACGT__0.534377735921527__27	7	9	18	20	36	6	8	8
TCCTAAATGC__0.533963663162535__30	5	8	18	20	36	30	18	13
CGATAAATGA__0.533720376145177__26	31	7	13	20	36	30	18	8
GGCTAATCGT__0.533038077568896__29	45	25	18	20	30	7	31	8
AGTTAATCGG__0.533002754295902__24	11	6	20	20	30	7	31	2
AGATAATGGT__0.532991899510364__16	9	7	13	20	30	18	8	8
ACTTAATCGC__0.532879818522955__26	11	6	20	20	30	7	31	25
TTGTAATTGC__0.532604795817778__34	9	6	6	20	30	30	9	13
CCTTAATAGG__0.531974313531268__16	8	6	20	20	30	13	18	8
TGTTAATGGT__0.531266658324591__28	6	6	20	20	30	18	8	8
CGTTAAATGT__0.531254198705905__30	8	6	20	20	36	30	18	6
GGTTAAACGA__0.530723470817518__52	8	6	20	20	36	6	8	31
TAGTAAACGT__0.530679679121969__32	18	11	6	20	36	6	8	8
GGCTAATAGG__0.530389984955341__28	45	25	18	20	30	13	18	8
GACTAATCGT__0.530257239313456__17	8	11	18	20	30	7	31	8
ACTTAATGGA__0.530123381368815__15	11	6	20	20	30	18	8	5
CACTAAACAC__0.530008994021329__44	17	11	18	20	36	6	6	17
CCTTAATAGC__0.529784291353612__23	8	6	20	20	30	13	18	25
CGCTAATAGA__0.529730304139533__23	25	25	18	20	30	13	18	9
CCATAATTGT__0.529610863043951__14	8	18	13	20	30	30	9	6
CCATAATAGG__0.529515066268969__12	8	18	13	20	30	13	18	8
CACTAATAGA__0.529460351514859__19	17	11	18	20	30	13	18	9
TGGTAATTGA__0.528696964770632__37	8	8	6	20	30	30	9	8
GAATAATTGG__0.528212834905972__22	12	30	13	20	30	30	9	8
GGATAATAGG__0.527989085925057__23	5	7	13	20	30	13	18	8
AGTTAATAGG__0.527935046706346__23	11	6	20	20	30	13	18	8
ACTTAAATGT__0.527297744359207__21	11	6	20	20	36	30	18	6
GCCTAAATGA__0.527123732970767__24	45	8	18	20	36	30	18	8
GCGTAATTGA__0.52672042554104__30	25	8	6	20	30	30	9	8
CCTTAATCGA__0.526463058755375__19	8	6	20	20	30	7	31	31
CGATAATGGT__0.52614976587414__13	31	7	13	20	30	18	8	8
CCGTAAACGC__0.525925787620513__34	2	8	6	20	36	6	8	25
CGATAATAGC__0.525822713168538__20	31	7	13	20	30	13	18	25
CTCTAATAGG__0.525796160548155__15	8	9	18	20	30	13	18	8
ACCTAATGGC__0.525023931443499__14	8	8	18	20	30	18	8	45
CACTAAATTG__0.524778095077248__15	17	11	18	20	36	30	30	9
TTATAAACGC__0.52477211762786__35	20	13	13	20	36	6	8	25
TCGTAAACGT__0.524509603441456__26	31	8	6	20	36	6	8	8
CTCTAAACGC__0.524263313414381__34	8	9	18	20	36	6	8	25
GCCTAATAGG__0.52386729454531__15	45	8	18	20	30	13	18	8
CCTTAAATGA__0.523847967168326__23	8	6	20	20	36	30	18	8
ACATAAATGA__0.523118804839698__22	6	18	13	20	36	30	18	8
CGGTAAACGA__0.522907326425926__34	2	8	6	20	36	6	8	31
CGTTAATGGA__0.522711763313933__19	8	6	20	20	30	18	8	5
TTATAAACGA__0.521743809165772__30	20	13	13	20	36	6	8	31
ACTTAAACTG__0.521567637219722__24	11	6	20	20	36	6	11	2
CGTTAAACTG__0.521429593857471__31	8	6	20	20	36	6	11	2
GCCTAATCGA__0.521420373992768__18	45	8	18	20	30	7	31	31
TTCTAAACGT__0.521210928921826__26	12	9	18	20	36	6	8	8
AGCTAATCGT__0.521168378917257__19	25	25	18	20	30	7	31	8
AGGTAAATGG__0.520950379042118__27	8	8	6	20	36	30	18	8
TGTTAATAGC__0.520770078312479__36	6	6	20	20	30	13	18	25
CACTAATGTG__0.520645239689733__12	17	11	18	20	30	18	6	17
CCATAAATGC__0.52051242061465__25	8	18	13	20	36	30	18	13
TGTTAATCGT__0.519548064509949__30	6	6	20	20	30	7	31	8
CGATAATCGT__0.518890973390622__15	31	7	13	20	30	7	31	8
GGTTAATCGT__0.518631295027484__34	8	6	20	20	30	7	31	8
CGTTAATCGC__0.51857101682718__29	8	6	20	20	30	7	31	25
CAGTAATTGA__0.518451322113497__20	2	11	6	20	30	30	9	8
GTGTAATTGT__0.518422811838413__29	17	6	6	20	30	30	9	6
TCTTAATGGA__0.518371476874903__16	9	6	20	20	30	18	8	5
TTATAATTGT__0.517983394821399__21	20	13	13	20	30	30	9	6
CGCTAATGAG__0.517434266521189__16	25	25	18	20	30	18	8	8
GCTTAATAGC__0.517425934136552__29	25	6	20	20	30	13	18	25
TTATAATGGG__0.517233700609091__18	20	13	13	20	30	18	8	13
TTGTAAACGG__0.517143774980004__32	9	6	6	20	36	6	8	2
CCGTAATGGG__0.517029695787855__12	2	8	6	20	30	18	8	13
TCCTAATAGC__0.516737080444843__19	5	8	18	20	30	13	18	25
GTCTAAATGG__0.516416287443756__21	8	9	18	20	36	30	18	8
GCATAAACGC__0.515869626209036__36	13	18	13	20	36	6	8	25
CTATAAACGA__0.515606537340979__25	18	13	13	20	36	6	8	31
TGTTAATAGT__0.515418351733068__30	6	6	20	20	30	13	18	11
ATCTAATTGA__0.515265704685591__19	7	9	18	20	30	30	9	8
GCCTAATGGC__0.515184003341213__16	45	8	18	20	30	18	8	45
CCGTAAATGG__0.514004349315652__16	2	8	6	20	36	30	18	8
AGTTAATGGA__0.513714058073759__18	11	6	20	20	30	18	8	5
AGGTAAACGT__0.513444785994027__29	8	8	6	20	36	6	8	8
TGCTAATGTG__0.513180919896383__18	13	25	18	20	30	18	6	17
ACGTAAACGT__0.513006116571234__23	8	8	6	20	36	6	8	8
TGCTAATGAG__0.512517602149376__19	13	25	18	20	30	18	8	8
AACTAATCGA__0.512113874818354__16	6	11	18	20	30	7	31	31
TCCTAAATGA__0.512087116043522__20	5	8	18	20	36	30	18	8
CACTAATCAC__0.512038879826282__24	17	11	18	20	30	7	8	17
CCATAATGGG__0.511879627636779__10	8	18	13	20	30	18	8	13
TGATAAATGA__0.511777648913148__27	8	7	13	20	36	30	18	8
CTATAAACGC__0.511579546619876__29	18	13	13	20	36	6	8	25
TGTTAAATGT__0.511473976040884__34	6	6	20	20	36	30	18	6
AACTAATCGG__0.510979155113979__13	6	11	18	20	30	7	31	2
GTATAAACGT__0.509855264401538__29	6	13	13	20	36	6	8	8
CCCTAATAGT__0.509737711029771__11	13	8	18	20	30	13	18	11
GCCTAATGGA__0.509244098690251__12	45	8	18	20	30	18	8	5
TGCTAAATAC__0.509216220756561__32	13	25	18	20	36	30	13	6
TCCTAATCGC__0.50881716823074__19	5	8	18	20	30	7	31	25
CGATAATCGC__0.508806219804391__21	31	7	13	20	30	7	31	25
GACTAATGGC__0.508614236299737__16	8	11	18	20	30	18	8	45
AAGTAATTGT__0.508582792693768__15	6	11	6	20	30	30	9	6
ACCTAATCGA__0.508280735771076__13	8	8	18	20	30	7	31	31
CGCTAATAGT__0.508153010062091__16	25	25	18	20	30	13	18	11
TTCTAATGGG__0.507995570510825__14	12	9	18	20	30	18	8	13
ATGTAAACGG__0.507965020985672__26	18	6	6	20	36	6	8	2
TCATAAATGG__0.507778953917125__18	8	18	13	20	36	30	18	8
CGCTAATTTG__0.507698722309887__15	25	25	18	20	30	30	36	9
CCTTAATGGA__0.507675125295254__12	8	6	20	20	30	18	8	5
AGCTAAATGA__0.507521510176225__24	25	25	18	20	36	30	18	8
GTCTAATCGT__0.506339576966335__20	8	9	18	20	30	7	31	8
CGCTAATTAG__0.505956390613659__15	25	25	18	20	30	30	20	18
GACTAATAGT__0.505717767326872__15	8	11	18	20	30	13	18	11
GTCTAAACGC__0.505357533132225__35	8	9	18	20	36	6	8	25
TAGTAATTGA__0.505283099268255__21	18	11	6	20	30	30	9	8
CGCTAAATAG__0.505232123643679__17	25	25	18	20	36	30	13	18
CCTTAATGGC__0.505183568069928__15	8	6	20	20	30	18	8	45
CGCTAAATAC__0.504650431116652__27	25	25	18	20	36	30	13	6
GACTAAATGT__0.504606395777416__16	8	11	18	20	36	30	18	6
CGATAATGGC__0.504385797450935__15	31	7	13	20	30	18	8	45
TCTTAATAGC__0.504379552721006__22	9	6	20	20	30	13	18	25
CTCTAAATGC__0.504233117468832__23	8	9	18	20	36	30	18	13
GTCTAATGGG__0.504022640123957__16	8	9	18	20	30	18	8	13
CACTAATTAC__0.503751980877807__19	17	11	18	20	30	30	20	6
TAGTAATTGT__0.503595456036402__18	18	11	6	20	30	30	9	6
TCTTAAATGA__0.503449606081164__23	9	6	20	20	36	30	18	8
CAGTAAATGG__0.502678274856487__19	2	11	6	20	36	30	18	8
AGCTAATGGC__0.50246253377989__18	25	25	18	20	30	18	8	45
GCCTAATCGG__0.50243865913002__13	45	8	18	20	30	7	31	2
CGGTAAACGC__0.5024329789286__33	2	8	6	20	36	6	8	25
TGTTAAACTG__0.5023848870924__33	6	6	20	20	36	6	11	2
GGTTAAACGC__0.502353202828438__45	8	6	20	20	36	6	8	25
CTCTAATAGC__0.502030915577455__19	8	9	18	20	30	13	18	25
GCTTAATCGA__0.501847127539096__23	25	6	20	20	30	7	31	31
AGCTAAATGC__0.501773121249123__28	25	25	18	20	36	30	18	13
ATTTAAACGG__0.50156712846739__22	30	36	20	20	36	6	8	2
TGCTAATAGT__0.501196586277255__19	13	25	18	20	30	13	18	11
GACTAATAGC__0.501143297317852__19	8	11	18	20	30	13	18	25
GCTTAAATGA__0.501141284051341__27	25	6	20	20	36	30	18	8
AACTAAACTG__0.501078506273486__20	6	11	18	20	36	6	11	2
CAATAAACGC__0.500896358885817__26	9	30	13	20	36	6	8	25
CTATAATTGT__0.500830014161558__15	18	13	13	20	30	30	9	6
AGCTAATGGA__0.500732578118558__14	25	25	18	20	30	18	8	5
AGTTAATGGT__0.500662272607235__16	11	6	20	20	30	18	8	8
TGCTAAACTG__0.500661725024466__28	13	25	18	20	36	6	11	2
CGATAATAGG__0.500587358484667__11	31	7	13	20	30	13	18	8
GAGTAATTGC__0.500340636903396__23	8	11	6	20	30	30	9	13
AAATAAACGT__0.500253662273529__17	36	30	13	20	36	6	8	8
ACCTAATCGT__0.500014088561673__10	8	8	18	20	30	7	31	8
GCTTAATGGA__0.499563759727904__17	25	6	20	20	30	18	8	5
GTGTAATGGG__0.49931725654123__24	17	6	6	20	30	18	8	13
TACTAATCGA__0.498909156051858__15	6	11	18	20	30	7	31	31
TTGTAATTGA__0.498897050039388__24	9	6	6	20	30	30	9	8
CGTTAATGTG__0.498739240124011__17	8	6	20	20	30	18	6	17
CGTTAAATTG__0.498602005709321__21	8	6	20	20	36	30	30	9
ATCTAAACGC__0.498560359165312__30	7	9	18	20	36	6	8	25
GGCTAATAGC__0.498410288541519__28	45	25	18	20	30	13	18	25
GCGTAAACGC__0.498027171965175__38	25	8	6	20	36	6	8	25
TACTAAACTG__0.498013020095864__20	6	11	18	20	36	6	11	2
CCTTAAATGT__0.498009907692794__16	8	6	20	20	36	30	18	6
GTATAAATGG__0.497802277615176__23	6	13	13	20	36	30	18	8
CAATAATGGG__0.497426868720846__11	9	30	13	20	30	18	8	13
GTCTAAACGA__0.497297459260671__29	8	9	18	20	36	6	8	31
AAGTAATTGA__0.496884302533628__16	6	11	6	20	30	30	9	8
CATTAAACGT__0.496748861045712__18	18	30	20	20	36	6	8	8
GCCTAAACTG__0.496594231442426__22	45	8	18	20	36	6	11	2
CTCTAAATGA__0.496234336756636__17	8	9	18	20	36	30	18	8
CGCTAATTAC__0.495861447044473__21	25	25	18	20	30	30	20	6
CACTAATGAG__0.495848690843686__11	17	11	18	20	30	18	8	8
ACTTAAACAC__0.495612877759427__35	11	6	20	20	36	6	6	17
TCATAATGGG__0.495391797500521__12	8	18	13	20	30	18	8	13
TCCTAATGGT__0.495061563115174__9	5	8	18	20	30	18	8	8
ACATAATCGT__0.495030079358696__12	6	18	13	20	30	7	31	8
ACTTAATGTG__0.494927913590975__12	11	6	20	20	30	18	6	17
TCCTAATCGG__0.494869448359253__11	5	8	18	20	30	7	31	2
TCATAAACGC__0.494836751284563__28	8	18	13	20	36	6	8	25
CGTTAATGAG__0.49423359629154__17	8	6	20	20	30	18	8	8
GCGTAAACGT__0.494179077399341__27	25	8	6	20	36	6	8	8
CCATAATAGC__0.494162494577216__14	8	18	13	20	30	13	18	25
GCCTAATCGC__0.493723912211437__18	45	8	18	20	30	7	31	25
CGATAAATAC__0.493654695162156__24	31	7	13	20	36	30	13	6
GGGTAAACGT__0.493247348267257__38	13	8	6	20	36	6	8	8
GGATAAACGC__0.492992564700392__35	5	7	13	20	36	6	8	25
TCGTAAATGG__0.492912197998838__17	31	8	6	20	36	30	18	8
CATTAAATGG__0.492737488629176__15	18	30	20	20	36	30	18	8
GACTAATGGA__0.492503648772792__11	8	11	18	20	30	18	8	5
CGCTAATGTG__0.492493070239441__12	25	25	18	20	30	18	6	17
CACTAAATAG__0.492094374305497__12	17	11	18	20	36	30	13	18
AGATAATCGT__0.492047631318092__14	9	7	13	20	30	7	31	8
CAGTAAACGA__0.491947942948511__25	2	11	6	20	36	6	8	31
CTCTAATCGT__0.491853111794121__12	8	9	18	20	30	7	31	8
TACTAAATAG__0.491473462707823__13	6	11	18	20	36	30	13	18
TGATAATAGG__0.490775834215135__13	8	7	13	20	30	13	18	8
TGTTAATGGC__0.490288381728408__24	6	6	20	20	30	18	8	45
CCCTAAACTG__0.490185083408553__17	13	8	18	20	36	6	11	2
GCTTAATAGG__0.490062874693137__18	25	6	20	20	30	13	18	8
TAGTAAATGG__0.489826947065567__20	18	11	6	20	36	30	18	8
GGGTAATTGA__0.48943813514908__35	13	8	6	20	30	30	9	8
GGGTAATTGT__0.489395843249847__31	13	8	6	20	30	30	9	6
TGATAATCGT__0.488932663291353__15	8	7	13	20	30	7	31	8
GCTTAATGGC__0.48856869921782__19	25	6	20	20	30	18	8	45
TGCTAAGTGG__0.488538770539857__14	13	25	18	20	6	11	17	8
GACTAATGGT__0.488503780854421__10	8	11	18	20	30	18	8	8
GGCTAAATGA__0.488464738487526__27	45	25	18	20	36	30	18	8
CGTTAAATAG__0.488188479853528__20	8	6	20	20	36	30	13	18
TACTAATGGA__0.488065037151433__10	6	11	18	20	30	18	8	5
GGCTAATCGG__0.487755541904909__20	45	25	18	20	30	7	31	2
CTATAATTGA__0.487611346866569__16	18	13	13	20	30	30	9	8
GACTAATGAG__0.487550404271754__12	8	11	18	20	30	18	8	8
ACCTAATCGG__0.487496228990881__9	8	8	18	20	30	7	31	2
AGGTAATTGA__0.487476736790964__22	8	8	6	20	30	30	9	8
CGATAATCGA__0.487440020188504__14	31	7	13	20	30	7	31	31
GCATAATAGC__0.487334533176554__18	13	18	13	20	30	13	18	25
CGATAATAGT__0.487152663299608__11	31	7	13	20	30	13	18	11
ACTTAATGAC__0.486776368069325__18	11	6	20	20	30	18	8	8
CCGTAATAGC__0.486684646584705__16	2	8	6	20	30	13	18	25
TTGTAATGGG__0.486536891621694__18	9	6	6	20	30	18	8	13
CGCTAAGTGG__0.486410322711267__10	25	25	18	20	6	11	17	8
ACTTAATAGT__0.486294746756214__13	11	6	20	20	30	13	18	11
GTATAATTGA__0.486108931910037__24	6	13	13	20	30	30	9	8
ACTTAATGGT__0.485503959497064__10	11	6	20	20	30	18	8	8
TGATAAACGC__0.485492956701813__29	8	7	13	20	36	6	8	25
TGATAAATGT__0.485403631601407__19	8	7	13	20	36	30	18	6
ACCTAAATGT__0.485379854069966__12	8	8	18	20	36	30	18	6
GAATAAATGG__0.485045932998223__15	12	30	13	20	36	30	18	8
GGTTAATGGC__0.484904328211787__26	8	6	20	20	30	18	8	45
CATTAATTGG__0.484795668261382__12	18	30	20	20	30	30	9	8
ATATAAATGG__0.484097446688266__15	13	13	13	20	36	30	18	8
AGCTAATCGG__0.484043769595665__14	25	25	18	20	30	7	31	2
TACTAATGAG__0.483754249676393__11	6	11	18	20	30	18	8	8
TACTAATGTG__0.483443151065997__10	6	11	18	20	30	18	6	17
ACTTAAATAG__0.483381538456951__14	11	6	20	20	36	30	13	18
TCTTAATGGC__0.483149466833306__15	9	6	20	20	30	18	8	45
ATCTAAACGA__0.482585175095087__22	7	9	18	20	36	6	8	31
CCTTAAACTG__0.482387858257313__17	8	6	20	20	36	6	11	2
ACTTAATCGA__0.482172288888642__14	11	6	20	20	30	7	31	31
TTCTAAATGG__0.482139435280419__14	12	9	18	20	36	30	18	8
TCCTAATCGA__0.481867640218318__12	5	8	18	20	30	7	31	31
AGATAATAGT__0.481605439708233__12	9	7	13	20	30	13	18	11
ATATAAACGA__0.481421812035177__21	13	13	13	20	36	6	8	31
GACTAAATAC__0.481347439055932__20	8	11	18	20	36	30	13	6
AGATAATGGC__0.481200560652756__14	9	7	13	20	30	18	8	45
AACTAATCGC__0.481183264769431__16	6	11	18	20	30	7	31	25
GCCTAATTTG__0.480884712620761__11	45	8	18	20	30	30	36	9
TGTTAAATGA__0.480651618149147__30	6	6	20	20	36	30	18	8
AACTAATGGA__0.480633016870009__9	6	11	18	20	30	18	8	5
ACGTAAACGC__0.480376911467804__26	8	8	6	20	36	6	8	25
TGCTAATTTG__0.480332093332776__15	13	25	18	20	30	30	36	9
TTGTAATTGT__0.480097799069301__18	9	6	6	20	30	30	9	6
AGATAATGGA__0.47979873860616__11	9	7	13	20	30	18	8	5
GGCTAAATGT__0.479690616371453__22	45	25	18	20	36	30	18	6
TCGTAAACGA__0.479481470359233__22	31	8	6	20	36	6	8	31
TCATAAATGA__0.479184435129294__18	8	18	13	20	36	30	18	8
TTATAATCGT__0.479182642352357__16	20	13	13	20	30	7	31	8
CTGTAATTGT__0.478960004272843__13	2	6	6	20	30	30	9	6
ACTTAAATTG__0.478653354158783__13	11	6	20	20	36	30	30	9
AGTTAAACTG__0.478365135380737__22	11	6	20	20	36	6	11	2
GGTTAATCGG__0.477963092224916__24	8	6	20	20	30	7	31	2
ACATAAATGC__0.477909785281591__19	6	18	13	20	36	30	18	13
TGTTAATCGC__0.477695755114482__27	6	6	20	20	30	7	31	25
CGGTAATGGT__0.47742953012642__15	2	8	6	20	30	18	8	8
GAGTAATTGT__0.477031020936253__15	8	11	6	20	30	30	9	6
GACTAAATGA__0.477008729366861__15	8	11	18	20	36	30	18	8
CACTAATATG__0.476909385381992__11	17	11	18	20	30	13	13	18
TCTTAATAGT__0.476845046098123__14	9	6	20	20	30	13	18	11
CCATAAATGA__0.476718112984287__14	8	18	13	20	36	30	18	8
CCTTAATCGC__0.476577418212247__16	8	6	20	20	30	7	31	25
ACATAATAGC__0.476576740938019__13	6	18	13	20	30	13	18	25
GTGTAAATGG__0.476557828584362__26	17	6	6	20	36	30	18	8
GGTTAATAGG__0.476551013129548__24	8	6	20	20	30	13	18	8
ACATAATGGA__0.476440144199388__9	6	18	13	20	30	18	8	5
CGGTAATCGG__0.476299021830532__18	2	8	6	20	30	7	31	2
CGCTAAACAC__0.47625913361547__34	25	25	18	20	36	6	6	17
TTATAAATGG__0.476201530393404__15	20	13	13	20	36	30	18	8
ATATAATTGT__0.475707589515841__14	13	13	13	20	30	30	9	6
TCATAAATGC__0.47558347632251__21	8	18	13	20	36	30	18	13
ACTTAATGTC__0.475157364941842__12	11	6	20	20	30	18	6	8
GAGTAATTGA__0.474997676687891__17	8	11	6	20	30	30	9	8
GGTTAATAGC__0.474907936608309__28	8	6	20	20	30	13	18	25
GACTAATCGA__0.474854055509564__13	8	11	18	20	30	7	31	31
TTCTAATCGG__0.474507271533174__13	12	9	18	20	30	7	31	2
GCATAATCGT__0.474320632686192__14	13	18	13	20	30	7	31	8
TGCTAAATAG__0.473955147292468__16	13	25	18	20	36	30	13	18
CTATAAATGG__0.473898672995965__12	18	13	13	20	36	30	18	8
ACCTAAATTG__0.473518404316442__10	8	8	18	20	36	30	30	9
ACTTAATAGA__0.473504011906226__14	11	6	20	20	30	13	18	9
GCGTAATAGG__0.473498977178511__19	25	8	6	20	30	13	18	8
CGTTAAATAC__0.473305612533196__26	8	6	20	20	36	30	13	6
CATTAATTGC__0.473257497971862__15	18	30	20	20	30	30	9	13
TGATAATGGT__0.473244090483898__11	8	7	13	20	30	18	8	8
GAATAAACGT__0.47309032709599__16	12	30	13	20	36	6	8	8
CCATAAACTG__0.473054690522168__15	8	18	13	20	36	6	11	2
AGTTAATGTG__0.47299451704886__14	11	6	20	20	30	18	6	17
GAGTAAATGG__0.472880601422661__18	8	11	6	20	36	30	18	8
CCATAATCGG__0.472837531577771__9	8	18	13	20	30	7	31	2
CTCTAATGGA__0.4726365516332__9	8	9	18	20	30	18	8	5
GTTTAATTGG__0.472606658833831__18	6	36	20	20	30	30	9	8
ACATAATCGC__0.472147015847283__15	6	18	13	20	30	7	31	25
CAATAAATGC__0.471807681468341__17	9	30	13	20	36	30	18	13
CGTTAATTTG__0.471760980991956__15	8	6	20	20	30	30	36	9
ACTTAAATAC__0.471338848393073__20	11	6	20	20	36	30	13	6
ACCTAAACTG__0.471224546607722__15	8	8	18	20	36	6	11	2
GCTTAAGTGG__0.471057329014871__12	25	6	20	20	6	11	17	8
AGGTAAACGA__0.470562302447612__24	8	8	6	20	36	6	8	31
TCGTAAACGC__0.470519210937752__24	31	8	6	20	36	6	8	25
TCCTAAATGT__0.470171081182184__12	5	8	18	20	36	30	18	6
CGGTAAATGA__0.470162292493453__20	2	8	6	20	36	30	18	8
CCGTAATGGC__0.469999912561931__11	2	8	6	20	30	18	8	45
CTGTAATTGA__0.469762275190492__14	2	6	6	20	30	30	9	8
TGTTAAAAGG__0.469708559021805__23	6	6	20	20	36	36	6	8
TGGTAATCGT__0.469551844142364__24	8	8	6	20	30	7	31	8
GCTTAAACTG__0.469439702763896__20	25	6	20	20	36	6	11	2
AGATAATAGC__0.469305607734735__14	9	7	13	20	30	13	18	25
GGCTAATGGC__0.469183582601337__18	45	25	18	20	30	18	8	45
AGTTAATGAG__0.469147590153744__14	11	6	20	20	30	18	8	8
CGTTAATAGT__0.468772624020154__15	8	6	20	20	30	13	18	11
TTCTAAACGC__0.468754479771826__24	12	9	18	20	36	6	8	25
AGATAAATGC__0.468615321772687__21	9	7	13	20	36	30	18	13
GCGTAAACGA__0.468535584562067__26	25	8	6	20	36	6	8	31
CAGTAAACGT__0.468339631393051__17	2	11	6	20	36	6	8	8
GAGTAATGGG__0.468237550411165__13	8	11	6	20	30	18	8	13
AGCTAAATAG__0.467747073016562__14	25	25	18	20	36	30	13	18
GGTTAATGGA__0.467571959814406__19	8	6	20	20	30	18	8	5
GCTTAAATTG__0.467071095627612__16	25	6	20	20	36	30	30	9
CGTTAAGTGG__0.466541809837754__12	8	6	20	20	6	11	17	8
ATGTAATTGA__0.466389788692337__16	18	6	6	20	30	30	9	8
ATATAATGGG__0.466389373041346__11	13	13	13	20	30	18	8	13
CCCTAAATTG__0.465805907078544__9	13	8	18	20	36	30	30	9
CATTAAACGA__0.465766193319733__17	18	30	20	20	36	6	8	31
GGCTAATGGT__0.465526465127868__14	45	25	18	20	30	18	8	8
TTGTAAATGG__0.465365711675679__20	9	6	6	20	36	30	18	8
GGTTAAACTG__0.465254161882896__27	8	6	20	20	36	6	11	2
AATTAAACGG__0.465250967130537__13	30	30	20	20	36	6	8	2
TCCTAAATAC__0.465052645363199__18	5	8	18	20	36	30	13	6
GCATAATAGG__0.464294153095314__11	13	18	13	20	30	13	18	8
GGGTAAATGG__0.463831779102223__27	13	8	6	20	36	30	18	8
TGTTAATCGA__0.463448935453634__21	6	6	20	20	30	7	31	31
ACTTAAAGTG__0.46331094199876__11	11	6	20	20	36	6	11	17
ATATAAACGC__0.46328698046992__21	13	13	13	20	36	6	8	25
GAATAATTGT__0.462926201788166__13	12	30	13	20	30	30	9	6
TGATAATGGC__0.462848912312889__13	8	7	13	20	30	18	8	45
TGGTAAACGC__0.462401494307165__29	8	8	6	20	36	6	8	25
TAGTAAACGC__0.462126906300345__25	18	11	6	20	36	6	8	25
CCATAATCGA__0.462067114194563__10	8	18	13	20	30	7	31	31
AACTAATTAG__0.462013451853333__9	6	11	18	20	30	30	20	18
GGTTAATAGT__0.461748544118313__22	8	6	20	20	30	13	18	11
TTGTAAACGT__0.461506905970623__22	9	6	6	20	36	6	8	8
GCCTAAATGT__0.461347929707583__12	45	8	18	20	36	30	18	6
CCTTAATAGT__0.461107530996603__10	8	6	20	20	30	13	18	11
GGCTAAATGC__0.461011203495124__25	45	25	18	20	36	30	18	13
GGATAATGGC__0.460482838367216__16	5	7	13	20	30	18	8	45
CGGTAATGGC__0.460409383553711__16	2	8	6	20	30	18	8	45
GCTTAAAAGG__0.460182730400349__16	25	6	20	20	36	36	6	8
GAGTAATTAG__0.460129718861672__14	8	11	6	20	30	30	20	18
TGGTAATAGG__0.459983235463395__21	8	8	6	20	30	13	18	8
ATGTAATGGG__0.459576282822601__12	18	6	6	20	30	18	8	13
TGATAAGTGG__0.459510266181024__10	8	7	13	20	6	11	17	8
TCATAATGGT__0.459382610299639__9	8	18	13	20	30	18	8	8
GGATAATCGG__0.459141578914217__15	5	7	13	20	30	7	31	2
TGGTAATTAG__0.459090826755936__20	8	8	6	20	30	30	20	18
GGATAATGGT__0.459013100571613__13	5	7	13	20	30	18	8	8
GTGTAAACGT__0.458884343131112__25	17	6	6	20	36	6	8	8
AAGTAATGGG__0.458769371309745__9	6	11	6	20	30	18	8	13
GCTTAATCGC__0.458726001472353__19	25	6	20	20	30	7	31	25
GGCTAATCGA__0.458536801669326__18	45	25	18	20	30	7	31	31
TACTAAATAC__0.458257591309085__16	6	11	18	20	36	30	13	6
AACTAAATGT__0.458156745513166__10	6	11	18	20	36	30	18	6
AGGTAAACGC__0.457992740967936__24	8	8	6	20	36	6	8	25
TTCTAATAGG__0.456978446218156__11	12	9	18	20	30	13	18	8
ATCTAATAGG__0.456867390663111__10	7	9	18	20	30	13	18	8
GTCTAATAGG__0.45680629058525__13	8	9	18	20	30	13	18	8
CACTAATTAT__0.455842387852722__10	17	11	18	20	30	30	20	13
GTATAAACGC__0.455490440887363__24	6	13	13	20	36	6	8	25
TCCTAATGGC__0.455180943569224__9	5	8	18	20	30	18	8	45
AAGTAATCGT__0.455075294277254__11	6	11	6	20	30	7	31	8
TTCTAATAGC__0.454993342825955__15	12	9	18	20	30	13	18	25
CTGTAAACGA__0.454869956305467__19	2	6	6	20	36	6	8	31
TGCTAATAGA__0.45476622678585__15	13	25	18	20	30	13	18	9
TCTTAATCGT__0.454710261504877__11	9	6	20	20	30	7	31	8
CCATAATCGC__0.45460195231762__12	8	18	13	20	30	7	31	25
CTCTAATGGC__0.454333969079215__10	8	9	18	20	30	18	8	45
CAGTAATAGG__0.454233368812895__11	2	11	6	20	30	13	18	8
CGTTAATAGA__0.454204596652465__15	8	6	20	20	30	13	18	9
GCTTAATGAG__0.454201856595876__13	25	6	20	20	30	18	8	8
GCGTAAATGC__0.454181290209297__24	25	8	6	20	36	30	18	13
TGCTAAATTG__0.453980573848265__13	13	25	18	20	36	30	30	9
TCTTAAACTG__0.453713782990188__15	9	6	20	20	36	6	11	2
TTATAATAGG__0.453569534148892__11	20	13	13	20	30	13	18	8
AGATAATCGG__0.453514131497094__10	9	7	13	20	30	7	31	2
AGTTAATTTG__0.45348328721915__13	11	6	20	20	30	30	36	9
CTCTAAATGT__0.453375771011515__10	8	9	18	20	36	30	18	6
TTCTAATGGT__0.4533577800746__9	12	9	18	20	30	18	8	8
TCTTAATGGT__0.452684671795382__9	9	6	20	20	30	18	8	8
CCGTAATCGT__0.452684216376585__9	2	8	6	20	30	7	31	8
ACGTAATGGT__0.452675386860901__9	8	8	6	20	30	18	8	8
GTTTAAACGG__0.452477480340589__19	6	36	20	20	36	6	8	2
GTATAAACGA__0.452183497182036__21	6	13	13	20	36	6	8	31
TACTAAATTG__0.452180179921837__9	6	11	18	20	36	30	30	9
TACTAATAGT__0.451995701745748__9	6	11	18	20	30	13	18	11
GATTAAACGG__0.45196896327499__13	7	30	20	20	36	6	8	2
GCATAAATGC__0.451897041068971__19	13	18	13	20	36	30	18	13
CAATAATTGA__0.451853841633681__11	9	30	13	20	30	30	9	8
GGCTAATCGC__0.451834500624971__20	45	25	18	20	30	7	31	25
TAGTAAACGA__0.451786075703179__20	18	11	6	20	36	6	8	31
CGTTAAAGGG__0.451763740963768__12	8	6	20	20	36	6	8	13
TCTTAAATGC__0.451748239784938__18	9	6	20	20	36	30	18	13
GCTTAATGAC__0.451280717522756__17	25	6	20	20	30	18	8	8
GCCTAAATTG__0.450940233185706__10	45	8	18	20	36	30	30	9
GACTAATTAG__0.45079909004759__9	8	11	18	20	30	30	20	18
TGTTAAATAG__0.450694036688151__19	6	6	20	20	36	30	13	18
TGGTAAACGA__0.450585527527286__24	8	8	6	20	36	6	8	31
ATGTAATTGT__0.450427997010574__12	18	6	6	20	30	30	9	6
TGATAATAGT__0.45004906938039__10	8	7	13	20	30	13	18	11
AGTTAATCGA__0.449564965059432__14	11	6	20	20	30	7	31	31
GGATAATCGT__0.449274881205762__14	5	7	13	20	30	7	31	8
CTGTAAACGT__0.449037589281139__15	2	6	6	20	36	6	8	8
TCGTAATAGG__0.448977773208327__11	31	8	6	20	30	13	18	8
GACTAATCGC__0.44894100940244__13	8	11	18	20	30	7	31	25
AGTTAAATAC__0.448647437379857__21	11	6	20	20	36	30	13	6
GGTTAAATGC__0.448640610617179__29	8	6	20	20	36	30	18	13
CCTTAAACAC__0.448613485718912__23	8	6	20	20	36	6	6	17
ACATAATGGC__0.447956772462212__9	6	18	13	20	30	18	8	45
GGATAAATGA__0.447821694506328__20	5	7	13	20	36	30	18	8
AGCTAATAGT__0.447735275787456__11	25	25	18	20	30	13	18	11
GTATAATTGT__0.447448594871793__15	6	13	13	20	30	30	9	6
CGATAAATGT__0.447414577214628__11	31	7	13	20	36	30	18	6
GTCTAATCGG__0.447293207195792__12	8	9	18	20	30	7	31	2
GGGTAATGGG__0.447288712166398__21	13	8	6	20	30	18	8	13
CGATAAATTG__0.447288639837799__10	31	7	13	20	36	30	30	9
AGATAAACTG__0.447266279236413__15	9	7	13	20	36	6	11	2
TGATAAACTG__0.447230486939778__16	8	7	13	20	36	6	11	2
TCCTAAATTG__0.447013066836761__9	5	8	18	20	36	30	30	9
ACCTAATCGC__0.446959627055051__10	8	8	18	20	30	7	31	25
ACCTAAAACG__0.446858785771098__12	8	8	18	20	36	36	6	8
GCGTAATGGT__0.446796140326622__13	25	8	6	20	30	18	8	8
CCCTAAACAC__0.446795207903057__22	13	8	18	20	36	6	6	17
TCGTAATAGC__0.446662012565906__14	31	8	6	20	30	13	18	25
CTATAAATGA__0.446575372914237__12	18	13	13	20	36	30	18	8
CTGTAATGGG__0.446475464183888__9	2	6	6	20	30	18	8	13
TTCTAAATGA__0.445656140152655__13	12	9	18	20	36	30	18	8
TCTTAATCGG__0.445431073903805__10	9	6	20	20	30	7	31	2
TGATAATCGA__0.445335728395023__12	8	7	13	20	30	7	31	31
ATATAATGGC__0.445000987661051__12	13	13	13	20	30	18	8	45
AGATAATCGA__0.444970424792593__11	9	7	13	20	30	7	31	31
AAATAATTGC__0.444422861030982__12	36	30	13	20	30	30	9	13
CGGTAAATGT__0.444380751252994__14	2	8	6	20	36	30	18	6
GGATAAATGC__0.443754114751819__22	5	7	13	20	36	30	18	13
TTGTAAACGA__0.443524816108619__22	9	6	6	20	36	6	8	31
ACTTAATAAC__0.443258796886128__16	11	6	20	20	30	13	20	6
AATTAAACGT__0.443075592094726__12	30	30	20	20	36	6	8	8
TTATAAAACG__0.442858650074294__14	20	13	13	20	36	36	6	8
GAATAATTGC__0.442773704984432__14	12	30	13	20	30	30	9	13
AAGTAAACGT__0.442580876655017__13	6	11	6	20	36	6	8	8
CTTTAAACGG__0.442529084279848__12	6	36	20	20	36	6	8	2
GCTTAATCGG__0.442180634920067__12	25	6	20	20	30	7	31	2
TCGTAATGGC__0.441786673081906__11	31	8	6	20	30	18	8	45
CGATAAACTG__0.441316594887957__13	31	7	13	20	36	6	11	2
AGTTAAATTG__0.441274625776953__13	11	6	20	20	36	30	30	9
TGCTAATGAC__0.441240800978516__15	13	25	18	20	30	18	8	8
CTATAAACTG__0.441058871335181__12	18	13	13	20	36	6	11	2
CCCTAAAACG__0.440768471584625__11	13	8	18	20	36	36	6	8
GCATAATGGA__0.440541367783545__9	13	18	13	20	30	18	8	5
CATTAATTGA__0.440495155133338__10	18	30	20	20	30	30	9	8
GCTTAAATGT__0.440117838100054__14	25	6	20	20	36	30	18	6
GGATAATAGC__0.439904732791077__14	5	7	13	20	30	13	18	25
ATATAATTGA__0.439870821610551__12	13	13	13	20	30	30	9	8
ATTTAATTGC__0.439840742071378__13	30	36	20	20	30	30	9	13
TACTAAAAGG__0.439688751385729__9	6	11	18	20	36	36	6	8
GTGTAATTGA__0.439529012160145__17	17	6	6	20	30	30	9	8
CTGTAATAGG__0.439479807344451__10	2	6	6	20	30	13	18	8
TTCTAAATGC__0.439360020558409__15	12	9	18	20	36	30	18	13
TGTTAATGGA__0.439312637512557__13	6	6	20	20	30	18	8	5
TTTTAATTGG__0.437737682844729__12	36	36	20	20	30	30	9	8
GGCTAATGTG__0.437422081918406__12	45	25	18	20	30	18	6	17
CGGTAATCGT__0.437265957660662__13	2	8	6	20	30	7	31	8
GCATAAATGA__0.437047025718658__14	13	18	13	20	36	30	18	8
GGTTAATGTG__0.437033752677629__16	8	6	20	20	30	18	6	17
GGATAAATGT__0.43675444391553__16	5	7	13	20	36	30	18	6
GTATAATCGG__0.436598117222002__14	6	13	13	20	30	7	31	2
GGATAATCGA__0.436356643720245__14	5	7	13	20	30	7	31	31
GGCTAATGGA__0.436267451239267__11	45	25	18	20	30	18	8	5
TATTAAACGT__0.436212483038445__13	13	30	20	20	36	6	8	8
TTTTAAACGG__0.435811749133781__15	36	36	20	20	36	6	8	2
TACTAAACAC__0.435709131269404__21	6	11	18	20	36	6	6	17
TCTTAATCGC__0.435692988306222__13	9	6	20	20	30	7	31	25
CAGTAAACGC__0.435653234392796__18	2	11	6	20	36	6	8	25
AGCTAAACTG__0.435652755108497__15	25	25	18	20	36	6	11	2
CGCTAAACAG__0.435525141151874__15	25	25	18	20	36	6	6	2
GGTTAAATTG__0.43549160207416__18	8	6	20	20	36	30	30	9
GCATAAATGT__0.435456702828146__12	13	18	13	20	36	30	18	6
AGATAAATGA__0.43526957669161__13	9	7	13	20	36	30	18	8
GGATAAACTG__0.434946108992737__17	5	7	13	20	36	6	11	2
GAGTAAACGT__0.434882803997933__15	8	11	6	20	36	6	8	8
CACTAATCTC__0.434715369650647__10	17	11	18	20	30	7	9	8
TCTTAAATTG__0.434692155042507__10	9	6	20	20	36	30	30	9
AAATAAACGA__0.434662100632294__12	36	30	13	20	36	6	8	31
AGCTAATGAG__0.434610305040442__9	25	25	18	20	30	18	8	8
GGTTAAATGT__0.434511178024566__20	8	6	20	20	36	30	18	6
GACTAAACTG__0.434285889882027__12	8	11	18	20	36	6	11	2
TGATAATAGC__0.434208871302805__11	8	7	13	20	30	13	18	25
CCGTAAATGC__0.434094214449347__13	2	8	6	20	36	30	18	13
AGCTAAATAC__0.433828183580659__16	25	25	18	20	36	30	13	6
ATCTAATCGA__0.433771054754999__10	7	9	18	20	30	7	31	31
AGCTAAATGT__0.433733684191869__11	25	25	18	20	36	30	18	6
GGCTAATAGA__0.433711960811744__15	45	25	18	20	30	13	18	9
GGCTAATGAG__0.433450725253272__12	45	25	18	20	30	18	8	8
TGCTAATTAC__0.433280801153336__14	13	25	18	20	30	30	20	6
CTGTAAATGG__0.433098650591291__11	2	6	6	20	36	30	18	8
CGCTAAAAGG__0.432927345081473__10	25	25	18	20	36	36	6	8
GTCTAAATGA__0.432793407712381__13	8	9	18	20	36	30	18	8
AGCTAATTTG__0.432683674088723__9	25	25	18	20	30	30	36	9
TCCTAAACTG__0.432645733810087__12	5	8	18	20	36	6	11	2
TACTAATTAC__0.432447551380623__11	6	11	18	20	30	30	20	6
TACTAATGAC__0.432444013942847__11	6	11	18	20	30	18	8	8
TCATAATAGC__0.432237308458034__10	8	18	13	20	30	13	18	25
AGGTAAATGC__0.432122838333243__18	8	8	6	20	36	30	18	13
CGCTAATATG__0.432085830236196__9	25	25	18	20	30	13	13	18
GGCTAAATTG__0.431994759500285__13	45	25	18	20	36	30	30	9
AATTAAAAAC__0.431897821196173__16	30	30	20	20	36	36	36	6
TCGTAAATGC__0.431875828551999__15	31	8	6	20	36	30	18	13
GGTTAATGGT__0.431868179214258__14	8	6	20	20	30	18	8	8
TGGTAAATGA__0.431513332958189__19	8	8	6	20	36	30	18	8
AGATAATCGC__0.431505917024654__12	9	7	13	20	30	7	31	25
AGTTAATCGC__0.431433870343242__14	11	6	20	20	30	7	31	25
CTATAAATGT__0.431405086412515__9	18	13	13	20	36	30	18	6
AGCTAATCGC__0.431343651908994__13	25	25	18	20	30	7	31	25
ACATAAACTG__0.431162489524425__11	6	18	13	20	36	6	11	2
CTCTAATCGC__0.431162280540976__11	8	9	18	20	30	7	31	25
CGCTAATGAC__0.431149244529188__12	25	25	18	20	30	18	8	8
GCATAATCGA__0.431077940910098__11	13	18	13	20	30	7	31	31
TGGTAATGGT__0.430926620241322__14	8	8	6	20	30	18	8	8
TGATAAATGC__0.430107093202588__16	8	7	13	20	36	30	18	13
GGGTAATTAG__0.429932497333697__20	13	8	6	20	30	30	20	18
TACTAATAGA__0.429920559342547__9	6	11	18	20	30	13	18	9
TTATAATGGC__0.429674059112911__11	20	13	13	20	30	18	8	45
GACTAATGAC__0.429281338291542__11	8	11	18	20	30	18	8	8
TGTTAATGTG__0.429050930367582__13	6	6	20	20	30	18	6	17
TAGTAATGGC__0.429039385945995__11	18	11	6	20	30	18	8	45
GCTTAATTTG__0.429008769164554__11	25	6	20	20	30	30	36	9
CACTAATGAC__0.428901499110455__10	17	11	18	20	30	18	8	8
ACGTAATCGT__0.428730781574339__9	8	8	6	20	30	7	31	8
ATTTAATTGG__0.428712904842985__9	30	36	20	20	30	30	9	8
CACTAATTAA__0.428225694213721__9	17	11	18	20	30	30	20	20
GTATAATGGG__0.428150406647333__11	6	13	13	20	30	18	8	13
AACTAAATAC__0.428140736220033__12	6	11	18	20	36	30	13	6
AGTTAAACAC__0.427580520448539__23	11	6	20	20	36	6	6	17
ATGTAAACGA__0.425774809805586__17	18	6	6	20	36	6	8	31
TGCTAATCAC__0.425147790535857__15	13	25	18	20	30	7	8	17
GCCTAAATAC__0.424809932028362__13	45	8	18	20	36	30	13	6
CATTAAACGC__0.424608367164863__14	18	30	20	20	36	6	8	25
CGGTAAGTGG__0.423545358679997__9	2	8	6	20	6	11	17	8
ATTTAATTGA__0.422844795734373__10	30	36	20	20	30	30	9	8
TTTTAATTGC__0.422817921993163__13	36	36	20	20	30	30	9	13
GTTTAATTGC__0.422693075868331__14	6	36	20	20	30	30	9	13
CGCTAATCAC__0.422542268317181__13	25	25	18	20	30	7	8	17
TCTTAATAGA__0.422235212288105__10	9	6	20	20	30	13	18	9
AGGTAATAGG__0.422216730325449__12	8	8	6	20	30	13	18	8
ACTTAAACTA__0.42221106386407__12	11	6	20	20	36	6	11	18
AGTTAATAGT__0.421987416466118__10	11	6	20	20	30	13	18	11
CGTTAAACAC__0.421980111420058__22	8	6	20	20	36	6	6	17
GGTTAAATGA__0.421688392752764__20	8	6	20	20	36	30	18	8
TGTTAAATAC__0.421652687912479__20	6	6	20	20	36	30	13	6
TGTTAATTTG__0.420963812919517__13	6	6	20	20	30	30	36	9
CGATAATTAC__0.420570127208964__10	31	7	13	20	30	30	20	6
GCTTAAACAC__0.420111521785913__21	25	6	20	20	36	6	6	17
CGATAAACAC__0.419638689674948__19	31	7	13	20	36	6	6	17
AGTTAAATAG__0.419460832886851__11	11	6	20	20	36	30	13	18
TGCTAAAAGG__0.419428306330102__11	13	25	18	20	36	36	6	8
AGTTAATAGA__0.419322035727726__11	11	6	20	20	30	13	18	9
CGGTAATGGA__0.41877610478749__9	2	8	6	20	30	18	8	5
TGGTAAATGC__0.41866495288984__19	8	8	6	20	36	30	18	13
TAGTAATCGT__0.418167618529534__10	18	11	6	20	30	7	31	8
GGATAATGGA__0.418038096406307__9	5	7	13	20	30	18	8	5
TGCTAAATCG__0.417732143616231__10	13	25	18	20	36	30	7	31
TCTTAATCGA__0.416922769936074__9	9	6	20	20	30	7	31	31
AGGTAATCGT__0.416510122065466__12	8	8	6	20	30	7	31	8
ATGTAAACGT__0.416497807774717__13	18	6	6	20	36	6	8	8
GGCTAAACTG__0.416480740213059__16	45	25	18	20	36	6	11	2
CACTAAACAG__0.416364736877427__10	17	11	18	20	36	6	6	2
GCTTAATAGT__0.416249182154908__10	25	6	20	20	30	13	18	11
TGGTAATAGC__0.416145510733063__17	8	8	6	20	30	13	18	25
GGGTAAACGA__0.416010315077385__22	13	8	6	20	36	6	8	31
CGTTAATTAG__0.415360967137303__9	8	6	20	20	30	30	20	18
CACTAAACAT__0.41524685379666__11	17	11	18	20	36	6	6	18
AGCTAATCGA__0.41500854440814__9	25	25	18	20	30	7	31	31
CGGTAATCGC__0.414544510974781__14	2	8	6	20	30	7	31	25
AGATAAATAC__0.414192116633191__13	9	7	13	20	36	30	13	6
AACTAAACAC__0.41396077180103__17	6	11	18	20	36	6	6	17
ATATAAATGA__0.413401563214715__10	13	13	13	20	36	30	18	8
ACTTAAACAA__0.413287490372089__14	11	6	20	20	36	6	6	9
TGGTAATGGC__0.41326632677735__14	8	8	6	20	30	18	8	45
TCTTAAATGT__0.413060691301478__9	9	6	20	20	36	30	18	6
GGCTAAATAC__0.412560211859124__16	45	25	18	20	36	30	13	6
CAATAATCGC__0.412385850720836__10	9	30	13	20	30	7	31	25
ACGTAAATGA__0.412310676678605__10	8	8	6	20	36	30	18	8
ACTTAAAGAC__0.412119187583835__10	11	6	20	20	36	6	9	8
GACTAAACAC__0.411704838320602__17	8	11	18	20	36	6	6	17
GGATAATAGT__0.411615938707782__9	5	7	13	20	30	13	18	11
CATTAATAGC__0.411554102364303__9	18	30	20	20	30	13	18	25
CGTTAATGAC__0.411517380170016__11	8	6	20	20	30	18	8	8
ATTTAAACGT__0.411320929805466__11	30	36	20	20	36	6	8	8
GGCTAATTAG__0.411107033021788__10	45	25	18	20	30	30	20	18
GGCTAATTTG__0.410863379709357__10	45	25	18	20	30	30	36	9
ACTTAATATC__0.410216840287171__9	11	6	20	20	30	13	13	7
CCATAAATAC__0.410138850216773__10	8	18	13	20	36	30	13	6
CGCTAATTAA__0.40994455021474__9	25	25	18	20	30	30	20	20
ACTTAATGCA__0.40956846609117__9	11	6	20	20	30	18	13	13
GGGTAAACGC__0.409497726241713__22	13	8	6	20	36	6	8	25
GTCTAATAGC__0.409186957592902__11	8	9	18	20	30	13	18	25
GAGTAAACGA__0.409047449793507__14	8	11	6	20	36	6	8	31
CCTTAAATAC__0.409042165806542__11	8	6	20	20	36	30	13	6
TATTAAACGG__0.407946816079446__9	13	30	20	20	36	6	8	2
GTGTAATTAG__0.407685892056635__12	17	6	6	20	30	30	20	18
GGTTAATCGC__0.407023338071146__16	8	6	20	20	30	7	31	25
TCTTAAATAC__0.406533237825443__12	9	6	20	20	36	30	13	6
CTCTAAACTG__0.406325362642715__9	8	9	18	20	36	6	11	2
AGGTAATTTG__0.405723592574872__10	8	8	6	20	30	30	36	9
GCGTAATTTG__0.405643217551529__10	25	8	6	20	30	30	36	9
TGTTAAATTG__0.405452716232588__12	6	6	20	20	36	30	30	9
TTCTAATCGC__0.405120307295344__10	12	9	18	20	30	7	31	25
TGATAATCGC__0.405074543439911__10	8	7	13	20	30	7	31	25
GCTTAATGTC__0.404960451473612__9	25	6	20	20	30	18	6	8
TGGTAATCGG__0.40489918333032__13	8	8	6	20	30	7	31	2
CGGTAATAGG__0.404674970778332__9	2	8	6	20	30	13	18	8
GTATAATGGA__0.404354636895569__9	6	13	13	20	30	18	8	5
ATGTAATCGT__0.404120323006645__9	18	6	6	20	30	7	31	8
AAGTAAACGA__0.404015451231337__11	6	11	6	20	36	6	8	31
AATTAAACGA__0.403239392877597__10	30	30	20	20	36	6	8	31
AGATAAACAC__0.403088879882381__17	9	7	13	20	36	6	6	17
GATTAAACGT__0.402108000867832__9	7	30	20	20	36	6	8	8
GAATAAACGA__0.402100210001421__10	12	30	13	20	36	6	8	31
ACCTAAATAC__0.402079024995497__9	8	8	18	20	36	30	13	6
GTGTAAACGA__0.401691245043624__17	17	6	6	20	36	6	8	31
AGTTAATGAC__0.401494747513379__10	11	6	20	20	30	18	8	8
ACATAAACAC__0.401452389857312__15	6	18	13	20	36	6	6	17
GGCTAAATAG__0.400946304953718__10	45	25	18	20	36	30	13	18
ATCTAAATGC__0.400503963533404__10	7	9	18	20	36	30	18	13
GAGTAATTAT__0.399982287967091__9	8	11	6	20	30	30	20	13
AGGTAATAGC__0.39957662893414__12	8	8	6	20	30	13	18	25
GCGTAATAGC__0.399556039898296__12	25	8	6	20	30	13	18	25
GCGTAATGGC__0.399269941176483__10	25	8	6	20	30	18	8	45
CACTAAACTA__0.398718342463743__9	17	11	18	20	36	6	11	18
CGGTAAATGC__0.398413694225478__12	2	8	6	20	36	30	18	13
CTGTAAACGC__0.398391727156945__13	2	6	6	20	36	6	8	25
ACTTAAACAG__0.398224538820402__9	11	6	20	20	36	6	6	2
GTGTAATCGT__0.398151261717681__12	17	6	6	20	30	7	31	8
CACTAAACTC__0.397863579583949__10	17	11	18	20	36	6	11	8
GCGTAATCGT__0.397859741460003__10	25	8	6	20	30	7	31	8
CGTTAAAAGG__0.397515386156209__9	8	6	20	20	36	36	6	8
TATTAATTGC__0.397076228416217__9	13	30	20	20	30	30	9	13
TTATAAATGA__0.396995157157658__9	20	13	13	20	36	30	18	8
CAGTAAATGC__0.396982253042775__11	2	11	6	20	36	30	18	13
CTATAATCGC__0.396867239524954__9	18	13	13	20	30	7	31	25
CGGTAAACTG__0.396691622507172__10	2	8	6	20	36	6	11	2
GGGTAATCGT__0.396586736724373__16	13	8	6	20	30	7	31	8
TGCTAAACAC__0.396560409216013__18	13	25	18	20	36	6	6	17
ACGTAATCGC__0.395320188556682__9	8	8	6	20	30	7	31	25
GATTAAACGA__0.394773657462081__10	7	30	20	20	36	6	8	31
CTCTAAATAC__0.394641425816633__9	8	9	18	20	36	30	13	6
GTGTAATAGG__0.394506161216655__11	17	6	6	20	30	13	18	8
AATTAAAGCC__0.393930928358613__11	30	30	20	20	36	6	25	45
GTCTAATCGC__0.393907924796811__10	8	9	18	20	30	7	31	25
GCTTAATGAA__0.393443803743509__9	25	6	20	20	30	18	8	12
TTATAAACAC__0.393392662271885__14	20	13	13	20	36	6	6	17
GTGTAAAACG__0.392421812269404__14	17	6	6	20	36	36	6	8
GGGTAATCGG__0.3924188550653__15	13	8	6	20	30	7	31	2
ACTTAATCAC__0.392398149988313__9	11	6	20	20	30	7	8	17
GCGTAAATTG__0.392319208883528__9	25	8	6	20	36	30	30	9
TTATAAATGC__0.391938365132236__10	20	13	13	20	36	30	18	13
ACTTAATGCC__0.391208412979458__9	11	6	20	20	30	18	13	45
TGGTAAACTG__0.391108172473776__12	8	8	6	20	36	6	11	2
TCGTAATCGC__0.390794391048585__9	31	8	6	20	30	7	31	25
GCTTAATCAC__0.39057930298607__11	25	6	20	20	30	7	8	17
ACTTAATACC__0.390477471650506__12	11	6	20	20	30	13	6	8
CGGTAATAGC__0.390044089127621__10	2	8	6	20	30	13	18	25
GGTTAATAGA__0.389481494979679__12	8	6	20	20	30	13	18	9
GCGTAATCGG__0.389330238081855__9	25	8	6	20	30	7	31	2
GCGTAAATGA__0.388513777529236__11	25	8	6	20	36	30	18	8
GTGTAAATGA__0.388482126203841__14	17	6	6	20	36	30	18	8
AGCTAAACAC__0.388375878009097__16	25	25	18	20	36	6	6	17
AATTAATAAC__0.388344256089381__10	30	30	20	20	30	13	20	6
GGTTAATGAG__0.388200982855393__10	8	6	20	20	30	18	8	8
GTATAAATGC__0.388168799400166__12	6	13	13	20	36	30	18	13
ACTTAAACAT__0.388079921492573__9	11	6	20	20	36	6	6	18
CGTTAATCAC__0.387678845407708__10	8	6	20	20	30	7	8	17
TTGTAATCGT__0.387490796930367__9	9	6	6	20	30	7	31	8
AATTAAACGC__0.386795027068501__10	30	30	20	20	36	6	8	25
GGGTAATGAG__0.386512666941485__13	13	8	6	20	30	18	8	8
TTTTAAATGG__0.386421956887169__9	36	36	20	20	36	30	18	8
GGATAATCGC__0.38612273075325__10	5	7	13	20	30	7	31	25
AGGTAAATGA__0.385987139955988__10	8	8	6	20	36	30	18	8
TGGTAATTTG__0.385103173793018__10	8	8	6	20	30	30	36	9
TCTTAATCAC__0.384891662181517__9	9	6	20	20	30	7	8	17
CAATAAACAC__0.383653383210224__12	9	30	13	20	36	6	6	17
GGGTAAATGC__0.383545114158584__17	13	8	6	20	36	30	18	13
TTATAATCGC__0.383095672040206__9	20	13	13	20	30	7	31	25
TCTTAAACAC__0.382862993637742__13	9	6	20	20	36	6	6	17
CGTTAAACAT__0.38265783034295__11	8	6	20	20	36	6	6	18
ACTTAAACTC__0.382365951954863__9	11	6	20	20	36	6	11	8
GGTTAATCGA__0.382045308017792__11	8	6	20	20	30	7	31	31
GTTTAATAAC__0.381434530349172__12	6	36	20	20	30	13	20	6
TTATAAACCG__0.381330917834349__9	20	13	13	20	36	6	8	2
TAGTAATCGC__0.380582758535428__9	18	11	6	20	30	7	31	25
ACTTAACAGC__0.380487841937035__9	11	6	20	20	6	6	2	25
TCCTAAACAC__0.380136227518804__13	5	8	18	20	36	6	6	17
TAGTAAAACG__0.379921822988572__9	18	11	6	20	36	36	6	8
TTTTAAACGA__0.379605554329488__11	36	36	20	20	36	6	8	31
CGCTAAAAGC__0.379213260424305__9	25	25	18	20	36	36	6	25
TGGTAAATGT__0.378610851077498__10	8	8	6	20	36	30	18	6
TGCTAAAACG__0.378341399693304__9	13	25	18	20	36	36	6	8
AATTAAAACA__0.378183123053068__10	30	30	20	20	36	36	6	6
AAGTAAACGC__0.377948300514796__10	6	11	6	20	36	6	8	25
TATTAAACGC__0.37710618578536__10	13	30	20	20	36	6	8	25
GGGTAAATGA__0.375225102174389__14	13	8	6	20	36	30	18	8
GCTTAAATAC__0.374564414835509__10	25	6	20	20	36	30	13	6
ATGTAAATGA__0.37420638058853__9	18	6	6	20	36	30	18	8
ATTTAAACGA__0.374031595931269__9	30	36	20	20	36	6	8	31
CTGTAAATGC__0.373678802174639__9	2	6	6	20	36	30	18	13
GTTTAAATGC__0.373250623832109__12	6	36	20	20	36	30	18	13
TGATAAACAC__0.373060546189705__13	8	7	13	20	36	6	6	17
GGGTAATAGC__0.372952371933067__14	13	8	6	20	30	13	18	25
GGTTAATTAG__0.372852364564763__9	8	6	20	20	30	30	20	18
TGGTAATCGC__0.372601805641984__12	8	8	6	20	30	7	31	25
TTATAATCAC__0.372270047721077__9	20	13	13	20	30	7	8	17
TGATAAATAC__0.371768612983985__9	8	7	13	20	36	30	13	6
GGGTAATGGA__0.371237860710698__10	13	8	6	20	30	18	8	5
GTGTAATAGT__0.37123485552968__9	17	6	6	20	30	13	18	11
CGTTAAACTA__0.37104897481922__9	8	6	20	20	36	6	11	18
AATTAAACAC__0.371019353889975__11	30	30	20	20	36	6	6	17
GGGTAATCGC__0.370603099292712__15	13	8	6	20	30	7	31	25
GTGTAATAGC__0.368265232834701__10	17	6	6	20	30	13	18	25
TAGTAAATGC__0.365861309076981__9	18	11	6	20	36	30	18	13
TGTTAAACAC__0.365178248274479__14	6	6	20	20	36	6	6	17
GGGTAATGGC__0.36489135579195__11	13	8	6	20	30	18	8	45
AGTTAAAAGC__0.363102389217147__9	11	6	20	20	36	36	6	25
TTGTAAACGC__0.363097921515516__11	9	6	6	20	36	6	8	25
GGCTAAAACG__0.362140994979586__9	45	25	18	20	36	36	6	8
GGTTAATGAC__0.360174305828502__9	8	6	20	20	30	18	8	8
GGGTAATGGT__0.360169493791498__9	13	8	6	20	30	18	8	8
CTCTAAACAC__0.35924640430858__10	8	9	18	20	36	6	6	17
GTTTAATACC__0.357630018211272__11	6	36	20	20	30	13	6	8
TGGTAATTAC__0.357510457094072__9	8	8	6	20	30	30	20	6
AATTAAAACC__0.357426555315811__9	30	30	20	20	36	36	6	8
CCATAAACAC__0.356773464900353__9	8	18	13	20	36	6	6	17
GCTTAATACC__0.355248015259946__10	25	6	20	20	30	13	6	8
CGGTAAACAC__0.351461367777692__10	2	8	6	20	36	6	6	17
TTTTAAACGC__0.351282372007804__9	36	36	20	20	36	6	8	25
GGGTAATTTG__0.351003394770115__9	13	8	6	20	30	30	36	9
ATGTAAACGC__0.350412071148845__9	18	6	6	20	36	6	8	25
ACTTAACACC__0.349694297661682__10	11	6	20	20	6	6	17	8
GGGTAATAGG__0.347621652496196__9	13	8	6	20	30	13	18	8
GTGTAAATGC__0.346518730189919__10	17	6	6	20	36	30	18	13
GGTTAAATAC__0.345494930573736__10	8	6	20	20	36	30	13	6
GCCTAAACAC__0.345256848957349__9	45	8	18	20	36	6	6	17
GGGTAAACTG__0.343774067495966__9	13	8	6	20	36	6	11	2
GTTTAAACCA__0.337863195758856__9	6	36	20	20	36	6	8	8
GGATAAACAC__0.333139975341504__9	5	7	13	20	36	6	6	17
GTTTAAACCC__0.324740216009614__9	6	36	20	20	36	6	8	13
GGCTAAACAC__0.324003254798251__9	45	25	18	20	36	6	6	17
