CCCCCATCCC__1__87	13	13	13	8	18	7	5	13
AACACATGTT__0.894835073943115__24	6	6	17	6	18	18	6	6
TTGTCATGTT__0.868881079739596__43	9	6	8	8	18	18	6	6
AACACATGTA__0.866187660373661__26	6	6	17	6	18	18	6	6
CCCCCATTCC__0.840022712058154__35	13	13	13	8	18	30	12	5
AAATCATGTT__0.833885877128856__24	36	30	7	8	18	18	6	6
AAAACATGTG__0.808807028033695__18	36	36	6	6	18	18	6	17
CCACCATTTA__0.789668328299834__16	8	17	8	8	18	30	36	20
ATGTCATGTT__0.787346317789525__28	18	6	8	8	18	18	6	6
ACAACATGTT__0.784313238618237__16	6	9	6	6	18	18	6	6
CCCCCATTTT__0.777196098839068__14	13	13	13	8	18	30	36	36
ACATCATGTT__0.776222246535225__16	6	18	7	8	18	18	6	6
AACACATGTC__0.775974031483609__18	6	6	17	6	18	18	6	8
CCCTCTTTCC__0.769545635666363__19	13	8	8	9	6	36	12	5
ACAACATGTA__0.769273386750845__18	6	9	6	6	18	18	6	6
AACTCATGTT__0.767837575192782__16	6	11	8	8	18	18	6	6
ACAACATTGT__0.767002031134792__14	6	9	6	6	18	30	9	6
CCCTCCTCCC__0.766927014648889__47	13	8	8	5	8	8	5	13
TTGTCATGTA__0.766598687099036__33	9	6	8	8	18	18	6	6
ACCACATTTT__0.765198899721774__15	8	8	17	6	18	30	36	36
CCACCATTGT__0.764026769652867__11	8	17	8	8	18	30	9	6
ACATCGTGTT__0.758061057391356__13	6	18	7	31	8	17	6	6
AACTCTTGTT__0.757038698423424__11	6	11	8	9	6	9	6	6
TAATCATGTA__0.756893914210376__22	20	30	7	8	18	18	6	6
ATGTCATGTA__0.755811350378386__28	18	6	8	8	18	18	6	6
CCAACATTTC__0.755435351136562__16	8	9	6	6	18	30	36	12
GTGTCGTGTA__0.754370838764591__28	17	6	8	31	8	17	6	6
ACATCATGTA__0.750582569075456__17	6	18	7	8	18	18	6	6
ACAACATTTA__0.750267891532695__17	6	9	6	6	18	30	36	20
TACACATGTA__0.74983214069781__19	6	6	17	6	18	18	6	6
CCCTCTTCCC__0.748851983988987__26	13	8	8	9	6	12	5	13
ATGTCGTGTA__0.748696329543165__17	18	6	8	31	8	17	6	6
AACACATCGA__0.748507482677051__18	6	6	17	6	18	7	31	31
TACACATGTT__0.74799738454268__16	6	6	17	6	18	18	6	6
ACATCATTCG__0.746784461278546__16	6	18	7	8	18	30	12	31
CACTCTTTCC__0.74626187508225__17	17	11	8	9	6	36	12	5
ACAACATTTG__0.74399387342581__13	6	9	6	6	18	30	36	9
ACAACATTGG__0.743991520796491__11	6	9	6	6	18	30	9	8
CTTTCTTGTT__0.743606679471668__14	6	36	12	9	6	9	6	6
TACTCTTGGG__0.74272871504017__11	6	11	8	9	6	9	8	13
CCCCCATTTC__0.742012805675599__15	13	13	13	8	18	30	36	12
TTTTCATGTT__0.74069177433133__26	36	36	12	8	18	18	6	6
AAATCTTGTA__0.740138139639118__14	36	30	7	9	6	9	6	6
TTATCATGTT__0.736988301024022__24	20	13	7	8	18	18	6	6
TGTTCGTGTT__0.736428255066725__28	6	6	12	31	8	17	6	6
AACACATTTT__0.735693936212206__14	6	6	17	6	18	30	36	36
CCCACATTGT__0.734608756533361__12	13	8	17	6	18	30	9	6
CCCTCGTTCC__0.734481432736613__14	13	8	8	31	8	6	12	5
AAATCATGTA__0.734083483570989__19	36	30	7	8	18	18	6	6
CCCTCCTTCC__0.733651987481166__24	13	8	8	5	8	6	12	5
TTTTCTTGTT__0.732902953835384__20	36	36	12	9	6	9	6	6
AAAACATTTT__0.732897758413633__14	36	36	6	6	18	30	36	36
AAAACATGTA__0.731115358211381__17	36	36	6	6	18	18	6	6
CCCCCATCCA__0.729967861733249__27	13	13	13	8	18	7	5	8
CCCTCTTCCA__0.729253686388492__19	13	8	8	9	6	12	5	8
CCCTCATTTC__0.726831738389017__13	13	8	8	8	18	30	36	12
AAGTCGTGTT__0.726771591833089__13	6	11	8	31	8	17	6	6
ACATCATGTG__0.724908175769218__12	6	18	7	8	18	18	6	17
CACTCTTTAT__0.724807942326188__9	17	11	8	9	6	36	20	13
AAAACATGTT__0.723442785645938__14	36	36	6	6	18	18	6	6
CCCTCTTACC__0.720204432278956__19	13	8	8	9	6	20	6	8
ACGTCGTGGT__0.720184926094066__9	8	8	8	31	8	17	8	8
CCCCCATACT__0.72016771572971__16	13	13	13	8	18	13	6	11
TGTTCGTGTA__0.717924474959735__26	6	6	12	31	8	17	6	6
AGATCATGTT__0.717289922170511__16	9	7	7	8	18	18	6	6
CCCTCATACA__0.717244245459021__23	13	8	8	8	18	13	6	6
ACATCATTTG__0.716342750791744__13	6	18	7	8	18	30	36	9
GTTTCGTGTT__0.716210479031498__23	6	36	12	31	8	17	6	6
CACTCATTCC__0.715156550871023__21	17	11	8	8	18	30	12	5
ACATCTTGTA__0.714387688376271__12	6	18	7	9	6	9	6	6
ACAACATGTG__0.714028905045157__11	6	9	6	6	18	18	6	17
ACACCATTTA__0.713665271195926__13	6	17	8	8	18	30	36	20
CCACCATCCC__0.713029193829734__31	8	17	8	8	18	7	5	13
CACTCATGTT__0.710522413619603__12	17	11	8	8	18	18	6	6
TGTTCGTGGG__0.710126454169506__23	6	6	12	31	8	17	8	13
CACTCTTTTC__0.709643677028838__10	17	11	8	9	6	36	36	12
AACTCTTGTA__0.70953512332073__11	6	11	8	9	6	9	6	6
CTATCTTGTT__0.707920572415529__11	18	13	7	9	6	9	6	6
ACAACATTAC__0.706347916872174__19	6	9	6	6	18	30	20	6
GTATCATGTT__0.706211737103525__25	6	13	7	8	18	18	6	6
CCACCATTTT__0.705985243915539__9	8	17	8	8	18	30	36	36
CCCCCATACA__0.704831088873242__22	13	13	13	8	18	13	6	6
CCCTCCTTGT__0.70370811802837__10	13	8	8	5	8	6	9	6
CGATCATGTA__0.703362810597702__16	31	7	7	8	18	18	6	6
CAATCGTGTG__0.703175397861101__9	9	30	7	31	8	17	6	17
ACCCCATTTA__0.702551571404255__13	8	13	13	8	18	30	36	20
TGTTCATGTT__0.702144234474686__25	6	6	12	8	18	18	6	6
TATTCTTGTG__0.701870205922587__14	13	30	12	9	6	9	6	17
ACATCATTGT__0.70150612564248__12	6	18	7	8	18	30	9	6
CCCTCACCCT__0.701398892298371__29	13	8	8	8	17	8	13	8
TTCTCTTGTT__0.700715171007713__11	12	9	8	9	6	9	6	6
TGTTCTTGTT__0.70051107266739__18	6	6	12	9	6	9	6	6
CCCCCATGTA__0.700251493098768__12	13	13	13	8	18	18	6	6
CCCTCACTTT__0.700013503491529__14	13	8	8	8	17	11	6	36
ACAACATTTT__0.699594508094334__11	6	9	6	6	18	30	36	36
ACACCATGTC__0.698122770826968__13	6	17	8	8	18	18	6	8
CCCCCATCCT__0.69780118258803__18	13	13	13	8	18	7	5	8
TCGTCATGTT__0.697709391119775__17	31	8	8	8	18	18	6	6
CAAACATCGG__0.697671703506387__11	9	36	6	6	18	7	31	2
ACAACATACT__0.697543160113071__16	6	9	6	6	18	13	6	11
TTGTCGTGTT__0.697440471990089__18	9	6	8	31	8	17	6	6
CAAACATTTT__0.697365110617853__12	9	36	6	6	18	30	36	36
AAGTCGTGTA__0.697149568355644__12	6	11	8	31	8	17	6	6
TAATCATGTT__0.697127641490454__15	20	30	7	8	18	18	6	6
CCCTCATATA__0.697060543096517__15	13	8	8	8	18	13	13	13
CAATCATGTT__0.696953158217442__13	9	30	7	8	18	18	6	6
TTGTCGTGTA__0.696751835209933__18	9	6	8	31	8	17	6	6
GCGTCGTGTA__0.696486558375457__14	25	8	8	31	8	17	6	6
ACCCCATCCC__0.695717560267422__29	8	13	13	8	18	7	5	13
ACAACATACC__0.695421117004045__26	6	9	6	6	18	13	6	8
CAGTCGTGTA__0.695240394141671__11	2	11	8	31	8	17	6	6
CCACCATATA__0.695159905665254__15	8	17	8	8	18	13	13	13
ACATCATGTC__0.695115995277354__13	6	18	7	8	18	18	6	8
CCCCCATATC__0.694536294317527__15	13	13	13	8	18	13	13	7
AGATCTTGTT__0.69432969259176__10	9	7	7	9	6	9	6	6
ACCCCATCCA__0.694307280768177__23	8	13	13	8	18	7	5	8
ACATCATTTT__0.693951641467703__12	6	18	7	8	18	30	36	36
AAATCGTGTT__0.693595083752807__10	36	30	7	31	8	17	6	6
ATATCGTGTT__0.693168638880889__12	13	13	7	31	8	17	6	6
CCCTCAAATA__0.692914774661339__17	13	8	8	8	9	36	30	13
CCAACATCTA__0.691932009274393__15	8	9	6	6	18	7	9	18
TTCTCTTTCT__0.691912864670293__12	12	9	8	9	6	36	12	9
ACAACATACA__0.691736899078836__22	6	9	6	6	18	13	6	6
CCCTCCTTTC__0.691230215277723__14	13	8	8	5	8	6	36	12
AACTCTTTCC__0.691081812683313__15	6	11	8	9	6	36	12	5
CCCCCATACC__0.690720456714175__24	13	13	13	8	18	13	6	8
CCCTCACACC__0.690394372880426__37	13	8	8	8	17	6	17	8
ACATCTTGTT__0.688736381070998__9	6	18	7	9	6	9	6	6
GTTTCGTGGT__0.687939884065745__18	6	36	12	31	8	17	8	8
ACACCATACT__0.687093071575791__14	6	17	8	8	18	13	6	11
CACCCATCCC__0.686697878733243__28	17	8	13	8	18	7	5	13
CACTCTTACT__0.686513500905952__11	17	11	8	9	6	20	6	11
CACCCATCTA__0.686477188109091__14	17	8	13	8	18	7	9	18
AACACATTGT__0.685956704407412__11	6	6	17	6	18	30	9	6
CACACATTTC__0.685779761705764__13	17	6	17	6	18	30	36	12
CCACCATACA__0.68571644500953__19	8	17	8	8	18	13	6	6
AAACCATTGT__0.685599798320762__9	36	6	8	8	18	30	9	6
CACTCATTAC__0.685303376951145__16	17	11	8	8	18	30	20	6
CCCTCACCCC__0.684075659680353__45	13	8	8	8	17	8	13	13
TTGTCATGTG__0.684019070056888__20	9	6	8	8	18	18	6	17
TTATCATTCG__0.683643738776926__21	20	13	7	8	18	30	12	31
CCCCCATTCT__0.683642939591627__12	13	13	13	8	18	30	12	9
ACTCCATTGT__0.683606317624581__9	11	8	5	8	18	30	9	6
CACTCTTTAC__0.683360099318422__12	17	11	8	9	6	36	20	6
ACCCCATACC__0.683241670297903__23	8	13	13	8	18	13	6	8
CCCCCATCAC__0.683188611850197__20	13	13	13	8	18	7	8	17
TTTACATGTT__0.682896854562838__18	36	20	6	6	18	18	6	6
ACAACATCTT__0.682102891485189__12	6	9	6	6	18	7	9	6
TTCTCTTGTA__0.682053985383929__12	12	9	8	9	6	9	6	6
GTCTCGTGTT__0.681934339067567__12	8	9	8	31	8	17	6	6
AAAACATTGT__0.681612166834554__11	36	36	6	6	18	30	9	6
CCCCCATTAA__0.680279498068656__16	13	13	13	8	18	30	20	20
ACCTCATGTA__0.680159178070114__12	8	8	8	8	18	18	6	6
AGGTCGTGGG__0.680061910740387__13	8	8	8	31	8	17	8	13
CCAACATACA__0.680017909774208__20	8	9	6	6	18	13	6	6
ACCACATGTT__0.679268844651791__10	8	8	17	6	18	18	6	6
CTTACATTTT__0.678960545643649__13	6	20	6	6	18	30	36	36
GTTTCGTGGG__0.6787345675219__18	6	36	12	31	8	17	8	13
AACACATATA__0.678633943154666__16	6	6	17	6	18	13	13	13
CACTCTTCCC__0.678254324256684__19	17	11	8	9	6	12	5	13
CCCTCACTAC__0.677574802777332__21	13	8	8	8	17	11	18	6
ACATCGTTGT__0.67733016753577__9	6	18	7	31	8	6	9	6
ACACCATTCC__0.677278429904837__17	6	17	8	8	18	30	12	5
TAGTCATGTT__0.677173011648259__18	18	11	8	8	18	18	6	6
CCCACATTTC__0.676705708241951__12	13	8	17	6	18	30	36	12
TTCCCATTTT__0.675939350790801__11	12	5	13	8	18	30	36	36
CACTCATTAA__0.675113359962646__14	17	11	8	8	18	30	20	20
AAAACATATA__0.674947058434667__16	36	36	6	6	18	13	13	13
AAATCTTGTT__0.674591575933532__9	36	30	7	9	6	9	6	6
CCCTCACCTA__0.674541587683548__22	13	8	8	8	17	8	8	18
ACCTCTTTCC__0.674446149420999__13	8	8	8	9	6	36	12	5
AAAACATATG__0.674077916717184__13	36	36	6	6	18	13	13	18
TTTTCATGTA__0.674060674477787__22	36	36	12	8	18	18	6	6
ACACCATACA__0.673821184561672__19	6	17	8	8	18	13	6	6
GTGTCATGTT__0.673115793962297__24	17	6	8	8	18	18	6	6
TACACATTGT__0.672935046144719__12	6	6	17	6	18	30	9	6
ATGTCATGTC__0.672719978697652__19	18	6	8	8	18	18	6	8
ATATCATGTT__0.672389186227994__15	13	13	7	8	18	18	6	6
CCCTCATACT__0.672174530156142__13	13	8	8	8	18	13	6	11
GTGTCGTGTT__0.672067804851575__20	17	6	8	31	8	17	6	6
TTTTCGTGTA__0.671950527993977__18	36	36	12	31	8	17	6	6
CTCCCATCCC__0.671516373582906__26	8	5	13	8	18	7	5	13
ACCCCATTTC__0.670985710448215__11	8	13	13	8	18	30	36	12
CTATCTTTCT__0.670836202663271__11	18	13	7	9	6	36	12	9
AGGTCGTGTA__0.670336886693508__14	8	8	8	31	8	17	6	6
ATGTCGTGTT__0.670018804791596__12	18	6	8	31	8	17	6	6
GGATCGTGTT__0.669835942768255__14	5	7	7	31	8	17	6	6
AACTCATGTC__0.669813243405183__12	6	11	8	8	18	18	6	8
TACTCGTGTT__0.669170281467205__9	6	11	8	31	8	17	6	6
CCCACATACC__0.669139640121021__23	13	8	17	6	18	13	6	8
TAGTCGTGTA__0.669081329243592__13	18	11	8	31	8	17	6	6
CACTCATTTC__0.668265734415746__12	17	11	8	8	18	30	36	12
GCGTCGTGGG__0.667465827911612__11	25	8	8	31	8	17	8	13
CAAACATATT__0.667442989856244__13	9	36	6	6	18	13	13	30
GCGTCGTGTT__0.665437900264379__12	25	8	8	31	8	17	6	6
TCCCCATCCC__0.665329830611741__27	5	13	13	8	18	7	5	13
ACCCCATATC__0.6641724132765__13	8	13	13	8	18	13	13	7
CCGCCATACT__0.663624504668448__13	2	25	45	8	18	13	6	11
GTATCATGTA__0.662969397644707__23	6	13	7	8	18	18	6	6
CCCTTATTCT__0.662920148210224__11	13	8	6	20	13	30	12	9
ACACCATACC__0.662850295670072__21	6	17	8	8	18	13	6	8
AACTCTTGTC__0.662394379518057__9	6	11	8	9	6	9	6	8
TATTCATGTT__0.662287561641304__17	13	30	12	8	18	18	6	6
CCCACATATC__0.662214224263242__13	13	8	17	6	18	13	13	7
TTTTCGTGTT__0.661701116856448__17	36	36	12	31	8	17	6	6
ACCTCTTCCC__0.661681322862425__18	8	8	8	9	6	12	5	13
CCAACATACT__0.661368670037486__13	8	9	6	6	18	13	6	11
CAAACATTGT__0.66115684159807__10	9	36	6	6	18	30	9	6
TTTTCGTGTG__0.66111080619541__16	36	36	12	31	8	17	6	17
CACTCATGTC__0.660660914373472__11	17	11	8	8	18	18	6	8
AATTCATGTT__0.6604369345081__14	30	30	12	8	18	18	6	6
CGAACATTTT__0.660390414288385__10	31	12	6	6	18	30	36	36
CCCTCTTTAA__0.660199465977041__9	13	8	8	9	6	36	20	20
CCCTCTTACA__0.660195062676796__12	13	8	8	9	6	20	6	6
TACTCGTGTC__0.659278061182751__9	6	11	8	31	8	17	6	8
ATATCGTTGT__0.659138122698264__10	13	13	7	31	8	6	9	6
CCCTCCTCAC__0.6590952116035__23	13	8	8	5	8	8	8	17
GGGTCGTGGG__0.658971028663422__20	13	8	8	31	8	17	8	13
TTGTCTTGTA__0.657031413781781__16	9	6	8	9	6	9	6	6
ACAACATATC__0.656861782244213__13	6	9	6	6	18	13	13	7
AACTAATGTA__0.656564592730786__12	6	11	18	20	30	18	6	6
CGCCCATCCC__0.656189691983146__23	25	45	13	8	18	7	5	13
CCTTCTTTCC__0.655062769254524__13	8	6	12	9	6	36	12	5
ACATCATACT__0.654922985080095__13	6	18	7	8	18	13	6	11
GAAACATGTG__0.654863535781312__11	12	36	6	6	18	18	6	17
CGAACATGTA__0.654666892272672__12	31	12	6	6	18	18	6	6
TTCTCATGTT__0.654597842670376__13	12	9	8	8	18	18	6	6
ACAACATAGA__0.653068059905995__12	6	9	6	6	18	13	18	9
ATGTCTTGTT__0.652990647361309__12	18	6	8	9	6	9	6	6
TAATCGTGTA__0.652773476075716__10	20	30	7	31	8	17	6	6
ACACCATATT__0.652224300462398__11	6	17	8	8	18	13	13	30
CCACCATATT__0.652066827280492__10	8	17	8	8	18	13	13	30
CCCACATTCC__0.651951390140013__17	13	8	17	6	18	30	12	5
AACACATAAT__0.651167806211873__13	6	6	17	6	18	13	20	30
CCCACATTTA__0.650899827250856__11	13	8	17	6	18	30	36	20
TGTTCTTGGT__0.650676093650097__14	6	6	12	9	6	9	8	8
AGGTCTTGTT__0.650653316160729__12	8	8	8	9	6	9	6	6
TGTTCGTGGT__0.650610647800744__17	6	6	12	31	8	17	8	8
CCATCATGTT__0.650554806986335__9	8	18	7	8	18	18	6	6
CCCCCATATA__0.649476637106456__13	13	13	13	8	18	13	13	13
AACACATTTA__0.6492144179282__12	6	6	17	6	18	30	36	20
CTGTCGTGTT__0.649091242247083__9	2	6	8	31	8	17	6	6
AAAACATATT__0.648569396801569__12	36	36	6	6	18	13	13	30
TGTTCTTGTA__0.648324814308788__16	6	6	12	9	6	9	6	6
CCTTCATTGC__0.648308201487324__13	8	6	12	8	18	30	9	13
TAAACATATG__0.648241867771483__13	20	36	6	6	18	13	13	18
CTGTCTTGTT__0.648223459324171__10	2	6	8	9	6	9	6	6
CCAACATTAC__0.647767011729273__14	8	9	6	6	18	30	20	6
CAAACATGTT__0.647619931516047__10	9	36	6	6	18	18	6	6
CAAACATCGA__0.647540446802707__12	9	36	6	6	18	7	31	31
CCCACATCCA__0.64710874021602__18	13	8	17	6	18	7	5	8
TTGTCATTGT__0.646906249673779__19	9	6	8	8	18	30	9	6
AATTCGTGTT__0.646900265767477__11	30	30	12	31	8	17	6	6
AAAGCATGTA__0.646857967897857__13	36	6	25	13	18	18	6	6
CCATCATGTC__0.646802038678171__10	8	18	7	8	18	18	6	8
CCCCCATCCG__0.646471725547379__12	13	13	13	8	18	7	5	2
CCCTCCTCGC__0.646427806906118__15	13	8	8	5	8	8	31	25
ATGTCGTTGT__0.646287281561858__11	18	6	8	31	8	6	9	6
TGTTCGTTGG__0.646275895237377__18	6	6	12	31	8	6	9	8
TATTCATGTA__0.64556000009433__18	13	30	12	8	18	18	6	6
CGAACATTGT__0.645355324004681__9	31	12	6	6	18	30	9	6
TACTCATGTA__0.644641801199692__13	6	11	8	8	18	18	6	6
CCACCATCTT__0.644530563527211__9	8	17	8	8	18	7	9	6
CAATCATGTA__0.644143514118669__12	9	30	7	8	18	18	6	6
AATTCATGTA__0.643848588643907__15	30	30	12	8	18	18	6	6
CTACCATTCT__0.643750545912939__10	18	6	8	8	18	30	12	9
CCCTCCTTCT__0.643462238793046__9	13	8	8	5	8	6	12	9
CACACATACA__0.643399924106018__18	17	6	17	6	18	13	6	6
AACTCATGTA__0.642482650118787__11	6	11	8	8	18	18	6	6
CCCTCACACT__0.642224250763239__20	13	8	8	8	17	6	17	11
CCCCCATTTA__0.641965436897981__10	13	13	13	8	18	30	36	20
ACCTCACCCT__0.641936664981673__24	8	8	8	8	17	8	13	8
AACCCATACC__0.64193537927573__19	6	8	13	8	18	13	6	8
CACTCATTTA__0.641824591112595__11	17	11	8	8	18	30	36	20
TTTTCGTTGT__0.641649898600552__15	36	36	12	31	8	6	9	6
TTTTCTTGGG__0.641610138366399__13	36	36	12	9	6	9	8	13
ACCACATACA__0.641381209670359__18	8	8	17	6	18	13	6	6
CACACATGTA__0.641199867025802__10	17	6	17	6	18	18	6	6
GTATCGTTTG__0.640262171501364__12	6	13	7	31	8	6	36	9
ACAACATCCA__0.640107321060722__18	6	9	6	6	18	7	5	8
ACATCATTAG__0.640097069724447__9	6	18	7	8	18	30	20	18
GCTACATTGG__0.640061504880816__11	25	18	6	6	18	30	9	8
AACCCATTTA__0.639937848417549__10	6	8	13	8	18	30	36	20
CCAACATTTA__0.639268691564735__10	8	9	6	6	18	30	36	20
GCTACATTGT__0.639205398936496__12	25	18	6	6	18	30	9	6
GACACATGTT__0.638343614150271__10	8	6	17	6	18	18	6	6
TGTTCAGTGG__0.63813611426277__18	6	6	12	8	2	11	17	8
CCCTCCTACC__0.63763347042987__22	13	8	8	5	8	18	6	8
TTTTTATTTT__0.6375572015723__19	36	36	36	20	13	30	36	36
AACACATTTC__0.637503280041005__11	6	6	17	6	18	30	36	12
AACTCTTCTA__0.637424249819338__9	6	11	8	9	6	12	9	18
AACACATATT__0.637360347988137__11	6	6	17	6	18	13	13	30
CTAACATGTG__0.637304184385417__9	18	20	6	6	18	18	6	17
TTCTCGTGTT__0.637303286764999__9	12	9	8	31	8	17	6	6
AACCCATACT__0.63696770403508__11	6	8	13	8	18	13	6	11
TATTCGTGTG__0.636750094635997__12	13	30	12	31	8	17	6	17
ATGTCATGTG__0.63659322158724__14	18	6	8	8	18	18	6	17
TTGTCGTTTG__0.636449630632985__13	9	6	8	31	8	6	36	9
TGTTCTTGGG__0.636374864773786__13	6	6	12	9	6	9	8	13
TGTTCGTGTG__0.636150403984736__17	6	6	12	31	8	17	6	17
AAAACATACA__0.635952692093485__18	36	36	6	6	18	13	6	6
AGTACATTTG__0.635804636718339__12	11	6	6	6	18	30	36	9
CACTAATTGT__0.635658910850196__9	17	11	18	20	30	30	9	6
CCCTCACTCT__0.635612526369248__11	13	8	8	8	17	11	8	9
CACCCATATT__0.635575439889149__10	17	8	13	8	18	13	13	30
CCACCATCTC__0.635452886819792__11	8	17	8	8	18	7	9	8
ACCCCATTCC__0.635266004065322__15	8	13	13	8	18	30	12	5
TTATCTTGTT__0.63487133832674__10	20	13	7	9	6	9	6	6
CCCCCATCGC__0.634847239562884__11	13	13	13	8	18	7	31	25
CACCCATTGC__0.634451913633256__11	17	8	13	8	18	30	9	13
ACAACATTGA__0.634226024256267__9	6	9	6	6	18	30	9	8
TAAACATGTG__0.633916935998849__10	20	36	6	6	18	18	6	17
CCCTCACAAC__0.633453527337138__23	13	8	8	8	17	6	9	6
CAACCATCGC__0.633412369403289__12	9	6	8	8	18	7	31	25
CTCTCTTTCC__0.633383432552589__11	8	9	8	9	6	36	12	5
TACTCTTGTA__0.632918961739662__9	6	11	8	9	6	9	6	6
GGATCGTGTA__0.632394918363577__12	5	7	7	31	8	17	6	6
AGTTCTTTGT__0.632121480919945__11	11	6	12	9	6	36	9	6
TAAACATTGG__0.631996265355826__9	20	36	6	6	18	30	9	8
CCCTCACCCA__0.631955830155381__29	13	8	8	8	17	8	13	8
ACACCATGTA__0.631657117974857__10	6	17	8	8	18	18	6	6
GTGTCATGTA__0.631371116810349__22	17	6	8	8	18	18	6	6
CCAACATATC__0.631352937498309__11	8	9	6	6	18	13	13	7
ACATCATAAT__0.631331008293608__12	6	18	7	8	18	13	20	30
CACCCATGTA__0.631094968271297__9	17	8	13	8	18	18	6	6
CCCTAATCGC__0.631050616191673__12	13	8	18	20	30	7	31	25
CCCCCATTAC__0.630992522720666__14	13	13	13	8	18	30	20	6
CCACCATGTA__0.630926987234092__9	8	17	8	8	18	18	6	6
TGTTCTTTGT__0.630926801803208__13	6	6	12	9	6	36	9	6
CCCTCAAAGT__0.630810830614653__9	13	8	8	8	9	36	6	11
AAAACATTGC__0.630405749338981__12	36	36	6	6	18	30	9	13
CCACCATTAC__0.629581625331485__12	8	17	8	8	18	30	20	6
CTTTCATTTA__0.629333707929172__14	6	36	12	8	18	30	36	20
ACAACATTGC__0.629214924624251__11	6	9	6	6	18	30	9	13
ACATCATATT__0.629048891919162__10	6	18	7	8	18	13	13	30
CCACCATACT__0.628556537354442__10	8	17	8	8	18	13	6	11
CGCCCATACC__0.628283355519543__17	25	45	13	8	18	13	6	8
ACATCATTTA__0.628249892080152__11	6	18	7	8	18	30	36	20
TTTTCATGGG__0.627978372623021__14	36	36	12	8	18	18	8	13
GTTTCGTTTG__0.627897952198465__14	6	36	12	31	8	6	36	9
CTAACATAGA__0.627860526408165__12	18	20	6	6	18	13	18	9
AAAACATCGA__0.627614613009494__11	36	36	6	6	18	7	31	31
GTTTTATTTT__0.627611619039805__22	6	36	36	20	13	30	36	36
AAAACATGCT__0.62759231579173__11	36	36	6	6	18	18	13	25
TTGTCGTGGG__0.627409401644614__12	9	6	8	31	8	17	8	13
TTTTCTTTTA__0.627243705057196__14	36	36	12	9	6	36	36	20
ACATTATTTG__0.626590773989512__10	6	18	30	20	13	30	36	9
ACCACATATT__0.626503241279959__10	8	8	17	6	18	13	13	30
CCCTCACACA__0.626364990982568__23	13	8	8	8	17	6	17	6
CCCTCACCTT__0.626299003815411__14	13	8	8	8	17	8	8	6
GTATCATTCG__0.626120913879142__19	6	13	7	8	18	30	12	31
TTTACATGTG__0.626106636462231__13	36	20	6	6	18	18	6	17
CCCTCACAAT__0.625896973476609__15	13	8	8	8	17	6	9	30
ATTTCGTTGT__0.62571618272741__11	30	36	12	31	8	6	9	6
CCCCCATAAC__0.625585294193457__16	13	13	13	8	18	13	20	6
CCTTTATTTT__0.625529130530171__10	8	6	36	20	13	30	36	36
TATTCGTGTT__0.625182762609497__12	13	30	12	31	8	17	6	6
CCCTCAACAA__0.624719050909284__18	13	8	8	8	9	6	6	9
GTTACATGTG__0.624398929445129__15	6	20	6	6	18	18	6	17
ACTACATGTC__0.624352198265947__10	11	18	6	6	18	18	6	8
GTTACATTTT__0.624280102508386__15	6	20	6	6	18	30	36	36
ACATCATAAC__0.624234871644623__17	6	18	7	8	18	13	20	6
TTTTCGTGGG__0.62405935109885__13	36	36	12	31	8	17	8	13
GTGTCGTGTG__0.623472394687516__15	17	6	8	31	8	17	6	17
CCCTCCTCCA__0.62326310956308__18	13	8	8	5	8	8	5	8
GTATCGTGGG__0.623218176218564__11	6	13	7	31	8	17	8	13
AAATCTTTTA__0.623110210941824__9	36	30	7	9	6	36	36	20
CCCTCTTAAC__0.622955506802372__11	13	8	8	9	6	20	20	6
ACCCCATTCT__0.622790234060117__9	8	13	13	8	18	30	12	9
TGTTCTTGTG__0.622765146371157__13	6	6	12	9	6	9	6	17
CTAACATATA__0.622563059497589__13	18	20	6	6	18	13	13	13
GAATCATGTA__0.622339682978386__13	12	30	7	8	18	18	6	6
ACATCATACG__0.621692386748996__11	6	18	7	8	18	13	6	8
CCCCCATCAA__0.621539013648442__12	13	13	13	8	18	7	8	9
TTGTCGTGTG__0.621516896061556__12	9	6	8	31	8	17	6	17
CCTACATTCC__0.621415203589313__14	8	18	6	6	18	30	12	5
AACACATAAA__0.621235333142499__15	6	6	17	6	18	13	20	36
CCAACATGTA__0.621193606729323__9	8	9	6	6	18	18	6	6
CCCTCCTCTT__0.621155181443952__9	13	8	8	5	8	8	9	6
ACCACATACC__0.621082509705925__19	8	8	17	6	18	13	6	8
CACCCATACA__0.620948634085024__15	17	8	13	8	18	13	6	6
TTTTTATTGT__0.620780929267753__18	36	36	36	20	13	30	9	6
GATACATTGT__0.620619677954363__11	7	13	6	6	18	30	9	6
CCCACATACT__0.620332584922355__11	13	8	17	6	18	13	6	11
ACCACATTGC__0.620309583927961__11	8	8	17	6	18	30	9	13
AGAACATGTT__0.620283829390928__9	9	12	6	6	18	18	6	6
TATTCGTGTA__0.620097851593031__12	13	30	12	31	8	17	6	6
CAGTAATTTT__0.620049175019464__12	2	11	6	20	30	30	36	36
CCAACATATA__0.620036199715908__11	8	9	6	6	18	13	13	13
AAGTCATGTA__0.619968941280735__14	6	11	8	8	18	18	6	6
GTTTCGTGTG__0.619510533368034__14	6	36	12	31	8	17	6	17
TTATCATGTA__0.619384744508672__16	20	13	7	8	18	18	6	6
TACTCATGTT__0.619312565743444__10	6	11	8	8	18	18	6	6
ACCCCATATT__0.619185131500962__9	8	13	13	8	18	13	13	30
GCATCATGTT__0.618475961210314__12	13	18	7	8	18	18	6	6
GTGTCTTGGT__0.618427821429792__14	17	6	8	9	6	9	8	8
ACAACATGTC__0.618313790575359__9	6	9	6	6	18	18	6	8
ACCTCATCCT__0.618281639658314__13	8	8	8	8	18	7	5	8
ACAACATCGC__0.618093361515621__12	6	9	6	6	18	7	31	25
TGTTCATGTA__0.617711077632167__19	6	6	12	8	18	18	6	6
CCCCCATATT__0.617445136559531__9	13	13	13	8	18	13	13	30
TAGTCTTGTT__0.617441988634248__10	18	11	8	9	6	9	6	6
TACACATCCA__0.617309614184904__18	6	6	17	6	18	7	5	8
TGTTCGTTGT__0.617126947126427__16	6	6	12	31	8	6	9	6
ACCACATGTA__0.617060733368605__9	8	8	17	6	18	18	6	6
ACCTCTTACA__0.616987338877077__10	8	8	8	9	6	20	6	6
ATTTCATGTA__0.616924511289716__14	30	36	12	8	18	18	6	6
ACAACATGGC__0.616923931328824__9	6	9	6	6	18	18	8	45
ACTACATATA__0.616900011142756__12	11	18	6	6	18	13	13	13
CGTTCGTGGG__0.615906713359395__10	8	6	12	31	8	17	8	13
CACTCTTAAA__0.615839247757754__9	17	11	8	9	6	20	20	36
AGTACATTTT__0.615468869505612__11	11	6	6	6	18	30	36	36
GAATCATGTT__0.615282914547496__11	12	30	7	8	18	18	6	6
TCCTCATGTA__0.615278063069492__10	5	8	8	8	18	18	6	6
CACACATTAC__0.615255462538165__13	17	6	17	6	18	30	20	6
CGAACATAAA__0.61523611200336__15	31	12	6	6	18	13	20	36
ACAACATATG__0.615223041617578__9	6	9	6	6	18	13	13	18
GTATCGTGTA__0.615220201292259__12	6	13	7	31	8	17	6	6
AAGTCATGTT__0.615096084454287__12	6	11	8	8	18	18	6	6
AGGCCATGTT__0.614978921027893__11	8	45	45	8	18	18	6	6
ACATCATATG__0.614794309433719__9	6	18	7	8	18	13	13	18
CCCCCATCTC__0.614729237961281__10	13	13	13	8	18	7	9	8
CACCCATACT__0.614582582894565__10	17	8	13	8	18	13	6	11
CACCCATCCA__0.614114062008608__16	17	8	13	8	18	7	5	8
CAAACATACA__0.613587781174992__16	9	36	6	6	18	13	6	6
ACAACATTTC__0.613336817144012__9	6	9	6	6	18	30	36	12
TACACATGTC__0.613105675590354__10	6	6	17	6	18	18	6	8
CCTACATTTA__0.613061318472859__9	8	18	6	6	18	30	36	20
GCTTCGTTGT__0.612925511389896__11	25	6	12	31	8	6	9	6
TTTTCATGTG__0.612906768331921__14	36	36	12	8	18	18	6	17
CACCCATATA__0.612393649446928__11	17	8	13	8	18	13	13	13
CCCTCTTAAA__0.611713057877972__9	13	8	8	9	6	20	20	36
CACTCTTCCA__0.611567289489114__11	17	11	8	9	6	12	5	8
TTAACATTTT__0.61141782906399__11	20	20	6	6	18	30	36	36
AGTTCGTGTG__0.611307076652221__12	11	6	12	31	8	17	6	17
TGTTCTTTTG__0.611202831212753__12	6	6	12	9	6	36	36	9
CTCCCATCCT__0.611140154160685__12	8	5	13	8	18	7	5	8
TATTCTTGTT__0.610928994498404__9	13	30	12	9	6	9	6	6
AACACATACA__0.610884404377319__16	6	6	17	6	18	13	6	6
CCCTCATTAA__0.610682147662796__9	13	8	8	8	18	30	20	20
AAAACATTTA__0.610566535520462__10	36	36	6	6	18	30	36	20
CCACCATCCG__0.61023040908374__10	8	17	8	8	18	7	5	2
TAGTCTTGTA__0.609871598132074__11	18	11	8	9	6	9	6	6
TAAACATACA__0.60948438293464__17	20	36	6	6	18	13	6	6
CCCTCACTCC__0.609467984251711__17	13	8	8	8	17	11	8	5
ATCTCATGTA__0.609450873012717__11	7	9	8	8	18	18	6	6
TAAACATTTG__0.609168989105629__9	20	36	6	6	18	30	36	9
AACTAATTTT__0.609027014831048__9	6	11	18	20	30	30	36	36
TAAACATTGT__0.608972357751475__9	20	36	6	6	18	30	9	6
GATACATGTT__0.608931426139388__11	7	13	6	6	18	18	6	6
AGAACATGTA__0.608885481183018__10	9	12	6	6	18	18	6	6
TATTCGTGGG__0.60831264688781__10	13	30	12	31	8	17	8	13
TTGTAATTGT__0.608252383626829__17	9	6	6	20	30	30	9	6
ACAACATAAT__0.608013348564333__10	6	9	6	6	18	13	20	30
GTTTCGTGTA__0.607880674716034__14	6	36	12	31	8	17	6	6
ACAACATATT__0.607711080197851__9	6	9	6	6	18	13	13	30
ACTTAATTGT__0.607682498751364__9	11	6	20	20	30	30	9	6
ATGTCGTGTC__0.607519369535653__9	18	6	8	31	8	17	6	8
CAAACATATC__0.607373490450824__11	9	36	6	6	18	13	13	7
TACACATTTT__0.607369991754976__9	6	6	17	6	18	30	36	36
GCGTCGTTGG__0.607033151862893__9	25	8	8	31	8	6	9	8
GTATCATTTG__0.607026857187449__16	6	13	7	8	18	30	36	9
AACCCATATC__0.607021732352074__10	6	8	13	8	18	13	13	7
AGATCCTTGT__0.606999106628604__9	9	7	7	5	8	6	9	6
AATACATCTT__0.606893555910098__10	30	13	6	6	18	7	9	6
CCGGCATTTT__0.60681637039588__11	2	2	45	13	18	30	36	36
TCTACATGTT__0.606565613958225__9	9	18	6	6	18	18	6	6
TGTTCAGTGT__0.606537553242378__16	6	6	12	8	2	11	17	6
TAAACATAAA__0.606499327519429__15	20	36	6	6	18	13	20	36
CAAACATCCG__0.606300757831621__11	9	36	6	6	18	7	5	2
ACCTCATATA__0.606263879988073__11	8	8	8	8	18	13	13	13
TAAACATATT__0.606132733555909__11	20	36	6	6	18	13	13	30
AACCCATCCC__0.605771871901795__19	6	8	13	8	18	7	5	13
GCTTAATTGG__0.605701080929463__12	25	6	20	20	30	30	9	8
AACACATCTA__0.605575826523267__11	6	6	17	6	18	7	9	18
CCCTCATCCC__0.605337389261836__18	13	8	8	8	18	7	5	13
TATTCGTGTC__0.604902560271659__11	13	30	12	31	8	17	6	8
GACACATGTA__0.604658685622342__10	8	6	17	6	18	18	6	6
AACACATACT__0.604211855508892__11	6	6	17	6	18	13	6	11
CACTAATTAA__0.603833124864218__12	17	11	18	20	30	30	20	20
CACCCATACC__0.603829473731379__16	17	8	13	8	18	13	6	8
CGAACATCTT__0.603448680456448__9	31	12	6	6	18	7	9	6
TACCCATCCC__0.603422114217206__19	6	8	13	8	18	7	5	13
ACCTCACCCA__0.603298993895991__27	8	8	8	8	17	8	13	8
CCACCATACC__0.603276586009973__15	8	17	8	8	18	13	6	8
GGTTCGTGGT__0.603248980620319__15	8	6	12	31	8	17	8	8
CTAACATACA__0.603222144983274__16	18	20	6	6	18	13	6	6
ACGTCATGTT__0.6028986267717__9	8	8	8	8	18	18	6	6
GACTCATTTC__0.602785950705762__10	8	11	8	8	18	30	36	12
GACTAATCTT__0.602495012624684__10	8	11	18	20	30	7	9	6
ACCACATCCA__0.602442968704444__15	8	8	17	6	18	7	5	8
ATGTCTTTGG__0.602311539485722__10	18	6	8	9	6	36	9	8
CAAACATACT__0.602298586375577__11	9	36	6	6	18	13	6	11
ACATCATATC__0.60222920230084__10	6	18	7	8	18	13	13	7
TTATCGTGTT__0.602088352792412__10	20	13	7	31	8	17	6	6
GTATCTTGTG__0.602074301810686__11	6	13	7	9	6	9	6	17
CCTTCACACT__0.601709568022479__19	8	6	12	8	17	6	17	11
GTAACATTGT__0.601561894017751__12	6	20	6	6	18	30	9	6
ACATCATTCT__0.601459097445139__9	6	18	7	8	18	30	12	9
CCCACATCCC__0.601245173280107__18	13	8	17	6	18	7	5	13
CCCTCAGCCC__0.601173942785961__17	13	8	8	8	2	25	45	13
ACCCCATACG__0.601157066734979__9	8	13	13	8	18	13	6	8
TTCTCTTGCT__0.600955925259953__9	12	9	8	9	6	9	13	25
ACTACATACA__0.600944298849368__15	11	18	6	6	18	13	6	6
CTAACATTCG__0.600591109369003__9	18	20	6	6	18	30	12	31
ACAACATCCG__0.600552362752521__10	6	9	6	6	18	7	5	2
ATCTCATGTT__0.600456645259544__9	7	9	8	8	18	18	6	6
ACCTCTTAAC__0.6002745335826__10	8	8	8	9	6	20	20	6
CCACCATTCC__0.599825939734407__11	8	17	8	8	18	30	12	5
CACTTATTTT__0.599812461992542__9	17	11	6	20	13	30	36	36
ACGCCATCCG__0.599596891875678__11	8	25	45	8	18	7	5	2
AAAACATCTA__0.599533595913949__11	36	36	6	6	18	7	9	18
TGCTCTTTGT__0.599489727093818__9	13	25	8	9	6	36	9	6
AACTCCTCTA__0.599435590752931__11	6	11	8	5	8	8	9	18
CAAACATCCC__0.599378373149404__19	9	36	6	6	18	7	5	13
TTGTCTTGTC__0.599364479646736__12	9	6	8	9	6	9	6	8
CGAACATATG__0.599287872495348__9	31	12	6	6	18	13	13	18
CCCTCACCAC__0.59915289640371__24	13	8	8	8	17	8	8	17
AAAACATGTC__0.598975917352759__9	36	36	6	6	18	18	6	8
GCAACATACT__0.598889785984808__13	13	9	6	6	18	13	6	11
CCCTCATCAC__0.59870206956676__13	13	8	8	8	18	7	8	17
CTATCATTTT__0.598487633206477__9	18	13	7	8	18	30	36	36
ACCACATTTA__0.598443237772588__9	8	8	17	6	18	30	36	20
GTTACATGGG__0.598382675935113__12	6	20	6	6	18	18	8	13
TGTACATGTT__0.598219390798507__14	6	6	6	6	18	18	6	6
AAAGCATTTT__0.598054774033808__10	36	6	25	13	18	30	36	36
CTAACATCCG__0.597870288969848__11	18	20	6	6	18	7	5	2
CACTCCTCCC__0.597672525607958__23	17	11	8	5	8	8	5	13
CAAACATTTC__0.59766858298782__9	9	36	6	6	18	30	36	12
ACATCATACA__0.59752038234355__14	6	18	7	8	18	13	6	6
CAAACATATA__0.597315001487242__11	9	36	6	6	18	13	13	13
CCAACATCCA__0.597229658832048__14	8	9	6	6	18	7	5	8
TACTCATTTT__0.597195079714844__9	6	11	8	8	18	30	36	36
GCATCATTTG__0.597126003840572__11	13	18	7	8	18	30	36	9
TTTTCATTGT__0.596915288309191__13	36	36	12	8	18	30	9	6
ATATCATGTA__0.596815652708651__12	13	13	7	8	18	18	6	6
AACACATCCA__0.59667276052881__15	6	6	17	6	18	7	5	8
ACCTAATTTA__0.596578273618443__9	8	8	18	20	30	30	36	20
TTGTAATTTT__0.596379090932313__17	9	6	6	20	30	30	36	36
GTTTCTTTAG__0.596301720915597__12	6	36	12	9	6	36	20	18
AACACATAGC__0.596277109799461__11	6	6	17	6	18	13	18	25
CCCGCATACA__0.596152559443792__15	13	2	25	13	18	13	6	6
CTTACATGCT__0.59578511461864__11	6	20	6	6	18	18	13	25
TGCACATGTT__0.595771677224449__10	13	13	17	6	18	18	6	6
ACATCTTTAC__0.595690137815886__10	6	18	7	9	6	36	20	6
CCCTCATAAT__0.595688581824163__9	13	8	8	8	18	13	20	30
GGGTCAGGGG__0.595606221046981__19	13	8	8	8	2	8	13	13
GTGTCTTGTA__0.595524186102985__14	17	6	8	9	6	9	6	6
CCCACATATA__0.595484973176979__10	13	8	17	6	18	13	13	13
TAATCATTAA__0.595403861680806__12	20	30	7	8	18	30	20	20
CCCTCCTCGA__0.595223668677547__9	13	8	8	5	8	8	31	31
CCGTAATTTT__0.595101528169709__9	2	8	6	20	30	30	36	36
CCCCCATCTA__0.594990524490056__9	13	13	13	8	18	7	9	18
AACCCATCTA__0.594895697026315__9	6	8	13	8	18	7	9	18
CCGACATTGC__0.594790205073552__9	2	31	8	6	18	30	9	13
CCACCATCCT__0.594489029440062__11	8	17	8	8	18	7	5	8
GAGTCATGTT__0.594382683149922__13	8	11	8	8	18	18	6	6
CAGTCATGGG__0.594244077035449__9	2	11	8	8	18	18	8	13
ACCTAATTAA__0.593773461884268__10	8	8	18	20	30	30	20	20
CGAACATTCT__0.593700239074913__9	31	12	6	6	18	30	12	9
CCCTCCTCTC__0.593450894648646__11	13	8	8	5	8	8	9	8
TACACATATT__0.593246237877149__10	6	6	17	6	18	13	13	30
CCCCCATAAA__0.593022875658911__12	13	13	13	8	18	13	20	36
TTGTCATTTT__0.592810328314462__15	9	6	8	8	18	30	36	36
ACCACATCTC__0.592775539070771__10	8	8	17	6	18	7	9	8
ACTTCATATC__0.592391777109807__11	11	6	12	8	18	13	13	7
GGTACATGGG__0.592154263966118__12	8	6	6	6	18	18	8	13
GCGTCATGTT__0.592115768191737__12	25	8	8	8	18	18	6	6
TTGTAATTGG__0.592034557650875__14	9	6	6	20	30	30	9	8
ACACCATATA__0.591963798081656__10	6	17	8	8	18	13	13	13
ACCTCGTCCC__0.59144253444259__10	8	8	8	31	8	8	5	13
ATTTCGTTGG__0.591392788452277__9	30	36	12	31	8	6	9	8
ACTTCTTACA__0.591362988145014__11	11	6	12	9	6	20	6	6
GTAACATGTT__0.591143636678062__12	6	20	6	6	18	18	6	6
GAAACATGTA__0.590974920159041__10	12	36	6	6	18	18	6	6
ACCTCACAGT__0.590933359796736__9	8	8	8	8	17	6	2	11
TTGTCATATT__0.590914674231397__14	9	6	8	8	18	13	13	30
CCATCATTCC__0.590863212429261__12	8	18	7	8	18	30	12	5
CCGACATATC__0.590737522561237__9	2	31	8	6	18	13	13	7
CCAACATTCC__0.590702427818792__12	8	9	6	6	18	30	12	5
TGTTCCTGTA__0.590663596953273__13	6	6	12	5	8	2	6	6
ACATCATGCT__0.590652642448874__9	6	18	7	8	18	18	13	25
CACACATTCC__0.590642842005482__13	17	6	17	6	18	30	12	5
CTAACATATG__0.590631983717565__9	18	20	6	6	18	13	13	18
GGTACATGTG__0.590580523575081__13	8	6	6	6	18	18	6	17
CAACCATCCC__0.590569573855166__19	9	6	8	8	18	7	5	13
TCCACATATT__0.590314505500868__9	5	8	17	6	18	13	13	30
ACCACATAGA__0.590304380798051__9	8	8	17	6	18	13	18	9
TTGTTATTTT__0.59016596940108__18	9	6	6	20	13	30	36	36
GTATCGTGGT__0.590150912086202__9	6	13	7	31	8	17	8	8
AGAACATTGC__0.589965176504812__10	9	12	6	6	18	30	9	13
TTTCCATGTT__0.589917906493556__10	36	12	5	8	18	18	6	6
GGTTCGTGTG__0.589882269776365__15	8	6	12	31	8	17	6	17
CCCTCAACCC__0.589295807296861__21	13	8	8	8	9	6	8	13
CTACCATACT__0.589230666434822__9	18	6	8	8	18	13	6	11
AAGTTATGTT__0.589022936851353__12	6	11	6	20	13	18	6	6
GTATCATGGG__0.588561416732222__13	6	13	7	8	18	18	8	13
ATTGCATGTT__0.58855132237009__12	30	9	13	13	18	18	6	6
ACCTCCTACC__0.588219975030774__17	8	8	8	5	8	18	6	8
CAACCATACT__0.588166122720072__9	9	6	8	8	18	13	6	11
TAAACATGCT__0.58807969166393__10	20	36	6	6	18	18	13	25
ACCACATAAC__0.58795530690139__14	8	8	17	6	18	13	20	6
CCCTCGTAAC__0.587835046439634__9	13	8	8	31	8	6	20	6
AGTACATAGG__0.587830890535441__10	11	6	6	6	18	13	18	8
CTTTCCTGTT__0.587771303093555__9	6	36	12	5	8	2	6	6
AATACATGTA__0.587431090979551__10	30	13	6	6	18	18	6	6
CTTACATACG__0.587284899137507__12	6	20	6	6	18	13	6	8
ACCACATATA__0.587255241570217__10	8	8	17	6	18	13	13	13
CACTTATCCC__0.587182507632007__18	17	11	6	20	13	7	5	13
AGCTCATGTT__0.586536473706575__9	25	25	8	8	18	18	6	6
TTTTCTTTCT__0.586495020326966__11	36	36	12	9	6	36	12	9
TGTTCATGGG__0.586427572793325__13	6	6	12	8	18	18	8	13
GGAACATATT__0.58632977153566__12	5	12	6	6	18	13	13	30
CCCTCAAATT__0.586327176225189__9	13	8	8	8	9	36	30	30
AGATCATGTA__0.58629817272899__10	9	7	7	8	18	18	6	6
TGTTTATTTT__0.586214047608217__17	6	6	36	20	13	30	36	36
GTGTCATTGG__0.586113805927101__16	17	6	8	8	18	30	9	8
TGGTCATGTT__0.586050297784246__15	8	8	8	8	18	18	6	6
TTTTAATTTT__0.585922130845263__15	36	36	20	20	30	30	36	36
ACCTCCTCCT__0.585899144710087__11	8	8	8	5	8	8	5	8
TGGTCTTGGG__0.585821636524801__12	8	8	8	9	6	9	8	13
CCCTCACAAA__0.585817738698486__17	13	8	8	8	17	6	9	36
CTGTCATGTA__0.585741879236641__11	2	6	8	8	18	18	6	6
TTGTCTTTGT__0.585670022714559__11	9	6	8	9	6	36	9	6
TACACATCCC__0.585467123555839__19	6	6	17	6	18	7	5	13
TTTACATGTA__0.585451601039555__13	36	20	6	6	18	18	6	6
CCCTTATCTC__0.58543928799897__9	13	8	6	20	13	7	9	8
AGTTCTTGTA__0.585061469008808__10	11	6	12	9	6	9	6	6
AACTCATGCT__0.584852212436146__9	6	11	8	8	18	18	13	25
TGTTCAGGTG__0.584773413511895__14	6	6	12	8	2	8	8	17
AGTACATGTT__0.58430039413195__10	11	6	6	6	18	18	6	6
TTTTCAGGGG__0.584237690937968__11	36	36	12	8	2	8	13	13
TTTTCTTTGT__0.58420677336451__10	36	36	12	9	6	36	9	6
ACCACATCCC__0.583972265341639__17	8	8	17	6	18	7	5	13
CCGACATCTA__0.583906595716493__9	2	31	8	6	18	7	9	18
GGTTCGTTGT__0.583887229102698__15	8	6	12	31	8	6	9	6
GTATCGTGTT__0.583815582094718__10	6	13	7	31	8	17	6	6
CACCCATAAC__0.583782015650617__13	17	8	13	8	18	13	20	6
TTGTCAGGGG__0.58364349641394__11	9	6	8	8	2	8	13	13
AATTTATTGT__0.5833237270606__11	30	30	36	20	13	30	9	6
TTGTTATTTG__0.58328980597586__17	9	6	6	20	13	30	36	9
TTTTCCTTTT__0.583217172423873__12	36	36	12	5	8	6	36	36
GATACATTTG__0.582846068391633__9	7	13	6	6	18	30	36	9
GTGTCATTTG__0.582520270746778__17	17	6	8	8	18	30	36	9
CCCTTATCCC__0.582414665157987__16	13	8	6	20	13	7	5	13
AACACATAGA__0.582113127661636__9	6	6	17	6	18	13	18	9
TTGTAATTTG__0.582100945343208__16	9	6	6	20	30	30	36	9
CCCTCCTACA__0.582017903986258__14	13	8	8	5	8	18	6	6
AAAACATACT__0.581912465984508__10	36	36	6	6	18	13	6	11
GTTTCGTTGT__0.581756077032014__12	6	36	12	31	8	6	9	6
CAAACATCCA__0.581573869752541__14	9	36	6	6	18	7	5	8
CCCACATACA__0.581539094620056__13	13	8	17	6	18	13	6	6
GTTTCATGTT__0.581519049879391__14	6	36	12	8	18	18	6	6
GGTTCTTGGG__0.581509136645721__12	8	6	12	9	6	9	8	13
ACATCATTCC__0.581467787686599__12	6	18	7	8	18	30	12	5
GAAACATATA__0.581417156279719__11	12	36	6	6	18	13	13	13
CACCCATAGC__0.581287421843988__9	17	8	13	8	18	13	18	25
AAAACATACC__0.581045639137624__16	36	36	6	6	18	13	6	8
TAGTCAGGGG__0.58076096312226__9	18	11	8	8	2	8	13	13
TTAACATATA__0.580741704653209__13	20	20	6	6	18	13	13	13
CCACCATAAC__0.580520114122422__12	8	17	8	8	18	13	20	6
AATTCCTTTT__0.580428354678143__9	30	30	12	5	8	6	36	36
TGTACATTTG__0.580306946337516__12	6	6	6	6	18	30	36	9
TATTAATTTT__0.580039946010179__12	13	30	20	20	30	30	36	36
GTGTCGTTGT__0.579817479264393__13	17	6	8	31	8	6	9	6
ACCTCACACT__0.579783461497559__16	8	8	8	8	17	6	17	11
TTGTTATGTT__0.57956945237648__18	9	6	6	20	13	18	6	6
AGCTCATGTA__0.579561196540984__10	25	25	8	8	18	18	6	6
TGTACATGTG__0.579138543309933__12	6	6	6	6	18	18	6	17
CTCCCATACC__0.579131088436975__14	8	5	13	8	18	13	6	8
CCGTAATTTC__0.578876467455685__10	2	8	6	20	30	30	36	12
CCCTAATCCC__0.578833114849291__16	13	8	18	20	30	7	5	13
AACTCCTATA__0.578769061012279__10	6	11	8	5	8	18	13	13
AACCCATACA__0.578692235793056__12	6	8	13	8	18	13	6	6
CGCTCATTAT__0.578618652603776__9	25	25	8	8	18	30	20	13
CCCTCATACC__0.578538670918778__14	13	8	8	8	18	13	6	8
CTTACATATT__0.578230348438436__10	6	20	6	6	18	13	13	30
TTGTCGTTCG__0.57819666818789__10	9	6	8	31	8	6	12	31
TAGTAATTTT__0.578184570860016__12	18	11	6	20	30	30	36	36
ACCCCATCAC__0.578081389485118__12	8	13	13	8	18	7	8	17
AGGTCGTTGT__0.577952891879008__9	8	8	8	31	8	6	9	6
TCTACATATT__0.577860748266858__9	9	18	6	6	18	13	13	30
CGAACATAGA__0.577836402543243__9	31	12	6	6	18	13	18	9
ACCCCATACA__0.577801179532791__12	8	13	13	8	18	13	6	6
CTACCATACA__0.577713801758565__12	18	6	8	8	18	13	6	6
CAAGCATTTA__0.577680340931365__10	9	6	25	13	18	30	36	20
TTTTCATTCG__0.577559921998175__13	36	36	12	8	18	30	12	31
ACCACATATC__0.577412773751299__9	8	8	17	6	18	13	13	7
CCATCATACA__0.577044231967626__12	8	18	7	8	18	13	6	6
CGTTCATTTT__0.577038972447092__10	8	6	12	8	18	30	36	36
ACCTCACTAG__0.57692463529154__9	8	8	8	8	17	11	18	18
AAAACATAAA__0.57687159603192__12	36	36	6	6	18	13	20	36
TTGTCTTGTG__0.576648469018409__10	9	6	8	9	6	9	6	17
GTTACATTGT__0.576535427062962__12	6	20	6	6	18	30	9	6
ACCTCCTCCA__0.576343022990625__14	8	8	8	5	8	8	5	8
CCCTCCTCTA__0.576313582484475__9	13	8	8	5	8	8	9	18
TCGTCATGTG__0.576126203599362__9	31	8	8	8	18	18	6	17
CCCTCACGCA__0.576059516272832__14	13	8	8	8	17	8	25	13
CACCCATAAA__0.575959873417124__11	17	8	13	8	18	13	20	36
GTTTCAGGGG__0.57582828740449__12	6	36	12	8	2	8	13	13
CTGTCATTTT__0.575766629357642__10	2	6	8	8	18	30	36	36
TGGTCGTGGG__0.575439900436202__12	8	8	8	31	8	17	8	13
CTTTAATTTG__0.575371928122185__10	6	36	20	20	30	30	36	9
CTAACATACT__0.57528409712021__10	18	20	6	6	18	13	6	11
ACTTAATTCC__0.574943544899864__13	11	6	20	20	30	30	12	5
AGTACATATT__0.574746082107949__11	11	6	6	6	18	13	13	30
AGTTCATGTT__0.574576858504199__11	11	6	12	8	18	18	6	6
GGTTCGTTGG__0.57453520452794__14	8	6	12	31	8	6	9	8
ACAACATCTA__0.574407791186668__9	6	9	6	6	18	7	9	18
GGGTCTTGGG__0.574236281366059__13	13	8	8	9	6	9	8	13
TTAACATGTG__0.574209935784041__9	20	20	6	6	18	18	6	17
ACATCATTAC__0.57418293380051__10	6	18	7	8	18	30	20	6
ACCTCACACA__0.574172586255308__19	8	8	8	8	17	6	17	6
CACTCCTTCC__0.573978282425311__12	17	11	8	5	8	6	12	5
CTGTCATGTT__0.573925232299878__9	2	6	8	8	18	18	6	6
TTTACATGGG__0.573890192039773__9	36	20	6	6	18	18	8	13
TGTACATGTA__0.573871145489448__14	6	6	6	6	18	18	6	6
TTAACATATC__0.573728577007202__12	20	20	6	6	18	13	13	7
ACTTAATTTC__0.573658656649212__10	11	6	20	20	30	30	36	12
CCCTCAGCCT__0.573553532654024__10	13	8	8	8	2	25	45	8
CCTTTATTTA__0.573067898562395__9	8	6	36	20	13	30	36	20
TTTTCATGGT__0.573051239265405__12	36	36	12	8	18	18	8	8
TTAACATATT__0.573031336471344__11	20	20	6	6	18	13	13	30
CAACCATACA__0.572908325627138__12	9	6	8	8	18	13	6	6
TGTTCATTGT__0.572700948003613__13	6	6	12	8	18	30	9	6
TTTACATCTT__0.572671026655822__11	36	20	6	6	18	7	9	6
AACTCTTCCA__0.572634521307156__10	6	11	8	9	6	12	5	8
TGTTCATAGG__0.572629555620173__13	6	6	12	8	18	13	18	8
ACTACATCTA__0.572157188551143__9	11	18	6	6	18	7	9	18
ACAACATCCC__0.572107653790872__16	6	9	6	6	18	7	5	13
ACCACATACT__0.572057266351911__9	8	8	17	6	18	13	6	11
CAAACATTCC__0.571945032595587__12	9	36	6	6	18	30	12	5
CACTCATACA__0.571925328618069__13	17	11	8	8	18	13	6	6
TGGTCGTTGT__0.571919191005055__13	8	8	8	31	8	6	9	6
AGTTCGTGGT__0.571867273769773__9	11	6	12	31	8	17	8	8
CCAACATAAC__0.571707698441321__12	8	9	6	6	18	13	20	6
CGATCATTTC__0.57154805951546__9	31	7	7	8	18	30	36	12
GTTTCTTGGT__0.571366986709704__10	6	36	12	9	6	9	8	8
ACTACATAAC__0.5710479901364__13	11	18	6	6	18	13	20	6
CGCCCATACA__0.57104622471422__11	25	45	13	8	18	13	6	6
TTGTCGTAGT__0.570878758567086__11	9	6	8	31	8	6	18	11
ACAACATATA__0.570778502272486__9	6	9	6	6	18	13	13	13
ACCTCCTACA__0.570685563809183__13	8	8	8	5	8	18	6	6
TGTTCGTGTC__0.570632151547053__13	6	6	12	31	8	17	6	8
CTTACATAAC__0.570607459989536__15	6	20	6	6	18	13	20	6
CAACCATCCG__0.570603717951595__9	9	6	8	8	18	7	5	2
GTTTCATTCG__0.570530484520659__14	6	36	12	8	18	30	12	31
GTTTCATTTT__0.570521411417263__13	6	36	12	8	18	30	36	36
ACTTTATTTT__0.57043252270699__9	11	6	36	20	13	30	36	36
AACTCATACA__0.570379327999407__13	6	11	8	8	18	13	6	6
ACCCCATAAC__0.570234456979789__12	8	13	13	8	18	13	20	6
AAAACATTCC__0.570156003461588__12	36	36	6	6	18	30	12	5
CCCTCAACTC__0.570081200766048__11	13	8	8	8	9	6	11	8
TCCTCATCTC__0.569993368541449__9	5	8	8	8	18	7	9	8
GCAACATACA__0.569921321827614__15	13	9	6	6	18	13	6	6
ATTTTATAGT__0.569856129124967__13	30	36	36	20	13	13	18	11
ACAACATGCA__0.569821428254727__10	6	9	6	6	18	18	13	13
ACGCCATACT__0.569788618874904__9	8	25	45	8	18	13	6	11
TTTTAATTGT__0.569706255368993__13	36	36	20	20	30	30	9	6
CTTTCATGTT__0.569645997931698__9	6	36	12	8	18	18	6	6
GAGTCAGGGG__0.569608165427428__9	8	11	8	8	2	8	13	13
CCCACATCGC__0.569319400671688__9	13	8	17	6	18	7	31	25
GTTACATAGG__0.569304516514595__12	6	20	6	6	18	13	18	8
TTGTCTTTGG__0.56917944477459__10	9	6	8	9	6	36	9	8
AGTTCAGGGG__0.568865240760519__9	11	6	12	8	2	8	13	13
GATTCATTTT__0.568465808308191__10	7	30	12	8	18	30	36	36
TAAACATTTA__0.568147384472334__9	20	36	6	6	18	30	36	20
GTATCTTGTT__0.568112767647778__9	6	13	7	9	6	9	6	6
TATACATGTC__0.567948875759435__10	13	13	6	6	18	18	6	8
TTTACATGGT__0.567843339241407__10	36	20	6	6	18	18	8	8
TTGTCTTGGG__0.567821250576731__9	9	6	8	9	6	9	8	13
CTATCATCCG__0.567597630025366__10	18	13	7	8	18	7	5	2
GGTTCGTGGG__0.567584533105176__13	8	6	12	31	8	17	8	13
ACCTCATCCC__0.567517372542171__16	8	8	8	8	18	7	5	13
CATTCATTTC__0.567345310889698__10	18	30	12	8	18	30	36	12
CCCTCCTGCA__0.567313957517406__11	13	8	8	5	8	2	13	13
GTGTTATTGT__0.56720347117997__20	17	6	6	20	13	30	9	6
AGTTCGTCGG__0.567172039036076__9	11	6	12	31	8	8	31	2
GGTTCAGGGT__0.567075360576768__14	8	6	12	8	2	8	13	8
AGCTCATGTC__0.566725262971024__9	25	25	8	8	18	18	6	8
TCTTTATTTT__0.566632532153709__9	9	6	36	20	13	30	36	36
AAAACATATC__0.566604128574064__9	36	36	6	6	18	13	13	7
CCCACATTAA__0.566509107242372__9	13	8	17	6	18	30	20	20
TTGTCAGGTG__0.566311963504129__11	9	6	8	8	2	8	8	17
TGATCATGTT__0.56606317830839__10	8	7	7	8	18	18	6	6
GTTTCTTGTT__0.565996753830495__10	6	36	12	9	6	9	6	6
GTATCGTTTT__0.565716741777891__9	6	13	7	31	8	6	36	36
ACATCATCCT__0.565613366242576__10	6	18	7	8	18	7	5	8
GCATCATGGT__0.565467447594424__9	13	18	7	8	18	18	8	8
ACTACATACT__0.565254189835533__9	11	18	6	6	18	13	6	11
CACTCTTACC__0.564792562756044__9	17	11	8	9	6	20	6	8
TACCCATTCC__0.564647888313813__11	6	8	13	8	18	30	12	5
ACCTCATTCC__0.564599330508335__10	8	8	8	8	18	30	12	5
CAACCATAAC__0.564448252838816__12	9	6	8	8	18	13	20	6
GGGTCCTGGG__0.564242031525346__14	13	8	8	5	8	2	8	13
TATACATTCT__0.564182980352892__10	13	13	6	6	18	30	12	9
TGTTCATGGT__0.564045292812311__13	6	6	12	8	18	18	8	8
CCCTCACCGA__0.563990581681219__12	13	8	8	8	17	8	2	31
TAAACATACT__0.563665315977908__10	20	36	6	6	18	13	6	11
CACTCATAAT__0.563573688187195__9	17	11	8	8	18	13	20	30
ATAGCATTCG__0.563569695119484__10	13	18	25	13	18	30	12	31
CCCTTATACA__0.563172260157566__12	13	8	6	20	13	13	6	6
GAAACATACA__0.563168266657815__13	12	36	6	6	18	13	6	6
TTATCATCTT__0.563104522583928__11	20	13	7	8	18	7	9	6
AAACCATCCC__0.563085833451745__16	36	6	8	8	18	7	5	13
CCCTCACCTG__0.563000710202984__10	13	8	8	8	17	8	8	2
ACACCATCCC__0.562905179186504__16	6	17	8	8	18	7	5	13
CACACATACC__0.562740099161398__14	17	6	17	6	18	13	6	8
ACATCATAAA__0.562499299727548__11	6	18	7	8	18	13	20	36
TTTTTATGTT__0.562330907816848__14	36	36	36	20	13	18	6	6
ACATCATGCA__0.562328529057043__10	6	18	7	8	18	18	13	13
ACATAATTTC__0.562077564306209__9	6	18	13	20	30	30	36	12
TTAACATGTT__0.561891120960689__9	20	20	6	6	18	18	6	6
AAAACATACG__0.561850879363685__9	36	36	6	6	18	13	6	8
CCTCCATACA__0.561482090179829__10	8	8	5	8	18	13	6	6
CACTCCTTAA__0.561423439350922__9	17	11	8	5	8	6	20	20
TGGTCGTTGG__0.56137578562217__12	8	8	8	31	8	6	9	8
TTTACATATA__0.561247361293899__13	36	20	6	6	18	13	13	13
TTTTCTTGTA__0.56108558705757__10	36	36	12	9	6	9	6	6
CACACATCCA__0.561020824500845__12	17	6	17	6	18	7	5	8
TGGTCAGGGT__0.560890519210776__13	8	8	8	8	2	8	13	8
CCCTCACGAC__0.560761805051422__10	13	8	8	8	17	8	31	8
TTTTCTTTTC__0.560752505081381__10	36	36	12	9	6	36	36	12
TTTTTATTGG__0.560693529034993__13	36	36	36	20	13	30	9	8
TTTTCATGCT__0.560624343447744__13	36	36	12	8	18	18	13	25
AGTTTATTGG__0.560339853069105__12	11	6	36	20	13	30	9	8
ATGTCATACT__0.56028065701167__11	18	6	8	8	18	13	6	11
TGGTCGTGTA__0.560271560767216__12	8	8	8	31	8	17	6	6
ATGTCCTTGT__0.560250900343463__9	18	6	8	5	8	6	9	6
ACAACATCAC__0.560203116445799__12	6	9	6	6	18	7	8	17
CCAACATACC__0.560183815186458__13	8	9	6	6	18	13	6	8
ACATCTTTCC__0.560142965145042__9	6	18	7	9	6	36	12	5
TTTACATATG__0.560134724234025__11	36	20	6	6	18	13	13	18
TTATCATGTG__0.559921934703819__10	20	13	7	8	18	18	6	17
CACTCCTACA__0.559756967759831__13	17	11	8	5	8	18	6	6
TGTTCCTTGT__0.559597580071374__11	6	6	12	5	8	6	9	6
TGGTCGTGTT__0.559525028513151__12	8	8	8	31	8	17	6	6
CACCCATCAC__0.5595005715555__11	17	8	13	8	18	7	8	17
CACTAATACA__0.559478384980222__14	17	11	18	20	30	13	6	6
GCACCATCGC__0.559458963514378__9	13	17	8	8	18	7	31	25
ACCTCTTACC__0.55941293701358__9	8	8	8	9	6	20	6	8
CCTCCATTCC__0.559294273578533__9	8	8	5	8	18	30	12	5
TATTCCTTTT__0.559220306813698__9	13	30	12	5	8	6	36	36
GGGTCGTGTA__0.559026160995927__13	13	8	8	31	8	17	6	6
CTTACATTAC__0.558633068910908__11	6	20	6	6	18	30	20	6
ATTTCATGTC__0.55855470895731__10	30	36	12	8	18	18	6	8
TTATCATATT__0.558050381963764__11	20	13	7	8	18	13	13	30
AAGTAATTGC__0.557958158582421__10	6	11	6	20	30	30	9	13
GTGTCAGGGT__0.557948766973943__12	17	6	8	8	2	8	13	8
CACTTATATT__0.557519316403793__9	17	11	6	20	13	13	13	30
ACGTCATATA__0.557473827520078__9	8	8	8	8	18	13	13	13
TTCCCATATA__0.556928010633592__9	12	5	13	8	18	13	13	13
ATATCATTCT__0.556758596449286__10	13	13	7	8	18	30	12	9
TGTTCGTGGA__0.556697690796424__12	6	6	12	31	8	17	8	5
CCCTCCTAAC__0.55643231594959__12	13	8	8	5	8	18	20	6
CGAACATCCC__0.556129157471564__16	31	12	6	6	18	7	5	13
ATTTCATGTT__0.556106895126802__9	30	36	12	8	18	18	6	6
AACTCATATA__0.556072827291508__9	6	11	8	8	18	13	13	13
TTAACATGTA__0.556067610080324__10	20	20	6	6	18	18	6	6
CAAACATAGC__0.556004530629351__9	9	36	6	6	18	13	18	25
AACACATTAC__0.55578963258019__10	6	6	17	6	18	30	20	6
TACACATACA__0.555230948277153__13	6	6	17	6	18	13	6	6
CCTACATCCC__0.555183159798509__14	8	18	6	6	18	7	5	13
GTAACATGCT__0.554829332074533__11	6	20	6	6	18	18	13	25
TGTTTATTGT__0.554783119580588__15	6	6	36	20	13	30	9	6
AAATCTTACC__0.55475056761152__11	36	30	7	9	6	20	6	8
CTCTCCTTAA__0.554387136899424__9	8	9	8	5	8	6	20	20
TCTTCATTCA__0.554260818089992__10	9	6	12	8	18	30	12	8
TTGTCATGTC__0.55424081271205__12	9	6	8	8	18	18	6	8
ACCTTATCCC__0.5541980546995__15	8	8	6	20	13	7	5	13
CAACCATAAA__0.553930086495242__10	9	6	8	8	18	13	20	36
CGGTCATGTT__0.553910024625233__10	2	8	8	8	18	18	6	6
AACCCATTCC__0.553907405995928__10	6	8	13	8	18	30	12	5
TTGTCGTGTC__0.553853859375301__9	9	6	8	31	8	17	6	8
GTGTCTTTTG__0.553754146019631__11	17	6	8	9	6	36	36	9
ATAACATACA__0.553548889665208__13	13	20	6	6	18	13	6	6
TGGTTATGTT__0.553419333056907__18	8	8	6	20	13	18	6	6
GTTTAATTGG__0.553409399063562__12	6	36	20	20	30	30	9	8
TTCTCATGTA__0.553400863773394__9	12	9	8	8	18	18	6	6
CCCTCAACCT__0.553032019601553__11	13	8	8	8	9	6	8	8
GTTACATGTT__0.552702545336718__11	6	20	6	6	18	18	6	6
ACAACATAAA__0.552668997743555__10	6	9	6	6	18	13	20	36
ACATCTTACA__0.552474371236603__9	6	18	7	9	6	20	6	6
ACATCATCAA__0.552254808477723__9	6	18	7	8	18	7	8	9
TTCCCATACA__0.552050157196285__11	12	5	13	8	18	13	6	6
TGTACATATG__0.55185848114352__12	6	6	6	6	18	13	13	18
AACGCATTGC__0.551845045670057__10	6	8	25	13	18	30	9	13
CGTTCATGTT__0.551781870371768__9	8	6	12	8	18	18	6	6
CAATCATACA__0.551375786977339__12	9	30	7	8	18	13	6	6
AGCCCATCCC__0.55113769584349__15	25	45	13	8	18	7	5	13
TACACATCCG__0.551011170100346__9	6	6	17	6	18	7	5	2
CCCTCAACTA__0.550916303336578__10	13	8	8	8	9	6	11	18
AACACATTCC__0.550800502213696__11	6	6	17	6	18	30	12	5
ACACCATCCA__0.550730171319117__12	6	17	8	8	18	7	5	8
TCCTCTTCCC__0.550728663979663__11	5	8	8	9	6	12	5	13
TTGTCGTTGT__0.550469570295196__9	9	6	8	31	8	6	9	6
AGTTCATGTA__0.550456987927837__11	11	6	12	8	18	18	6	6
ACCTCACCTA__0.55028609341322__13	8	8	8	8	17	8	8	18
ACACCATCAC__0.550250270743808__11	6	17	8	8	18	7	8	17
CTCTCACACT__0.550247522018699__14	8	9	8	8	17	6	17	11
TGCTCATGTT__0.550049693867405__9	13	25	8	8	18	18	6	6
CTTCCATCCC__0.54963903631998__15	6	12	5	8	18	7	5	13
ATGTAATTGT__0.549539869986667__11	18	6	6	20	30	30	9	6
TTTTCCTTGT__0.549491112554738__10	36	36	12	5	8	6	9	6
CCCTCACCCG__0.549424867513045__13	13	8	8	8	17	8	13	2
CTACCATACC__0.549388137814014__12	18	6	8	8	18	13	6	8
AGTGCATGTT__0.549202412452933__11	11	17	13	13	18	18	6	6
TACTCATTCC__0.549125347661293__11	6	11	8	8	18	30	12	5
CACACATCCC__0.549094208651881__14	17	6	17	6	18	7	5	13
ACATAATACA__0.548953225973228__12	6	18	13	20	30	13	6	6
TTAACATTCG__0.548549406603303__9	20	20	6	6	18	30	12	31
TTATCATTTG__0.548214783946315__10	20	13	7	8	18	30	36	9
AGTTCATGTG__0.548185813376272__9	11	6	12	8	18	18	6	17
TCGCCATACA__0.548114849185241__12	31	25	45	8	18	13	6	6
ACCTCACAAC__0.548005152115227__16	8	8	8	8	17	6	9	6
TTGTCTTTTG__0.547897641944785__9	9	6	8	9	6	36	36	9
CAGTTATTTT__0.547867432441766__10	2	11	6	20	13	30	36	36
TTGTTATTTA__0.547736298072649__16	9	6	6	20	13	30	36	20
GGTACATTTA__0.54771946745886__12	8	6	6	6	18	30	36	20
GTACCATGTT__0.547711195722288__9	6	6	8	8	18	18	6	6
AAACCATTCC__0.54749287416781__9	36	6	8	8	18	30	12	5
ACCTCACAAA__0.547347860417249__15	8	8	8	8	17	6	9	36
GTTTCATGTA__0.54729385536933__13	6	36	12	8	18	18	6	6
ACAACATAAC__0.547257459515922__11	6	9	6	6	18	13	20	6
TATTCATGTG__0.547175219156906__9	13	30	12	8	18	18	6	17
ACATCATCCC__0.547082565763682__14	6	18	7	8	18	7	5	13
ATGTCATGCT__0.547028565159822__11	18	6	8	8	18	18	13	25
GTGTCAGGTG__0.546942275233567__12	17	6	8	8	2	8	8	17
TAGTCATGTG__0.546848533121719__9	18	11	8	8	18	18	6	17
TTTCCATTGC__0.546784194114252__9	36	12	5	8	18	30	9	13
CCCGCATCCC__0.54665193995461__14	13	2	25	13	18	7	5	13
GCTACATTCT__0.546482111878733__9	25	18	6	6	18	30	12	9
GAGTCATTGG__0.546439237232109__10	8	11	8	8	18	30	9	8
TCCACATTCC__0.546327446941632__11	5	8	17	6	18	30	12	5
CTTACATACA__0.545910530835047__13	6	20	6	6	18	13	6	6
TATTCAGTTG__0.545715063801087__9	13	30	12	8	2	11	6	9
ACGTTATAGT__0.545697380766722__9	8	8	6	20	13	13	18	11
GAAACATACG__0.545634841884685__9	12	36	6	6	18	13	6	8
ATAGCATTTG__0.545489992093595__9	13	18	25	13	18	30	36	9
TGGTTATTTG__0.545374820055171__16	8	8	6	20	13	30	36	9
TACACATAAA__0.545274565231182__11	6	6	17	6	18	13	20	36
AGTTCGTGGA__0.545239058925714__9	11	6	12	31	8	17	8	5
ACTACATAAA__0.545218851458275__10	11	18	6	6	18	13	20	36
TTGTCATACA__0.545150445279481__14	9	6	8	8	18	13	6	6
TTGTCAGGTT__0.544700579520979__10	9	6	8	8	2	8	8	6
TTGTCATTAA__0.544686556108503__13	9	6	8	8	18	30	20	20
GTTTTATTTG__0.544497090649781__14	6	36	36	20	13	30	36	9
CAGACATACA__0.544409301389898__12	2	9	8	6	18	13	6	6
CTTTCATGTA__0.544315904437842__9	6	36	12	8	18	18	6	6
CCCTCACAAG__0.544248565352921__9	13	8	8	8	17	6	9	6
CCACCATCCA__0.544093846823648__11	8	17	8	8	18	7	5	8
CCTTCACCTA__0.544085695836161__13	8	6	12	8	17	8	8	18
CTCCCATACA__0.543901254305934__10	8	5	13	8	18	13	6	6
ACCTCACTAA__0.543817828234086__11	8	8	8	8	17	11	18	20
TGGTAATTTT__0.543752159990187__14	8	8	6	20	30	30	36	36
GTTTCGTGTC__0.543708446700322__10	6	36	12	31	8	17	6	8
TTTACATAGC__0.543553086395797__12	36	20	6	6	18	13	18	25
CCCTTATACC__0.543453052795682__12	13	8	6	20	13	13	6	8
CTCCCATCCA__0.543355396540013__11	8	5	13	8	18	7	5	8
CTCTCATCCA__0.54320552258124__12	8	9	8	8	18	7	5	8
GGTTCAGGGG__0.54294299047003__12	8	6	12	8	2	8	13	13
CCCTCAAAAT__0.542901879850554__9	13	8	8	8	9	36	36	30
ATGTCATTTG__0.542636967116742__10	18	6	8	8	18	30	36	9
TTGTAATACA__0.542584077253997__19	9	6	6	20	30	13	6	6
TGTTAATAGG__0.542574724180445__11	6	6	20	20	30	13	18	8
TGTTTATTGG__0.542486950739715__14	6	6	36	20	13	30	9	8
ATTTTATTGT__0.542313699775335__10	30	36	36	20	13	30	9	6
GGTTCTTGTT__0.542276499260969__10	8	6	12	9	6	9	6	6
CCTTAATATA__0.542011354607555__9	8	6	20	20	30	13	13	13
AACACATACC__0.542001664724441__13	6	6	17	6	18	13	6	8
GGGTCATGTA__0.541873994405827__16	13	8	8	8	18	18	6	6
CCCTCACCTC__0.541784746453656__12	13	8	8	8	17	8	8	8
GTGTAATTAT__0.541557342499741__16	17	6	6	20	30	30	20	13
CACTCATCCT__0.541464123555798__9	17	11	8	8	18	7	5	8
GTTTCTTGTG__0.541417452744629__9	6	36	12	9	6	9	6	17
TTTACATACA__0.541348259060973__15	36	20	6	6	18	13	6	6
ATGTCATTTT__0.541272892844178__10	18	6	8	8	18	30	36	36
CGTTCGTATA__0.540853924046553__10	8	6	12	31	8	6	13	13
TAGTCATTTG__0.540661764596624__10	18	11	8	8	18	30	36	9
AGTTCATGGT__0.540626170931886__9	11	6	12	8	18	18	8	8
TGTTCGTTTG__0.540608905308078__10	6	6	12	31	8	6	36	9
TCGTCATGTA__0.54021555051122__9	31	8	8	8	18	18	6	6
TTGTCATAGG__0.540140562824394__10	9	6	8	8	18	13	18	8
GGGTCTTGTT__0.540102711090392__11	13	8	8	9	6	9	6	6
GTTCCATGTT__0.540063120796898__9	6	12	5	8	18	18	6	6
TCCCCATCCT__0.540054255203774__9	5	13	13	8	18	7	5	8
CTCTCTTCCC__0.540041360279138__10	8	9	8	9	6	12	5	13
CCCTCACGCC__0.540032909839158__12	13	8	8	8	17	8	25	45
AAGTAATACT__0.539868642572102__11	6	11	6	20	30	13	6	11
GGTTCATGTT__0.539826884078562__13	8	6	12	8	18	18	6	6
ACATCATACC__0.53980173242968__12	6	18	7	8	18	13	6	8
AATACATATA__0.539619174985406__9	30	13	6	6	18	13	13	13
GCGACATATT__0.539564691831724__9	25	31	8	6	18	13	13	30
AATTTATGTT__0.539498914537714__9	30	30	36	20	13	18	6	6
ACCACATTCC__0.539466573150079__10	8	8	17	6	18	30	12	5
TTTTCTTAAT__0.539237442560625__10	36	36	12	9	6	20	20	30
TTAACATAAA__0.539225122360842__12	20	20	6	6	18	13	20	36
ACATCAAACT__0.539219493849762__10	6	18	7	8	9	36	6	11
CCCTCAACAT__0.538549883381625__9	13	8	8	8	9	6	6	18
AGTACATGCT__0.538380015372068__9	11	6	6	6	18	18	13	25
GTGTCAGTGG__0.538202948319996__12	17	6	8	8	2	11	17	8
TTGTAATAGT__0.538111301599349__12	9	6	6	20	30	13	18	11
AATACATCGC__0.537863327756061__9	30	13	6	6	18	7	31	25
AAATCCTCCG__0.537790699854048__10	36	30	7	5	8	8	5	2
TTTTCTTTCC__0.537785321622929__11	36	36	12	9	6	36	12	5
CCCCCATGCC__0.537721878070733__9	13	13	13	8	18	18	13	45
TGTTCAGGGG__0.537655973183892__10	6	6	12	8	2	8	13	13
GTGTCGTATC__0.537594927447044__11	17	6	8	31	8	6	13	7
GTTTCAGGGT__0.537556639639479__10	6	36	12	8	2	8	13	8
GTGTCATGGG__0.537521882445921__11	17	6	8	8	18	18	8	13
TGGTCGTGTG__0.537386005856317__10	8	8	8	31	8	17	6	17
TGTACATACA__0.537289492560251__16	6	6	6	6	18	13	6	6
ACCTCAACCC__0.537219649940916__17	8	8	8	8	9	6	8	13
GGTTCGTGTT__0.536767824248409__12	8	6	12	31	8	17	6	6
CACTCAAACA__0.536761879087326__14	17	11	8	8	9	36	6	6
GTGTCATGTC__0.536672629686638__13	17	6	8	8	18	18	6	8
GTAACATTGA__0.536652114995282__9	6	20	6	6	18	30	9	8
ACTTAATATA__0.536568892635855__9	11	6	20	20	30	13	13	13
GTGTCGTGGT__0.53635217424781__9	17	6	8	31	8	17	8	8
GTGTCATTGT__0.536299550482409__13	17	6	8	8	18	30	9	6
AAAACATCAC__0.536091764676379__11	36	36	6	6	18	7	8	17
ACCTCAAACT__0.535965560734348__10	8	8	8	8	9	36	6	11
GTTACATTGG__0.535899052128255__9	6	20	6	6	18	30	9	8
ACCTCACCCC__0.535830730555269__23	8	8	8	8	17	8	13	13
CCTCCATCCC__0.53581601842415__12	8	8	5	8	18	7	5	13
AGCCCATTCC__0.535697570540337__10	25	45	13	8	18	30	12	5
ACCTCAACTC__0.535665472450835__10	8	8	8	8	9	6	11	8
TGTTCATTGG__0.535186915694021__10	6	6	12	8	18	30	9	8
CTAACATACC__0.534980247476578__13	18	20	6	6	18	13	6	8
ATCCCATCCC__0.534851668322857__13	7	5	13	8	18	7	5	13
GTATCATTTT__0.534742771490692__11	6	13	7	8	18	30	36	36
AACTCACAAA__0.534708087431699__14	6	11	8	8	17	6	9	36
CATTCATACG__0.534700427797234__9	18	30	12	8	18	13	6	8
TTGTAATTGC__0.534416449601892__13	9	6	6	20	30	30	9	13
AGGTAATTGG__0.534206550616339__9	8	8	6	20	30	30	9	8
AGCCCATACA__0.533931706709284__10	25	45	13	8	18	13	6	6
ATGTCATTAT__0.533856492361932__10	18	6	8	8	18	30	20	13
GGGTCATGTT__0.533822486050629__14	13	8	8	8	18	18	6	6
GTTTCAGTTG__0.533746808316422__11	6	36	12	8	2	11	6	9
CACTCAACCT__0.533570412165562__12	17	11	8	8	9	6	8	8
ACCTCAACTA__0.533352032640272__10	8	8	8	8	9	6	11	18
CTGTTATTTG__0.533245800168176__9	2	6	6	20	13	30	36	9
GTATCGTTAC__0.533238372098455__9	6	13	7	31	8	6	20	6
ATGTCTTTCC__0.532736699006794__10	18	6	8	9	6	36	12	5
TTTTCAGTGG__0.53265704893934__9	36	36	12	8	2	11	17	8
CACCCATTCC__0.532634504124358__9	17	8	13	8	18	30	12	5
CGAACATTCC__0.532568551148264__10	31	12	6	6	18	30	12	5
TTTTCCTTAT__0.532535132848351__10	36	36	12	5	8	6	20	13
TTTTCATTTA__0.532509724996442__11	36	36	12	8	18	30	36	20
ATTACATACT__0.532420921135905__10	30	20	6	6	18	13	6	11
GTGTCGTTTT__0.53239629752915__10	17	6	8	31	8	6	36	36
GGTACATGTT__0.532282508605889__10	8	6	6	6	18	18	6	6
TGGTCTTTGT__0.532277175818621__10	8	8	8	9	6	36	9	6
TTATCATGGT__0.532121967698881__9	20	13	7	8	18	18	8	8
TAATCATACA__0.531838801005363__11	20	30	7	8	18	13	6	6
TACTCTTCCC__0.531646745979272__11	6	11	8	9	6	12	5	13
TACACATGCA__0.531621182118445__9	6	6	17	6	18	18	13	13
GGTTCAGTTT__0.531161398823635__12	8	6	12	8	2	11	6	36
ACCTCAACAA__0.531145533393804__12	8	8	8	8	9	6	6	9
GTAACATAGT__0.531013641866759__9	6	20	6	6	18	13	18	11
GGGTTATTTT__0.530821208944492__18	13	8	6	20	13	30	36	36
CACTCAACTG__0.530668229387475__9	17	11	8	8	9	6	11	2
CCCTCACCAG__0.530650696694987__9	13	8	8	8	17	8	8	2
GTGTCTTGTT__0.530608214339075__9	17	6	8	9	6	9	6	6
ACATAATCCC__0.530539641189837__12	6	18	13	20	30	7	5	13
CCCTCAAAAC__0.53050156227207__12	13	8	8	8	9	36	36	6
ATGTCATATT__0.530465807801722__9	18	6	8	8	18	13	13	30
ACTACATACC__0.530203392360771__12	11	18	6	6	18	13	6	8
ATCTCATAAC__0.530115027795142__13	7	9	8	8	18	13	20	6
CACTCATAAC__0.529995291693863__11	17	11	8	8	18	13	20	6
TGGTCGTGGT__0.529903989461946__9	8	8	8	31	8	17	8	8
CCTTCCTCCA__0.529876851944927__12	8	6	12	5	8	8	5	8
CAAGCATATA__0.529789018692866__9	9	6	25	13	18	13	13	13
TTGTTATAGG__0.529783932638493__13	9	6	6	20	13	13	18	8
ACTACATCCA__0.529746664873804__10	11	18	6	6	18	7	5	8
CAAACATACC__0.529706625340604__12	9	36	6	6	18	13	6	8
GTGTCATATT__0.529544602733598__12	17	6	8	8	18	13	13	30
GTGTCAGGGG__0.529371595978051__10	17	6	8	8	2	8	13	13
GTTTCAGTGG__0.529298212823023__10	6	36	12	8	2	11	17	8
AACACATCCC__0.529170366837404__13	6	6	17	6	18	7	5	13
GTGTAATTGG__0.529158823984677__12	17	6	6	20	30	30	9	8
GTGTCGTGGG__0.529068002086428__9	17	6	8	31	8	17	8	13
GGTACATGTA__0.5290665187312__11	8	6	6	6	18	18	6	6
CACACATCAC__0.528957219365482__10	17	6	17	6	18	7	8	17
ACCTCATACA__0.528853043648676__10	8	8	8	8	18	13	6	6
AACTTATTAA__0.52862709507156__9	6	11	6	20	13	30	20	20
GACACATAAA__0.528547198764068__10	8	6	17	6	18	13	20	36
CCCTCCTAAA__0.528531548229398__9	13	8	8	5	8	18	20	36
CTCTCACACA__0.528425902445304__15	8	9	8	8	17	6	17	6
CCTTCCTTAC__0.528318095119387__10	8	6	12	5	8	6	20	6
CTTTCATAAA__0.527993250491833__11	6	36	12	8	18	13	20	36
AAGGCATTCG__0.527894621949912__9	6	8	45	13	18	30	12	31
CCATCTTCCC__0.527657205763138__10	8	18	7	9	6	12	5	13
CACTCACTCC__0.527388787889693__12	17	11	8	8	17	11	8	5
CACTCACACT__0.527357350668207__12	17	11	8	8	17	6	17	11
ATGTCATTGT__0.527314048866413__9	18	6	8	8	18	30	9	6
GTGTCATGTG__0.526626266327259__11	17	6	8	8	18	18	6	17
CACTCAAAAT__0.526345002377147__10	17	11	8	8	9	36	36	30
GGGTCGTGTT__0.526060551996514__11	13	8	8	31	8	17	6	6
TTTACATTAT__0.525907656218843__9	36	20	6	6	18	30	20	13
CAAACATAAA__0.525897884483515__9	9	36	6	6	18	13	20	36
GGTTCGTGGC__0.525390686806088__12	8	6	12	31	8	17	8	45
AAACCATACA__0.525315445481628__9	36	6	8	8	18	13	6	6
TTATCATTCT__0.525271225733785__10	20	13	7	8	18	30	12	9
GTATCATAGT__0.525123830838427__10	6	13	7	8	18	13	18	11
GTGTTATGTT__0.52511621997309__16	17	6	6	20	13	18	6	6
GGTTCTTTTG__0.525108362474703__9	8	6	12	9	6	36	36	9
TTTTCATGTC__0.524958594908222__10	36	36	12	8	18	18	6	8
GTGTCTTGGA__0.524719085980042__9	17	6	8	9	6	9	8	5
CCCTCAACCA__0.524493088599062__13	13	8	8	8	9	6	8	8
CGTACATATC__0.52442845884363__9	8	6	6	6	18	13	13	7
CCTCCATCCA__0.524325613272882__9	8	8	5	8	18	7	5	8
AAGGCATGCT__0.524224950574496__10	6	8	45	13	18	18	13	25
ACTACATCCC__0.524134744513681__12	11	18	6	6	18	7	5	13
GGTTCTTGTA__0.523913422685679__10	8	6	12	9	6	9	6	6
GTGTAATTGT__0.523840192481019__13	17	6	6	20	30	30	9	6
CCTTCTTCCC__0.523636517644423__9	8	6	12	9	6	12	5	13
TTTTCATTTT__0.523572375078805__9	36	36	12	8	18	30	36	36
TGTACATTGT__0.523469346979547__9	6	6	6	6	18	30	9	6
TTGTTATTCG__0.523430643846265__13	9	6	6	20	13	30	12	31
CTTTCCTCTC__0.523286886117193__10	6	36	12	5	8	8	9	8
GCTACATACC__0.5232185286595__14	25	18	6	6	18	13	6	8
TCCGCATTGC__0.523134696584827__9	5	2	25	13	18	30	9	13
TGTTCTTTGC__0.522967673792611__9	6	6	12	9	6	36	9	13
TGTTCGTTTA__0.522787453586371__10	6	6	12	31	8	6	36	20
TCCCCATAAC__0.522538410137528__10	5	13	13	8	18	13	20	6
TTGTTATTGT__0.522516953832487__13	9	6	6	20	13	30	9	6
GTATCATTGT__0.522465054961167__10	6	13	7	8	18	30	9	6
ACCTCACCAC__0.522446297208846__17	8	8	8	8	17	8	8	17
AGGTCATGTA__0.522245735130233__9	8	8	8	8	18	18	6	6
GCATCATATA__0.52209015072623__9	13	18	7	8	18	13	13	13
AACGCATCCC__0.522078071993889__13	6	8	25	13	18	7	5	13
CCTTCATAAA__0.521625917315787__9	8	6	12	8	18	13	20	36
TTTACATTTA__0.521581358640176__9	36	20	6	6	18	30	36	20
TGTTCATAGT__0.521568305569403__10	6	6	12	8	18	13	18	11
CCCTCCTCAA__0.521539035848508__9	13	8	8	5	8	8	8	9
AAATCATTCC__0.521398043543554__10	36	30	7	8	18	30	12	5
TGTTAATTTT__0.521345715427827__11	6	6	20	20	30	30	36	36
TCCCCATACC__0.521286438310243__11	5	13	13	8	18	13	6	8
TGTTCATTTG__0.521214914451604__10	6	6	12	8	18	30	36	9
CACTCACCTA__0.521097154527824__11	17	11	8	8	17	8	8	18
GGTTCGTGTA__0.521089233710854__11	8	6	12	31	8	17	6	6
GTTCCATATT__0.520994606066929__9	6	12	5	8	18	13	13	30
TGTTCATTGA__0.520916110579502__10	6	6	12	8	18	30	9	8
TTTTAATTCT__0.520797805639901__11	36	36	20	20	30	30	12	9
AACACATAAC__0.520605589200363__10	6	6	17	6	18	13	20	6
CCCTAATGCC__0.520603121307429__9	13	8	18	20	30	18	13	45
ACCTCAGCCC__0.52052423122953__12	8	8	8	8	2	25	45	13
GGACCATATA__0.519805760530041__9	5	8	8	8	18	13	13	13
TTAACATACC__0.519553464753648__14	20	20	6	6	18	13	6	8
TGTTCGTAGT__0.51940890584043__11	6	6	12	31	8	6	18	11
CCGACATACA__0.519307743083501__9	2	31	8	6	18	13	6	6
ACCTCATACC__0.519281090684392__11	8	8	8	8	18	13	6	8
GTGTCATTCG__0.518929588717138__13	17	6	8	8	18	30	12	31
TAGTTATTTT__0.518866735457699__10	18	11	6	20	13	30	36	36
CACTCACACA__0.518707865604868__14	17	11	8	8	17	6	17	6
TGTTCGTTCG__0.518559551676757__9	6	6	12	31	8	6	12	31
ACTTTATATT__0.518455997867224__9	11	6	36	20	13	13	13	30
GGGTAATTGG__0.518452169482162__13	13	8	6	20	30	30	9	8
TTCCCATTCC__0.51828259177564__9	12	5	13	8	18	30	12	5
CTACCATCCA__0.518219448320691__10	18	6	8	8	18	7	5	8
TTTACATATT__0.518092016965311__9	36	20	6	6	18	13	13	30
GTTTAATTGT__0.517768605040421__11	6	36	20	20	30	30	9	6
CCAGCATACA__0.517741153828086__10	8	2	25	13	18	13	6	6
CACTCAACTC__0.517638141178404__10	17	11	8	8	9	6	11	8
TTAACATACT__0.5175951039106__9	20	20	6	6	18	13	6	11
TACACATTCC__0.517579605185581__10	6	6	17	6	18	30	12	5
CCCTCATAAC__0.517529250983743__9	13	8	8	8	18	13	20	6
TCCCCATTCC__0.517411454702436__9	5	13	13	8	18	30	12	5
CGAACATACA__0.517179534005546__10	31	12	6	6	18	13	6	6
CACTCACCCA__0.517113916500965__17	17	11	8	8	17	8	13	8
GTGTCGTGGA__0.517080869857588__9	17	6	8	31	8	17	8	5
AGTACATACA__0.517030745265457__12	11	6	6	6	18	13	6	6
CAAACATGCC__0.516972709805198__9	9	36	6	6	18	18	13	45
GGTTCGTAGT__0.516955767853931__12	8	6	12	31	8	6	18	11
TAGTCATGTA__0.51688399427723__9	18	11	8	8	18	18	6	6
ACCGCATACA__0.516822382606285__10	8	2	25	13	18	13	6	6
TGGTCGTCGG__0.516720846968027__9	8	8	8	31	8	8	31	2
GTGTCGTGTC__0.516687674572435__9	17	6	8	31	8	17	6	8
GTGTCGTTGG__0.516609216145164__9	17	6	8	31	8	6	9	8
CACTAATAAA__0.516315942856594__9	17	11	18	20	30	13	20	36
CCAACATCAC__0.516313846265933__9	8	9	6	6	18	7	8	17
TGTACATTTA__0.516245431806247__10	6	6	6	6	18	30	36	20
AGGTTATTGG__0.516225208092181__11	8	8	6	20	13	30	9	8
TTAGCATTGT__0.51607322504935__9	20	18	25	13	18	30	9	6
TGTTCTTACA__0.515787639425564__11	6	6	12	9	6	20	6	6
GCACCATACA__0.515767690566146__9	13	17	8	8	18	13	6	6
GCCCCATCCC__0.515584955190696__13	45	13	13	8	18	7	5	13
CTCTCCTCCC__0.515568469610377__15	8	9	8	5	8	8	5	13
TGTTCATTAT__0.51509150006441__10	6	6	12	8	18	30	20	13
TTTTAATAGG__0.515044350495788__9	36	36	20	20	30	13	18	8
TGTTCAGGGT__0.514860898921155__9	6	6	12	8	2	8	13	8
GTAACATGTA__0.514549467436462__9	6	20	6	6	18	18	6	6
ACCTCATCAC__0.514451363833748__9	8	8	8	8	18	7	8	17
AAATCAAAAA__0.514406119954241__11	36	30	7	8	9	36	36	36
ACCTCCTGCC__0.514087804125201__10	8	8	8	5	8	2	13	45
CTAACATAAC__0.51403547226047__10	18	20	6	6	18	13	20	6
GTAACATATT__0.513986287860959__9	6	20	6	6	18	13	13	30
AAGTTATGTA__0.513883696045862__9	6	11	6	20	13	18	6	6
CACTCCTACC__0.513873068509329__12	17	11	8	5	8	18	6	8
TGTTCATCGT__0.513836216343316__10	6	6	12	8	18	7	31	8
TTTTCAGGTA__0.513690250732627__9	36	36	12	8	2	8	8	6
TAGTTATTGT__0.513528142602232__10	18	11	6	20	13	30	9	6
CCATCATAAC__0.513245279605633__9	8	18	7	8	18	13	20	6
AACTCTTCCC__0.513229503610247__9	6	11	8	9	6	12	5	13
CGCACATACA__0.513073182949158__10	25	13	17	6	18	13	6	6
TGTTAATAGT__0.513054277406636__10	6	6	20	20	30	13	18	11
CACTCAATCC__0.513018374237171__9	17	11	8	8	9	30	7	5
CCCACATAAC__0.512838394835445__9	13	8	17	6	18	13	20	6
TAGGCATGTT__0.51281080774345__9	18	8	45	13	18	18	6	6
CTTTCCTTAA__0.512735811736784__9	6	36	12	5	8	6	20	20
ACCTCACAAT__0.512618725278268__9	8	8	8	8	17	6	9	30
TTTGCATTGG__0.512439321504171__10	36	9	13	13	18	30	9	8
CCTTTATCCC__0.512406836199091__11	8	6	36	20	13	7	5	13
ATGTCATATA__0.512278827947959__9	18	6	8	8	18	13	13	13
GTTTCATGCG__0.512046849103506__11	6	36	12	8	18	18	13	25
TGGTCATGTA__0.512034664841848__11	8	8	8	8	18	18	6	6
GGTTCATGGG__0.51181668061728__10	8	6	12	8	18	18	8	13
TGTTCAAGGT__0.51180469804662__10	6	6	12	8	9	6	8	8
ACCTCAACCA__0.511405811085732__13	8	8	8	8	9	6	8	8
TGTTCGTGGC__0.511363865443535__10	6	6	12	31	8	17	8	45
ACCTCACGCC__0.511210892331195__11	8	8	8	8	17	8	25	45
CCCGCATACC__0.510848790484698__11	13	2	25	13	18	13	6	8
CCCTCAAACA__0.510768057132314__10	13	8	8	8	9	36	6	6
TGTTTATTTG__0.510713771182691__11	6	6	36	20	13	30	36	9
CTATCCTCCA__0.510679965542779__10	18	13	7	5	8	8	5	8
GGTTCAGTAG__0.510586502706919__10	8	6	12	8	2	11	6	18
TCGTTATTGT__0.510486176946565__9	31	8	6	20	13	30	9	6
GCGTCAATTT__0.510317075562864__9	25	8	8	8	9	30	30	36
GTGTAATGTT__0.51031634935089__12	17	6	6	20	30	18	6	6
ATGTCATTCG__0.510175821404999__9	18	6	8	8	18	30	12	31
CACGCATACA__0.51005106930469__10	17	8	25	13	18	13	6	6
GGGACATTGG__0.509913945866604__9	13	5	8	6	18	30	9	8
GTATCATGTG__0.5099104583944__9	6	13	7	8	18	18	6	17
CACTCACCCT__0.509832607187171__12	17	11	8	8	17	8	13	8
CTGTTATTTC__0.509800319212075__9	2	6	6	20	13	30	36	12
GGCGCATTTG__0.509795262510643__10	45	25	25	13	18	30	36	9
TTTTAATTTG__0.509774418080352__10	36	36	20	20	30	30	36	9
ATGTCATAAA__0.509729669176243__11	18	6	8	8	18	13	20	36
CACTCACTAA__0.509691001704762__9	17	11	8	8	17	11	18	20
ACCTCACACC__0.50940371891853__16	8	8	8	8	17	6	17	8
GTTTCAGGTG__0.509329815944616__9	6	36	12	8	2	8	8	17
TGTTAATATA__0.509269707406077__12	6	6	20	20	30	13	13	13
CACACATAAC__0.509035040372687__9	17	6	17	6	18	13	20	6
GCCTCACACT__0.5089248667389__12	45	8	8	8	17	6	17	11
TTTTGATTGT__0.508864040039938__10	36	36	9	8	7	30	9	6
GAAACATTCC__0.508786347780515__9	12	36	6	6	18	30	12	5
CCTACATAAC__0.50871381287399__9	8	18	6	6	18	13	20	6
CCTTCATCCA__0.508616555153544__9	8	6	12	8	18	7	5	8
GTTTCAAGGG__0.50782845593088__9	6	36	12	8	9	6	8	13
ACCTCAACGC__0.507760463001612__10	8	8	8	8	9	6	8	25
AGCCCATACC__0.507715186256042__10	25	45	13	8	18	13	6	8
GTGTAATAGT__0.507651146272442__12	17	6	6	20	30	13	18	11
TTTTTATAGT__0.507455552654535__11	36	36	36	20	13	13	18	11
GGTTAATGGG__0.507368669992251__12	8	6	20	20	30	18	8	13
CCCTAATACA__0.507241414255954__9	13	8	18	20	30	13	6	6
TACACATAAC__0.507023674307928__10	6	6	17	6	18	13	20	6
ACTTCTTCCC__0.506986830871622__9	11	6	12	9	6	12	5	13
CACTCAACCC__0.506877908530112__16	17	11	8	8	9	6	8	13
TACTCCTCCC__0.506191822119004__14	6	11	8	5	8	8	5	13
CTCTCAACGC__0.506145579658775__11	8	9	8	8	9	6	8	25
AAGGCATACA__0.506095186527565__12	6	8	45	13	18	13	6	6
TGTACATTTC__0.506059192039892__9	6	6	6	6	18	30	36	12
TGGTCGTTTT__0.50599279586961__9	8	8	8	31	8	6	36	36
TGTTTATGTT__0.50590233349779__12	6	6	36	20	13	18	6	6
CCGCCATCCA__0.505652760842905__9	2	25	45	8	18	7	5	8
CCCTCACCAT__0.5056059127607__9	13	8	8	8	17	8	8	18
AGTTTATTGT__0.505560339504504__9	11	6	36	20	13	30	9	6
CTATCATTCC__0.505550145354209__9	18	13	7	8	18	30	12	5
TGTTTATGTG__0.505499104698008__12	6	6	36	20	13	18	6	17
GTTTCATTTG__0.50543814061503__9	6	36	12	8	18	30	36	9
TTAACATACA__0.505278175773916__11	20	20	6	6	18	13	6	6
TGTTCATGTC__0.505177529743783__10	6	6	12	8	18	18	6	8
GAGTCATGTA__0.505146781055454__9	8	11	8	8	18	18	6	6
CCTTCACCCT__0.5050370292356__12	8	6	12	8	17	8	13	8
GTGTCATAGT__0.505036049267885__10	17	6	8	8	18	13	18	11
TTGTAATATT__0.50497485025506__11	9	6	6	20	30	13	13	30
CAAACATAAC__0.504799063146953__9	9	36	6	6	18	13	20	6
GGTTCGTTTG__0.50459322336452__9	8	6	12	31	8	6	36	9
ACTTCAAATA__0.504504516501558__9	11	6	12	8	9	36	30	13
GGTTCAAGGT__0.504450770471921__11	8	6	12	8	9	6	8	8
AGTTTATAGT__0.504381832757788__10	11	6	36	20	13	13	18	11
AACTCACAGC__0.504107857871993__9	6	11	8	8	17	6	2	25
ACTGCATTCC__0.504004529966526__9	11	2	13	13	18	30	12	5
TTTTCATTCT__0.503697779180996__9	36	36	12	8	18	30	12	9
AACTCACCTA__0.503579868746992__10	6	11	8	8	17	8	8	18
TTTTTATGTG__0.503199283018177__10	36	36	36	20	13	18	6	17
CGCACATACC__0.50309663851752__11	25	13	17	6	18	13	6	8
ACCTAATACC__0.503092248735976__11	8	8	18	20	30	13	6	8
AAAACATAAC__0.503062205251123__9	36	36	6	6	18	13	20	6
TTGTAATTCG__0.503026916354213__10	9	6	6	20	30	30	12	31
GTTTCATATG__0.503018030761482__9	6	36	12	8	18	13	13	18
TTTTTATTTG__0.502734285000067__9	36	36	36	20	13	30	36	9
CCTACATACC__0.502675059071598__10	8	18	6	6	18	13	6	8
CACTCACATA__0.502629789075006__9	17	11	8	8	17	6	18	13
GTGTTATAGT__0.502578218594532__14	17	6	6	20	13	13	18	11
ACCTCACCAA__0.502446765188603__13	8	8	8	8	17	8	8	9
TGTTCATTTT__0.502444305911668__9	6	6	12	8	18	30	36	36
GTTACATATG__0.502366945775431__9	6	20	6	6	18	13	13	18
TAAACATGCC__0.502196933509793__9	20	36	6	6	18	18	13	45
AACTCCTCCA__0.50218718900792__10	6	11	8	5	8	8	5	8
GTTACATTAT__0.501981335593212__9	6	20	6	6	18	30	20	13
CCATCAACCT__0.501927198574272__9	8	18	7	8	9	6	8	8
GTGTTATTGG__0.501832682959498__14	17	6	6	20	13	30	9	8
GTGTTATTTG__0.501737048326771__13	17	6	6	20	13	30	36	9
ACCTCAACCT__0.501626574404444__9	8	8	8	8	9	6	8	8
TTTGCATGTT__0.501465592507421__9	36	9	13	13	18	18	6	6
GTGTCATGGT__0.501343897022546__10	17	6	8	8	18	18	8	8
GGTTTATTGT__0.50133781716115__13	8	6	36	20	13	30	9	6
ACCTCAAAAC__0.501290117627393__11	8	8	8	8	9	36	36	6
TGTTCAGGTT__0.50124085158192__9	6	6	12	8	2	8	8	6
CCTTCACTAC__0.501225720074686__9	8	6	12	8	17	11	18	6
GGATTATTGT__0.501043344161554__9	5	7	30	20	13	30	9	6
GTTTCATGGT__0.500990042099608__9	6	36	12	8	18	18	8	8
TGTTCGTAAG__0.500984148647818__10	6	6	12	31	8	6	20	6
GTGTCGTAGT__0.500470165414805__9	17	6	8	31	8	6	18	11
TTTACATACT__0.50022865498327__9	36	20	6	6	18	13	6	11
TTTACATGCA__0.500109949424521__10	36	20	6	6	18	18	13	13
CATTCATAAC__0.500052615628055__11	18	30	12	8	18	13	20	6
GGGTTATTGG__0.499822800628378__16	13	8	6	20	13	30	9	8
GTGTTATGTA__0.499802216765641__15	17	6	6	20	13	18	6	6
TCAACATACA__0.499724678429706__9	8	9	6	6	18	13	6	6
GGGACATTCG__0.499552744791295__10	13	5	8	6	18	30	12	31
TGGTAATTTG__0.499072702701178__11	8	8	6	20	30	30	36	9
GTGTCATTAG__0.499065883753052__10	17	6	8	8	18	30	20	18
AATTCCTTAC__0.499044776463417__9	30	30	12	5	8	6	20	6
GGGTCAGGTG__0.498765691596342__12	13	8	8	8	2	8	8	17
ATATCATACA__0.498704721812232__10	13	13	7	8	18	13	6	6
CCATCATACC__0.498593594778606__9	8	18	7	8	18	13	6	8
TGGTCGTGGC__0.498534481244952__9	8	8	8	31	8	17	8	45
TCCTCCTACA__0.498474004326625__9	5	8	8	5	8	18	6	6
CACTCATACC__0.498401524419747__10	17	11	8	8	18	13	6	8
GTATCATTCT__0.498324927480713__10	6	13	7	8	18	30	12	9
CCGGCATTCC__0.498136080149702__9	2	2	45	13	18	30	12	5
CACTCACAAC__0.4980589886026__12	17	11	8	8	17	6	9	6
CACTCAACTA__0.498027999712287__9	17	11	8	8	9	6	11	18
TAGTTATTGG__0.498026081987368__9	18	11	6	20	13	30	9	8
TGTTCGTGCT__0.497918059237763__9	6	6	12	31	8	17	13	25
CACTCAACAA__0.497859156775427__11	17	11	8	8	9	6	6	9
GTTTCATATT__0.497853863892816__9	6	36	12	8	18	13	13	30
GTTTTATAGG__0.497837951646295__12	6	36	36	20	13	13	18	8
ATGTCATACA__0.497778777347633__10	18	6	8	8	18	13	6	6
ACCTCACCGA__0.497734790521667__9	8	8	8	8	17	8	2	31
CGAACATAAC__0.497725043001461__9	31	12	6	6	18	13	20	6
AGTTTATTCT__0.497679370417697__9	11	6	36	20	13	30	12	9
AAAACATCCC__0.49767819135366__11	36	36	6	6	18	7	5	13
GTTTAATATT__0.497617071325457__11	6	36	20	20	30	13	13	30
GTGTCAGGGA__0.496942628425199__9	17	6	8	8	2	8	13	5
TCCACATCCC__0.496867063926349__11	5	8	17	6	18	7	5	13
TGGTCAGTTT__0.496802710595964__10	8	8	8	8	2	11	6	36
AACTCACCTC__0.496767175798854__10	6	11	8	8	17	8	8	8
GTTTAATTTA__0.496261049134648__11	6	36	20	20	30	30	36	20
CACTCACTAC__0.496252904598841__9	17	11	8	8	17	11	18	6
CCAACATCCC__0.496151667517075__10	8	9	6	6	18	7	5	13
TGTTCATTTA__0.496053741046801__10	6	6	12	8	18	30	36	20
TGGTCATAGT__0.496014975271917__9	8	8	8	8	18	13	18	11
TGTTAATTGT__0.495782476635816__9	6	6	20	20	30	30	9	6
ACATCCTCCC__0.495585869300548__13	6	18	7	5	8	8	5	13
ACCTCACTAC__0.495428150779185__9	8	8	8	8	17	11	18	6
ACTTTATTCC__0.495424731241455__9	11	6	36	20	13	30	12	5
AAATCATGCC__0.495353045732558__9	36	30	7	8	18	18	13	45
GGTTTATTTT__0.495099327623379__12	8	6	36	20	13	30	36	36
GTAACATATA__0.494890886218054__9	6	20	6	6	18	13	13	13
TTGTCATAAA__0.494845265241825__11	9	6	8	8	18	13	20	36
TGTTCAGTTG__0.494580107102963__9	6	6	12	8	2	11	6	9
CACGCATCCC__0.494028239881827__11	17	8	25	13	18	7	5	13
ACTTCACCCT__0.493907951857895__12	11	6	12	8	17	8	13	8
GGATCATGTA__0.49377147174705__9	5	7	7	8	18	18	6	6
GTGTCAGGTT__0.493534817493443__9	17	6	8	8	2	8	8	6
GTTTTATTGG__0.493506836401706__11	6	36	36	20	13	30	9	8
GGTTCAGTGT__0.493498986947001__10	8	6	12	8	2	11	17	6
CCCTCCTGCC__0.493412278096662__9	13	8	8	5	8	2	13	45
GGTTCAGAGG__0.493398835193173__10	8	6	12	8	2	9	8	8
TGTTCGTGCG__0.49318000121566__9	6	6	12	31	8	17	13	25
TGTTCATACT__0.492998992873739__9	6	6	12	8	18	13	6	11
TGTTAATGTT__0.492935117217134__9	6	6	20	20	30	18	6	6
TTGTCATTTA__0.492602884849691__10	9	6	8	8	18	30	36	20
GGGTGATTGG__0.49248976248897__13	13	8	17	8	7	30	9	8
AGGTAATATT__0.492479609872395__9	8	8	6	20	30	13	13	30
GTGTCATCGT__0.492314523477462__11	17	6	8	8	18	7	31	8
GTTTTATTGT__0.492263228717854__11	6	36	36	20	13	30	9	6
GGTTTATGTT__0.492250582073369__13	8	6	36	20	13	18	6	6
TTGTAATGTT__0.492069099538738__9	9	6	6	20	30	18	6	6
TGGTAATAGT__0.492013268760503__10	8	8	6	20	30	13	18	11
CGAACATACC__0.491812777300613__10	31	12	6	6	18	13	6	8
TTGTCTTACA__0.49170259369534__9	9	6	8	9	6	20	6	6
TAAACATAAC__0.491327720999365__9	20	36	6	6	18	13	20	6
TACTCACTAA__0.491325727381652__9	6	11	8	8	17	11	18	20
CTCTCCTACA__0.491148097214172__9	8	9	8	5	8	18	6	6
TGTTAATGGG__0.491134735219413__9	6	6	20	20	30	18	8	13
TTTTTATTCG__0.490942710573865__9	36	36	36	20	13	30	12	31
CTCTCACTCC__0.490864584600893__10	8	9	8	8	17	11	8	5
TGTTAATTCG__0.490826047110068__9	6	6	20	20	30	30	12	31
GCGCCATACA__0.490535956131716__9	25	25	45	8	18	13	6	6
AGACCATACC__0.490284540006578__9	9	8	8	8	18	13	6	8
AGGTAATTTA__0.490007646309026__9	8	8	6	20	30	30	36	20
GGGTCTTGTA__0.48996132317576__9	13	8	8	9	6	9	6	6
GTTTAATTTG__0.489913185306565__10	6	36	20	20	30	30	36	9
GCAACATCCC__0.489731176206339__12	13	9	6	6	18	7	5	13
TGTTCAATTT__0.489717914190805__10	6	6	12	8	9	30	30	36
TTATCATCGC__0.489697553728209__9	20	13	7	8	18	7	31	25
TTATCATTAC__0.489669562577019__9	20	13	7	8	18	30	20	6
GTGTCATAGG__0.489663064547503__9	17	6	8	8	18	13	18	8
CCTTCAACAC__0.489650679191367__12	8	6	12	8	9	6	6	17
TACTCAACCC__0.489603734057634__15	6	11	8	8	9	6	8	13
TAAACATCCA__0.489349294154437__9	20	36	6	6	18	7	5	8
TGTTCAAGTG__0.488772751829344__10	6	6	12	8	9	6	11	17
AGTTCATACA__0.488630582224208__10	11	6	12	8	18	13	6	6
CAAGCATACC__0.48841225839919__10	9	6	25	13	18	13	6	8
CCTTCCTCCC__0.488402577424939__13	8	6	12	5	8	8	5	13
CCTTCCTACC__0.488080580839913__12	8	6	12	5	8	18	6	8
ATGTTATGTT__0.488011077975936__9	18	6	6	20	13	18	6	6
TTGTAATTTA__0.487982931735168__10	9	6	6	20	30	30	36	20
TTGTCATTCG__0.487927081874729__9	9	6	8	8	18	30	12	31
TCCTCACACG__0.487613928081737__9	5	8	8	8	17	6	17	8
TGTTCATTAA__0.487541884364323__9	6	6	12	8	18	30	20	20
CCTTAATACA__0.487339078511195__9	8	6	20	20	30	13	6	6
CATACATACA__0.487127643745532__9	18	13	6	6	18	13	6	6
TGGTCAGGTG__0.487103154324056__9	8	8	8	8	2	8	8	17
TCCTCCTACC__0.486941685681619__10	5	8	8	5	8	18	6	8
AGGTTATAGG__0.486692297602459__9	8	8	6	20	13	13	18	8
GTATCATTAC__0.486689841021805__10	6	13	7	8	18	30	20	6
CCGCCATCCC__0.486652499611317__10	2	25	45	8	18	7	5	13
GTGTTATTTT__0.486457368223343__12	17	6	6	20	13	30	36	36
TATTCATACC__0.486434576666995__12	13	30	12	8	18	13	6	8
AGGCCATACA__0.486238544699134__9	8	45	45	8	18	13	6	6
GTGTCATATG__0.486035894509045__9	17	6	8	8	18	13	13	18
GGTTTATGGG__0.486029533230611__12	8	6	36	20	13	18	8	13
CCTTCACACA__0.485922380029345__12	8	6	12	8	17	6	17	6
TTACCATCCC__0.485759637905865__11	20	6	8	8	18	7	5	13
AACTCAACCC__0.485756749929991__14	6	11	8	8	9	6	8	13
TTGTTATATT__0.485609412932428__12	9	6	6	20	13	13	13	30
AGGTTATTTT__0.485429979178565__9	8	8	6	20	13	30	36	36
ACTTAATACA__0.485074407574679__9	11	6	20	20	30	13	6	6
GGGTCAAGGG__0.484919811946321__10	13	8	8	8	9	6	8	13
TGTTAATTTG__0.484909758543137__9	6	6	20	20	30	30	36	9
CGTTCATTCC__0.484839404420584__9	8	6	12	8	18	30	12	5
AACTTATACA__0.484760217127746__9	6	11	6	20	13	13	6	6
TCCTCACCCC__0.484757527815675__18	5	8	8	8	17	8	13	13
AACTCAGCAC__0.484598558467717__9	6	11	8	8	2	25	13	17
GTGTAATTTG__0.484562760547598__11	17	6	6	20	30	30	36	9
CAGGCATACA__0.484506257674292__10	2	8	45	13	18	13	6	6
GGTTCATGTC__0.484049269433063__10	8	6	12	8	18	18	6	8
TTGTAATGTA__0.483940247773674__9	9	6	6	20	30	18	6	6
TGTTCATTCT__0.483771115417716__9	6	6	12	8	18	30	12	9
GGTTCACGGG__0.483455698833008__9	8	6	12	8	17	8	2	13
GTGTCAGTGT__0.483338885555313__9	17	6	8	8	2	11	17	6
CCATCCTCCA__0.483310069984667__9	8	18	7	5	8	8	5	8
CCTTCAAACC__0.483052281657375__11	8	6	12	8	9	36	6	8
GTATCATTCA__0.48287056937385__10	6	13	7	8	18	30	12	8
GGGTCATGTG__0.482508487372681__10	13	8	8	8	18	18	6	17
GTATCTTAAC__0.482259201662703__9	6	13	7	9	6	20	20	6
GGTTCAGTGG__0.482130753834694__9	8	6	12	8	2	11	17	8
GGGTAATAGG__0.482010923142926__11	13	8	6	20	30	13	18	8
ATTACATACA__0.481937805723757__10	30	20	6	6	18	13	6	6
GGGTCAAGGT__0.481835709817023__10	13	8	8	8	9	6	8	8
AACTCAACAA__0.48176779130296__10	6	11	8	8	9	6	6	9
TTAACATTCC__0.481755545468355__9	20	20	6	6	18	30	12	5
AACTAATCCC__0.481511893950516__10	6	11	18	20	30	7	5	13
CTCTCACAAC__0.481388573052639__11	8	9	8	8	17	6	9	6
GGGTCATATG__0.481043595621542__10	13	8	8	8	18	13	13	18
TGTTAATTCT__0.48099566808251__9	6	6	20	20	30	30	12	9
CATTCATCAC__0.480877737401527__9	18	30	12	8	18	7	8	17
AATTCAACAA__0.480728266741349__10	30	30	12	8	9	6	6	9
TGTTAATATG__0.480540192685533__9	6	6	20	20	30	13	13	18
CTCGCATCCC__0.480479698050307__11	8	31	25	13	18	7	5	13
AACTCCTACC__0.480190761037367__10	6	11	8	5	8	18	6	8
CTATCCTCAC__0.480051136055849__9	18	13	7	5	8	8	8	17
CACTCACCTC__0.480047416310217__9	17	11	8	8	17	8	8	8
TGGTCATTTG__0.479713964598723__9	8	8	8	8	18	30	36	9
AATTCAACCC__0.479446118744294__13	30	30	12	8	9	6	8	13
GTGTCAATTG__0.479264912241196__9	17	6	8	8	9	30	30	9
TGGTCATTTT__0.479239823612023__9	8	8	8	8	18	30	36	36
GGTTCATTCT__0.479059908677629__10	8	6	12	8	18	30	12	9
CACTCACGCC__0.47847362466416__9	17	11	8	8	17	8	25	45
AAGTAATACA__0.477998541058108__9	6	11	6	20	30	13	6	6
CACTCACCAC__0.477732396723329__13	17	11	8	8	17	8	8	17
TGTTTATGTA__0.477536506789956__11	6	6	36	20	13	18	6	6
GTGTAATACA__0.477455432950288__15	17	6	6	20	30	13	6	6
AACTCACTCC__0.477446328268757__9	6	11	8	8	17	11	8	5
GTGTTATTTC__0.477277302891314__12	17	6	6	20	13	30	36	12
GTTACATAGC__0.477204896737782__9	6	20	6	6	18	13	18	25
CGCACATCCC__0.476937577098349__10	25	13	17	6	18	7	5	13
GGTTCGTGCG__0.47684375865058__9	8	6	12	31	8	17	13	25
CAGTAATACA__0.476332886360259__9	2	11	6	20	30	13	6	6
AAAGCATCCC__0.476228755561392__11	36	6	25	13	18	7	5	13
GTTACATACA__0.476179192321399__11	6	20	6	6	18	13	6	6
GGGTCAGTGG__0.476134767345992__11	13	8	8	8	2	11	17	8
TTGTTATAGT__0.476096173989146__10	9	6	6	20	13	13	18	11
CCATCCTCCC__0.476077358074732__12	8	18	7	5	8	8	5	13
TTCTCCTACA__0.475906371046099__9	12	9	8	5	8	18	6	6
TGTTTATAGG__0.475805799653675__10	6	6	36	20	13	13	18	8
TTTTCTTCCC__0.475670409898692__10	36	36	12	9	6	12	5	13
ACTTCCTCCC__0.4755669275349__12	11	6	12	5	8	8	5	13
CACTCACACC__0.47555598834486__13	17	11	8	8	17	6	17	8
GGGACATATT__0.475396935550297__9	13	5	8	6	18	13	13	30
CTAACATCCC__0.475238792887597__10	18	20	6	6	18	7	5	13
CACTAATCCA__0.475091130580616__9	17	11	18	20	30	7	5	8
CTTTCCTACA__0.475031087094136__10	6	36	12	5	8	18	6	6
GTTTTATAGT__0.474465554410629__11	6	36	36	20	13	13	18	11
TTGTTATTCT__0.474456611851799__10	9	6	6	20	13	30	12	9
ACCGCATACC__0.474251565290784__9	8	2	25	13	18	13	6	8
CCCTAATACC__0.474094158414662__9	13	8	18	20	30	13	6	8
CGGACATAAC__0.474091792242939__9	2	5	8	6	18	13	20	6
TACGCATCCA__0.473876477298836__9	6	8	25	13	18	7	5	8
CCTTCATCCC__0.473768105172887__9	8	6	12	8	18	7	5	13
TTTTAATTTC__0.473497149689734__9	36	36	20	20	30	30	36	12
GTGTAATAGC__0.473290884470715__11	17	6	6	20	30	13	18	25
TTGTTATTTC__0.473279249147902__10	9	6	6	20	13	30	36	12
GGGTCATGGT__0.473065709724741__10	13	8	8	8	18	18	8	8
ACCTCACCCG__0.472776273037941__9	8	8	8	8	17	8	13	2
CTGTCCTACA__0.472711988525972__9	2	6	8	5	8	18	6	6
GCCACATACC__0.472548594247038__9	45	8	17	6	18	13	6	8
GGGTCATTGG__0.472381655989791__10	13	8	8	8	18	30	9	8
GTGTCATTTC__0.472328098962109__10	17	6	8	8	18	30	36	12
GTTCCATCAC__0.471947527323674__9	6	12	5	8	18	7	8	17
GTGTAATAGG__0.471859658339393__9	17	6	6	20	30	13	18	8
CCGTCACACT__0.471681470016027__9	2	8	8	8	17	6	17	11
ATGTTATGTA__0.471598936032088__9	18	6	6	20	13	18	6	6
GTTTCGTAAC__0.470956522317744__9	6	36	12	31	8	6	20	6
TACTCACCAC__0.470783978423524__13	6	11	8	8	17	8	8	17
GGGTAATGGG__0.470752079201066__11	13	8	6	20	30	18	8	13
GTGTCATAAT__0.47058379155953__10	17	6	8	8	18	13	20	30
ACTTCCTACA__0.470576414756918__9	11	6	12	5	8	18	6	6
ATTTAATTCC__0.470106193970054__9	30	36	20	20	30	30	12	5
GGGTCAATAG__0.470055392731841__10	13	8	8	8	9	30	13	18
TGTTCAAGTT__0.469886520733154__9	6	6	12	8	9	6	11	6
TTAACATCCA__0.469790039888703__9	20	20	6	6	18	7	5	8
AATTCACACC__0.468876155550874__14	30	30	12	8	17	6	17	8
TTGTCAAATT__0.468791164686987__9	9	6	8	8	9	36	30	30
GTTTTATGTG__0.468744149758849__10	6	36	36	20	13	18	6	17
AATTCACCTA__0.468701906832652__9	30	30	12	8	17	8	8	18
CACTCAAAAC__0.46868422533657__10	17	11	8	8	9	36	36	6
TGTTAATTTC__0.468393369638512__9	6	6	20	20	30	30	36	12
ACCGCATCCC__0.46818637587686__9	8	2	25	13	18	7	5	13
AGTACATAAC__0.468087867473209__9	11	6	6	6	18	13	20	6
CACGCATACC__0.467951383922597__9	17	8	25	13	18	13	6	8
AATACATACC__0.46778009651283__9	30	13	6	6	18	13	6	8
TTATCATAAA__0.467711677624841__9	20	13	7	8	18	13	20	36
AACGCATACC__0.467644632069488__9	6	8	25	13	18	13	6	8
GGGTTATGTT__0.467041142818248__13	13	8	6	20	13	18	6	6
TGTTCGTAAA__0.46702180725337__9	6	6	12	31	8	6	20	36
CATTCAAAAA__0.46700573176011__9	18	30	12	8	9	36	36	36
GCTTCATCCA__0.466925261394268__9	25	6	12	8	18	7	5	8
CACTCACCGC__0.46680346941572__9	17	11	8	8	17	8	2	25
TGTTAATTCC__0.466427374382377__10	6	6	20	20	30	30	12	5
ACCTCACCGC__0.466363671016941__9	8	8	8	8	17	8	2	25
CCCTCAACAC__0.466077569252311__9	13	8	8	8	9	6	6	17
CGCTAATACA__0.466054875706245__9	25	25	18	20	30	13	6	6
AACTCACCAC__0.465853829474487__12	6	11	8	8	17	8	8	17
TTCCCATCCC__0.465526635969608__9	12	5	13	8	18	7	5	13
CTGTAATACA__0.465424189536948__10	2	6	6	20	30	13	6	6
ATAACATACC__0.465139818410258__9	13	20	6	6	18	13	6	8
CTACCATCCC__0.465083717587742__9	18	6	8	8	18	7	5	13
GTTTTATTCC__0.464937106657583__12	6	36	36	20	13	30	12	5
GTTTTATTTA__0.46485462889672__10	6	36	36	20	13	30	36	20
TTCTCATAAC__0.464756191550637__9	12	9	8	8	18	13	20	6
CACTCATCCC__0.464362749726296__9	17	11	8	8	18	7	5	13
ACAGCATACC__0.46427348505434__9	6	2	25	13	18	13	6	8
GCTTCCTACA__0.464266409182303__10	25	6	12	5	8	18	6	6
GGGGCATAGG__0.464089930676958__13	13	13	45	13	18	13	18	8
TTATCATTCC__0.46407817028844__9	20	13	7	8	18	30	12	5
TGTTTATCTG__0.46406789653112__9	6	6	36	20	13	7	9	2
GCCTCACAAA__0.46375137018867__10	45	8	8	8	17	6	9	36
GTGTCATGCG__0.463737588279479__9	17	6	8	8	18	18	13	25
TACGCATACC__0.463714252508995__10	6	8	25	13	18	13	6	8
CTCTCCTACC__0.463312686040843__9	8	9	8	5	8	18	6	8
TGCTCATAAA__0.463283695579461__9	13	25	8	8	18	13	20	36
GGTTCAGTTC__0.463217866285367__9	8	6	12	8	2	11	6	12
CGATCATCCC__0.463206582379428__9	31	7	7	8	18	7	5	13
GGGTCATTTG__0.463016122618678__10	13	8	8	8	18	30	36	9
AACTCACACC__0.462981694586445__12	6	11	8	8	17	6	17	8
CCTTCACCCC__0.462776106744148__15	8	6	12	8	17	8	13	13
TGTTTATTTC__0.46270426077687__9	6	6	36	20	13	30	36	12
GTGTAATTAG__0.462590046013815__9	17	6	6	20	30	30	20	18
TGTTCAATAT__0.46258085347144__9	6	6	12	8	9	30	13	13
GTGTAATATA__0.462527289027481__11	17	6	6	20	30	13	13	13
GTTGCATGTA__0.462508341201265__9	6	9	13	13	18	18	6	6
TTGTAATTTC__0.462223351427183__9	9	6	6	20	30	30	36	12
GTGTAATATT__0.462178055205391__10	17	6	6	20	30	13	13	30
ACGCCATCCC__0.461893551192474__9	8	25	45	8	18	7	5	13
TTGTCCTACA__0.461878031256629__10	9	6	8	5	8	18	6	6
CCTTCACAAC__0.461754549562519__10	8	6	12	8	17	6	9	6
GGTTCATGTA__0.46137052056602__9	8	6	12	8	18	18	6	6
TCCTCACCCG__0.461340915401521__9	5	8	8	8	17	8	13	2
TTTTTATAAT__0.461121808962148__9	36	36	36	20	13	13	20	30
ATACCATCCC__0.460951600474803__9	13	6	8	8	18	7	5	13
ACCTCCTCCC__0.460793119319154__10	8	8	8	5	8	8	5	13
TGTTCAACAC__0.46074729128797__14	6	6	12	8	9	6	6	17
AGTTCCTCCA__0.460445269521066__9	11	6	12	5	8	8	5	8
ACTTCAACAA__0.460380775885637__9	11	6	12	8	9	6	6	9
GGTTAATTTT__0.460361148256637__9	8	6	20	20	30	30	36	36
TTGTTATGTG__0.460186407526032__9	9	6	6	20	13	18	6	17
TGTGCATTTT__0.459747725984631__9	6	17	13	13	18	30	36	36
TTTACATCCC__0.45959243305113__11	36	20	6	6	18	7	5	13
TTTTCCTGCC__0.459569095535971__9	36	36	12	5	8	2	13	45
TTGTCAAGCA__0.459514160194451__9	9	6	8	8	9	6	25	13
GGGTAATGTT__0.459166863789613__10	13	8	6	20	30	18	6	6
TCCGCATCCC__0.459089283402872__9	5	2	25	13	18	7	5	13
TGTTTATTAA__0.459081648553588__10	6	6	36	20	13	30	20	20
TGTTCAAATA__0.458726450677994__10	6	6	12	8	9	36	30	13
ACCTCAAACC__0.45852194566146__9	8	8	8	8	9	36	6	8
GTGTTATTTA__0.458433414220234__11	17	6	6	20	13	30	36	20
ACATCACCCC__0.458143690005848__14	6	18	7	8	17	8	13	13
GTGTAATGTA__0.457862319869562__9	17	6	6	20	30	18	6	6
AGCACATACC__0.457837699668232__9	25	13	17	6	18	13	6	8
GTGTAATTGA__0.457695205709627__9	17	6	6	20	30	30	9	8
ATCTCACACT__0.457646476195014__9	7	9	8	8	17	6	17	11
CCTTCAAAAC__0.457539067496513__9	8	6	12	8	9	36	36	6
ACATCACAAC__0.457295795001355__10	6	18	7	8	17	6	9	6
CTCTAATCCC__0.456732971173659__9	8	9	18	20	30	7	5	13
TGGTTATTGT__0.456704924341616__10	8	8	6	20	13	30	9	6
CCTTCAACCC__0.456479577051928__11	8	6	12	8	9	6	8	13
ACTTCAAACA__0.456418560306894__9	11	6	12	8	9	36	6	6
CGCTCCTCCC__0.45587028037093__10	25	25	8	5	8	8	5	13
GGTTAATATA__0.455720798900739__10	8	6	20	20	30	13	13	13
CCTTCACACC__0.45570457344795__12	8	6	12	8	17	6	17	8
GTGTAATTTT__0.455701319587299__9	17	6	6	20	30	30	36	36
TGTGCATTGT__0.455657618320014__9	6	17	13	13	18	30	9	6
CCAGCATCCC__0.455382921281939__9	8	2	25	13	18	7	5	13
CTGTCACAAA__0.455019464098642__10	2	6	8	8	17	6	9	36
GTTTTATGTA__0.454923684133286__10	6	36	36	20	13	18	6	6
TTGTCAACAG__0.454721848973435__9	9	6	8	8	9	6	6	2
TTAACATCCC__0.45421147533493__10	20	20	6	6	18	7	5	13
CACTCACCCC__0.453948252351187__14	17	11	8	8	17	8	13	13
CTTTCACCCC__0.453763998836882__15	6	36	12	8	17	8	13	13
CACTCAACAC__0.453735935568921__10	17	11	8	8	9	6	6	17
TAATCATCCC__0.453537951355728__9	20	30	7	8	18	7	5	13
CTCTCACCCC__0.453189045233147__14	8	9	8	8	17	8	13	13
GTGTCATCGA__0.453173716687714__9	17	6	8	8	18	7	31	31
GGGTCATGTC__0.453124693041589__9	13	8	8	8	18	18	6	8
CACTAATACC__0.452894841829988__9	17	11	18	20	30	13	6	8
GGTTTATTTG__0.452777371972854__9	8	6	36	20	13	30	36	9
GCTTCCTCCC__0.452582947820689__12	25	6	12	5	8	8	5	13
GGTTCAAGTG__0.451091904589094__9	8	6	12	8	9	6	11	17
GGGTCAAAGG__0.450941424206918__9	13	8	8	8	9	36	6	8
GTGGCATTTT__0.450889471002208__10	17	8	45	13	18	30	36	36
CTCTCACCAC__0.450421099349573__11	8	9	8	8	17	8	8	17
TATACATACC__0.450135818358282__9	13	13	6	6	18	13	6	8
GCCTCACCCT__0.44969776267625__9	45	8	8	8	17	8	13	8
ACATCAACAC__0.449617536538048__9	6	18	7	8	9	6	6	17
CCTTCACCAC__0.449379700990296__11	8	6	12	8	17	8	8	17
ATCTAATCCC__0.449243005425889__9	7	9	18	20	30	7	5	13
AATTCACCCT__0.44884445587919__9	30	30	12	8	17	8	13	8
TTTTTATTGC__0.448687771104578__9	36	36	36	20	13	30	9	13
TTGTTATCGT__0.448676995245031__9	9	6	6	20	13	7	31	8
GGTGCATAGG__0.448484486930875__9	8	17	13	13	18	13	18	8
GGTTCATAAT__0.448406502107712__9	8	6	12	8	18	13	20	30
CTTTCCTACC__0.448306936910303__10	6	36	12	5	8	18	6	8
GTGTTATTCT__0.448258680470039__10	17	6	6	20	13	30	12	9
ACGTCCTCCC__0.44811118383615__10	8	8	8	5	8	8	5	13
GTGTAATCGG__0.448061709709677__9	17	6	6	20	30	7	31	2
AACTCACACA__0.447981204688809__9	6	11	8	8	17	6	17	6
ACATCAACCA__0.447866945749236__9	6	18	7	8	9	6	8	8
GGTGCATGTT__0.447412707978093__9	8	17	13	13	18	18	6	6
ACGGCATCCC__0.447032306132894__9	8	2	45	13	18	7	5	13
GGTGCATACG__0.446267909925075__11	8	17	13	13	18	13	6	8
GGGGCATGGG__0.445948729299325__10	13	13	45	13	18	18	8	13
CTCTCACCCA__0.445608808025901__11	8	9	8	8	17	8	13	8
GGTGCATGGT__0.444958657376721__9	8	17	13	13	18	18	8	8
AGGGCATACG__0.444810892634337__9	8	13	45	13	18	13	6	8
TTGTCATTCC__0.444701488941756__9	9	6	8	8	18	30	12	5
TACTCAACAC__0.444689007561138__10	6	11	8	8	9	6	6	17
AAATCCTACC__0.443555868361871__10	36	30	7	5	8	18	6	8
GTGTTATCTG__0.442869259261964__9	17	6	6	20	13	7	9	2
ATCTCATCCC__0.442583084980988__9	7	9	8	8	18	7	5	13
ACTTCAAACC__0.442456437192579__9	11	6	12	8	9	36	6	8
TTGTTATTGC__0.442349366567248__10	9	6	6	20	13	30	9	13
GGGTAATAGT__0.441878244394369__9	13	8	6	20	30	13	18	11
CACTCAAACC__0.441505532581838__9	17	11	8	8	9	36	6	8
GTGTTATCGG__0.441434091897359__10	17	6	6	20	13	7	31	2
CTGTCAAACA__0.441334909179957__9	2	6	8	8	9	36	6	6
GTGTTATAGG__0.441218643357948__9	17	6	6	20	13	13	18	8
CGCTCAACCC__0.440758168653723__11	25	25	8	8	9	6	8	13
GGTTTATATT__0.440668719146705__11	8	6	36	20	13	13	13	30
TTCTCCTCCC__0.440241027787619__10	12	9	8	5	8	8	5	13
TTGTTATACA__0.439751524569891__11	9	6	6	20	13	13	6	6
TGTTCAACAT__0.439488727699668__9	6	6	12	8	9	6	6	18
GTGTCATCCA__0.439392399347688__11	17	6	8	8	18	7	5	8
CAATCCTCCC__0.438343569534041__9	9	30	7	5	8	8	5	13
TTGTTATCGA__0.438126005139508__9	9	6	6	20	13	7	31	31
TACTCACCCC__0.437863177186509__13	6	11	8	8	17	8	13	13
GGGTTATTAA__0.437817949889907__12	13	8	6	20	13	30	20	20
ATTACATCCC__0.43763581260478__9	30	20	6	6	18	7	5	13
GCCTCACCCA__0.437465986514774__11	45	8	8	8	17	8	13	8
GTGTAATACG__0.437318369997627__10	17	6	6	20	30	13	6	8
ATCTCACCCC__0.437303036134448__14	7	9	8	8	17	8	13	13
CTTTTATCCC__0.437239331288854__9	6	36	36	20	13	7	5	13
GGGGCATTTG__0.437161683169595__11	13	13	45	13	18	30	36	9
GTTTAATACG__0.437137460340929__9	6	36	20	20	30	13	6	8
GGGGCATTTT__0.436981224451596__11	13	13	45	13	18	30	36	36
ACTTCACAAC__0.436135534553222__9	11	6	12	8	17	6	9	6
AATTCACCCC__0.435354687112163__13	30	30	12	8	17	8	13	13
GGTTAATTAC__0.434976052172517__9	8	6	20	20	30	30	20	6
TTTTCCTCCC__0.434826150500296__11	36	36	12	5	8	8	5	13
GGGTTATGGG__0.43359741063085__10	13	8	6	20	13	18	8	13
AATTCACACA__0.432499693291797__9	30	30	12	8	17	6	17	6
GGGTTATTCG__0.431625670888418__10	13	8	6	20	13	30	12	31
TGTTTATATA__0.431147783561242__9	6	6	36	20	13	13	13	13
GTTGCATTCC__0.430065160949488__9	6	9	13	13	18	30	12	5
GGTTTATCCG__0.428980923500904__10	8	6	36	20	13	7	5	2
TTGTTATACG__0.428771529523131__9	9	6	6	20	13	13	6	8
GGGTTATAGT__0.428255953990769__10	13	8	6	20	13	13	18	11
GTTTTATTAC__0.427667298197383__9	6	36	36	20	13	30	20	6
CCGTCACCCA__0.424901534874885__9	2	8	8	8	17	8	13	8
GCCTCACACC__0.424012455540003__10	45	8	8	8	17	6	17	8
GGGGCATGTG__0.423726839754057__9	13	13	45	13	18	18	6	17
GGGTTATTTA__0.423516956345792__10	13	8	6	20	13	30	36	20
ACTTCACCCC__0.423490316968135__12	11	6	12	8	17	8	13	13
GTGTTATCTA__0.423057847179108__9	17	6	6	20	13	7	9	18
GTGTCATAAC__0.423009762380066__9	17	6	8	8	18	13	20	6
TGTTTATACA__0.422834407459598__10	6	6	36	20	13	13	6	6
GTGTTATATG__0.42260093177071__9	17	6	6	20	13	13	13	18
TTGTCAAACA__0.421698922970788__9	9	6	8	8	9	36	6	6
TGCTCCTCCC__0.42169764237998__9	13	25	8	5	8	8	5	13
GTGTAATTCC__0.42062119641906__9	17	6	6	20	30	30	12	5
GGGTTATAGG__0.420511437045728__9	13	8	6	20	13	13	18	8
AACTCACCCC__0.419925478297573__11	6	11	8	8	17	8	13	13
CAATCACACC__0.419228759576989__9	9	30	7	8	17	6	17	8
ACTTCACACC__0.419066071516245__10	11	6	12	8	17	6	17	8
GGGGCATTGT__0.418900022283496__10	13	13	45	13	18	30	9	6
TTGTCACAAC__0.41491552662354__9	9	6	8	8	17	6	9	6
GGGGCATAGC__0.414440705346164__10	13	13	45	13	18	13	18	25
CCGTCACCCC__0.413776801238755__10	2	8	8	8	17	8	13	13
GGGTTATGTG__0.412645598776872__9	13	8	6	20	13	18	6	17
GTGTTATACA__0.410601381008585__10	17	6	6	20	13	13	6	6
GTGGCATACG__0.410340304585098__9	17	8	45	13	18	13	6	8
TGGTTATTGC__0.409502486814685__9	8	8	6	20	13	30	9	13
ATTTCACACC__0.409348723678146__10	30	36	12	8	17	6	17	8
TATTCAACCC__0.408989134615699__9	13	30	12	8	9	6	8	13
GTGTTATAGC__0.408615676986142__9	17	6	6	20	13	13	18	25
CTTTCAACCC__0.408209180469149__9	6	36	12	8	9	6	8	13
TAATCACCCC__0.406206951102479__9	20	30	7	8	17	8	13	13
TCTTCACCCC__0.405055938154973__11	9	6	12	8	17	8	13	13
AGCTCACACC__0.404972991448224__9	25	25	8	8	17	6	17	8
AAATCACCCC__0.402312731635959__9	36	30	7	8	17	8	13	13
CCATCACCCC__0.402107410920898__9	8	18	7	8	17	8	13	13
GGTTTATACT__0.401241165211861__9	8	6	36	20	13	13	6	11
TGTGCATCCC__0.394715459759491__9	6	17	13	13	18	7	5	13
GGGGCATATA__0.393040047309747__9	13	13	45	13	18	13	13	13
TTTTCACCCC__0.382909677015913__10	36	36	12	8	17	8	13	13
ATTTCACCCC__0.379441291645162__9	30	36	12	8	17	8	13	13
