ACATAATTGC__1__382	6	18	13	20	30	30	9	13
ACATAATTAC__0.958726210522958__370	6	18	13	20	30	30	20	6
ACATAATTGG__0.953151622985157__200	6	18	13	20	30	30	9	8
AGATAATTGC__0.944441669073638__334	9	7	13	20	30	30	9	13
AGATAATTGG__0.930579338601928__211	9	7	13	20	30	30	9	8
ACTTAATTGC__0.919890211024703__286	11	6	20	20	30	30	9	13
CACTAATTAC__0.900872890866324__264	17	11	18	20	30	30	20	6
AGATAATTAC__0.896849789398112__304	9	7	13	20	30	30	20	6
CCATAATTAC__0.896401271583441__244	8	18	13	20	30	30	20	6
CCATAATTGC__0.889054754171041__193	8	18	13	20	30	30	9	13
CCCTAATTAC__0.88615313390563__203	13	8	18	20	30	30	20	6
ACTTAATTGG__0.883194514110463__157	11	6	20	20	30	30	9	8
CACTAATTGC__0.882145950135353__195	17	11	18	20	30	30	9	13
ATTTAATTGC__0.872804808038431__299	30	36	20	20	30	30	9	13
CGATAATTGG__0.869859743378846__142	31	7	13	20	30	30	9	8
CGATAATTGC__0.869455769695772__212	31	7	13	20	30	30	9	13
AGTTAATTGC__0.865148554318178__285	11	6	20	20	30	30	9	13
AGTTAATTGG__0.863403325169136__207	11	6	20	20	30	30	9	8
ATATAATTGC__0.862675059329353__230	13	13	13	20	30	30	9	13
ACATAATTGA__0.862135213818689__172	6	18	13	20	30	30	9	8
CACTAATTGG__0.857056211637392__109	17	11	18	20	30	30	9	8
CTATAATTGC__0.846059254484733__188	18	13	13	20	30	30	9	13
CCCTAATTAT__0.845072024771588__122	13	8	18	20	30	30	20	13
CGATAATTAC__0.840934973082391__214	31	7	13	20	30	30	20	6
AACTAATTGC__0.839917898762029__157	6	11	18	20	30	30	9	13
AGATAATTGT__0.837572372538409__142	9	7	13	20	30	30	9	6
GGATAATTGG__0.837483329044361__177	5	7	13	20	30	30	9	8
CGTTAATTGG__0.837349932507933__159	8	6	20	20	30	30	9	8
ACATAATTAT__0.836203776265276__147	6	18	13	20	30	30	20	13
CCCTAATTGC__0.835797073853087__122	13	8	18	20	30	30	9	13
TGATAATTGC__0.835287466414794__218	8	7	13	20	30	30	9	13
ACTTAATTAC__0.832391629462616__206	11	6	20	20	30	30	20	6
GGATAATTGC__0.831723521992445__236	5	7	13	20	30	30	9	13
GCATAATTAC__0.830653435180877__220	13	18	13	20	30	30	20	6
CCTTAATTGC__0.830058563963753__152	8	6	20	20	30	30	9	13
CAATAATTGC__0.829389907672376__160	9	30	13	20	30	30	9	13
GCATAATTGG__0.828954592198839__136	13	18	13	20	30	30	9	8
CGTTAATTGC__0.82860486402749__209	8	6	20	20	30	30	9	13
ATATAATTGG__0.82688302525715__130	13	13	13	20	30	30	9	8
AAATAATTGC__0.826786727313465__163	36	30	13	20	30	30	9	13
CGCTAATTAC__0.825448501127887__187	25	25	18	20	30	30	20	6
ACCTAATTAC__0.824479896494942__154	8	8	18	20	30	30	20	6
ACATAATTAG__0.822293345037475__122	6	18	13	20	30	30	20	18
CACTAATTAT__0.821633971364612__129	17	11	18	20	30	30	20	13
CCCTAATTAG__0.821571904760812__94	13	8	18	20	30	30	20	18
ATTTAATTGG__0.82125820400538__160	30	36	20	20	30	30	9	8
TGATAATTGG__0.8203618343611__143	8	7	13	20	30	30	9	8
CACTAATTAG__0.819581216245853__114	17	11	18	20	30	30	20	18
ACATAATTGT__0.818524142847734__107	6	18	13	20	30	30	9	6
CCCTAATTAA__0.815008053448713__134	13	8	18	20	30	30	20	20
CTATAATTAC__0.814729215526126__183	18	13	13	20	30	30	20	6
GCATAATTGC__0.812832608569548__173	13	18	13	20	30	30	9	13
ACGTAATTGC__0.812823256516151__157	8	8	6	20	30	30	9	13
ACTTAATTGT__0.812247885389307__118	11	6	20	20	30	30	9	6
CGCTAATTGC__0.803794326041405__141	25	25	18	20	30	30	9	13
CGCTAATTGG__0.803740924778011__98	25	25	18	20	30	30	9	8
CCATAATTAG__0.802816104954988__98	8	18	13	20	30	30	20	18
AGATAATTGA__0.802668800182455__140	9	7	13	20	30	30	9	8
CCATAATTAT__0.802390786164381__109	8	18	13	20	30	30	20	13
CAATAATTAC__0.800269995759261__161	9	30	13	20	30	30	20	6
ATATAATTAC__0.798636535539439__181	13	13	13	20	30	30	20	6
TTTTAATTGC__0.798409043753341__245	36	36	20	20	30	30	9	13
CCTTAATTAC__0.797596815437114__149	8	6	20	20	30	30	20	6
TCATAATTGC__0.797475415274465__148	8	18	13	20	30	30	9	13
ACCTAATTGC__0.795070994887645__104	8	8	18	20	30	30	9	13
TTATAATTGC__0.793612335677767__182	20	13	13	20	30	30	9	13
ACGTAATTAC__0.793328623296182__164	8	8	6	20	30	30	20	6
AGATAATTAT__0.793078126554527__131	9	7	13	20	30	30	20	13
AACTAATTAC__0.792944443476283__143	6	11	18	20	30	30	20	6
CAGTAATTAT__0.787953409970774__128	2	11	6	20	30	30	20	13
CCATAATTGG__0.786443618377351__68	8	18	13	20	30	30	9	8
CTTTAATTGC__0.785780260847524__161	6	36	20	20	30	30	9	13
ACTTAATTGA__0.784545988537805__122	11	6	20	20	30	30	9	8
TACTAATTGC__0.783673454467254__126	6	11	18	20	30	30	9	13
GTATAATTGG__0.782249350518103__131	6	13	13	20	30	30	9	8
CACTAATTAA__0.781498215537499__130	17	11	18	20	30	30	20	20
ACCTAATTAG__0.780999202950859__80	8	8	18	20	30	30	20	18
CAATAATTGG__0.780813107203629__78	9	30	13	20	30	30	9	8
TGATAATTAC__0.780292053302199__176	8	7	13	20	30	30	20	6
GCTTAATTGC__0.77967617820596__160	25	6	20	20	30	30	9	13
AACTAATTAT__0.779557062436105__102	6	11	18	20	30	30	20	13
GTATAATTGC__0.779136460363084__173	6	13	13	20	30	30	9	13
CGATAATTAG__0.777400391142697__103	31	7	13	20	30	30	20	18
CTATAATTGG__0.77722723301224__84	18	13	13	20	30	30	9	8
CACTAATTGT__0.776891023505646__77	17	11	18	20	30	30	9	6
TTTTAATTGG__0.774393697860473__160	36	36	20	20	30	30	9	8
TGTTAATTGC__0.77437064234807__211	6	6	20	20	30	30	9	13
CCCTAATTGG__0.773974430089649__52	13	8	18	20	30	30	9	8
AAATAATTGG__0.773962300721106__78	36	30	13	20	30	30	9	8
AAATAATTAC__0.773862688212389__140	36	30	13	20	30	30	20	6
GGATAATTAC__0.770941243962739__182	5	7	13	20	30	30	20	6
AGATAATTAG__0.769017867653793__102	9	7	13	20	30	30	20	18
CCATAATTGT__0.768929436814869__70	8	18	13	20	30	30	9	6
TTATAATTGG__0.768669110897582__114	20	13	13	20	30	30	9	8
CGCTAATTAT__0.766165789937233__104	25	25	18	20	30	30	20	13
TGTTAATTGG__0.765278862943853__152	6	6	20	20	30	30	9	8
ACCTAATTGG__0.764427569972224__54	8	8	18	20	30	30	9	8
CCATAATTGA__0.763098475695026__85	8	18	13	20	30	30	9	8
CTTTAATTGG__0.762388217705145__99	6	36	20	20	30	30	9	8
CCGTAATTAT__0.761977855231943__94	2	8	6	20	30	30	20	13
ACCTAATTAA__0.761787238627625__104	8	8	18	20	30	30	20	20
GACTAATTGG__0.761624297185073__67	8	11	18	20	30	30	9	8
ACGTAATTGG__0.761484962621323__77	8	8	6	20	30	30	9	8
GGTTAATTGG__0.761119888902221__156	8	6	20	20	30	30	9	8
AATTAATTGG__0.760866612958587__87	30	30	20	20	30	30	9	8
GACTAATTAT__0.760630449849828__95	8	11	18	20	30	30	20	13
TCATAATTAC__0.760276215939243__135	8	18	13	20	30	30	20	6
CCTTAATTGG__0.759950387757301__65	8	6	20	20	30	30	9	8
ACGTAATTAT__0.759421437855955__105	8	8	6	20	30	30	20	13
ATTTAATTGT__0.757703044216702__120	30	36	20	20	30	30	9	6
TGCTAATTGC__0.756796449870057__139	13	25	18	20	30	30	9	13
TCCTAATTGC__0.756736158365616__90	5	8	18	20	30	30	9	13
ACGTAATTAG__0.755646262942705__93	8	8	6	20	30	30	20	18
CACTAATTGA__0.755607443184208__85	17	11	18	20	30	30	9	8
GCATAATTAT__0.755191593143828__112	13	18	13	20	30	30	20	13
AGCTAATTGG__0.755003401379415__75	25	25	18	20	30	30	9	8
TACTAATTAC__0.754527775498211__123	6	11	18	20	30	30	20	6
AGCTAATTGC__0.752854884245993__106	25	25	18	20	30	30	9	13
CGATAATTGA__0.751999434399523__97	31	7	13	20	30	30	9	8
TGCTAATTGG__0.751605589320869__99	13	25	18	20	30	30	9	8
CGTTAATTAC__0.751553995296947__145	8	6	20	20	30	30	20	6
CAGTAATTAG__0.751356712332935__92	2	11	6	20	30	30	20	18
ACCTAATTAT__0.751121417230309__74	8	8	18	20	30	30	20	13
AGTTAATTGT__0.750572835346683__115	11	6	20	20	30	30	9	6
GACTAATTGC__0.749995624814171__94	8	11	18	20	30	30	9	13
TCCTAATTAC__0.749792313145589__103	5	8	18	20	30	30	20	6
CGATAATTAT__0.749581622187017__95	31	7	13	20	30	30	20	13
AGCTAATTAC__0.749384818162956__120	25	25	18	20	30	30	20	6
CTATAATTGT__0.748118748728732__79	18	13	13	20	30	30	9	6
CAGTAATTAC__0.748112289408309__123	2	11	6	20	30	30	20	6
ATGTAATTAT__0.747746359835131__129	18	6	6	20	30	30	20	13
TCTTAATTGG__0.747304097026376__87	9	6	20	20	30	30	9	8
GTTTAATTGG__0.747076358402416__136	6	36	20	20	30	30	9	8
ACTTAATTAT__0.747061167195027__95	11	6	20	20	30	30	20	13
TCATAATTGG__0.746049603351212__74	8	18	13	20	30	30	9	8
GCCTAATTGG__0.745304664403994__63	45	8	18	20	30	30	9	8
CCGTAATTAC__0.743768280059515__106	2	8	6	20	30	30	20	6
CCATAATTAA__0.743517980157994__96	8	18	13	20	30	30	20	20
GACTAATTAC__0.743222522202589__108	8	11	18	20	30	30	20	6
AACTAATTGG__0.742370390528393__55	6	11	18	20	30	30	9	8
CTGTAATTAT__0.742362392441852__111	2	6	6	20	30	30	20	13
AAATAATTGT__0.741262534401389__72	36	30	13	20	30	30	9	6
CAATAATTGT__0.741123314371345__69	9	30	13	20	30	30	9	6
ATATAATTGT__0.740916581068732__85	13	13	13	20	30	30	9	6
GTTTAATTGC__0.739733400289412__170	6	36	20	20	30	30	9	13
AGTTAATTAC__0.739313144540708__145	11	6	20	20	30	30	20	6
TCTTAATTGC__0.738930173847964__115	9	6	20	20	30	30	9	13
GCCTAATTAG__0.738803721330612__76	45	8	18	20	30	30	20	18
CTCTAATTGC__0.738318567835919__84	8	9	18	20	30	30	9	13
ACTTAATTAG__0.738139418766365__81	11	6	20	20	30	30	20	18
GCGTAATTAT__0.738058651595415__122	25	8	6	20	30	30	20	13
AGGTAATTAT__0.737533472460173__121	8	8	6	20	30	30	20	13
GCTTAATTGG__0.737458615286465__88	25	6	20	20	30	30	9	8
AGTTAATTGA__0.737179134360771__121	11	6	20	20	30	30	9	8
ATTTAATTAC__0.736461114952231__144	30	36	20	20	30	30	20	6
ACATAATTAA__0.736284381152252__99	6	18	13	20	30	30	20	20
CAATAATTAT__0.736100524096078__83	9	30	13	20	30	30	20	13
CCCTAATTGT__0.735843640670485__47	13	8	18	20	30	30	9	6
ATTTAATTGA__0.735380247334371__120	30	36	20	20	30	30	9	8
GCCTAATTGC__0.735148390199262__87	45	8	18	20	30	30	9	13
CTATAATTAG__0.734201570155199__79	18	13	13	20	30	30	20	18
AAATAATTGA__0.734044112129008__85	36	30	13	20	30	30	9	8
ACGTAATTGT__0.73396761856798__73	8	8	6	20	30	30	9	6
AGGTAATTGG__0.733725510282409__91	8	8	6	20	30	30	9	8
CGGTAATTGG__0.73335444672334__83	2	8	6	20	30	30	9	8
CCTTAATTAT__0.733315668147842__77	8	6	20	20	30	30	20	13
GTATAATTAC__0.731888474194245__140	6	13	13	20	30	30	20	6
GCGTAATTGG__0.73155276105586__91	25	8	6	20	30	30	9	8
CGATAATTGT__0.730770527334947__68	31	7	13	20	30	30	9	6
AACTAATTAA__0.730347248410262__95	6	11	18	20	30	30	20	20
AAGTAATTGG__0.73026156893412__67	6	11	6	20	30	30	9	8
CCTTAATTGT__0.730203442558034__61	8	6	20	20	30	30	9	6
ATCTAATTGC__0.728709278150037__88	7	9	18	20	30	30	9	13
CTCTAATTAC__0.728510001892015__94	8	9	18	20	30	30	20	6
CGTTAATTGT__0.728468110276809__89	8	6	20	20	30	30	9	6
GAATAATTGG__0.727575749376369__67	12	30	13	20	30	30	9	8
CTATAATTAT__0.727533791347383__83	18	13	13	20	30	30	20	13
TACTAATTGG__0.727495960119789__59	6	11	18	20	30	30	9	8
GTGTAATTAT__0.727467962001846__148	17	6	6	20	30	30	20	13
CTTTAATTAC__0.726767671274287__124	6	36	20	20	30	30	20	6
CGCTAATTAG__0.726728014700101__73	25	25	18	20	30	30	20	18
AATTAATTGC__0.726599942543805__99	30	30	20	20	30	30	9	13
CGGTAATTGC__0.725722009733603__110	2	8	6	20	30	30	9	13
TGATAATTGA__0.725698434598207__102	8	7	13	20	30	30	9	8
TGCTAATTAT__0.72565374720297__105	13	25	18	20	30	30	20	13
GGATAATTGT__0.725632531542258__97	5	7	13	20	30	30	9	6
AAGTAATTAT__0.725558118796858__88	6	11	6	20	30	30	20	13
GGATAATTAT__0.725146521696589__111	5	7	13	20	30	30	20	13
CGGTAATTAT__0.72456128846373__102	2	8	6	20	30	30	20	13
GCATAATTGA__0.724502742859391__92	13	18	13	20	30	30	9	8
GGTTAATTGC__0.724486885505926__158	8	6	20	20	30	30	9	13
AACTAATTGT__0.724186876974339__56	6	11	18	20	30	30	9	6
GGGTAATTAT__0.72380410486136__155	13	8	6	20	30	30	20	13
ACGTAATTAA__0.722713224385941__103	8	8	6	20	30	30	20	20
GCATAATTGT__0.722373752957129__77	13	18	13	20	30	30	9	6
CGATAATTAA__0.722027190996274__100	31	7	13	20	30	30	20	20
TCCTAATTGG__0.721401867178112__47	5	8	18	20	30	30	9	8
AAATAATTAT__0.720306957371141__77	36	30	13	20	30	30	20	13
CGCTAATTGA__0.720255875940557__77	25	25	18	20	30	30	9	8
CAATAATTAG__0.720242875274605__67	9	30	13	20	30	30	20	18
TCATAATTGT__0.719691569634494__70	8	18	13	20	30	30	9	6
GCGTAATTGC__0.71937834283231__115	25	8	6	20	30	30	9	13
ATGTAATTGC__0.719348597838556__114	18	6	6	20	30	30	9	13
GCCTAATTAC__0.718783108977851__92	45	8	18	20	30	30	20	6
CCGTAATTGG__0.717380731167517__49	2	8	6	20	30	30	9	8
CGTTAATTGA__0.717240249258477__96	8	6	20	20	30	30	9	8
AAGTAATTAC__0.716897693664456__103	6	11	6	20	30	30	20	6
CCTTAATTAG__0.71681042920327__62	8	6	20	20	30	30	20	18
ATATAATTGA__0.716620946680891__86	13	13	13	20	30	30	9	8
GAATAATTGC__0.715910295508739__90	12	30	13	20	30	30	9	13
CCGTAATTGC__0.715721138505505__73	2	8	6	20	30	30	9	13
ACCTAATTGT__0.715415127369808__45	8	8	18	20	30	30	9	6
GCCTAATTAT__0.714677532013607__71	45	8	18	20	30	30	20	13
TGCTAATTAC__0.714523854657422__116	13	25	18	20	30	30	20	6
GAGTAATTAT__0.714238179359809__94	8	11	6	20	30	30	20	13
CATTAATTGG__0.713281995986421__60	18	30	20	20	30	30	9	8
ATATAATTAT__0.712807128960737__83	13	13	13	20	30	30	20	13
CCCTAATTGA__0.71269714222056__52	13	8	18	20	30	30	9	8
TGATAATTAT__0.712502787081503__92	8	7	13	20	30	30	20	13
ATGTAATTAC__0.712164176831515__121	18	6	6	20	30	30	20	6
CTATAATTGA__0.711978480783103__75	18	13	13	20	30	30	9	8
CAGTAATTGG__0.710441458978558__56	2	11	6	20	30	30	9	8
CAGTAATTAA__0.710359587414008__95	2	11	6	20	30	30	20	20
AACTAATTGA__0.709859614489109__64	6	11	18	20	30	30	9	8
AGCTAATTAT__0.709804037068819__74	25	25	18	20	30	30	20	13
CTGTAATTAC__0.709109447087798__107	2	6	6	20	30	30	20	6
CAATAATTGA__0.708901409107428__69	9	30	13	20	30	30	9	8
TTTTAATTGT__0.70871522296181__114	36	36	20	20	30	30	9	6
AATTAATTGT__0.708573264178383__69	30	30	20	20	30	30	9	6
GCATAATTAG__0.70854913449287__75	13	18	13	20	30	30	20	18
GGGTAATTGG__0.708319296227371__114	13	8	6	20	30	30	9	8
CGCTAATTGT__0.708225025966259__59	25	25	18	20	30	30	9	6
ATCTAATTAC__0.708171658627281__90	7	9	18	20	30	30	20	6
CAGTAATTGC__0.708170091409378__80	2	11	6	20	30	30	9	13
CCGTAATTAA__0.706311942492435__82	2	8	6	20	30	30	20	20
CTCTAATTAG__0.705901391240967__57	8	9	18	20	30	30	20	18
ATGTAATTGG__0.705631447177578__76	18	6	6	20	30	30	9	8
TCATAATTAT__0.705215941122172__75	8	18	13	20	30	30	20	13
GCCTAATTAA__0.70397563289253__83	45	8	18	20	30	30	20	20
GACTAATTAG__0.703766064493022__58	8	11	18	20	30	30	20	18
GCGTAATTAC__0.7028170323601__115	25	8	6	20	30	30	20	6
TCGTAATTGC__0.702539587112015__87	31	8	6	20	30	30	9	13
TCATAATTGA__0.702100517928468__74	8	18	13	20	30	30	9	8
AACTAATTAG__0.701644280445658__54	6	11	18	20	30	30	20	18
GGATAATTAG__0.701396451981282__87	5	7	13	20	30	30	20	18
TGGTAATTGG__0.701354686236256__98	8	8	6	20	30	30	9	8
ATATAATTAG__0.701200967716045__70	13	13	13	20	30	30	20	18
GGCTAATTAC__0.701189484912813__106	45	25	18	20	30	30	20	6
TACTAATTGA__0.700563591841214__68	6	11	18	20	30	30	9	8
GGCTAATTGG__0.69982851427745__69	45	25	18	20	30	30	9	8
TGATAATTGT__0.698547621528949__72	8	7	13	20	30	30	9	6
GTCTAATTGG__0.698201938655281__61	8	9	18	20	30	30	9	8
GAATAATTAC__0.69819995080082__93	12	30	13	20	30	30	20	6
TGCTAATTGT__0.697194998360922__76	13	25	18	20	30	30	9	6
ACATAATGAT__0.697144182123127__56	6	18	13	20	30	18	8	7
CTCTAATTAT__0.696327208592892__59	8	9	18	20	30	30	20	13
GCATAATTAA__0.69627409124196__91	13	18	13	20	30	30	20	20
TCGTAATTGG__0.696163538334077__59	31	8	6	20	30	30	9	8
GGCTAATTGC__0.695251475407032__91	45	25	18	20	30	30	9	13
TGATAATTAG__0.695007991031358__75	8	7	13	20	30	30	20	18
GTGTAATTGG__0.69498477944126__97	17	6	6	20	30	30	9	8
CCTTAATTGA__0.694692582097388__59	8	6	20	20	30	30	9	8
CCGTAATTAG__0.693671038376586__53	2	8	6	20	30	30	20	18
GTATAATTAT__0.693472936713392__90	6	13	13	20	30	30	20	13
TTATAATTGT__0.693083727558769__76	20	13	13	20	30	30	9	6
CGCTAATTAA__0.692965864003201__78	25	25	18	20	30	30	20	20
TACTAATTAG__0.69272813437291__58	6	11	18	20	30	30	20	18
GCTTAATTGT__0.692377796953957__72	25	6	20	20	30	30	9	6
GGCTAATTAT__0.692187922033803__83	45	25	18	20	30	30	20	13
GACTAATTAA__0.690703232616539__75	8	11	18	20	30	30	20	20
CTTTAATTGT__0.690664101490136__68	6	36	20	20	30	30	9	6
CTCTAATTGG__0.690618090467669__40	8	9	18	20	30	30	9	8
GTATAATTGA__0.689887143381593__89	6	13	13	20	30	30	9	8
CTGTAATTGC__0.689295010662668__82	2	6	6	20	30	30	9	13
TACTAATTGT__0.688351974688007__51	6	11	18	20	30	30	9	6
CTCTAATTGT__0.688097392987638__45	8	9	18	20	30	30	9	6
ATCTAATTAT__0.687954839833642__62	7	9	18	20	30	30	20	13
TTATAATTGA__0.687613558876232__84	20	13	13	20	30	30	9	8
ACGTAATTGA__0.686968795484148__64	8	8	6	20	30	30	9	8
TCCTAATTAT__0.686327496926712__52	5	8	18	20	30	30	20	13
AAGTAATTGC__0.686212509686734__71	6	11	6	20	30	30	9	13
ACCTAATTGA__0.685954548744463__47	8	8	18	20	30	30	9	8
TCCTAATTGA__0.685770232508251__52	5	8	18	20	30	30	9	8
CATTAATTGC__0.685638796410793__71	18	30	20	20	30	30	9	13
GTGTAATTAG__0.684761493256405__103	17	6	6	20	30	30	20	18
GAGTAATTGC__0.683911201667657__81	8	11	6	20	30	30	9	13
AGCTAATTAG__0.68333882960044__56	25	25	18	20	30	30	20	18
AGATAATTAA__0.683093654294485__78	9	7	13	20	30	30	20	20
TTTTAATTGA__0.682892549819922__106	36	36	20	20	30	30	9	8
GGATAATTGA__0.68250346026563__83	5	7	13	20	30	30	9	8
TAGTAATTAT__0.682381761910007__77	18	11	6	20	30	30	20	13
GTCTAATTGC__0.681872586938875__76	8	9	18	20	30	30	9	13
TTATAATTAC__0.681827231240004__95	20	13	13	20	30	30	20	6
ATGTAATTAG__0.680761365143679__75	18	6	6	20	30	30	20	18
GCTTAATTAC__0.680275152619147__91	25	6	20	20	30	30	20	6
AAATAATTAG__0.679703409104148__52	36	30	13	20	30	30	20	18
TATTAATTGG__0.679641216848791__63	13	30	20	20	30	30	9	8
GAATAATTAT__0.679368127811368__65	12	30	13	20	30	30	20	13
GAGTAATTGG__0.67830682064733__56	8	11	6	20	30	30	9	8
TGGTAATTAT__0.678245356076919__102	8	8	6	20	30	30	20	13
GCGTAATTAG__0.678031954414455__74	25	8	6	20	30	30	20	18
TGTTAATTGT__0.678029306455902__92	6	6	20	20	30	30	9	6
CTATAATTAA__0.677819131971484__73	18	13	13	20	30	30	20	20
GCTTAATTGA__0.677634513993667__75	25	6	20	20	30	30	9	8
TAGTAATTGG__0.677381844971406__58	18	11	6	20	30	30	9	8
TACTAATTAT__0.677111128486911__57	6	11	18	20	30	30	20	13
ACATAATGAC__0.67681729659671__61	6	18	13	20	30	18	8	8
AGGTAATTGC__0.676331147627925__84	8	8	6	20	30	30	9	13
GTATAATTGT__0.675114064375177__70	6	13	13	20	30	30	9	6
ATGTAATTAA__0.67437495400716__92	18	6	6	20	30	30	20	20
TGTTAATTGA__0.673161067564387__99	6	6	20	20	30	30	9	8
CCCTAACCTA__0.673029342815337__79	13	8	18	20	6	8	8	18
GACTAATTGT__0.671584030075731__41	8	11	18	20	30	30	9	6
CGTTAATTAT__0.671046009538745__68	8	6	20	20	30	30	20	13
AGCTAATTGT__0.670740333775286__47	25	25	18	20	30	30	9	6
CGGTAATTAC__0.67019482103149__84	2	8	6	20	30	30	20	6
GAATAATTGA__0.669826187766622__61	12	30	13	20	30	30	9	8
TCATAATTAG__0.669672342672196__53	8	18	13	20	30	30	20	18
GGTTAATTGT__0.669671257471838__91	8	6	20	20	30	30	9	6
CTGTAATTGG__0.669422874728957__51	2	6	6	20	30	30	9	8
GCCTAATTGT__0.669352249924508__42	45	8	18	20	30	30	9	6
AATTAATTGA__0.669167246181399__62	30	30	20	20	30	30	9	8
AGGTAATTAC__0.669016537352771__90	8	8	6	20	30	30	20	6
TTTTAATTAC__0.668040159917938__109	36	36	20	20	30	30	20	6
GTGTAATTGC__0.667917206803804__104	17	6	6	20	30	30	9	13
AGGTAATTAG__0.667667609845494__68	8	8	6	20	30	30	20	18
CGGTAATTAG__0.666572627600384__62	2	8	6	20	30	30	20	18
GTGTAATTAC__0.666295767201966__111	17	6	6	20	30	30	20	6
GACTAATTGA__0.665815314318114__49	8	11	18	20	30	30	9	8
CTGTAATTAA__0.665764082933421__78	2	6	6	20	30	30	20	20
TCGTAATTAC__0.665617320472908__76	31	8	6	20	30	30	20	6
TGCTAATTAA__0.665205120741924__81	13	25	18	20	30	30	20	20
GGTTAATTGA__0.664590759697499__97	8	6	20	20	30	30	9	8
AGTTAATTAG__0.6644517918472__66	11	6	20	20	30	30	20	18
AGTTAATTAT__0.664426820455588__71	11	6	20	20	30	30	20	13
TCTTAATTGT__0.663413551998843__54	9	6	20	20	30	30	9	6
ACATAATTTG__0.663046023100718__40	6	18	13	20	30	30	36	9
GGGTAATTAG__0.663007136161155__94	13	8	6	20	30	30	20	18
CTTTAATTGA__0.662841417603311__65	6	36	20	20	30	30	9	8
CTGTAATTAG__0.662382144082855__58	2	6	6	20	30	30	20	18
TTGTAATTGG__0.662203814186977__70	9	6	6	20	30	30	9	8
ATCTAATTGG__0.662061934693259__37	7	9	18	20	30	30	9	8
CCATAATTTA__0.661160108517092__45	8	18	13	20	30	30	36	20
GTATAATTAG__0.660891094269845__66	6	13	13	20	30	30	20	18
AAGTAATTAG__0.659942677848888__50	6	11	6	20	30	30	20	18
AAGTAATTAA__0.659702974865528__68	6	11	6	20	30	30	20	20
GTTTAATTGT__0.65966553827048__81	6	36	20	20	30	30	9	6
CAGTAATTGA__0.659570459283002__53	2	11	6	20	30	30	9	8
GAATAATTAG__0.659401876173553__51	12	30	13	20	30	30	20	18
TAGTAATTAG__0.659003613515011__60	18	11	6	20	30	30	20	18
GAGTAATTAC__0.658722882618726__76	8	11	6	20	30	30	20	6
ATATAATTAA__0.658516930370527__69	13	13	13	20	30	30	20	20
TAGTAATTGC__0.658384729553376__69	18	11	6	20	30	30	9	13
CGTTAATTAG__0.657997998562861__57	8	6	20	20	30	30	20	18
TTCTAATTGC__0.657968016689015__65	12	9	18	20	30	30	9	13
AGATAATGAG__0.657741758474129__44	9	7	13	20	30	18	8	8
ACTTAATGAT__0.657630794399458__47	11	6	20	20	30	18	8	7
TGCTAATTGA__0.657436254355645__65	13	25	18	20	30	30	9	8
GGGTAATTAC__0.656416509004524__111	13	8	6	20	30	30	20	6
ACATAATGAG__0.655603188417244__37	6	18	13	20	30	18	8	8
GAGTAATTAA__0.655319643449313__74	8	11	6	20	30	30	20	20
AGATAATTTG__0.654029711724795__44	9	7	13	20	30	30	36	9
TGTTAATTAC__0.654003276343204__98	6	6	20	20	30	30	20	6
ACTTAATGAC__0.653461145302271__57	11	6	20	20	30	18	8	8
TGGTAATTGC__0.653341847818959__91	8	8	6	20	30	30	9	13
TATTAATTGC__0.652772251823696__71	13	30	20	20	30	30	9	13
CCGTAATTGT__0.652615438538344__35	2	8	6	20	30	30	9	6
GATTAATTGG__0.652606754441761__47	7	30	20	20	30	30	9	8
CAATAATTAA__0.652228008588669__58	9	30	13	20	30	30	20	20
CTCTAATTAA__0.651855209723599__54	8	9	18	20	30	30	20	20
GAGTAATTAG__0.651844017235212__55	8	11	6	20	30	30	20	18
TCCTAATTAG__0.651000899003397__36	5	8	18	20	30	30	20	18
GGATAATTAA__0.650892200659007__78	5	7	13	20	30	30	20	20
AGATAATGAT__0.650574059005559__46	9	7	13	20	30	18	8	7
GCGTAATTAA__0.650454374393195__78	25	8	6	20	30	30	20	20
ATGTAATTGA__0.650182698642491__65	18	6	6	20	30	30	9	8
ATGTAATTGT__0.649076614951425__56	18	6	6	20	30	30	9	6
TTGTAATTGC__0.648649490001479__83	9	6	6	20	30	30	9	13
AGGTAATTAA__0.648567799028997__77	8	8	6	20	30	30	20	20
GCTTAATTAT__0.647513228437855__59	25	6	20	20	30	30	20	13
CCCTAATTTA__0.647404060580296__35	13	8	18	20	30	30	36	20
TCGTAATTAT__0.647193041118033__54	31	8	6	20	30	30	20	13
GGCTAATTGA__0.646931280663378__60	45	25	18	20	30	30	9	8
TACTAATTAA__0.646817734870764__57	6	11	18	20	30	30	20	20
ACATAATCAC__0.646442304991358__67	6	18	13	20	30	7	8	17
ACTTAATTAA__0.645847541781497__58	11	6	20	20	30	30	20	20
AGCTAATTAA__0.645688873354727__57	25	25	18	20	30	30	20	20
GGCTAATTGT__0.644127343220785__51	45	25	18	20	30	30	9	6
ATTTAATTAG__0.642776510470794__56	30	36	20	20	30	30	20	18
GCCTAATTGA__0.642695463460063__42	45	8	18	20	30	30	9	8
CACTAATTTA__0.642504456440444__41	17	11	18	20	30	30	36	20
CCGTAATTGA__0.641760950328384__40	2	8	6	20	30	30	9	8
AAGTAATTGA__0.641714840503884__48	6	11	6	20	30	30	9	8
CATTAATTGT__0.641387525242164__40	18	30	20	20	30	30	9	6
GGTTAATTAC__0.641191750379325__92	8	6	20	20	30	30	20	6
AGGTAATTGT__0.640921180040719__52	8	8	6	20	30	30	9	6
ACATAATTTA__0.640142120607334__42	6	18	13	20	30	30	36	20
GGCTAATTAA__0.639895319789325__67	45	25	18	20	30	30	20	20
GGGTAATTGC__0.639733494133519__90	13	8	6	20	30	30	9	13
TAGTAATTAC__0.639656737417609__67	18	11	6	20	30	30	20	6
ATCTAATTAG__0.639274170617467__39	7	9	18	20	30	30	20	18
TCTTAATTAC__0.638403421674306__63	9	6	20	20	30	30	20	6
GTTTAATTAC__0.638068555143514__88	6	36	20	20	30	30	20	6
TCCTAATTGT__0.637327880680013__29	5	8	18	20	30	30	9	6
CTCTAATTGA__0.637128346149197__38	8	9	18	20	30	30	9	8
GGTTAATTAT__0.636979372993356__77	8	6	20	20	30	30	20	13
ACATAATAAC__0.636839391412788__60	6	18	13	20	30	13	20	6
GCGTAATTGT__0.63682119878796__51	25	8	6	20	30	30	9	6
CGGTAATTGT__0.636489134371258__46	2	8	6	20	30	30	9	6
TGGTAATTAC__0.636300601684959__87	8	8	6	20	30	30	20	6
AAGTAATTGT__0.635671281610838__38	6	11	6	20	30	30	9	6
ACTTAATTTG__0.635497207799513__37	11	6	20	20	30	30	36	9
CCATAATTTG__0.635242536542457__29	8	18	13	20	30	30	36	9
TCTTAATTGA__0.635139131759398__51	9	6	20	20	30	30	9	8
TGATAATTAA__0.633417244178557__62	8	7	13	20	30	30	20	20
TCCTAATTAA__0.63229618925587__44	5	8	18	20	30	30	20	20
GGCTAATTAG__0.632126148366832__49	45	25	18	20	30	30	20	18
CGATAATTTG__0.631159016179678__35	31	7	13	20	30	30	36	9
CAGTAATTGT__0.630435139218266__35	2	11	6	20	30	30	9	6
GCGTAATTGA__0.630011655708885__56	25	8	6	20	30	30	9	8
GTATAATTAA__0.629915535043867__66	6	13	13	20	30	30	20	20
CGGTAATTAA__0.6287257666319__61	2	8	6	20	30	30	20	20
TGCTAATTAG__0.626817389972252__47	13	25	18	20	30	30	20	18
TTGTAATTAC__0.625324743807963__75	9	6	6	20	30	30	20	6
ACATAATAGC__0.62520429703743__40	6	18	13	20	30	13	18	25
ACTTAATAGC__0.624676482228866__46	11	6	20	20	30	13	18	25
GTGTAATTGT__0.624512274602496__63	17	6	6	20	30	30	9	6
AGGTAATTGA__0.623807695187084__53	8	8	6	20	30	30	9	8
CGTTAATTAA__0.623640193943619__57	8	6	20	20	30	30	20	20
GTTTAATTGA__0.622854075028421__68	6	36	20	20	30	30	9	8
CTTTAATTAT__0.62259890439819__47	6	36	20	20	30	30	20	13
TGGTAATTGT__0.620407691133773__59	8	8	6	20	30	30	9	6
GAATAATTGT__0.619193781563972__34	12	30	13	20	30	30	9	6
ATCTAATTGT__0.618469855439609__30	7	9	18	20	30	30	9	6
GGGTAATTAA__0.618174348322583__82	13	8	6	20	30	30	20	20
CGATAATGAC__0.61761857941509__43	31	7	13	20	30	18	8	8
TTCTAATTGG__0.617549581409446__34	12	9	18	20	30	30	9	8
ACTTAATGAG__0.617480455090086__31	11	6	20	20	30	18	8	8
ATCTAATTGA__0.616315395907301__36	7	9	18	20	30	30	9	8
AGATAATAGG__0.615910395430905__30	9	7	13	20	30	13	18	8
GTCTAATTAC__0.615638425132649__52	8	9	18	20	30	30	20	6
TTGTAATTAT__0.61483778234188__59	9	6	6	20	30	30	20	13
TAGTAATTGT__0.614707203164275__40	18	11	6	20	30	30	9	6
TGGTAATTAG__0.613627152436873__58	8	8	6	20	30	30	20	18
TTCTAATTAC__0.613566967989727__52	12	9	18	20	30	30	20	6
GTCTAATTGT__0.61352151960394__36	8	9	18	20	30	30	9	6
GACTAATTTG__0.613496503396966__28	8	11	18	20	30	30	36	9
ACATAATTTC__0.613384494897541__31	6	18	13	20	30	30	36	12
CTGTAATTGT__0.613305365069138__37	2	6	6	20	30	30	9	6
TGTTAATTAT__0.613194491728879__61	6	6	20	20	30	30	20	13
GTGTAATTAA__0.613077089910768__73	17	6	6	20	30	30	20	20
TAGTAATTAA__0.612790497099253__54	18	11	6	20	30	30	20	20
TTATAATTAT__0.611269875231918__46	20	13	13	20	30	30	20	13
AGATAATGAC__0.611115336578111__42	9	7	13	20	30	18	8	8
GGTTAATTAG__0.610877731678844__59	8	6	20	20	30	30	20	18
CCCTAATTTG__0.610253193161087__20	13	8	18	20	30	30	36	9
TCGTAATTAA__0.609715157348788__49	31	8	6	20	30	30	20	20
TTATAATTAG__0.609043790393551__42	20	13	13	20	30	30	20	18
CTATAATTTA__0.608797100543765__37	18	13	13	20	30	30	36	20
TCATAATTAA__0.607541260734354__44	8	18	13	20	30	30	20	20
AACTAATTTG__0.607248465870858__25	6	11	18	20	30	30	36	9
AGCTAATTGA__0.606504223583144__34	25	25	18	20	30	30	9	8
CACTAATTTG__0.606139148513373__24	17	11	18	20	30	30	36	9
CGGTAATTGA__0.60538658793482__42	2	8	6	20	30	30	9	8
GCTTAATTAG__0.605225125338778__39	25	6	20	20	30	30	20	18
ATCTAATTAA__0.605005764162079__41	7	9	18	20	30	30	20	20
GATTAATTGC__0.604470604150853__45	7	30	20	20	30	30	9	13
CGATAATAGG__0.604409663744114__26	31	7	13	20	30	13	18	8
GAATAATTAA__0.60376139118502__45	12	30	13	20	30	30	20	20
TTCTAATTGT__0.603215421570024__34	12	9	18	20	30	30	9	6
ACATAATGGC__0.602262848516036__25	6	18	13	20	30	18	8	45
AAATAATTAA__0.602164608852116__40	36	30	13	20	30	30	20	20
ACCTAATTTC__0.601973220573559__24	8	8	18	20	30	30	36	12
ACTTAATTTA__0.601741571413837__35	11	6	20	20	30	30	36	20
ACTTAATTTC__0.601479985876183__32	11	6	20	20	30	30	36	12
TCGTAATTGT__0.601354363859316__32	31	8	6	20	30	30	9	6
GTGTAATTGA__0.601036999560677__58	17	6	6	20	30	30	9	8
ATTTAATTAT__0.600416146631338__43	30	36	20	20	30	30	20	13
CCGTAATTTA__0.600295485224192__31	2	8	6	20	30	30	36	20
CCTTAATTAA__0.600161931196184__36	8	6	20	20	30	30	20	20
TCGTAATTAG__0.59992883569965__34	31	8	6	20	30	30	20	18
CCATAATTTC__0.599203008003452__25	8	18	13	20	30	30	36	12
ACCTAATTTG__0.598720961672371__20	8	8	18	20	30	30	36	9
AGATAATCAC__0.59865994630299__52	9	7	13	20	30	7	8	17
GTCTAATTAT__0.598422669697939__37	8	9	18	20	30	30	20	13
TACTAATTTG__0.598255868415401__27	6	11	18	20	30	30	36	9
GTCTAATTAG__0.598122814301956__34	8	9	18	20	30	30	20	18
CCCTAATTTT__0.597935221538757__18	13	8	18	20	30	30	36	36
ACATAATGGG__0.596763527585448__18	6	18	13	20	30	18	8	13
CACTAATCAC__0.595525689899263__44	17	11	18	20	30	7	8	17
GCATAATTTG__0.595453318327151__31	13	18	13	20	30	30	36	9
AGATAATGGG__0.593972131961044__21	9	7	13	20	30	18	8	13
CGCTAATTTG__0.593883575482009__26	25	25	18	20	30	30	36	9
TTGTAATTGT__0.593690833311541__45	9	6	6	20	30	30	9	6
CGATAATTTA__0.59304101626987__32	31	7	13	20	30	30	36	20
ACTTAATCAT__0.592934390921409__36	11	6	20	20	30	7	8	18
AATTAATTTG__0.592663864480546__30	30	30	20	20	30	30	36	9
GAGTAATTGT__0.592491550022242__32	8	11	6	20	30	30	9	6
TTCTAATTAG__0.591765289556822__33	12	9	18	20	30	30	20	18
CTGTAATTGA__0.591282070626765__36	2	6	6	20	30	30	9	8
CATTAATTGA__0.591236119727678__32	18	30	20	20	30	30	9	8
GGGTAATTGT__0.590644180138267__51	13	8	6	20	30	30	9	6
CTTTAATTAG__0.589574047563477__33	6	36	20	20	30	30	20	18
ATTTAATTTG__0.589289081268364__36	30	36	20	20	30	30	36	9
CCCTAATCAT__0.58923165261785__25	13	8	18	20	30	7	8	18
CCTTAATTTA__0.589117092395269__28	8	6	20	20	30	30	36	20
TCGTAATTGA__0.588779683884782__34	31	8	6	20	30	30	9	8
CCATAATGAC__0.588613249986878__28	8	18	13	20	30	18	8	8
CCCTAATCAC__0.588347649351226__35	13	8	18	20	30	7	8	17
CAATAATCAC__0.588213431812349__45	9	30	13	20	30	7	8	17
ATGTAATTTG__0.588185616758198__36	18	6	6	20	30	30	36	9
TTGTAATTGA__0.587951675004609__48	9	6	6	20	30	30	9	8
ACTTAATCAC__0.587779393039886__46	11	6	20	20	30	7	8	17
GTCTAATTGA__0.587120099008065__34	8	9	18	20	30	30	9	8
TATTAATTGT__0.587094117893738__34	13	30	20	20	30	30	9	6
TTTTAATTAG__0.587078758364617__46	36	36	20	20	30	30	20	18
ACATAATAGG__0.586554887012278__20	6	18	13	20	30	13	18	8
CACTAATAAC__0.585432322171581__40	17	11	18	20	30	13	20	6
ATATAATGAC__0.585292150054332__36	13	13	13	20	30	18	8	8
AGTTAATTAA__0.585216753585187__45	11	6	20	20	30	30	20	20
TGGTAATTAA__0.582914554883263__56	8	8	6	20	30	30	20	20
ACATAATAAG__0.58239289638554__27	6	18	13	20	30	13	20	6
CAGTAATTTG__0.582059907561442__25	2	11	6	20	30	30	36	9
GTATAATTTG__0.582033252976764__35	6	13	13	20	30	30	36	9
TCTTAATTAG__0.581823356394067__30	9	6	20	20	30	30	20	18
ACTTAATAAC__0.581759058371477__43	11	6	20	20	30	13	20	6
AATTAATTTA__0.581202034802556__33	30	30	20	20	30	30	36	20
AGATAATTTA__0.580868741713028__30	9	7	13	20	30	30	36	20
TTTTAATTAT__0.579886302291242__46	36	36	20	20	30	30	20	13
GGGTAATTGA__0.57976273956779__52	13	8	6	20	30	30	9	8
TTGTAATTAG__0.578776399387517__41	9	6	6	20	30	30	20	18
CACTAATAGC__0.578715657528745__27	17	11	18	20	30	13	18	25
CCATAATCAT__0.57846130657944__26	8	18	13	20	30	7	8	18
GCATAATTTA__0.578185205010649__32	13	18	13	20	30	30	36	20
ATATAATTTG__0.577650523878544__26	13	13	13	20	30	30	36	9
ACGTAATTTA__0.577452228452341__29	8	8	6	20	30	30	36	20
AAGTAATTTG__0.57740006942571__25	6	11	6	20	30	30	36	9
TCTTAATTAT__0.576218757835487__31	9	6	20	20	30	30	20	13
CCTTAATTTG__0.576159472357454__20	8	6	20	20	30	30	36	9
GGGTAATTTG__0.575988902778703__47	13	8	6	20	30	30	36	9
GATTAATTGT__0.574497704310008__28	7	30	20	20	30	30	9	6
CTATAATCAC__0.574147293919871__41	18	13	13	20	30	7	8	17
AACTAATTTA__0.574027383822809__24	6	11	18	20	30	30	36	20
ACTTAATGGG__0.573887626363109__17	11	6	20	20	30	18	8	13
AGATAATAAC__0.573209045700261__40	9	7	13	20	30	13	20	6
CACTAATGAT__0.572465458125371__20	17	11	18	20	30	18	8	7
ACTTAATAGG__0.572335932218927__21	11	6	20	20	30	13	18	8
CCCTAATTTC__0.572235646194232__17	13	8	18	20	30	30	36	12
CCATAATGAT__0.572057701860774__19	8	18	13	20	30	18	8	7
ACATAATTTT__0.571600020196688__19	6	18	13	20	30	30	36	36
GATTAATTGA__0.571022409438098__32	7	30	20	20	30	30	9	8
CCCTAATAAC__0.570854788737635__30	13	8	18	20	30	13	20	6
CGATAATCAC__0.570765656406704__40	31	7	13	20	30	7	8	17
AAATAATAGC__0.570719295636647__28	36	30	13	20	30	13	18	25
TGTTAATTAG__0.570390249410645__40	6	6	20	20	30	30	20	18
GTTTAATTAT__0.570277139217056__43	6	36	20	20	30	30	20	13
CTGTAATTTA__0.569392744998675__32	2	6	6	20	30	30	36	20
TGCTAATTTG__0.569292981119761__29	13	25	18	20	30	30	36	9
ACTTAATTCG__0.568976757080376__22	11	6	20	20	30	30	12	31
CACTAATGGG__0.568469717630203__13	17	11	18	20	30	18	8	13
CAGTAATTTT__0.567578741352114__22	2	11	6	20	30	30	36	36
TTCTAATTAT__0.567531488124198__29	12	9	18	20	30	30	20	13
ACATAATCGC__0.567233977004566__24	6	18	13	20	30	7	31	25
CAATAATGAC__0.566898015740349__27	9	30	13	20	30	18	8	8
CAATAATGAG__0.56663397249677__19	9	30	13	20	30	18	8	8
GTTTAATTAG__0.566154247905492__39	6	36	20	20	30	30	20	18
AAATAATTTG__0.565839259422101__20	36	30	13	20	30	30	36	9
CAATAATAGC__0.56562233344864__26	9	30	13	20	30	13	18	25
CAATAATGAT__0.565433606085094__21	9	30	13	20	30	18	8	7
CCATAATAAC__0.565283180835443__31	8	18	13	20	30	13	20	6
GCTTAATTAA__0.565233234184244__36	25	6	20	20	30	30	20	20
CACTAATGAC__0.564968464243128__24	17	11	18	20	30	18	8	8
ACGTAATTTG__0.564655919580399__21	8	8	6	20	30	30	36	9
AGTTAATTTG__0.564054045515793__29	11	6	20	20	30	30	36	9
CCATAATGGG__0.563879882763748__12	8	18	13	20	30	18	8	13
AGTTAATGAC__0.563857943109137__35	11	6	20	20	30	18	8	8
GCCTAATTTG__0.563634180453649__19	45	8	18	20	30	30	36	9
CAGTAATTTA__0.563447728732721__26	2	11	6	20	30	30	36	20
CACCAATTTA__0.563024332845291__15	17	8	8	9	30	30	36	20
ACCTAATTTA__0.562808111853459__19	8	8	18	20	30	30	36	20
GTGTAATTTG__0.562523734179567__39	17	6	6	20	30	30	36	9
CCTTAATCAC__0.562119315049506__33	8	6	20	20	30	7	8	17
CCTTAATGAC__0.562036771819458__24	8	6	20	20	30	18	8	8
CACTAATTTC__0.56175613088436__19	17	11	18	20	30	30	36	12
TGATAATGAC__0.561631220403652__32	8	7	13	20	30	18	8	8
AAATAATTTC__0.561448667436007__22	36	30	13	20	30	30	36	12
ACATAATTCG__0.561386140926035__18	6	18	13	20	30	30	12	31
GGATAATGAG__0.561296995346725__27	5	7	13	20	30	18	8	8
CGATAATAGC__0.561285639006661__26	31	7	13	20	30	13	18	25
CTATAATTTG__0.561125670334601__20	18	13	13	20	30	30	36	9
AATTAATGGT__0.560670057878312__19	30	30	20	20	30	18	8	8
AGATAATTTC__0.560216161042822__23	9	7	13	20	30	30	36	12
AATTAATGTG__0.559526359239883__20	30	30	20	20	30	18	6	17
ACCTAATCAT__0.55939040990516__21	8	8	18	20	30	7	8	18
TGATAATTTG__0.559177126387174__25	8	7	13	20	30	30	36	9
ACATAATTCA__0.558928880532123__24	6	18	13	20	30	30	12	8
CCATAATCAC__0.55865539464962__30	8	18	13	20	30	7	8	17
AGATAATAGC__0.557758004075897__26	9	7	13	20	30	13	18	25
CCGTAATCAT__0.557615707572793__23	2	8	6	20	30	7	8	18
CCATAATAAG__0.55757552037517__20	8	18	13	20	30	13	20	6
ATATAATGAG__0.55756394669556__21	13	13	13	20	30	18	8	8
AACTAATAGC__0.557560059655533__23	6	11	18	20	30	13	18	25
ATGTAATTTA__0.556558394615404__32	18	6	6	20	30	30	36	20
TCGTAATTTG__0.556535379396645__23	31	8	6	20	30	30	36	9
AAATAATGGG__0.556305848175799__14	36	30	13	20	30	18	8	13
CGTTAATGAC__0.555971406478287__30	8	6	20	20	30	18	8	8
TAGTAATTGA__0.555949047774004__28	18	11	6	20	30	30	9	8
TATTAATTGA__0.555682913747083__30	13	30	20	20	30	30	9	8
ATGTAATTTT__0.555393793611513__27	18	6	6	20	30	30	36	36
AATTAATTTC__0.553920750474454__24	30	30	20	20	30	30	36	12
CCATAATAGC__0.55339381811067__20	8	18	13	20	30	13	18	25
TTATAATTAA__0.552021978352241__33	20	13	13	20	30	30	20	20
ACGTAATGAT__0.551915965294429__20	8	8	6	20	30	18	8	7
CTCTAATTTG__0.551816833859346__16	8	9	18	20	30	30	36	9
AGATAATCGC__0.551561745249821__24	9	7	13	20	30	7	31	25
AGCTAATTTC__0.5512376917942__21	25	25	18	20	30	30	36	12
AACTAATGAT__0.551067768934447__17	6	11	18	20	30	18	8	7
GCCTAATTTA__0.550922385309354__21	45	8	18	20	30	30	36	20
GTGTAATTTA__0.550868649834218__40	17	6	6	20	30	30	36	20
GCGTAATTTG__0.550745293376135__26	25	8	6	20	30	30	36	9
ACCTAATGAG__0.550169234912683__13	8	8	18	20	30	18	8	8
CGTTAATTTG__0.549795489212154__23	8	6	20	20	30	30	36	9
ATTTAATGAT__0.549743222237806__26	30	36	20	20	30	18	8	7
AATTAATGTT__0.549446102801271__19	30	30	20	20	30	18	6	6
ACATAATCGT__0.549434591400987__15	6	18	13	20	30	7	31	8
TTGTAATTAA__0.548954823358418__39	9	6	6	20	30	30	20	20
CGATAATGAG__0.548775529265243__17	31	7	13	20	30	18	8	8
ACTTAATAAG__0.548107407041429__23	11	6	20	20	30	13	20	6
CACTAATTCG__0.547842512091298__15	17	11	18	20	30	30	12	31
GAATAATGAC__0.547767161001736__26	12	30	13	20	30	18	8	8
ACGTAATTTT__0.547740943499443__18	8	8	6	20	30	30	36	36
GAGTAATTTA__0.547420783460587__27	8	11	6	20	30	30	36	20
CCTTAATGAG__0.547252095565208__15	8	6	20	20	30	18	8	8
CTTTAATGAC__0.547220067228225__28	6	36	20	20	30	18	8	8
AGATAATGGT__0.547108960166935__15	9	7	13	20	30	18	8	8
AGCTAATTTG__0.546951797353721__18	25	25	18	20	30	30	36	9
CTGTAATTTG__0.546763887812701__22	2	6	6	20	30	30	36	9
CGATAATTTT__0.546536381189771__17	31	7	13	20	30	30	36	36
CCCTAATCGT__0.546113224437164__11	13	8	18	20	30	7	31	8
TGGTAATTGA__0.545812959128116__35	8	8	6	20	30	30	9	8
GCATAATTTT__0.545627811209218__20	13	18	13	20	30	30	36	36
ATTTAATGAC__0.545507052365166__30	30	36	20	20	30	18	8	8
ACCTAATCAC__0.545506252578245__26	8	8	18	20	30	7	8	17
ATTTAATAGC__0.545500431759846__31	30	36	20	20	30	13	18	25
CGATAATCGC__0.545484120404255__22	31	7	13	20	30	7	31	25
AATTAATGAG__0.545452468854771__19	30	30	20	20	30	18	8	8
ATTTAATTAA__0.54524808726521__32	30	36	20	20	30	30	20	20
CGTTAATTTT__0.545051423595073__22	8	6	20	20	30	30	36	36
GCATAATCAC__0.545011533703508__34	13	18	13	20	30	7	8	17
ATCTAATTTA__0.544899634635313__21	7	9	18	20	30	30	36	20
CCCTAACCCA__0.544706988211755__42	13	8	18	20	6	8	13	8
GCGTAATTTA__0.544673946696327__29	25	8	6	20	30	30	36	20
CGTTAATTTA__0.54460002147626__26	8	6	20	20	30	30	36	20
ACTTAATTTT__0.544198859063401__17	11	6	20	20	30	30	36	36
ACGTAATGAG__0.544072215676774__17	8	8	6	20	30	18	8	8
TGGTAATTTG__0.543997475831494__32	8	8	6	20	30	30	36	9
CGATAATTTC__0.543938951982285__19	31	7	13	20	30	30	36	12
AGATAATTCG__0.543448600439954__18	9	7	13	20	30	30	12	31
CTATAATTTT__0.543397735696158__17	18	13	13	20	30	30	36	36
CCGTAATTTG__0.543235547604087__15	2	8	6	20	30	30	36	9
AAATAATCAC__0.543223034984678__31	36	30	13	20	30	7	8	17
TCTTAATTTG__0.543147680855971__21	9	6	20	20	30	30	36	9
AATTAATGCA__0.542387402029625__27	30	30	20	20	30	18	13	13
CTATAATAGC__0.542333784096405__22	18	13	13	20	30	13	18	25
CCGTAATCAC__0.542200606536996__27	2	8	6	20	30	7	8	17
CCCTAATGAG__0.542035506989286__11	13	8	18	20	30	18	8	8
ATATAATAGC__0.541801594491574__24	13	13	13	20	30	13	18	25
ATTTAATCAC__0.541623049817525__39	30	36	20	20	30	7	8	17
AATTAATGAT__0.541512612765978__20	30	30	20	20	30	18	8	7
CGCTAATCAC__0.54145048444319__29	25	25	18	20	30	7	8	17
CCATAATTTT__0.541365117881393__13	8	18	13	20	30	30	36	36
ATTTAATTTC__0.541349483013048__26	30	36	20	20	30	30	36	12
AGATAATGGA__0.541346122544698__16	9	7	13	20	30	18	8	5
AATTAATAGC__0.541241032782859__25	30	30	20	20	30	13	18	25
AATTAATTTT__0.541101493506168__19	30	30	20	20	30	30	36	36
CCCTAATAGC__0.540874791572065__16	13	8	18	20	30	13	18	25
ACTTAATTCA__0.540733390711783__23	11	6	20	20	30	30	12	8
AGATAATGGC__0.540491610487939__17	9	7	13	20	30	18	8	45
AATTAATCAC__0.5403166185794__33	30	30	20	20	30	7	8	17
CCTTAATTCG__0.540286918325666__15	8	6	20	20	30	30	12	31
TGCTAATTTA__0.539925326910782__26	13	25	18	20	30	30	36	20
CGCTAATGAC__0.53980380201946__21	25	25	18	20	30	18	8	8
TAGTAATTTG__0.539793361697942__22	18	11	6	20	30	30	36	9
TCCTAATTTA__0.539754472623493__17	5	8	18	20	30	30	36	20
GCATAATTTC__0.539245867639921__21	13	18	13	20	30	30	36	12
GAGTAATTTG__0.538748241529668__21	8	11	6	20	30	30	36	9
GACCAATTTA__0.53866849044981__14	8	8	8	9	30	30	36	20
AGTTAATTTA__0.538656957742155__27	11	6	20	20	30	30	36	20
CAATAATTTG__0.538463523962921__15	9	30	13	20	30	30	36	9
ACTTAATCGA__0.538451430209576__19	11	6	20	20	30	7	31	31
AAATAATGAT__0.538450984664823__17	36	30	13	20	30	18	8	7
GGATAATTTG__0.538383843454372__23	5	7	13	20	30	30	36	9
CCATAATCGC__0.538316114146393__17	8	18	13	20	30	7	31	25
CGGTAATTTG__0.538114882143156__21	2	8	6	20	30	30	36	9
ACATAATAGT__0.538073764090905__14	6	18	13	20	30	13	18	11
CGGTAATTTA__0.537984709922369__25	2	8	6	20	30	30	36	20
AAATAATAAG__0.537688929530604__20	36	30	13	20	30	13	20	6
ACTTAATGGC__0.537620816564719__16	11	6	20	20	30	18	8	45
AGTTAATGAT__0.536900304758513__23	11	6	20	20	30	18	8	7
AATTAATGGC__0.536529140928438__18	30	30	20	20	30	18	8	45
AAATAATGAG__0.53651481881879__15	36	30	13	20	30	18	8	8
CGATAATTCG__0.536102198542448__16	31	7	13	20	30	30	12	31
CTATAATTTC__0.535987110405005__18	18	13	13	20	30	30	36	12
TGATAATTTA__0.535673056925647__24	8	7	13	20	30	30	36	20
GGTTAATTTG__0.535455721669221__31	8	6	20	20	30	30	36	9
TTATAATTTG__0.535451761913971__22	20	13	13	20	30	30	36	9
GCATAATGAC__0.535249641115644__23	13	18	13	20	30	18	8	8
ACTTAATCGC__0.534920080057587__20	11	6	20	20	30	7	31	25
AACTAATCAT__0.534869576243575__19	6	11	18	20	30	7	8	18
AAGTAATTTT__0.534731166152979__17	6	11	6	20	30	30	36	36
AATTAATGGG__0.534152713899__14	30	30	20	20	30	18	8	13
CCATAATGAG__0.53401495020945__12	8	18	13	20	30	18	8	8
CATTAATTTG__0.533903307663222__17	18	30	20	20	30	30	36	9
AATTAATGAA__0.533602544648707__23	30	30	20	20	30	18	8	12
ACATAATCAG__0.533219603773673__16	6	18	13	20	30	7	8	2
CTATAATGGG__0.533196749250176__12	18	13	13	20	30	18	8	13
AACTAATTTT__0.5331028596336__13	6	11	18	20	30	30	36	36
CACTAATAGG__0.533034333489499__12	17	11	18	20	30	13	18	8
CGCTAATTTC__0.532942353577376__17	25	25	18	20	30	30	36	12
GGATAATGAC__0.532763958900574__27	5	7	13	20	30	18	8	8
CAATAATGAA__0.532456808596299__20	9	30	13	20	30	18	8	12
AATTAATCGT__0.532439245382966__17	30	30	20	20	30	7	31	8
GAATAATTTG__0.532254750966938__17	12	30	13	20	30	30	36	9
ACATAATAGA__0.532212893786634__17	6	18	13	20	30	13	18	9
AGATAATCGT__0.531846250691135__15	9	7	13	20	30	7	31	8
GTCTAATTAA__0.531803829032751__25	8	9	18	20	30	30	20	20
TAGTAATTTA__0.531631979045136__24	18	11	6	20	30	30	36	20
CAATAATAGG__0.531623392401994__13	9	30	13	20	30	13	18	8
CGATAATAAC__0.531565007234112__27	31	7	13	20	30	13	20	6
TACTAATGAC__0.531406800382948__20	6	11	18	20	30	18	8	8
GCATAATCAT__0.531025217504256__23	13	18	13	20	30	7	8	18
GTTTAATTAA__0.530907289894364__35	6	36	20	20	30	30	20	20
TTATAATGAG__0.530883780355979__20	20	13	13	20	30	18	8	8
CGATAATGAT__0.530815175467379__16	31	7	13	20	30	18	8	7
AACTAATGAC__0.530709841752873__18	6	11	18	20	30	18	8	8
GGATAATAGC__0.530290393209301__26	5	7	13	20	30	13	18	25
AATTAATGAC__0.529812954592079__22	30	30	20	20	30	18	8	8
AACTAATCAC__0.529462542726382__25	6	11	18	20	30	7	8	17
TGATAATTTT__0.529440456929189__19	8	7	13	20	30	30	36	36
AGATAATCAT__0.529315461684091__21	9	7	13	20	30	7	8	18
ATTTAATGAG__0.529281588825857__20	30	36	20	20	30	18	8	8
AGGTAATTTG__0.528870950519322__21	8	8	6	20	30	30	36	9
TACTAATTTA__0.528847623426268__18	6	11	18	20	30	30	36	20
AAATAATCAT__0.528845030072788__20	36	30	13	20	30	7	8	18
GGTTAATTAA__0.528836850369891__35	8	6	20	20	30	30	20	20
CGCTAATGAG__0.528514761265244__14	25	25	18	20	30	18	8	8
TTATAATGAC__0.528390271261016__25	20	13	13	20	30	18	8	8
TGATAATGAG__0.528366646398381__18	8	7	13	20	30	18	8	8
GCTTAATGAT__0.52806097423626__20	25	6	20	20	30	18	8	7
CTTTAATTAA__0.527650010987982__25	6	36	20	20	30	30	20	20
GCATAATAAC__0.527608316124475__27	13	18	13	20	30	13	20	6
CCATAATCGT__0.527479365246988__11	8	18	13	20	30	7	31	8
AGTTAATAGC__0.527457511589584__26	11	6	20	20	30	13	18	25
ACTTAATCGT__0.527196583285052__14	11	6	20	20	30	7	31	8
AATTAATAAC__0.526288408052733__28	30	30	20	20	30	13	20	6
CGATAAGTGG__0.5262695730066__11	31	7	13	20	6	11	17	8
CCCTAATGAC__0.525941694864063__14	13	8	18	20	30	18	8	8
CCCCAATCCC__0.525863569993741__22	13	13	8	9	30	7	5	13
CACTAATCAT__0.525791020740256__17	17	11	18	20	30	7	8	18
TTCTAATTAA__0.525728737416643__24	12	9	18	20	30	30	20	20
GATTAATTTG__0.52566139386715__19	7	30	20	20	30	30	36	9
AATTAATTCA__0.525256196514721__22	30	30	20	20	30	30	12	8
AAGTAATTTA__0.525205454862033__19	6	11	6	20	30	30	36	20
CAATAATGGG__0.524906856849196__10	9	30	13	20	30	18	8	13
TCATAATGGG__0.524526054164337__12	8	18	13	20	30	18	8	13
ATCTAATTTG__0.524127950756996__14	7	9	18	20	30	30	36	9
GACTAATTTA__0.523872458958511__16	8	11	18	20	30	30	36	20
ACGTAATGAC__0.523852737584572__19	8	8	6	20	30	18	8	8
AAGTAATCAT__0.523817541883227__20	6	11	6	20	30	7	8	18
AGTTAATTTC__0.52377830805677__22	11	6	20	20	30	30	36	12
AATTAATGCC__0.522958687885445__23	30	30	20	20	30	18	13	45
CGCTAATAGG__0.522800630538424__13	25	25	18	20	30	13	18	8
CGTTAATGAG__0.522703604938939__17	8	6	20	20	30	18	8	8
GGGTAATTTA__0.522550916544891__33	13	8	6	20	30	30	36	20
TACTAATAGG__0.522517703905899__13	6	11	18	20	30	13	18	8
CGATAATCAT__0.522416452962196__19	31	7	13	20	30	7	8	18
TGATAATCAC__0.522373477180061__30	8	7	13	20	30	7	8	17
ACATAATATG__0.52227515902227__14	6	18	13	20	30	13	13	18
GCCCAATTTA__0.52221670016728__12	45	13	8	9	30	30	36	20
GTCTAATTTG__0.522133221047812__17	8	9	18	20	30	30	36	9
ATTTAATAGG__0.522120266486742__19	30	36	20	20	30	13	18	8
TCCTAATCAC__0.522043103524015__22	5	8	18	20	30	7	8	17
ACTTAATTCC__0.521977862350375__21	11	6	20	20	30	30	12	5
TCTTAATTAA__0.521937890476637__23	9	6	20	20	30	30	20	20
AATTAATCAA__0.521810082480647__26	30	30	20	20	30	7	8	9
AAATAATAGA__0.521751358984231__17	36	30	13	20	30	13	18	9
ACCTAATTTT__0.521555469033414__10	8	8	18	20	30	30	36	36
CCATAATAGG__0.521442258968485__10	8	18	13	20	30	13	18	8
TCATAATTTA__0.521402854516431__18	8	18	13	20	30	30	36	20
CCCTAACCTC__0.521395050367157__22	13	8	18	20	6	8	8	8
ATTTAATTTA__0.521123023663947__23	30	36	20	20	30	30	36	20
CAATAATCAT__0.521020704188028__18	9	30	13	20	30	7	8	18
ACTTAATAGT__0.520417948160034__14	11	6	20	20	30	13	18	11
ATTTAATCGC__0.520036128891117__23	30	36	20	20	30	7	31	25
AATTAATAGG__0.519941609228267__15	30	30	20	20	30	13	18	8
AATTAATCGA__0.519880981192179__18	30	30	20	20	30	7	31	31
CTTTAATAAC__0.519859587340644__28	6	36	20	20	30	13	20	6
AAATAATGAC__0.519808944249845__18	36	30	13	20	30	18	8	8
ATTTAATAAC__0.519393773217837__30	30	36	20	20	30	13	20	6
CAATAATCGT__0.519157453986028__12	9	30	13	20	30	7	31	8
AAATAATAGG__0.519154956752215__12	36	30	13	20	30	13	18	8
CCTTAATGGG__0.519030304128687__9	8	6	20	20	30	18	8	13
AAATAATCGC__0.519027839340102__17	36	30	13	20	30	7	31	25
ACCTAATGAT__0.518929771264676__11	8	8	18	20	30	18	8	7
TGATAATAAC__0.518928350808352__27	8	7	13	20	30	13	20	6
CTTTAATCAC__0.518816517669585__29	6	36	20	20	30	7	8	17
CCATAATGGA__0.518642646707406__10	8	18	13	20	30	18	8	5
CCCTAATGAT__0.518299383653232__10	13	8	18	20	30	18	8	7
AGTTAATGAG__0.518248701851333__18	11	6	20	20	30	18	8	8
AAATAATGGC__0.518025578088765__13	36	30	13	20	30	18	8	45
CTATAATGAG__0.517856039125454__13	18	13	13	20	30	18	8	8
GAGTAATTGA__0.517541718020474__19	8	11	6	20	30	30	9	8
GCGTAATTTT__0.517360499559763__19	25	8	6	20	30	30	36	36
GCATAATAGC__0.516914472069715__19	13	18	13	20	30	13	18	25
CACTAATCAA__0.516846331651489__20	17	11	18	20	30	7	8	9
ACTTAATAGA__0.516753814172257__17	11	6	20	20	30	13	18	9
ACATAATGAA__0.516572144439702__16	6	18	13	20	30	18	8	12
ATTTAATGGG__0.51650620150606__15	30	36	20	20	30	18	8	13
ACATAATCAT__0.515904485636241__16	6	18	13	20	30	7	8	18
CACTAATCGA__0.515892373792651__13	17	11	18	20	30	7	31	31
ATATAATCAC__0.51569202873824__26	13	13	13	20	30	7	8	17
CACTAATAGT__0.515611997349367__11	17	11	18	20	30	13	18	11
CTATAATGAT__0.515413039297024__14	18	13	13	20	30	18	8	7
CAATAATTTT__0.515225506576106__12	9	30	13	20	30	30	36	36
ACCTAATTCA__0.515157330091682__14	8	8	18	20	30	30	12	8
CTATAATAGG__0.515129274920021__12	18	13	13	20	30	13	18	8
CCTTAATAAG__0.514827469900296__15	8	6	20	20	30	13	20	6
ACGTAATTTC__0.514790264035231__15	8	8	6	20	30	30	36	12
TTGTAATTTG__0.514554368274551__23	9	6	6	20	30	30	36	9
CCCTAATTCC__0.514362873643538__14	13	8	18	20	30	30	12	5
TGATAATGAT__0.514190292661359__17	8	7	13	20	30	18	8	7
AATTAATCAG__0.514150005926634__17	30	30	20	20	30	7	8	2
TTATAATTTA__0.514008651101726__21	20	13	13	20	30	30	36	20
ATATAATCGC__0.513974240858761__18	13	13	13	20	30	7	31	25
CCGTAATTTC__0.513784057040854__13	2	8	6	20	30	30	36	12
TGTTAATTTG__0.513781335880989__24	6	6	20	20	30	30	36	9
CAGTAATCAC__0.513414737009272__23	2	11	6	20	30	7	8	17
AATTAATAGT__0.51333225897203__15	30	30	20	20	30	13	18	11
GCTTAATTTG__0.513327382811498__17	25	6	20	20	30	30	36	9
CCATAATAGT__0.513325516169347__10	8	18	13	20	30	13	18	11
TGATAATGGG__0.5132021262933__13	8	7	13	20	30	18	8	13
AGGTAATTTT__0.512931621031517__18	8	8	6	20	30	30	36	36
CTATAATGAC__0.512786826779671__17	18	13	13	20	30	18	8	8
CCCTAACCCC__0.512508774555392__36	13	8	18	20	6	8	13	13
CCTTAATGAT__0.512427895576889__12	8	6	20	20	30	18	8	7
GCATAATGAG__0.512295453278419__14	13	18	13	20	30	18	8	8
TCATAATCAC__0.512265257881986__24	8	18	13	20	30	7	8	17
GACTAATCAT__0.512165703657085__16	8	11	18	20	30	7	8	18
CGCTAATTTA__0.511612256032269__15	25	25	18	20	30	30	36	20
ACTTAATGTG__0.511440289131472__11	11	6	20	20	30	18	6	17
CTCTAATGAC__0.511215136421625__15	8	9	18	20	30	18	8	8
ACTTAATTCT__0.510787602941692__14	11	6	20	20	30	30	12	9
ATATAATTTA__0.510570873583886__17	13	13	13	20	30	30	36	20
GCATAATAGT__0.510448133491325__14	13	18	13	20	30	13	18	11
CATTAATTCG__0.510391174217154__14	18	30	20	20	30	30	12	31
TTGTAATTTT__0.510030504209184__22	9	6	6	20	30	30	36	36
GTATAATTTA__0.509890991061194__21	6	13	13	20	30	30	36	20
TCATAATGAT__0.509888868144295__14	8	18	13	20	30	18	8	7
CTTTAATGAG__0.509654512521403__15	6	36	20	20	30	18	8	8
ACCTAATGAC__0.509504346649436__13	8	8	18	20	30	18	8	8
TGTTAATTAA__0.509345350956284__28	6	6	20	20	30	30	20	20
CACTAATTTT__0.509075309998936__10	17	11	18	20	30	30	36	36
CGCTAATTTT__0.508969805709175__12	25	25	18	20	30	30	36	36
CTTTAATAGG__0.508456703906876__15	6	36	20	20	30	13	18	8
AGCTAATCAC__0.508454957324873__22	25	25	18	20	30	7	8	17
CTTTAATGAT__0.508261200989642__16	6	36	20	20	30	18	8	7
CAATAATAAC__0.508248462630547__21	9	30	13	20	30	13	20	6
TCCTAATTTG__0.507929711176519__10	5	8	18	20	30	30	36	9
TGGTAATTTA__0.507606153368309__26	8	8	6	20	30	30	36	20
AGCTAATTTA__0.507363444834632__15	25	25	18	20	30	30	36	20
ATTTAATTTT__0.507280427677747__17	30	36	20	20	30	30	36	36
CGTTAATTTC__0.507199524425244__17	8	6	20	20	30	30	36	12
AACTAATGAG__0.507176192044778__10	6	11	18	20	30	18	8	8
CTCTAATTTC__0.507116531142565__12	8	9	18	20	30	30	36	12
AATTAATGTA__0.50699482078083__15	30	30	20	20	30	18	6	6
GGCTAATTTA__0.506994485211898__19	45	25	18	20	30	30	36	20
ACTTAATGTT__0.506572438931779__11	11	6	20	20	30	18	6	6
GGATAATAAC__0.506330198993974__26	5	7	13	20	30	13	20	6
GTGTAATTTT__0.50616487152351__23	17	6	6	20	30	30	36	36
CAGTAATTTC__0.506010441386671__14	2	11	6	20	30	30	36	12
ACGTAATCAT__0.505876668049039__16	8	8	6	20	30	7	8	18
AATTAATTCG__0.505766118053451__14	30	30	20	20	30	30	12	31
ACTTAATGGA__0.505707621450194__11	11	6	20	20	30	18	8	5
AGATAATAGT__0.505543269133674__12	9	7	13	20	30	13	18	11
CCGTAATGAC__0.504920669537051__14	2	8	6	20	30	18	8	8
CAATAATGGC__0.504625048053776__11	9	30	13	20	30	18	8	45
CTCTAATGAG__0.504607696877681__10	8	9	18	20	30	18	8	8
CCTTAATAAC__0.504447165632753__19	8	6	20	20	30	13	20	6
AGTTAATAGG__0.504082760431958__16	11	6	20	20	30	13	18	8
GGATAATGAT__0.504054959905706__17	5	7	13	20	30	18	8	7
ATTTAATAAG__0.503950567177046__20	30	36	20	20	30	13	20	6
AGATAATCAG__0.503937988314309__14	9	7	13	20	30	7	8	2
CTATAATCAT__0.503925499195058__16	18	13	13	20	30	7	8	18
ATATAATGGT__0.503850233446016__11	13	13	13	20	30	18	8	8
GAGTAATTTT__0.503802584545081__15	8	11	6	20	30	30	36	36
AAATAATTTA__0.50375936773965__14	36	30	13	20	30	30	36	20
TGCTAATGAC__0.503721082305517__19	13	25	18	20	30	18	8	8
AACTAATCAA__0.503712227919355__18	6	11	18	20	30	7	8	9
CAATAATAAG__0.503574626481228__14	9	30	13	20	30	13	20	6
CTATAATTCG__0.503395924094508__12	18	13	13	20	30	30	12	31
CGCTAATGAT__0.503263655725084__12	25	25	18	20	30	18	8	7
GGATAATAGG__0.503237682317952__15	5	7	13	20	30	13	18	8
ACATAATCGA__0.503234968364041__12	6	18	13	20	30	7	31	31
ATCTAATCAC__0.502935546410524__21	7	9	18	20	30	7	8	17
AGTTAATAAC__0.502846560523116__25	11	6	20	20	30	13	20	6
TACTAATGAG__0.502825677539647__11	6	11	18	20	30	18	8	8
TTCTAATTGA__0.502733298368567__16	12	9	18	20	30	30	9	8
AAATAATAGT__0.502639689681303__11	36	30	13	20	30	13	18	11
AATTAATTCC__0.501891304362404__19	30	30	20	20	30	30	12	5
GGATAATGGG__0.501866138156463__13	5	7	13	20	30	18	8	13
TGTTAATGAG__0.501672275718147__20	6	6	20	20	30	18	8	8
TAGTAATCAT__0.501651408089462__19	18	11	6	20	30	7	8	18
TACTAATGAT__0.501585293261199__12	6	11	18	20	30	18	8	7
AATTAATGGA__0.501446772337748__12	30	30	20	20	30	18	8	5
TTATAATAGC__0.50141747359554__19	20	13	13	20	30	13	18	25
CGATAATAGT__0.501404298996556__11	31	7	13	20	30	13	18	11
CCATAATTCC__0.501290291784735__14	8	18	13	20	30	30	12	5
CGTTAATAGG__0.501285161427588__14	8	6	20	20	30	13	18	8
TGATAATTTC__0.500976714690642__16	8	7	13	20	30	30	36	12
AAATAATGGT__0.500922821870281__9	36	30	13	20	30	18	8	8
CAATAATTTC__0.500919612020268__12	9	30	13	20	30	30	36	12
AGTTAATCAC__0.500848002052322__26	11	6	20	20	30	7	8	17
ATATAATGGG__0.500778745789353__10	13	13	13	20	30	18	8	13
AATTAATATG__0.500713093462693__15	30	30	20	20	30	13	13	18
GACTAATCAG__0.500255261133519__12	8	11	18	20	30	7	8	2
TAGTAATTTT__0.500086126939568__15	18	11	6	20	30	30	36	36
TCATAATTTT__0.499887907510659__12	8	18	13	20	30	30	36	36
TACTAATCAT__0.499744571155835__15	6	11	18	20	30	7	8	18
TCATAATTTG__0.499722031846979__12	8	18	13	20	30	30	36	9
TATTAATTTG__0.499615212639596__16	13	30	20	20	30	30	36	9
CACTAATGAG__0.499589052138505__9	17	11	18	20	30	18	8	8
ACATAATTCT__0.499570222295051__11	6	18	13	20	30	30	12	9
TTATAATAGT__0.49929607073904__15	20	13	13	20	30	13	18	11
AATTAATAGA__0.499245364828375__16	30	30	20	20	30	13	18	9
GGCTAATTTG__0.49918970710405__15	45	25	18	20	30	30	36	9
ACTTAATGAA__0.499188073989705__15	11	6	20	20	30	18	8	12
TGCTAATTTT__0.499048796316766__15	13	25	18	20	30	30	36	36
CCCTAACCAA__0.498943187706132__25	13	8	18	20	6	8	8	9
ACTTAATATG__0.49876298712865__13	11	6	20	20	30	13	13	18
CGGTAATGAG__0.498708793954227__14	2	8	6	20	30	18	8	8
TACTAATCAC__0.49851619522877__20	6	11	18	20	30	7	8	17
CTTTAATTTG__0.497923131494191__14	6	36	20	20	30	30	36	9
TTTTAATTAA__0.497893881912325__25	36	36	20	20	30	30	20	20
GGGTAGTGTG__0.497870335982521__20	13	8	6	18	11	17	6	17
ACATAATGGA__0.497816000420032__9	6	18	13	20	30	18	8	5
TGTTAATGGG__0.497375862275315__17	6	6	20	20	30	18	8	13
TGTTAATTTC__0.497197116734656__22	6	6	20	20	30	30	36	12
GCATAATGGG__0.497163232264713__10	13	18	13	20	30	18	8	13
ATTTAATGGT__0.496970744445622__13	30	36	20	20	30	18	8	8
CGCTAATAGC__0.496936420531093__14	25	25	18	20	30	13	18	25
GCATAATCGT__0.496905603648881__12	13	18	13	20	30	7	31	8
GTATAATGAG__0.496805961584736__15	6	13	13	20	30	18	8	8
TAGTAATTTC__0.496779199719499__16	18	11	6	20	30	30	36	12
CGATAATCGG__0.496685298369688__9	31	7	13	20	30	7	31	2
GTATAATAAC__0.496667865233375__23	6	13	13	20	30	13	20	6
AAATAATCGT__0.496654455429514__10	36	30	13	20	30	7	31	8
GCATAATGAT__0.496581172955945__13	13	18	13	20	30	18	8	7
TGATAATAGC__0.496456156702682__17	8	7	13	20	30	13	18	25
AGTTAATGGT__0.496351714528355__13	11	6	20	20	30	18	8	8
CGGTAATTTT__0.496323839612909__14	2	8	6	20	30	30	36	36
CTGTAATTTC__0.496214371976826__15	2	6	6	20	30	30	36	12
AAATAATAAC__0.496079770505963__19	36	30	13	20	30	13	20	6
TTTTAATTTG__0.495987310948414__20	36	36	20	20	30	30	36	9
AGATAATTTT__0.495866700247761__11	9	7	13	20	30	30	36	36
TTTTAATGAC__0.495598220885697__23	36	36	20	20	30	18	8	8
AGGTAATTTA__0.495576517193797__18	8	8	6	20	30	30	36	20
ACCTAATAAC__0.495543500468619__16	8	8	18	20	30	13	20	6
ATATAATTTT__0.495050211710314__12	13	13	13	20	30	30	36	36
CCTTAATCAT__0.495037688135253__13	8	6	20	20	30	7	8	18
CGTTAATTCG__0.495003058389387__14	8	6	20	20	30	30	12	31
GGATAATCAC__0.494644147274372__25	5	7	13	20	30	7	8	17
AAATAATGTG__0.494396159314421__9	36	30	13	20	30	18	6	17
AATTAATACA__0.494350361417813__21	30	30	20	20	30	13	6	6
ACGTAATAAG__0.494341129376054__14	8	8	6	20	30	13	20	6
CCTTAATCGC__0.494141079018924__12	8	6	20	20	30	7	31	25
CATTAATGGG__0.493918279206416__9	18	30	20	20	30	18	8	13
CTTTAATTTA__0.493672299249995__16	6	36	20	20	30	30	36	20
CCGTAATGAT__0.493563735312925__10	2	8	6	20	30	18	8	7
CGATAATAGA__0.493538851095494__13	31	7	13	20	30	13	18	9
GCTTAATCAC__0.493454666248161__23	25	6	20	20	30	7	8	17
ACATAATTCC__0.493168841979415__14	6	18	13	20	30	30	12	5
ATTTAATTCA__0.493152088780212__19	30	36	20	20	30	30	12	8
CAATAATTCG__0.493129161639409__10	9	30	13	20	30	30	12	31
TTATAATTTC__0.493102827056798__16	20	13	13	20	30	30	36	12
ACTTAATCGG__0.493058553399805__9	11	6	20	20	30	7	31	2
AATTAATCAT__0.492966336427534__16	30	30	20	20	30	7	8	18
AATTAATAAG__0.492664794019635__15	30	30	20	20	30	13	20	6
GCCTAATGAC__0.492228231775415__13	45	8	18	20	30	18	8	8
GGTTAATTTA__0.492100845764882__23	8	6	20	20	30	30	36	20
TTATAATGGC__0.491870785853763__14	20	13	13	20	30	18	8	45
CAGTAATGAC__0.491820320273429__14	2	11	6	20	30	18	8	8
GTATAATGAC__0.491470810638931__18	6	13	13	20	30	18	8	8
CAGTAATCAT__0.491399927292705__14	2	11	6	20	30	7	8	18
TGTTAATGAT__0.491398476965615__19	6	6	20	20	30	18	8	7
CCTTAATTTT__0.491356327637836__9	8	6	20	20	30	30	36	36
AACTAATTTC__0.491187040684322__10	6	11	18	20	30	30	36	12
ATGTAATTTC__0.490814002595933__16	18	6	6	20	30	30	36	12
AGATAATCGG__0.490796231152185__9	9	7	13	20	30	7	31	2
TACTAATTTT__0.490677028326151__10	6	11	18	20	30	30	36	36
CGTTAATCAT__0.490628638243355__17	8	6	20	20	30	7	8	18
GTTTAATTTA__0.490623282701911__22	6	36	20	20	30	30	36	20
GCATAATAAG__0.490273213556473__14	13	18	13	20	30	13	20	6
AGATAATAGA__0.490227114473162__13	9	7	13	20	30	13	18	9
ATCTAATTTT__0.490222507162474__10	7	9	18	20	30	30	36	36
GAATAATGAT__0.490075403434892__12	12	30	13	20	30	18	8	7
CCCTAATTCA__0.489986811332857__10	13	8	18	20	30	30	12	8
CTGTAATCAT__0.48991340012946__16	2	6	6	20	30	7	8	18
CAGTAATCAA__0.489836159667142__17	2	11	6	20	30	7	8	9
CACTAATTCA__0.489670116660348__12	17	11	18	20	30	30	12	8
ATTTAATGGA__0.489522215689868__13	30	36	20	20	30	18	8	5
ACCTAATCAG__0.489455781859915__9	8	8	18	20	30	7	8	2
TTCTAATTTA__0.489280025898193__15	12	9	18	20	30	30	36	20
ACGTAATCAC__0.489151172679329__18	8	8	6	20	30	7	8	17
CCTTAATAGC__0.488539133078381__12	8	6	20	20	30	13	18	25
TGATAATAAG__0.488178379378132__15	8	7	13	20	30	13	20	6
AGATAATTCA__0.487837823863791__14	9	7	13	20	30	30	12	8
CGTTAATCAC__0.487609108970491__21	8	6	20	20	30	7	8	17
TTATAATGAT__0.487491924965745__14	20	13	13	20	30	18	8	7
TACTAATTTC__0.487465016527554__11	6	11	18	20	30	30	36	12
CGTTAATAGC__0.487231526337881__16	8	6	20	20	30	13	18	25
CCGTAATTCG__0.487166162537883__9	2	8	6	20	30	30	12	31
ATCTAATGAC__0.487085999495477__13	7	9	18	20	30	18	8	8
GCTTAATGAC__0.487065157711843__16	25	6	20	20	30	18	8	8
CCATAATGAA__0.486908900740458__11	8	18	13	20	30	18	8	12
AGCTAATGAC__0.486541173833229__13	25	25	18	20	30	18	8	8
CTTTAATAGC__0.486502974609629__16	6	36	20	20	30	13	18	25
ACATAATCAA__0.486365585375215__15	6	18	13	20	30	7	8	9
CGTTAATGGG__0.486334470142758__10	8	6	20	20	30	18	8	13
CCATAATTCA__0.486313840872843__11	8	18	13	20	30	30	12	8
CGGTAATCAT__0.486238678179044__16	2	8	6	20	30	7	8	18
CGGTAATTTC__0.4859599222656__14	2	8	6	20	30	30	36	12
ACTTAATACG__0.485812198758266__13	11	6	20	20	30	13	6	8
AGCTAATAGC__0.485689105186193__13	25	25	18	20	30	13	18	25
GCCTAATTTT__0.485604764076879__9	45	8	18	20	30	30	36	36
ATATAATAGG__0.485422331464165__10	13	13	13	20	30	13	18	8
GGATAATAAG__0.485225955709359__16	5	7	13	20	30	13	20	6
GGCTAATTTT__0.485188954812936__13	45	25	18	20	30	30	36	36
GACTAATGAC__0.485135002523666__12	8	11	18	20	30	18	8	8
ACTTAATGCG__0.484810032071447__10	11	6	20	20	30	18	13	25
GGGTAGTGGG__0.484667518522023__16	13	8	6	18	11	17	8	13
AGTTAATGGG__0.484468509427704__11	11	6	20	20	30	18	8	13
ACGTAATCAA__0.484440315849936__16	8	8	6	20	30	7	8	9
ACGTAATCAG__0.484393751754385__11	8	8	6	20	30	7	8	2
CTATAATAAG__0.484203623650542__12	18	13	13	20	30	13	20	6
GTTTAATTTG__0.484026007947178__18	6	36	20	20	30	30	36	9
AATTAATGCT__0.483908418063506__12	30	30	20	20	30	18	13	25
ACGTAATCGT__0.483853664298086__9	8	8	6	20	30	7	31	8
GCTTAATAGC__0.483832798213696__16	25	6	20	20	30	13	18	25
CGCTAATAAC__0.483486352568463__16	25	25	18	20	30	13	20	6
CAATAATTTA__0.483250037162564__11	9	30	13	20	30	30	36	20
ATTTAATCGT__0.483228464146303__13	30	36	20	20	30	7	31	8
GCCTAATTTC__0.48320967041284__10	45	8	18	20	30	30	36	12
ATTTAATGGC__0.483115331110778__13	30	36	20	20	30	18	8	45
CGTTAATAAC__0.482756614056924__19	8	6	20	20	30	13	20	6
GTATAATTTC__0.482611198906325__15	6	13	13	20	30	30	36	12
ACATAATAAA__0.482396866138096__16	6	18	13	20	30	13	20	36
AGATAATGAA__0.482275863279194__13	9	7	13	20	30	18	8	12
TTGTAATTTA__0.482182335538233__19	9	6	6	20	30	30	36	20
CACTAATGAA__0.481943955375167__11	17	11	18	20	30	18	8	12
TGCTAATCAC__0.481787752701272__20	13	25	18	20	30	7	8	17
ATATAATCGT__0.481334518596671__10	13	13	13	20	30	7	31	8
TGATAATTCT__0.481283175386739__13	8	7	13	20	30	30	12	9
GCATAATTCG__0.481181680917024__11	13	18	13	20	30	30	12	31
AATTAATAAA__0.481106633317851__19	30	30	20	20	30	13	20	36
TTTTAATGAT__0.480899585000102__17	36	36	20	20	30	18	8	7
GACTAATCAC__0.480750187945877__16	8	11	18	20	30	7	8	17
GGGTAATTTT__0.480584679408179__19	13	8	6	20	30	30	36	36
AGTTAATTTT__0.480512631285465__13	11	6	20	20	30	30	36	36
ACTTAATCTA__0.480056909977068__12	11	6	20	20	30	7	9	18
CGTTAATCGC__0.480052826728113__14	8	6	20	20	30	7	31	25
ATATAATCAA__0.480015475973791__17	13	13	13	20	30	7	8	9
CAATAATTCA__0.479862674678072__12	9	30	13	20	30	30	12	8
TCTTAATGGG__0.479678623120436__9	9	6	20	20	30	18	8	13
CTATAATAGT__0.479529490638065__9	18	13	13	20	30	13	18	11
CGCTAATAGT__0.47927783639479__9	25	25	18	20	30	13	18	11
ATATAATAAC__0.479200940448921__17	13	13	13	20	30	13	20	6
TCATAATTCG__0.478884625976214__10	8	18	13	20	30	30	12	31
GTTTAATGAG__0.478676624276347__16	6	36	20	20	30	18	8	8
GTATAATAGG__0.47864821187234__12	6	13	13	20	30	13	18	8
CTGTAATGAG__0.478388137204164__11	2	6	6	20	30	18	8	8
GCCTAATGAT__0.478329050318757__9	45	8	18	20	30	18	8	7
AAATAATGAA__0.478110864317741__12	36	30	13	20	30	18	8	12
CGCTAATCGA__0.47799563461091__10	25	25	18	20	30	7	31	31
CTGTAATGAC__0.477911688475452__14	2	6	6	20	30	18	8	8
AATTAATCGG__0.47714835712052__9	30	30	20	20	30	7	31	2
AATTAATCTA__0.477126226723667__13	30	30	20	20	30	7	9	18
TACTAATTCA__0.476935695391158__12	6	11	18	20	30	30	12	8
CTTTAATGGG__0.476872117022185__9	6	36	20	20	30	18	8	13
AGTTAATAAG__0.476550727410491__15	11	6	20	20	30	13	20	6
AGCTAATTTT__0.476307772907818__9	25	25	18	20	30	30	36	36
CGATAATTCA__0.476113298560876__12	31	7	13	20	30	30	12	8
GCTTAATTCG__0.476105431777957__12	25	6	20	20	30	30	12	31
ACGTAATAAC__0.475829688349623__16	8	8	6	20	30	13	20	6
GTTTAATGAC__0.47553252917388__19	6	36	20	20	30	18	8	8
ATATAATTTC__0.475339929624931__11	13	13	13	20	30	30	36	12
ACCTAATCAA__0.475137781049257__12	8	8	18	20	30	7	8	9
AGATAATTCT__0.475116186555023__10	9	7	13	20	30	30	12	9
TTATAATAGG__0.474745684905605__11	20	13	13	20	30	13	18	8
GTGTAATTTC__0.474583957218677__18	17	6	6	20	30	30	36	12
GAGTAATCAT__0.47445645567058__14	8	11	6	20	30	7	8	18
TTATAATTTT__0.474400321711537__12	20	13	13	20	30	30	36	36
ATATAATTCG__0.474259138115155__10	13	13	13	20	30	30	12	31
GTATAATCAC__0.474163858478863__20	6	13	13	20	30	7	8	17
AGATAATATG__0.473907832001396__10	9	7	13	20	30	13	13	18
GGATAAGTGG__0.473745780374011__10	5	7	13	20	6	11	17	8
TGGTAATTTT__0.47361553922391__16	8	8	6	20	30	30	36	36
ATGTAATCAC__0.473281680270464__19	18	6	6	20	30	7	8	17
TAGTAATCAA__0.473146363230892__17	18	11	6	20	30	7	8	9
AATTAATATT__0.473035042378005__12	30	30	20	20	30	13	13	30
ATGTAATCAT__0.473011279849191__15	18	6	6	20	30	7	8	18
CTTTAATTTC__0.472794463396968__12	6	36	20	20	30	30	36	12
ACCTAATTCC__0.472784207498308__10	8	8	18	20	30	30	12	5
CACTAATTCC__0.472605910156033__11	17	11	18	20	30	30	12	5
TTTTAATTTC__0.472605891958932__17	36	36	20	20	30	30	36	12
AACTAATAAC__0.472541410813648__14	6	11	18	20	30	13	20	6
TTTTAATAGC__0.472410994346898__19	36	36	20	20	30	13	18	25
GTCTAATGAC__0.472410368343556__13	8	9	18	20	30	18	8	8
GGATAATAGA__0.472263699472306__14	5	7	13	20	30	13	18	9
TTTTAATGGG__0.47223528851903__13	36	36	20	20	30	18	8	13
CAATAATAGA__0.472077966313591__10	9	30	13	20	30	13	18	9
CTCTAATCAC__0.472043333523895__14	8	9	18	20	30	7	8	17
CGTTAATGAT__0.47201904794808__11	8	6	20	20	30	18	8	7
TGTTAATGAC__0.471859755598118__18	6	6	20	20	30	18	8	8
GGATAATTTA__0.4714350705703__14	5	7	13	20	30	30	36	20
AATTAATCCA__0.471390635965432__16	30	30	20	20	30	7	5	8
AGCTAATGAT__0.471179776312106__9	25	25	18	20	30	18	8	7
GGGTAATGGG__0.471018436745378__15	13	8	6	20	30	18	8	13
TTTTAATAGG__0.47092260153893__15	36	36	20	20	30	13	18	8
AGGTAATTTC__0.470848502355281__13	8	8	6	20	30	30	36	12
TGGTAGTGGG__0.470674732063322__12	8	8	6	18	11	17	8	13
AGTTAATAGT__0.470616974152676__12	11	6	20	20	30	13	18	11
CATTAATTTA__0.470458618774283__11	18	30	20	20	30	30	36	20
CTCTAATTTA__0.470185079160687__9	8	9	18	20	30	30	36	20
GTCTAATTTA__0.469924220652443__12	8	9	18	20	30	30	36	20
AAATAATGCA__0.469834996945688__12	36	30	13	20	30	18	13	13
TGATAATCGT__0.469737631863983__10	8	7	13	20	30	7	31	8
CACTAATAGA__0.469565719163398__9	17	11	18	20	30	13	18	9
GACTAATAAC__0.46947695333788__14	8	11	18	20	30	13	20	6
GCTTAATTTC__0.469468957856611__12	25	6	20	20	30	30	36	12
ATTTAAGTGG__0.469235206184873__10	30	36	20	20	6	11	17	8
GTATAATCAT__0.468844859194173__15	6	13	13	20	30	7	8	18
ATTTAATCGA__0.468788118498059__13	30	36	20	20	30	7	31	31
AAATAATATG__0.468698063445568__9	36	30	13	20	30	13	13	18
AATTAATCTT__0.468557753209824__10	30	30	20	20	30	7	9	6
GGCTAATTTC__0.468499950776631__12	45	25	18	20	30	30	36	12
GTATAATAGC__0.468404707666645__14	6	13	13	20	30	13	18	25
GAATAATTTA__0.468381024371647__11	12	30	13	20	30	30	36	20
AAGTAATCAC__0.468067661846811__15	6	11	6	20	30	7	8	17
CACTAATAAG__0.468056959746963__9	17	11	18	20	30	13	20	6
TGATAATAGT__0.46804959482006__10	8	7	13	20	30	13	18	11
GCGTAATGAT__0.468042757432875__12	25	8	6	20	30	18	8	7
ATATAATGGC__0.467953998994728__9	13	13	13	20	30	18	8	45
ATCTAATTTC__0.46785401801799__9	7	9	18	20	30	30	36	12
CTATAATTCC__0.467656836140119__12	18	13	13	20	30	30	12	5
GTTTAATGAT__0.467497797500629__15	6	36	20	20	30	18	8	7
CTATAATAAC__0.467491796687105__14	18	13	13	20	30	13	20	6
AGTTAATGGC__0.467322211975659__11	11	6	20	20	30	18	8	45
GCATAATAGA__0.467287814693974__11	13	18	13	20	30	13	18	9
ATATAATAAG__0.467257906292892__11	13	13	13	20	30	13	20	6
TGTTAATTTA__0.467192783843215__17	6	6	20	20	30	30	36	20
TTATAATGGG__0.467100705306037__9	20	13	13	20	30	18	8	13
GCATAATTCA__0.466510934638963__12	13	18	13	20	30	30	12	8
ATGTAATGAG__0.466343095253962__11	18	6	6	20	30	18	8	8
CAATAATCAA__0.465832663419786__13	9	30	13	20	30	7	8	9
TACTAATAAG__0.465817524569816__10	6	11	18	20	30	13	20	6
CCCTAACCAC__0.465723629802618__20	13	8	18	20	6	8	8	17
CCCTAATCAA__0.465691843749653__10	13	8	18	20	30	7	8	9
AACTAATAAG__0.465659069831876__9	6	11	18	20	30	13	20	6
AATTAATATA__0.465649457912746__13	30	30	20	20	30	13	13	13
GCGTAATCAT__0.46551868892432__14	25	8	6	20	30	7	8	18
CTATAATCGC__0.465458666269816__10	18	13	13	20	30	7	31	25
AGTTAATCAA__0.465139011742321__17	11	6	20	20	30	7	8	9
GTGTAATCAT__0.464977228767094__18	17	6	6	20	30	7	8	18
CGATAATCAG__0.464907615232396__9	31	7	13	20	30	7	8	2
GCTTAATAGG__0.464774347159577__10	25	6	20	20	30	13	18	8
GGATAATTTT__0.464640636950515__11	5	7	13	20	30	30	36	36
AGCTAATAAG__0.46457378217803__10	25	25	18	20	30	13	20	6
TTATAATAAC__0.464053355936776__16	20	13	13	20	30	13	20	6
GTTTAATGGC__0.464024747283509__14	6	36	20	20	30	18	8	45
GGATAATGGA__0.463876939404056__10	5	7	13	20	30	18	8	5
AATTAATCCT__0.463873567051274__12	30	30	20	20	30	7	5	8
TATTAATTTT__0.463640191913597__11	13	30	20	20	30	30	36	36
GGATAATTTC__0.463394819017531__12	5	7	13	20	30	30	36	12
CTTTAATAAG__0.463135974147713__12	6	36	20	20	30	13	20	6
GCATAATCAG__0.463050488492262__10	13	18	13	20	30	7	8	2
TCATAATCAT__0.463037792560434__11	8	18	13	20	30	7	8	18
TGATAATTCG__0.462868055464865__10	8	7	13	20	30	30	12	31
TCTTAATGAG__0.462849311310348__9	9	6	20	20	30	18	8	8
CTTTAATTCG__0.462820015280425__10	6	36	20	20	30	30	12	31
TTGTAATGAC__0.462796594802322__16	9	6	6	20	30	18	8	8
TTATAATGGT__0.462726788037141__9	20	13	13	20	30	18	8	8
TTTTAATAAC__0.462654467030008__20	36	36	20	20	30	13	20	6
GTGTAATGAT__0.462632289156274__15	17	6	6	20	30	18	8	7
GCTTAATCGC__0.462249491957046__12	25	6	20	20	30	7	31	25
TACTAATAGC__0.462182225565633__10	6	11	18	20	30	13	18	25
GTATAATGGG__0.462158776402465__9	6	13	13	20	30	18	8	13
ATTTAATAGA__0.461899164741388__13	30	36	20	20	30	13	18	9
TTTTAATTTA__0.461834091408327__16	36	36	20	20	30	30	36	20
TCTTAATAGG__0.461767711058322__9	9	6	20	20	30	13	18	8
TTATAATCGT__0.461562479552926__10	20	13	13	20	30	7	31	8
GCCTAATCAC__0.461556433765124__13	45	8	18	20	30	7	8	17
TTATAATAAG__0.461248688889105__12	20	13	13	20	30	13	20	6
AGATAATCGA__0.46115973527626__9	9	7	13	20	30	7	31	31
TCATAATTTC__0.461055997103486__9	8	18	13	20	30	30	36	12
GTATAATGAT__0.460833838270088__11	6	13	13	20	30	18	8	7
AGGTAATCAA__0.460833673329055__16	8	8	6	20	30	7	8	9
TTTTAATGAG__0.460722924747946__13	36	36	20	20	30	18	8	8
AATTAATGTC__0.460673978402598__9	30	30	20	20	30	18	6	8
AGTTAAGTGG__0.460391875342348__9	11	6	20	20	6	11	17	8
AAGTAATCGA__0.460258093033526__9	6	11	6	20	30	7	31	31
CGATAATGAA__0.460206254409012__10	31	7	13	20	30	18	8	12
CCTTAATTCC__0.460116618076298__10	8	6	20	20	30	30	12	5
AAATAATTCA__0.459932397427159__10	36	30	13	20	30	30	12	8
AACTAATTCA__0.459898971568602__9	6	11	18	20	30	30	12	8
GTCTAATTTT__0.459890317415138__9	8	9	18	20	30	30	36	36
CGATAATTCC__0.459886872346257__11	31	7	13	20	30	30	12	5
AGGTAATGAC__0.459852612851555__13	8	8	6	20	30	18	8	8
CCGTAATCAA__0.459741197755321__11	2	8	6	20	30	7	8	9
TCTTAATCAT__0.459723984691865__12	9	6	20	20	30	7	8	18
CGGTAATGAT__0.459636482262676__10	2	8	6	20	30	18	8	7
TCATAATCAA__0.45922784896113__13	8	18	13	20	30	7	8	9
GGCTAATGAC__0.459132362512684__12	45	25	18	20	30	18	8	8
ATATAATCAT__0.458661462031876__11	13	13	13	20	30	7	8	18
TAGTAATGAC__0.458619074703036__12	18	11	6	20	30	18	8	8
CTATAATTCA__0.458522823433274__10	18	13	13	20	30	30	12	8
GGATAATAGT__0.458464069224718__10	5	7	13	20	30	13	18	11
ATTTAATCAA__0.458433739306409__16	30	36	20	20	30	7	8	9
GTCTAATCAC__0.458391341494016__15	8	9	18	20	30	7	8	17
TCATAATAAC__0.458376143553359__13	8	18	13	20	30	13	20	6
CAGTAATAGC__0.457657191166722__10	2	11	6	20	30	13	18	25
TGCTAATTCG__0.457613566953448__10	13	25	18	20	30	30	12	31
TACTAATCGC__0.457566197168864__9	6	11	18	20	30	7	31	25
CGATAATAAG__0.457491461793012__9	31	7	13	20	30	13	20	6
GAATAATTTC__0.457421571333179__9	12	30	13	20	30	30	36	12
CTGTAATTTT__0.457367019409866__9	2	6	6	20	30	30	36	36
CTTTAATCAT__0.457058955319648__12	6	36	20	20	30	7	8	18
TGTTAATAGG__0.457031685692825__13	6	6	20	20	30	13	18	8
TGGGAATGGG__0.456892351311241__13	8	13	5	12	30	18	8	13
CAGTAATAAC__0.456763578726509__13	2	11	6	20	30	13	20	6
GCTTAATGAG__0.45666189487688__9	25	6	20	20	30	18	8	8
TCTTAATGAC__0.456589952684254__11	9	6	20	20	30	18	8	8
ACGTAATTCA__0.456461082354722__10	8	8	6	20	30	30	12	8
ATTTAATGTG__0.456350992656648__9	30	36	20	20	30	18	6	17
TTATAATGGA__0.456214841251__9	20	13	13	20	30	18	8	5
GCCTAATAAC__0.456131032794588__12	45	8	18	20	30	13	20	6
GCGTAATCAC__0.455714478089342__16	25	8	6	20	30	7	8	17
GCCTAATCAT__0.455591896996917__9	45	8	18	20	30	7	8	18
GCTTAATTTA__0.455191138555763__11	25	6	20	20	30	30	36	20
CATTAATGAA__0.455166831127764__10	18	30	20	20	30	18	8	12
TATTAATGTG__0.45504039658386__9	13	30	20	20	30	18	6	17
AGTTAATGGA__0.454852327016088__9	11	6	20	20	30	18	8	5
TTATAATTCG__0.454842284639865__10	20	13	13	20	30	30	12	31
GGTTAATCAT__0.454803235769534__17	8	6	20	20	30	7	8	18
AGATAATAAG__0.454670948428107__9	9	7	13	20	30	13	20	6
TGATAATCAG__0.454427069386782__10	8	7	13	20	30	7	8	2
TCGTAATTTA__0.454334577829455__10	31	8	6	20	30	30	36	20
ATATAATCGA__0.454167017555614__9	13	13	13	20	30	7	31	31
AGTTAATCAG__0.453812691926965__11	11	6	20	20	30	7	8	2
TAGTAATGAG__0.453700493756824__9	18	11	6	20	30	18	8	8
CGCTAATCAT__0.453662367052209__9	25	25	18	20	30	7	8	18
AAGTAATCAA__0.453641857367923__12	6	11	6	20	30	7	8	9
ATGTAATGAC__0.453448153218241__12	18	6	6	20	30	18	8	8
CTTTAATCGA__0.453360757009103__10	6	36	20	20	30	7	31	31
ACATAATATA__0.45335830001526__9	6	18	13	20	30	13	13	13
CGATAATATA__0.453169962515838__10	31	7	13	20	30	13	13	13
TCATAATAAG__0.453136156503505__9	8	18	13	20	30	13	20	6
TTATAATAGA__0.452891977895896__11	20	13	13	20	30	13	18	9
GGTTAATAGG__0.452444038130232__13	8	6	20	20	30	13	18	8
GCTTAATTTT__0.45210743345862__9	25	6	20	20	30	30	36	36
CTGTAATTCA__0.451871480454011__11	2	6	6	20	30	30	12	8
TTATAATCAT__0.451726405699904__12	20	13	13	20	30	7	8	18
TGCTAATTTC__0.451699830269541__10	13	25	18	20	30	30	36	12
GGTTAATGAC__0.451625161873551__15	8	6	20	20	30	18	8	8
GGTTAATGAT__0.451562657058443__13	8	6	20	20	30	18	8	7
ATGTAATCAA__0.450243715243444__14	18	6	6	20	30	7	8	9
ATGTAATTCA__0.450178327998822__12	18	6	6	20	30	30	12	8
GGTTAATTTC__0.450127232812709__14	8	6	20	20	30	30	36	12
TGCTAATAGC__0.44993893052928__11	13	25	18	20	30	13	18	25
ATCTAATTCA__0.449850460697323__9	7	9	18	20	30	30	12	8
TATTAATGAG__0.449848504890073__9	13	30	20	20	30	18	8	8
TCGTAATGAC__0.449553572708785__10	31	8	6	20	30	18	8	8
TGCTAATGAT__0.449195157756637__9	13	25	18	20	30	18	8	7
GTTTAATAGC__0.449166434542081__15	6	36	20	20	30	13	18	25
TACTAATCAA__0.448836344428919__11	6	11	18	20	30	7	8	9
AGGTAATGAG__0.448683352544476__9	8	8	6	20	30	18	8	8
AGATAATTCC__0.448473144839302__10	9	7	13	20	30	30	12	5
TATTAATTTA__0.448329429088817__11	13	30	20	20	30	30	36	20
CTGTAATAAC__0.448019774260293__13	2	6	6	20	30	13	20	6
TCATAATGAC__0.44776819641044__9	8	18	13	20	30	18	8	8
ACTTAATCAA__0.447746904612292__11	11	6	20	20	30	7	8	9
GCGTAATGAG__0.447696626396119__9	25	8	6	20	30	18	8	8
TATTAATCGT__0.447672434118886__9	13	30	20	20	30	7	31	8
CGATAATCAA__0.447405775195387__11	31	7	13	20	30	7	8	9
GCATAATCGC__0.447296999691679__9	13	18	13	20	30	7	31	25
CTGTAATCAC__0.447279602684615__13	2	6	6	20	30	7	8	17
ATGTAATAAC__0.446956150987188__14	18	6	6	20	30	13	20	6
GTTTAATAAC__0.446534389820895__17	6	36	20	20	30	13	20	6
CAGTAATTCA__0.44619582083386__9	2	11	6	20	30	30	12	8
CCATAATCAA__0.445942434215439__9	8	18	13	20	30	7	8	9
TGTTAATCAG__0.445712949540354__13	6	6	20	20	30	7	8	2
ACTTAATACC__0.445637829936686__12	11	6	20	20	30	13	6	8
TTTTAATTCG__0.445571565912594__12	36	36	20	20	30	30	12	31
ATTTAATGCG__0.445567034428999__9	30	36	20	20	30	18	13	25
GGTTAAGTGG__0.445541264251023__11	8	6	20	20	6	11	17	8
ACCCAATCCC__0.445443699679437__10	8	13	8	9	30	7	5	13
AGCTAATAAC__0.445255786350844__11	25	25	18	20	30	13	20	6
TGCTAATAAG__0.445191041097377__10	13	25	18	20	30	13	20	6
ATTTAATCAG__0.444980066032105__10	30	36	20	20	30	7	8	2
TTGTAATTTC__0.444685770938166__12	9	6	6	20	30	30	36	12
ATTTAATAGT__0.444491118225569__9	30	36	20	20	30	13	18	11
TCTTAATCAC__0.444463702334732__13	9	6	20	20	30	7	8	17
GCCTAATCAA__0.444458413268167__10	45	8	18	20	30	7	8	9
ATGTAATAGT__0.444367359822752__9	18	6	6	20	30	13	18	11
TACTAATAAC__0.444296430648276__11	6	11	18	20	30	13	20	6
GGCTAATCAG__0.443558942495732__9	45	25	18	20	30	7	8	2
GCATAATGAA__0.44299437363456__9	13	18	13	20	30	18	8	12
AGTTAATTCA__0.442963544018365__11	11	6	20	20	30	30	12	8
GCGTAATAGC__0.442674667759581__11	25	8	6	20	30	13	18	25
AATTAATACG__0.442371348123187__9	30	30	20	20	30	13	6	8
GGGGAATGGG__0.442291940134238__13	13	13	5	12	30	18	8	13
CGTTAATTCA__0.44211507972874__10	8	6	20	20	30	30	12	8
GGGTAATCAT__0.441896705789248__15	13	8	6	20	30	7	8	18
CCGTAATAAC__0.441796523414443__10	2	8	6	20	30	13	20	6
TCTTAATAAC__0.441362538394056__12	9	6	20	20	30	13	20	6
GGATAATCAT__0.441190288970534__11	5	7	13	20	30	7	8	18
TGTTAATCAT__0.441154681363646__14	6	6	20	20	30	7	8	18
TGTTAATCAC__0.44072116567981__17	6	6	20	20	30	7	8	17
ATATAATTCA__0.440666237547302__9	13	13	13	20	30	30	12	8
TTTTAATCAC__0.440635498608946__17	36	36	20	20	30	7	8	17
AGATAATGCA__0.440621284133813__9	9	7	13	20	30	18	13	13
TTTTAATAGA__0.440556402609419__13	36	36	20	20	30	13	18	9
TGCTAATCAT__0.440490382346551__10	13	25	18	20	30	7	8	18
GCATAATCAA__0.440413612752183__11	13	18	13	20	30	7	8	9
TTTTAAGTGG__0.440393206145178__10	36	36	20	20	6	11	17	8
ATTTAATGCT__0.44015230433434__9	30	36	20	20	30	18	13	25
GGATAATCGC__0.440139630202889__10	5	7	13	20	30	7	31	25
AATTAATACC__0.439662639172363__12	30	30	20	20	30	13	6	8
ACGTAATTCC__0.439470165859433__9	8	8	6	20	30	30	12	5
TGATAATCGC__0.43925385712064__9	8	7	13	20	30	7	31	25
TGCTAATTCA__0.43910262923033__10	13	25	18	20	30	30	12	8
GTGTAATGAG__0.438885657219095__11	17	6	6	20	30	18	8	8
CCCTAACCCT__0.438632019335377__10	13	8	18	20	6	8	13	8
AGTTAATGAA__0.438472422042904__10	11	6	20	20	30	18	8	12
TTGTAATGGG__0.438354051602944__9	9	6	6	20	30	18	8	13
AGGTAATAAG__0.438093981881378__10	8	8	6	20	30	13	20	6
GCTTAATCAT__0.438063163694056__10	25	6	20	20	30	7	8	18
CGTTAATAAG__0.437927172217536__9	8	6	20	20	30	13	20	6
GGTTAATCAC__0.437729728133062__17	8	6	20	20	30	7	8	17
CATTAATCAC__0.43695852252062__11	18	30	20	20	30	7	8	17
AGGTAATCAC__0.436876473575699__13	8	8	6	20	30	7	8	17
GCGTAATTTC__0.436842940589565__9	25	8	6	20	30	30	36	12
TGTTAATCGG__0.436594066367225__10	6	6	20	20	30	7	31	2
TTCTAATAGC__0.436238385148501__9	12	9	18	20	30	13	18	25
CGGTAATAAG__0.435847001405036__9	2	8	6	20	30	13	20	6
ATCTAATAAC__0.435500972845316__10	7	9	18	20	30	13	20	6
AGGTAATCAT__0.435500003128661__10	8	8	6	20	30	7	8	18
GAGTAATCAA__0.435459473691825__11	8	11	6	20	30	7	8	9
ATTTAATTCC__0.435453510226392__11	30	36	20	20	30	30	12	5
TTTTAATGGC__0.435254092925165__10	36	36	20	20	30	18	8	45
TTCTAATCAT__0.435179902745053__9	12	9	18	20	30	7	8	18
TGTTAATGGT__0.435127799584709__9	6	6	20	20	30	18	8	8
TGTTAATAAG__0.434601323891992__12	6	6	20	20	30	13	20	6
CGCTAATCAA__0.434458707928998__9	25	25	18	20	30	7	8	9
GAATAATCAC__0.433165751620207__11	12	30	13	20	30	7	8	17
TGTTAAGTGG__0.432866377710317__9	6	6	20	20	6	11	17	8
GTTTAATAGG__0.432785095301111__10	6	36	20	20	30	13	18	8
ATTTAATCAT__0.432720138329095__10	30	36	20	20	30	7	8	18
TGCTAATTCC__0.432713726263121__10	13	25	18	20	30	30	12	5
GGTTAATGAG__0.432638686914189__10	8	6	20	20	30	18	8	8
TGCTAATCAA__0.432557853673193__11	13	25	18	20	30	7	8	9
CAATAATAAA__0.432261864623862__10	9	30	13	20	30	13	20	36
TGATAATCAT__0.432137408602025__9	8	7	13	20	30	7	8	18
TTTTAATTTT__0.431807297409686__10	36	36	20	20	30	30	36	36
GTTTAATTTC__0.431786076260326__11	6	36	20	20	30	30	36	12
GGGTAATTTC__0.431514941358424__12	13	8	6	20	30	30	36	12
TGGTAATCAC__0.431462376210262__15	8	8	6	20	30	7	8	17
TGTTAATTTT__0.431276128217893__10	6	6	20	20	30	30	36	36
AAATAATACC__0.431150851758066__10	36	30	13	20	30	13	6	8
TGTTAATAAC__0.431136414727077__14	6	6	20	20	30	13	20	6
AGCTAATCAA__0.431113277749423__9	25	25	18	20	30	7	8	9
GGCTAATCAT__0.431019728383897__9	45	25	18	20	30	7	8	18
TGTTAATAGC__0.430769781593727__12	6	6	20	20	30	13	18	25
GAATGATACG__0.430635533122318__9	12	30	18	8	7	13	6	8
AAGTAATAAC__0.430545677785912__10	6	11	6	20	30	13	20	6
TGGTAATCAT__0.430464417133175__12	8	8	6	20	30	7	8	18
GTTTAATTTT__0.430366492073107__10	6	36	20	20	30	30	36	36
GATTAATAGC__0.430307960675183__9	7	30	20	20	30	13	18	25
GTTTAATGGA__0.430251643352455__9	6	36	20	20	30	18	8	5
GTGTAATGAC__0.43024870548067__12	17	6	6	20	30	18	8	8
CTATAATCAA__0.42993658893183__9	18	13	13	20	30	7	8	9
CGGTAATCAC__0.429016303356376__11	2	8	6	20	30	7	8	17
ACTTAATAAA__0.428983695147832__10	11	6	20	20	30	13	20	36
GCGTAATAAG__0.428849353862568__9	25	8	6	20	30	13	20	6
TTGTAATCAA__0.428768289817722__13	9	6	6	20	30	7	8	9
TTTTAATCGC__0.428689770450455__11	36	36	20	20	30	7	31	25
GTTTAATCAC__0.428424402251028__15	6	36	20	20	30	7	8	17
TTTTAATCAT__0.427983032263794__12	36	36	20	20	30	7	8	18
TGGTAATCGT__0.427787752210177__9	8	8	6	20	30	7	31	8
AGATAATCAA__0.427535107156168__9	9	7	13	20	30	7	8	9
TTATAATTCA__0.427053610513936__9	20	13	13	20	30	30	12	8
CAATAATACA__0.426408614979833__9	9	30	13	20	30	13	6	6
TGGTAATAGG__0.425480965852561__9	8	8	6	20	30	13	18	8
GTATAATCAA__0.425404872993526__11	6	13	13	20	30	7	8	9
AGGTAATAGC__0.425399888576325__9	8	8	6	20	30	13	18	25
GGGTAATGAG__0.424758982303023__10	13	8	6	20	30	18	8	8
TTGTAATCAC__0.42462000144306__13	9	6	6	20	30	7	8	17
TTTTAATCGT__0.424427365300788__9	36	36	20	20	30	7	31	8
TGGTAATGAG__0.4241980491583__9	8	8	6	20	30	18	8	8
GCGTAATAAC__0.424012941674414__11	25	8	6	20	30	13	20	6
TGGTAATCAA__0.423506378019073__13	8	8	6	20	30	7	8	9
TTATAATCAC__0.423221340188891__11	20	13	13	20	30	7	8	17
GGCTAATAAC__0.422706158777925__10	45	25	18	20	30	13	20	6
TCGTAATCAA__0.422655630573026__9	31	8	6	20	30	7	8	9
AATTAATCCC__0.421596909640724__10	30	30	20	20	30	7	5	13
TTTTAATAGT__0.42096270998363__9	36	36	20	20	30	13	18	11
GGGTAAGGGT__0.420633398929492__9	13	8	6	20	6	8	13	8
AGATAATACC__0.420516471906067__9	9	7	13	20	30	13	6	8
TGTTAATTCG__0.420170677959193__9	6	6	20	20	30	30	12	31
ATTTAATAAA__0.420169067623256__11	30	36	20	20	30	13	20	36
GGTTAATAGC__0.419948722506892__11	8	6	20	20	30	13	18	25
TTGTAATCAT__0.419879009630556__10	9	6	6	20	30	7	8	18
GTCTAATAAC__0.416879349626858__9	8	9	18	20	30	13	20	6
GGTTAATAGT__0.41637463335695__9	8	6	20	20	30	13	18	11
GTGTAATAAC__0.4155198557163__12	17	6	6	20	30	13	20	6
TGGTAATTTC__0.415241997681031__9	8	8	6	20	30	30	36	12
TGCTAATAAC__0.414589655259077__9	13	25	18	20	30	13	20	6
GCTTAATAAC__0.413433718383198__9	25	6	20	20	30	13	20	6
GAGTAATCAC__0.413385879521769__9	8	11	6	20	30	7	8	17
TTCTAATCAC__0.412800042070844__9	12	9	18	20	30	7	8	17
GTGTAATTCA__0.412365025044889__10	17	6	6	20	30	30	12	8
GGGTAATCAC__0.412138456657705__13	13	8	6	20	30	7	8	17
TAGTAATCAC__0.411897393003772__9	18	11	6	20	30	7	8	17
GGTTAATTCA__0.411825976047931__10	8	6	20	20	30	30	12	8
TATTAATCAC__0.411325308283433__10	13	30	20	20	30	7	8	17
TTTTAATAAG__0.410437394122974__9	36	36	20	20	30	13	20	6
GTTTAATAAG__0.409138038126149__9	6	36	20	20	30	13	20	6
GTTTAATAGA__0.408009354225965__9	6	36	20	20	30	13	18	9
GGGTGATGGG__0.406824197021813__11	13	8	17	8	7	18	8	13
GGTTAATAAC__0.400857250135071__10	8	6	20	20	30	13	20	6
GGGTAATAAC__0.394365399030397__10	13	8	6	20	30	13	20	6
TGGTAATAAC__0.392446889642223__9	8	8	6	20	30	13	20	6
