AGATAATTGC__1__687	4.5	4.4	4.5	5.5	3.9	4.5	3.9	6.5	4.7
AGATAATTGG__0.943595712385671__509	4.5	4.4	4.5	5.5	3.9	4.5	3.9	6.5	5.2
ACATAATTGC__0.907149947649686__528	4.2	6.5	4.5	5.5	3.9	4.5	3.9	6.5	4.7
CGATAATTGC__0.888646086515952__414	5.5	4.4	4.5	5.5	3.9	4.5	3.9	6.5	4.7
AGTTAATTGC__0.861743172531608__509	4.5	4.2	3.9	5.5	3.9	4.5	3.9	6.5	4.7
CACTAATTGC__0.852407953347069__401	6.5	4.2	4.5	5.5	3.9	4.5	3.9	6.5	4.7
ACTTAATTGC__0.846576768968864__459	4.2	4.5	3.9	5.5	3.9	4.5	3.9	6.5	4.7
GGATAATTGC__0.84442837103833__363	5.2	4.4	4.5	5.5	3.9	4.5	3.9	6.5	4.7
CGATAATTGG__0.83650126124803__303	5.5	4.4	4.5	5.5	3.9	4.5	3.9	6.5	5.2
AAATAATTGC__0.827324612906387__355	3.9	3.9	4.5	5.5	3.9	4.5	3.9	6.5	4.7
ATTTAATTGC__0.826571751293926__580	4.5	3.9	3.9	5.5	3.9	4.5	3.9	6.5	4.7
ACATAATTGG__0.823891207324542__340	4.2	6.5	4.5	5.5	3.9	4.5	3.9	6.5	5.2
GGATAATTGG__0.817889822404964__299	5.2	4.4	4.5	5.5	3.9	4.5	3.9	6.5	5.2
CGCTAATTGC__0.817042843190566__323	5.5	4.7	4.5	5.5	3.9	4.5	3.9	6.5	4.7
ATATAATTGC__0.813675245855888__389	4.5	5.5	4.5	5.5	3.9	4.5	3.9	6.5	4.7
AGATAATTGA__0.803613052024269__378	4.5	4.4	4.5	5.5	3.9	4.5	3.9	6.5	4.4
CGTTAATTGC__0.799592599140596__359	5.5	4.2	3.9	5.5	3.9	4.5	3.9	6.5	4.7
AAATAATTGG__0.799321876665395__292	3.9	3.9	4.5	5.5	3.9	4.5	3.9	6.5	5.2
TGATAATTGC__0.796438850803969__332	6.5	4.4	4.5	5.5	3.9	4.5	3.9	6.5	4.7
ACTTAATTGG__0.788511008167373__329	4.2	4.5	3.9	5.5	3.9	4.5	3.9	6.5	5.2
AACTAATTGC__0.786543755530941__279	3.9	4.2	4.5	5.5	3.9	4.5	3.9	6.5	4.7
GCATAATTGC__0.786095069562489__304	4.7	6.5	4.5	5.5	3.9	4.5	3.9	6.5	4.7
AGTTAATTGG__0.785709620716232__335	4.5	4.2	3.9	5.5	3.9	4.5	3.9	6.5	5.2
ATATAATTGG__0.775932208294678__306	4.5	5.5	4.5	5.5	3.9	4.5	3.9	6.5	5.2
ACGTAATTGC__0.771691649896883__268	4.2	5.5	4.2	5.5	3.9	4.5	3.9	6.5	4.7
GTATAATTGC__0.768272582082021__303	4.2	5.5	4.5	5.5	3.9	4.5	3.9	6.5	4.7
CTATAATTGC__0.767573871852617__303	4.5	5.5	4.5	5.5	3.9	4.5	3.9	6.5	4.7
AGATAATTGT__0.766993606525747__240	4.5	4.4	4.5	5.5	3.9	4.5	3.9	6.5	4.2
TGATAATTGG__0.759270130553916__259	6.5	4.4	4.5	5.5	3.9	4.5	3.9	6.5	5.2
CGCTAATTGG__0.757045996073999__225	5.5	4.7	4.5	5.5	3.9	4.5	3.9	6.5	5.2
ATTTAATTGG__0.756896442283866__393	4.5	3.9	3.9	5.5	3.9	4.5	3.9	6.5	5.2
GACTAATTGC__0.752007838212494__207	4.4	4.2	4.5	5.5	3.9	4.5	3.9	6.5	4.7
TGCTAATTGC__0.746460037286289__282	6.5	4.7	4.5	5.5	3.9	4.5	3.9	6.5	4.7
CGTTAATTGG__0.744553592226134__257	5.5	4.2	3.9	5.5	3.9	4.5	3.9	6.5	5.2
AGCTAATTGC__0.743685601489316__233	4.5	4.7	4.5	5.5	3.9	4.5	3.9	6.5	4.7
GCATAATTGG__0.739883230507766__226	4.7	6.5	4.5	5.5	3.9	4.5	3.9	6.5	5.2
CAATAATTGC__0.733390955853945__223	6.5	3.9	4.5	5.5	3.9	4.5	3.9	6.5	4.7
ACGTAATTGG__0.732829244700083__205	4.2	5.5	4.2	5.5	3.9	4.5	3.9	6.5	5.2
CACTAATTGG__0.732478344888676__207	6.5	4.2	4.5	5.5	3.9	4.5	3.9	6.5	5.2
CCATAATTGC__0.731939075389203__218	5.2	6.5	4.5	5.5	3.9	4.5	3.9	6.5	4.7
TTTTAATTGC__0.729254222878168__476	3.9	3.9	3.9	5.5	3.9	4.5	3.9	6.5	4.7
CTTTAATTGC__0.721769777905095__324	4.5	3.9	3.9	5.5	3.9	4.5	3.9	6.5	4.7
GCGTAATTGC__0.720887436187284__209	4.7	5.5	4.2	5.5	3.9	4.5	3.9	6.5	4.7
GTATAATTGG__0.71588584185421__217	4.2	5.5	4.5	5.5	3.9	4.5	3.9	6.5	5.2
TGTTAATTGC__0.714563124383677__304	6.5	4.2	3.9	5.5	3.9	4.5	3.9	6.5	4.7
ACATAATTGA__0.712786838505286__256	4.2	6.5	4.5	5.5	3.9	4.5	3.9	6.5	4.4
TTATAATTGC__0.712396063502144__290	3.9	5.5	4.5	5.5	3.9	4.5	3.9	6.5	4.7
TACTAATTGC__0.710815088558498__222	5.5	4.2	4.5	5.5	3.9	4.5	3.9	6.5	4.7
AACTAATTGG__0.705241435645625__170	3.9	4.2	4.5	5.5	3.9	4.5	3.9	6.5	5.2
AGATAATTAC__0.701695333448409__185	4.5	4.4	4.5	5.5	3.9	4.5	3.9	5.5	4.2
GGCTAATTGC__0.699078774498004__177	5.2	4.7	4.5	5.5	3.9	4.5	3.9	6.5	4.7
CGATAATTGT__0.698951549721351__160	5.5	4.4	4.5	5.5	3.9	4.5	3.9	6.5	4.2
CTATAATTGG__0.697163109729816__196	4.5	5.5	4.5	5.5	3.9	4.5	3.9	6.5	5.2
GACTAATTGG__0.696016216021592__142	4.4	4.2	4.5	5.5	3.9	4.5	3.9	6.5	5.2
GTTTAATTGC__0.695599886154452__287	4.2	3.9	3.9	5.5	3.9	4.5	3.9	6.5	4.7
CGGTAATTGC__0.692243692813325__167	5.5	5.2	4.2	5.5	3.9	4.5	3.9	6.5	4.7
GCTTAATTGC__0.692241113884768__212	4.7	4.5	3.9	5.5	3.9	4.5	3.9	6.5	4.7
CGATAATTGA__0.691729594784804__202	5.5	4.4	4.5	5.5	3.9	4.5	3.9	6.5	4.4
ACATAATTGT__0.688948590716979__177	4.2	6.5	4.5	5.5	3.9	4.5	3.9	6.5	4.2
GGTTAATTGC__0.688469486564944__213	5.2	4.2	3.9	5.5	3.9	4.5	3.9	6.5	4.7
AGTTAATTGA__0.686558075408108__256	4.5	4.2	3.9	5.5	3.9	4.5	3.9	6.5	4.4
GCCTAATTGC__0.686310493339654__158	4.7	5.2	4.5	5.5	3.9	4.5	3.9	6.5	4.7
TCATAATTGC__0.684822982579607__213	4.4	6.5	4.5	5.5	3.9	4.5	3.9	6.5	4.7
TGCTAATTGG__0.684811073950718__191	6.5	4.7	4.5	5.5	3.9	4.5	3.9	6.5	5.2
AGCTAATTGG__0.683260024978171__157	4.5	4.7	4.5	5.5	3.9	4.5	3.9	6.5	5.2
ACTTAATTGA__0.683210502944685__243	4.2	4.5	3.9	5.5	3.9	4.5	3.9	6.5	4.4
CAATAATTGG__0.682540252114466__158	6.5	3.9	4.5	5.5	3.9	4.5	3.9	6.5	5.2
AGGTAATTGC__0.682405611208249__163	4.5	5.2	4.2	5.5	3.9	4.5	3.9	6.5	4.7
GAATAATTGC__0.68238363947652__147	4.4	3.9	4.5	5.5	3.9	4.5	3.9	6.5	4.7
CCTTAATTGC__0.682148652692744__188	5.2	4.5	3.9	5.5	3.9	4.5	3.9	6.5	4.7
ACCTAATTGC__0.67959582761061__144	4.2	5.2	4.5	5.5	3.9	4.5	3.9	6.5	4.7
CCCTAATTGC__0.67888824890815__140	5.2	5.2	4.5	5.5	3.9	4.5	3.9	6.5	4.7
ACATAATTAC__0.676638293718306__179	4.2	6.5	4.5	5.5	3.9	4.5	3.9	5.5	4.2
AGTTAATTGT__0.675957385249964__194	4.5	4.2	3.9	5.5	3.9	4.5	3.9	6.5	4.2
TTTTAATTGG__0.672433366573332__335	3.9	3.9	3.9	5.5	3.9	4.5	3.9	6.5	5.2
GCGTAATTGG__0.670321951817108__147	4.7	5.5	4.2	5.5	3.9	4.5	3.9	6.5	5.2
AAATAATTGA__0.669398699491287__195	3.9	3.9	4.5	5.5	3.9	4.5	3.9	6.5	4.4
AGGTAATTGG__0.666228804785079__139	4.5	5.2	4.2	5.5	3.9	4.5	3.9	6.5	5.2
CAGTAATTGC__0.66616801127981__151	6.5	4.5	4.2	5.5	3.9	4.5	3.9	6.5	4.7
GGCTAATTGG__0.663970819683188__136	5.2	4.7	4.5	5.5	3.9	4.5	3.9	6.5	5.2
GTTTAATTGG__0.663595032790912__229	4.2	3.9	3.9	5.5	3.9	4.5	3.9	6.5	5.2
CCATAATTGG__0.663445177699811__139	5.2	6.5	4.5	5.5	3.9	4.5	3.9	6.5	5.2
GGTTAATTGG__0.662388144179503__174	5.2	4.2	3.9	5.5	3.9	4.5	3.9	6.5	5.2
ATGTAATTGC__0.660875855579839__177	4.5	6.5	4.2	5.5	3.9	4.5	3.9	6.5	4.7
CTTTAATTGG__0.660764770133442__219	4.5	3.9	3.9	5.5	3.9	4.5	3.9	6.5	5.2
CGATAATTAC__0.65962299768804__140	5.5	4.4	4.5	5.5	3.9	4.5	3.9	5.5	4.2
TTATAATTGG__0.659515648437543__205	3.9	5.5	4.5	5.5	3.9	4.5	3.9	6.5	5.2
TGTTAATTGG__0.657768844412823__210	6.5	4.2	3.9	5.5	3.9	4.5	3.9	6.5	5.2
TCATAATTGG__0.656351950192191__172	4.4	6.5	4.5	5.5	3.9	4.5	3.9	6.5	5.2
GGATAATTGT__0.655464425058362__133	5.2	4.4	4.5	5.5	3.9	4.5	3.9	6.5	4.2
TGATAATTGA__0.653842024823186__193	6.5	4.4	4.5	5.5	3.9	4.5	3.9	6.5	4.4
CACTAATTGA__0.653482527613583__176	6.5	4.2	4.5	5.5	3.9	4.5	3.9	6.5	4.4
CGGTAATTGG__0.65297069796416__124	5.5	5.2	4.2	5.5	3.9	4.5	3.9	6.5	5.2
AAGTAATTGC__0.652900277128046__141	3.9	4.5	4.2	5.5	3.9	4.5	3.9	6.5	4.7
TACTAATTGG__0.65232614148363__150	5.5	4.2	4.5	5.5	3.9	4.5	3.9	6.5	5.2
GGATAATTGA__0.650528814861298__168	5.2	4.4	4.5	5.5	3.9	4.5	3.9	6.5	4.4
ATTTAATTGA__0.647674453653391__263	4.5	3.9	3.9	5.5	3.9	4.5	3.9	6.5	4.4
ACTTAATTGT__0.647364555867656__158	4.2	4.5	3.9	5.5	3.9	4.5	3.9	6.5	4.2
TGGTAATTGC__0.644453236638466__155	6.5	5.2	4.2	5.5	3.9	4.5	3.9	6.5	4.7
ATTTAATTGT__0.644156166669956__215	4.5	3.9	3.9	5.5	3.9	4.5	3.9	6.5	4.2
GCTTAATTGG__0.642489270600374__150	4.7	4.5	3.9	5.5	3.9	4.5	3.9	6.5	5.2
AAATAATTGT__0.642299804513048__130	3.9	3.9	4.5	5.5	3.9	4.5	3.9	6.5	4.2
CTCTAATTGC__0.641529126112294__139	4.5	4.4	4.5	5.5	3.9	4.5	3.9	6.5	4.7
GAATAATTGG__0.639155404890411__106	4.4	3.9	4.5	5.5	3.9	4.5	3.9	6.5	5.2
AACTAATTGA__0.637575200519202__155	3.9	4.2	4.5	5.5	3.9	4.5	3.9	6.5	4.4
CACTAATTGT__0.635722185094353__125	6.5	4.2	4.5	5.5	3.9	4.5	3.9	6.5	4.2
GTGTAATTGC__0.635410194846466__149	4.2	6.5	4.2	5.5	3.9	4.5	3.9	6.5	4.7
TCTTAATTGC__0.634082386827233__185	4.4	4.5	3.9	5.5	3.9	4.5	3.9	6.5	4.7
CCTTAATTGG__0.633230534116751__133	5.2	4.5	3.9	5.5	3.9	4.5	3.9	6.5	5.2
GCCTAATTGG__0.633215605093961__108	4.7	5.2	4.5	5.5	3.9	4.5	3.9	6.5	5.2
GGATAATTAC__0.630346939944681__125	5.2	4.4	4.5	5.5	3.9	4.5	3.9	5.5	4.2
CACTAATTAC__0.628801940899583__130	6.5	4.2	4.5	5.5	3.9	4.5	3.9	5.5	4.2
GCATAATTGA__0.62792700954613__157	4.7	6.5	4.5	5.5	3.9	4.5	3.9	6.5	4.4
GTCTAATTGC__0.627480935308329__140	4.2	4.4	4.5	5.5	3.9	4.5	3.9	6.5	4.7
CCGTAATTGC__0.625978395941917__103	5.2	5.5	4.2	5.5	3.9	4.5	3.9	6.5	4.7
CGTTAATTGA__0.624665050509718__167	5.5	4.2	3.9	5.5	3.9	4.5	3.9	6.5	4.4
CTGTAATTGC__0.622964036272406__130	4.5	6.5	4.2	5.5	3.9	4.5	3.9	6.5	4.7
GTGTAATTGG__0.621724316335506__130	4.2	6.5	4.2	5.5	3.9	4.5	3.9	6.5	5.2
ATATAATTGA__0.621616189179676__166	4.5	5.5	4.5	5.5	3.9	4.5	3.9	6.5	4.4
AGATAATTAG__0.621304123735598__113	4.5	4.4	4.5	5.5	3.9	4.5	3.9	5.5	4.5
TGGTAATTGG__0.619660639312026__126	6.5	5.2	4.2	5.5	3.9	4.5	3.9	6.5	5.2
CGTTAATTGT__0.619226155297328__130	5.5	4.2	3.9	5.5	3.9	4.5	3.9	6.5	4.2
AACTAATTGT__0.61770326674726__107	3.9	4.2	4.5	5.5	3.9	4.5	3.9	6.5	4.2
GGGTAATTGC__0.614560743864166__107	5.2	5.2	4.2	5.5	3.9	4.5	3.9	6.5	4.7
CAGTAATTGG__0.614444076437796__103	6.5	4.5	4.2	5.5	3.9	4.5	3.9	6.5	5.2
CGCTAATTGT__0.614261782260365__104	5.5	4.7	4.5	5.5	3.9	4.5	3.9	6.5	4.2
TGATAATTGT__0.613732611041154__118	6.5	4.4	4.5	5.5	3.9	4.5	3.9	6.5	4.2
ACTTAATTAC__0.611647231184964__136	4.2	4.5	3.9	5.5	3.9	4.5	3.9	5.5	4.2
CGCTAATTAC__0.609876718229804__110	5.5	4.7	4.5	5.5	3.9	4.5	3.9	5.5	4.2
ATGTAATTGG__0.609552130021089__122	4.5	6.5	4.2	5.5	3.9	4.5	3.9	6.5	5.2
TAGTAATTGC__0.6066585382018__120	5.5	4.5	4.2	5.5	3.9	4.5	3.9	6.5	4.7
CCCTAATTGG__0.603263566340577__82	5.2	5.2	4.5	5.5	3.9	4.5	3.9	6.5	5.2
CGCTAATTGA__0.602503534106635__122	5.5	4.7	4.5	5.5	3.9	4.5	3.9	6.5	4.4
TAGTAATTGG__0.601434684914883__110	5.5	4.5	4.2	5.5	3.9	4.5	3.9	6.5	5.2
GAGTAATTGC__0.601313557504773__91	4.4	4.5	4.2	5.5	3.9	4.5	3.9	6.5	4.7
AGTTAATTAC__0.595232014961142__126	4.5	4.2	3.9	5.5	3.9	4.5	3.9	5.5	4.2
GAGTAATTGG__0.594200665608509__81	4.4	4.5	4.2	5.5	3.9	4.5	3.9	6.5	5.2
GTATAATTGA__0.5926964477297__135	4.2	5.5	4.5	5.5	3.9	4.5	3.9	6.5	4.4
CTATAATTGT__0.592046525535287__108	4.5	5.5	4.5	5.5	3.9	4.5	3.9	6.5	4.2
AGATAATGAC__0.591152722537524__110	4.5	4.4	4.5	5.5	3.9	4.5	6.5	4.4	4.2
ATATAATTGT__0.590979497107021__109	4.5	5.5	4.5	5.5	3.9	4.5	3.9	6.5	4.2
TCGTAATTGC__0.590806588517695__101	4.4	5.5	4.2	5.5	3.9	4.5	3.9	6.5	4.7
CAATAATTGA__0.590563604602886__120	6.5	3.9	4.5	5.5	3.9	4.5	3.9	6.5	4.4
ACGTAATTGA__0.590463443530793__119	4.2	5.5	4.2	5.5	3.9	4.5	3.9	6.5	4.4
CTGTAATTGG__0.589647101317017__99	4.5	6.5	4.2	5.5	3.9	4.5	3.9	6.5	5.2
CTCTAATTGG__0.587861860113195__93	4.5	4.4	4.5	5.5	3.9	4.5	3.9	6.5	5.2
TCCTAATTGC__0.587646762043561__99	4.4	5.2	4.5	5.5	3.9	4.5	3.9	6.5	4.7
CGTTAATTAC__0.586465815788__113	5.5	4.2	3.9	5.5	3.9	4.5	3.9	5.5	4.2
GTGTAATTAT__0.584725680376091__116	4.2	6.5	4.2	5.5	3.9	4.5	3.9	5.5	4.5
ACGTAATTGT__0.584566549082213__89	4.2	5.5	4.2	5.5	3.9	4.5	3.9	6.5	4.2
TGATAATTAC__0.583491761830307__105	6.5	4.4	4.5	5.5	3.9	4.5	3.9	5.5	4.2
GCGTAATTAC__0.582150352941335__98	4.7	5.5	4.2	5.5	3.9	4.5	3.9	5.5	4.2
GTGTAATTAG__0.58201760180468__112	4.2	6.5	4.2	5.5	3.9	4.5	3.9	5.5	4.5
TGTTAATTGT__0.581473346081648__134	6.5	4.2	3.9	5.5	3.9	4.5	3.9	6.5	4.2
TGCTAATTGA__0.58143535358163__128	6.5	4.7	4.5	5.5	3.9	4.5	3.9	6.5	4.4
CCATAATTGA__0.581360199180711__111	5.2	6.5	4.5	5.5	3.9	4.5	3.9	6.5	4.4
CACTAATTAG__0.580465720374911__93	6.5	4.2	4.5	5.5	3.9	4.5	3.9	5.5	4.5
TGCTAATTGT__0.579411393485931__103	6.5	4.7	4.5	5.5	3.9	4.5	3.9	6.5	4.2
AAGTAATTGG__0.578842139120747__82	3.9	4.5	4.2	5.5	3.9	4.5	3.9	6.5	5.2
GCATAATTAC__0.577678143294614__97	4.7	6.5	4.5	5.5	3.9	4.5	3.9	5.5	4.2
AAGTAATTAT__0.577217473536105__95	3.9	4.5	4.2	5.5	3.9	4.5	3.9	5.5	4.5
GCATAATTGT__0.577153676948047__89	4.7	6.5	4.5	5.5	3.9	4.5	3.9	6.5	4.2
AGGTAATTAC__0.576846692163203__92	4.5	5.2	4.2	5.5	3.9	4.5	3.9	5.5	4.2
ACCTAATTGG__0.576098957807414__70	4.2	5.2	4.5	5.5	3.9	4.5	3.9	6.5	5.2
ATCTAATTGC__0.57541708849569__99	4.5	4.4	4.5	5.5	3.9	4.5	3.9	6.5	4.7
GTCTAATTGG__0.574958392918106__94	4.2	4.4	4.5	5.5	3.9	4.5	3.9	6.5	5.2
GGGTAATTGG__0.574727774397808__77	5.2	5.2	4.2	5.5	3.9	4.5	3.9	6.5	5.2
GACTAATTGA__0.574570961533903__93	4.4	4.2	4.5	5.5	3.9	4.5	3.9	6.5	4.4
CTATAATTGA__0.574026423271599__119	4.5	5.5	4.5	5.5	3.9	4.5	3.9	6.5	4.4
ACGTAATTAC__0.573236459995089__90	4.2	5.5	4.2	5.5	3.9	4.5	3.9	5.5	4.2
ATATAATTAC__0.572758172033359__104	4.5	5.5	4.5	5.5	3.9	4.5	3.9	5.5	4.2
GCTTAATTGT__0.572747401552428__100	4.7	4.5	3.9	5.5	3.9	4.5	3.9	6.5	4.2
GTGTAATTAC__0.572715803507575__107	4.2	6.5	4.2	5.5	3.9	4.5	3.9	5.5	4.2
AGCTAATTGA__0.572066710414965__104	4.5	4.7	4.5	5.5	3.9	4.5	3.9	6.5	4.4
GGATAATTAG__0.571746067348031__84	5.2	4.4	4.5	5.5	3.9	4.5	3.9	5.5	4.5
AGGTAATTGT__0.571691842043731__81	4.5	5.2	4.2	5.5	3.9	4.5	3.9	6.5	4.2
TGTTAATTGA__0.571096960398238__150	6.5	4.2	3.9	5.5	3.9	4.5	3.9	6.5	4.4
GGGTAATTAT__0.570989083178934__88	5.2	5.2	4.2	5.5	3.9	4.5	3.9	5.5	4.5
TCTTAATTGG__0.570866192038958__117	4.4	4.5	3.9	5.5	3.9	4.5	3.9	6.5	5.2
CCCTAATTAC__0.57029994388752__77	5.2	5.2	4.5	5.5	3.9	4.5	3.9	5.5	4.2
TCGTAATTGG__0.568119359941305__82	4.4	5.5	4.2	5.5	3.9	4.5	3.9	6.5	5.2
AAGTAATTAG__0.567971724919552__88	3.9	4.5	4.2	5.5	3.9	4.5	3.9	5.5	4.5
AAGTAATTGA__0.567488680073609__104	3.9	4.5	4.2	5.5	3.9	4.5	3.9	6.5	4.4
ATCTAATTGG__0.567177291219361__89	4.5	4.4	4.5	5.5	3.9	4.5	3.9	6.5	5.2
ACATAATTAG__0.567053609760368__87	4.2	6.5	4.5	5.5	3.9	4.5	3.9	5.5	4.5
AACTAATTAC__0.565482558908843__82	3.9	4.2	4.5	5.5	3.9	4.5	3.9	5.5	4.2
TTTTAATTGT__0.564088221256195__171	3.9	3.9	3.9	5.5	3.9	4.5	3.9	6.5	4.2
GTTTAATTGT__0.563243919159398__124	4.2	3.9	3.9	5.5	3.9	4.5	3.9	6.5	4.2
GTATAATTAC__0.562560944242794__95	4.2	5.5	4.5	5.5	3.9	4.5	3.9	5.5	4.2
TTATAATTGA__0.562305452080235__136	3.9	5.5	4.5	5.5	3.9	4.5	3.9	6.5	4.4
TACTAATTGA__0.560430033907992__107	5.5	4.2	4.5	5.5	3.9	4.5	3.9	6.5	4.4
AAGTAATTAC__0.559854667081608__84	3.9	4.5	4.2	5.5	3.9	4.5	3.9	5.5	4.2
GTATAATTGT__0.559771172317576__86	4.2	5.5	4.5	5.5	3.9	4.5	3.9	6.5	4.2
GACTAATTGT__0.559444341322672__64	4.4	4.2	4.5	5.5	3.9	4.5	3.9	6.5	4.2
TCCTAATTGG__0.556921185558355__76	4.4	5.2	4.5	5.5	3.9	4.5	3.9	6.5	5.2
AGGTAATTAT__0.556805983040827__80	4.5	5.2	4.2	5.5	3.9	4.5	3.9	5.5	4.5
ATTTAATTAC__0.556697736359605__128	4.5	3.9	3.9	5.5	3.9	4.5	3.9	5.5	4.2
GACTAATTAC__0.556631821412175__69	4.4	4.2	4.5	5.5	3.9	4.5	3.9	5.5	4.2
GGCTAATTGA__0.556449970197087__91	5.2	4.7	4.5	5.5	3.9	4.5	3.9	6.5	4.4
AGGTAATTGA__0.555107355119554__93	4.5	5.2	4.2	5.5	3.9	4.5	3.9	6.5	4.4
CCATAATTAC__0.554819425253727__79	5.2	6.5	4.5	5.5	3.9	4.5	3.9	5.5	4.2
AGGTAATTAG__0.554790859518744__78	4.5	5.2	4.2	5.5	3.9	4.5	3.9	5.5	4.5
TTGTAATTGC__0.553953747089367__108	3.9	6.5	4.2	5.5	3.9	4.5	3.9	6.5	4.7
CCATAATTGT__0.553779109027913__72	5.2	6.5	4.5	5.5	3.9	4.5	3.9	6.5	4.2
TGCTAATTAC__0.551570318791743__91	6.5	4.7	4.5	5.5	3.9	4.5	3.9	5.5	4.2
ATGTAATTAT__0.551332561984272__93	4.5	6.5	4.2	5.5	3.9	4.5	3.9	5.5	4.5
AAGTAATTAA__0.550473222978686__107	3.9	4.5	4.2	5.5	3.9	4.5	3.9	5.5	3.9
AGATAATTAT__0.549945871255485__70	4.5	4.4	4.5	5.5	3.9	4.5	3.9	5.5	4.5
AGATAATGAG__0.549837848923159__75	4.5	4.4	4.5	5.5	3.9	4.5	6.5	4.4	4.5
AGCTAATTGT__0.54952335170856__70	4.5	4.7	4.5	5.5	3.9	4.5	3.9	6.5	4.2
CAGTAATTGA__0.549464537784831__90	6.5	4.5	4.2	5.5	3.9	4.5	3.9	6.5	4.4
ACGTAATTAT__0.549357318229418__76	4.2	5.5	4.2	5.5	3.9	4.5	3.9	5.5	4.5
TTTTAATTGA__0.549086272990197__178	3.9	3.9	3.9	5.5	3.9	4.5	3.9	6.5	4.4
CCGTAATTGG__0.549055678053992__57	5.2	5.5	4.2	5.5	3.9	4.5	3.9	6.5	5.2
CAATAATTGT__0.547866132050039__70	6.5	3.9	4.5	5.5	3.9	4.5	3.9	6.5	4.2
CTTTAATTGA__0.546823858640987__129	4.5	3.9	3.9	5.5	3.9	4.5	3.9	6.5	4.4
GGTTAATTGA__0.546215188920831__105	5.2	4.2	3.9	5.5	3.9	4.5	3.9	6.5	4.4
ATGTAATTAG__0.546050465753818__88	4.5	6.5	4.2	5.5	3.9	4.5	3.9	5.5	4.5
TTATAATTGT__0.545202766307991__100	3.9	5.5	4.5	5.5	3.9	4.5	3.9	6.5	4.2
GACTAATTAG__0.544989891679843__63	4.4	4.2	4.5	5.5	3.9	4.5	3.9	5.5	4.5
GGATAATTAT__0.544952059367339__70	5.2	4.4	4.5	5.5	3.9	4.5	3.9	5.5	4.5
GTGTAATTAA__0.54478578598741__114	4.2	6.5	4.2	5.5	3.9	4.5	3.9	5.5	3.9
ATGTAATTGT__0.544316736768407__82	4.5	6.5	4.2	5.5	3.9	4.5	3.9	6.5	4.2
GAGTAATTAT__0.543976756961575__68	4.4	4.5	4.2	5.5	3.9	4.5	3.9	5.5	4.5
GCCTAATTGA__0.543806705128563__80	4.7	5.2	4.5	5.5	3.9	4.5	3.9	6.5	4.4
GGTTAATTGT__0.543058647619821__83	5.2	4.2	3.9	5.5	3.9	4.5	3.9	6.5	4.2
AATTAATTGC__0.542574671540236__84	3.9	4.5	3.9	5.5	3.9	4.5	3.9	6.5	4.7
CCTTAATTGA__0.541390633211825__93	5.2	4.5	3.9	5.5	3.9	4.5	3.9	6.5	4.4
GCGTAATTGA__0.541304610463081__86	4.7	5.5	4.2	5.5	3.9	4.5	3.9	6.5	4.4
CGCTAATTAG__0.54063991673421__67	5.5	4.7	4.5	5.5	3.9	4.5	3.9	5.5	4.5
CAGTAATTAT__0.540408966265581__72	6.5	4.5	4.2	5.5	3.9	4.5	3.9	5.5	4.5
ACATAATTAT__0.538943041169382__72	4.2	6.5	4.5	5.5	3.9	4.5	3.9	5.5	4.5
GGGTAATTAG__0.538882977232144__69	5.2	5.2	4.2	5.5	3.9	4.5	3.9	5.5	4.5
TCATAATTGT__0.538622406426165__82	4.4	6.5	4.5	5.5	3.9	4.5	3.9	6.5	4.2
CTTTAATTGT__0.538613876129211__101	4.5	3.9	3.9	5.5	3.9	4.5	3.9	6.5	4.2
GCGTAATTAG__0.538522860571945__71	4.7	5.5	4.2	5.5	3.9	4.5	3.9	5.5	4.5
AAATAATTAC__0.538520601584623__70	3.9	3.9	4.5	5.5	3.9	4.5	3.9	5.5	4.2
CAATAATTAC__0.53819796342488__71	6.5	3.9	4.5	5.5	3.9	4.5	3.9	5.5	4.2
CTATAATTAG__0.537486460795805__78	4.5	5.5	4.5	5.5	3.9	4.5	3.9	5.5	4.5
GCGTAATTGT__0.537204944261271__65	4.7	5.5	4.2	5.5	3.9	4.5	3.9	6.5	4.2
CGGTAATTGT__0.536964289671338__61	5.5	5.2	4.2	5.5	3.9	4.5	3.9	6.5	4.2
GCCTAATTAC__0.536785912220694__65	4.7	5.2	4.5	5.5	3.9	4.5	3.9	5.5	4.2
ATGTAATTGA__0.536584455205701__96	4.5	6.5	4.2	5.5	3.9	4.5	3.9	6.5	4.4
GTTTAATTGA__0.536159161829824__122	4.2	3.9	3.9	5.5	3.9	4.5	3.9	6.5	4.4
ATGTAATTAC__0.535550808537864__83	4.5	6.5	4.2	5.5	3.9	4.5	3.9	5.5	4.2
GTGTAATTGA__0.535550168264006__94	4.2	6.5	4.2	5.5	3.9	4.5	3.9	6.5	4.4
TACTAATTGT__0.535520594091379__72	5.5	4.2	4.5	5.5	3.9	4.5	3.9	6.5	4.2
AACTAATTAG__0.535184958370744__65	3.9	4.2	4.5	5.5	3.9	4.5	3.9	5.5	4.5
CGATAATTAG__0.534313468232295__60	5.5	4.4	4.5	5.5	3.9	4.5	3.9	5.5	4.5
ACGTAATTAG__0.533865494284576__67	4.2	5.5	4.2	5.5	3.9	4.5	3.9	5.5	4.5
CGGTAATTAT__0.532877016223978__65	5.5	5.2	4.2	5.5	3.9	4.5	3.9	5.5	4.5
GAATAATTGA__0.531717770295565__71	4.4	3.9	4.5	5.5	3.9	4.5	3.9	6.5	4.4
AACTAATTAT__0.531445127366204__64	3.9	4.2	4.5	5.5	3.9	4.5	3.9	5.5	4.5
GAGTAATTAC__0.529821502189484__61	4.4	4.5	4.2	5.5	3.9	4.5	3.9	5.5	4.2
TTCTAATTGC__0.529108294158149__88	3.9	4.4	4.5	5.5	3.9	4.5	3.9	6.5	4.7
CCCTAATTGT__0.5288402539154__52	5.2	5.2	4.5	5.5	3.9	4.5	3.9	6.5	4.2
GCCTAATTGT__0.52847531763217__56	4.7	5.2	4.5	5.5	3.9	4.5	3.9	6.5	4.2
TTGTAATTGG__0.526742986895988__85	3.9	6.5	4.2	5.5	3.9	4.5	3.9	6.5	5.2
ACCTAATTGA__0.526431297243317__67	4.2	5.2	4.5	5.5	3.9	4.5	3.9	6.5	4.4
AGCTAATTAC__0.526170120680448__64	4.5	4.7	4.5	5.5	3.9	4.5	3.9	5.5	4.2
GCTTAATTGA__0.526161632737827__88	4.7	4.5	3.9	5.5	3.9	4.5	3.9	6.5	4.4
CTGTAATTAT__0.525880881791474__72	4.5	6.5	4.2	5.5	3.9	4.5	3.9	5.5	4.5
GGCTAATTAT__0.525368858813245__62	5.2	4.7	4.5	5.5	3.9	4.5	3.9	5.5	4.5
CACTAATTAT__0.524735597916272__63	6.5	4.2	4.5	5.5	3.9	4.5	3.9	5.5	4.5
CAGTAATTAC__0.522739291522407__63	6.5	4.5	4.2	5.5	3.9	4.5	3.9	5.5	4.2
CAGTAATTAG__0.522200731227929__62	6.5	4.5	4.2	5.5	3.9	4.5	3.9	5.5	4.5
GGGTAATTAC__0.521137097552115__61	5.2	5.2	4.2	5.5	3.9	4.5	3.9	5.5	4.2
GGCTAATTAC__0.52108491835057__60	5.2	4.7	4.5	5.5	3.9	4.5	3.9	5.5	4.2
AAGTAATTGT__0.519517198804632__57	3.9	4.5	4.2	5.5	3.9	4.5	3.9	6.5	4.2
GGCTAATTGT__0.518522981987393__54	5.2	4.7	4.5	5.5	3.9	4.5	3.9	6.5	4.2
AGATAATGAT__0.518444831446276__64	4.5	4.4	4.5	5.5	3.9	4.5	6.5	4.4	4.5
AAATAATGAC__0.518232285160517__70	3.9	3.9	4.5	5.5	3.9	4.5	6.5	4.4	4.2
GAATAATTAC__0.517828224360342__54	4.4	3.9	4.5	5.5	3.9	4.5	3.9	5.5	4.2
AGCTAATTAT__0.517800641217397__60	4.5	4.7	4.5	5.5	3.9	4.5	3.9	5.5	4.5
ATATAATTAG__0.517398717324221__68	4.5	5.5	4.5	5.5	3.9	4.5	3.9	5.5	4.5
GCGTAATTAT__0.51694935263841__61	4.7	5.5	4.2	5.5	3.9	4.5	3.9	5.5	4.5
TCATAATTGA__0.516884903244008__85	4.4	6.5	4.5	5.5	3.9	4.5	3.9	6.5	4.4
GACTAATTAT__0.515757665400673__51	4.4	4.2	4.5	5.5	3.9	4.5	3.9	5.5	4.5
GTGTAATTGT__0.515524036962263__65	4.2	6.5	4.2	5.5	3.9	4.5	3.9	6.5	4.2
CGGTAATTGA__0.515366873735752__67	5.5	5.2	4.2	5.5	3.9	4.5	3.9	6.5	4.4
CGGTAATTAG__0.514738391208409__56	5.5	5.2	4.2	5.5	3.9	4.5	3.9	5.5	4.5
GTATAATTAG__0.513866729106979__65	4.2	5.5	4.5	5.5	3.9	4.5	3.9	5.5	4.5
GCATAATTAT__0.512419344914992__60	4.7	6.5	4.5	5.5	3.9	4.5	3.9	5.5	4.5
GCATAATTAG__0.512125490572012__59	4.7	6.5	4.5	5.5	3.9	4.5	3.9	5.5	4.5
CCCTAATTAT__0.511758255168542__50	5.2	5.2	4.5	5.5	3.9	4.5	3.9	5.5	4.5
TGGTAATTGT__0.51162900973157__62	6.5	5.2	4.2	5.5	3.9	4.5	3.9	6.5	4.2
ACATAATGAC__0.511611765618588__68	4.2	6.5	4.5	5.5	3.9	4.5	6.5	4.4	4.2
TAGTAATTAC__0.511075802802057__66	5.5	4.5	4.2	5.5	3.9	4.5	3.9	5.5	4.2
TACTAATTAC__0.508079841941251__63	5.5	4.2	4.5	5.5	3.9	4.5	3.9	5.5	4.2
CCCTAATTGA__0.507861841057807__57	5.2	5.2	4.5	5.5	3.9	4.5	3.9	6.5	4.4
GGGTAATTAA__0.507629597806907__75	5.2	5.2	4.2	5.5	3.9	4.5	3.9	5.5	3.9
CTATAATTAC__0.507283848184698__63	4.5	5.5	4.5	5.5	3.9	4.5	3.9	5.5	4.2
GTCTAATTGT__0.506849718774148__60	4.2	4.4	4.5	5.5	3.9	4.5	3.9	6.5	4.2
ACCTAATTAC__0.506611290125009__49	4.2	5.2	4.5	5.5	3.9	4.5	3.9	5.5	4.2
CGGTAATTAC__0.506608809113912__53	5.5	5.2	4.2	5.5	3.9	4.5	3.9	5.5	4.2
CTGTAATTAC__0.506417110946045__62	4.5	6.5	4.2	5.5	3.9	4.5	3.9	5.5	4.2
AGATAATAGC__0.506044011473933__52	4.5	4.4	4.5	5.5	3.9	4.5	5.5	4.5	4.7
GTATAATTAT__0.505845684930505__62	4.2	5.5	4.5	5.5	3.9	4.5	3.9	5.5	4.5
AGATAATTTG__0.505835453807995__45	4.5	4.4	4.5	5.5	3.9	4.5	3.9	3.9	6.5
GAGTAATTGA__0.505169203771836__60	4.4	4.5	4.2	5.5	3.9	4.5	3.9	6.5	4.4
CAGTAATTGT__0.504301083464422__50	6.5	4.5	4.2	5.5	3.9	4.5	3.9	6.5	4.2
CGATAATTAT__0.504299220928488__48	5.5	4.4	4.5	5.5	3.9	4.5	3.9	5.5	4.5
TGTTAATTAC__0.504223813302258__81	6.5	4.2	3.9	5.5	3.9	4.5	3.9	5.5	4.2
AAATAATTAG__0.503972367005816__53	3.9	3.9	4.5	5.5	3.9	4.5	3.9	5.5	4.5
CTGTAATTGA__0.501632586483704__69	4.5	6.5	4.2	5.5	3.9	4.5	3.9	6.5	4.4
CCTTAATTGT__0.500849158524312__55	5.2	4.5	3.9	5.5	3.9	4.5	3.9	6.5	4.2
ATGTAATTAA__0.500208798280799__82	4.5	6.5	4.2	5.5	3.9	4.5	3.9	5.5	3.9
GAGTAATTAG__0.499693753314329__48	4.4	4.5	4.2	5.5	3.9	4.5	3.9	5.5	4.5
TGGTAATTGA__0.499280459114131__70	6.5	5.2	4.2	5.5	3.9	4.5	3.9	6.5	4.4
GCTTAATTAC__0.498677013666422__62	4.7	4.5	3.9	5.5	3.9	4.5	3.9	5.5	4.2
TAGTAATTGA__0.498428082983058__69	5.5	4.5	4.2	5.5	3.9	4.5	3.9	6.5	4.4
CCTTAATTAC__0.497899070511274__58	5.2	4.5	3.9	5.5	3.9	4.5	3.9	5.5	4.2
GAATAATTGT__0.497768342465401__42	4.4	3.9	4.5	5.5	3.9	4.5	3.9	6.5	4.2
CGTTAATTAG__0.496599539591019__57	5.5	4.2	3.9	5.5	3.9	4.5	3.9	5.5	4.5
CTGTAATTAG__0.49573370146885__56	4.5	6.5	4.2	5.5	3.9	4.5	3.9	5.5	4.5
CTCTAATTGA__0.494652385319289__62	4.5	4.4	4.5	5.5	3.9	4.5	3.9	6.5	4.4
GGCTAATTAG__0.494434226915554__48	5.2	4.7	4.5	5.5	3.9	4.5	3.9	5.5	4.5
TGATAATTAG__0.493461307091562__53	6.5	4.4	4.5	5.5	3.9	4.5	3.9	5.5	4.5
TTCTAATTGG__0.493226588181793__64	3.9	4.4	4.5	5.5	3.9	4.5	3.9	6.5	5.2
AGATAATGGG__0.492840479026055__34	4.5	4.4	4.5	5.5	3.9	4.5	6.5	5.2	5.2
ACCTAATTGT__0.492339318018886__40	4.2	5.2	4.5	5.5	3.9	4.5	3.9	6.5	4.2
AGTTAATTTG__0.491753604408182__54	4.5	4.2	3.9	5.5	3.9	4.5	3.9	3.9	6.5
GGCTAATTAA__0.491633845555265__64	5.2	4.7	4.5	5.5	3.9	4.5	3.9	5.5	3.9
CGCTAATTAT__0.490463601347439__46	5.5	4.7	4.5	5.5	3.9	4.5	3.9	5.5	4.5
CTTTAATTAC__0.49009143507993__74	4.5	3.9	3.9	5.5	3.9	4.5	3.9	5.5	4.2
ACATAATGAG__0.489483852199988__52	4.2	6.5	4.5	5.5	3.9	4.5	6.5	4.4	4.5
GGTTAATTAC__0.489251996585343__59	5.2	4.2	3.9	5.5	3.9	4.5	3.9	5.5	4.2
AGTTAATTAG__0.488332736473987__56	4.5	4.2	3.9	5.5	3.9	4.5	3.9	5.5	4.5
ACTTAATTAT__0.48805451934144__55	4.2	4.5	3.9	5.5	3.9	4.5	3.9	5.5	4.5
ACTTAATTAG__0.487859508074074__54	4.2	4.5	3.9	5.5	3.9	4.5	3.9	5.5	4.5
TCATAATTAC__0.487197511844475__59	4.4	6.5	4.5	5.5	3.9	4.5	3.9	5.5	4.2
ACGTAATTAA__0.486796173561167__64	4.2	5.5	4.2	5.5	3.9	4.5	3.9	5.5	3.9
CTATAATTAT__0.486053882739681__53	4.5	5.5	4.5	5.5	3.9	4.5	3.9	5.5	4.5
ACTTAATGAC__0.485836357925609__60	4.2	4.5	3.9	5.5	3.9	4.5	6.5	4.4	4.2
GGGTAATTGA__0.485636217692803__54	5.2	5.2	4.2	5.5	3.9	4.5	3.9	6.5	4.4
CCCTAATTAG__0.485339872747343__40	5.2	5.2	4.5	5.5	3.9	4.5	3.9	5.5	4.5
TGCTAATTAG__0.484501535743746__53	6.5	4.7	4.5	5.5	3.9	4.5	3.9	5.5	4.5
GAGTAATTAA__0.484412325874596__60	4.4	4.5	4.2	5.5	3.9	4.5	3.9	5.5	3.9
ATCTAATTGT__0.484270119235556__50	4.5	4.4	4.5	5.5	3.9	4.5	3.9	6.5	4.2
AGTTAATTAT__0.484109630466424__55	4.5	4.2	3.9	5.5	3.9	4.5	3.9	5.5	4.5
TGGTAATTAC__0.48239220526348__53	6.5	5.2	4.2	5.5	3.9	4.5	3.9	5.5	4.2
AGATAATAAC__0.481356336092907__56	4.5	4.4	4.5	5.5	3.9	4.5	5.5	3.9	4.2
GCCTAATTAT__0.481227805227136__42	4.7	5.2	4.5	5.5	3.9	4.5	3.9	5.5	4.5
TAGTAATTAG__0.481164198954321__51	5.5	4.5	4.2	5.5	3.9	4.5	3.9	5.5	4.5
CGTTAATTAT__0.480973002159846__51	5.5	4.2	3.9	5.5	3.9	4.5	3.9	5.5	4.5
ATTTAATGAC__0.480089506148017__77	4.5	3.9	3.9	5.5	3.9	4.5	6.5	4.4	4.2
TGGTAATTAG__0.479946404244085__51	6.5	5.2	4.2	5.5	3.9	4.5	3.9	5.5	4.5
TCTTAATTGT__0.479872186057301__61	4.4	4.5	3.9	5.5	3.9	4.5	3.9	6.5	4.2
ACCTAATTAG__0.479837280038335__39	4.2	5.2	4.5	5.5	3.9	4.5	3.9	5.5	4.5
GTTTAATTAC__0.47857172868903__69	4.2	3.9	3.9	5.5	3.9	4.5	3.9	5.5	4.2
CAGTAATTAA__0.47851638538295__60	6.5	4.5	4.2	5.5	3.9	4.5	3.9	5.5	3.9
AGGTAATTAA__0.478427988943179__60	4.5	5.2	4.2	5.5	3.9	4.5	3.9	5.5	3.9
CCGTAATTAC__0.478370176845971__39	5.2	5.5	4.2	5.5	3.9	4.5	3.9	5.5	4.2
AGTTAATGAG__0.477886772407622__53	4.5	4.2	3.9	5.5	3.9	4.5	6.5	4.4	4.5
TGCTAATTAT__0.477659655443781__51	6.5	4.7	4.5	5.5	3.9	4.5	3.9	5.5	4.5
TACTAATTAG__0.476982911549643__48	5.5	4.2	4.5	5.5	3.9	4.5	3.9	5.5	4.5
GGGTAATTGT__0.47650358143296__39	5.2	5.2	4.2	5.5	3.9	4.5	3.9	6.5	4.2
CAATAATTAG__0.476365700583352__43	6.5	3.9	4.5	5.5	3.9	4.5	3.9	5.5	4.5
GTCTAATTGA__0.476315666526718__58	4.2	4.4	4.5	5.5	3.9	4.5	3.9	6.5	4.4
CGATAATTTG__0.475656092811235__34	5.5	4.4	4.5	5.5	3.9	4.5	3.9	3.9	6.5
ACATAATAGG__0.475562727455065__41	4.2	6.5	4.5	5.5	3.9	4.5	5.5	4.5	5.2
CCGTAATTGA__0.475009882260241__45	5.2	5.5	4.2	5.5	3.9	4.5	3.9	6.5	4.4
CCGTAATTAT__0.474948581415338__38	5.2	5.5	4.2	5.5	3.9	4.5	3.9	5.5	4.5
CTCTAATTGT__0.474776566018137__42	4.5	4.4	4.5	5.5	3.9	4.5	3.9	6.5	4.2
TAGTAATTAT__0.474565774277059__49	5.5	4.5	4.2	5.5	3.9	4.5	3.9	5.5	4.5
CTGTAATTGT__0.474299330606923__44	4.5	6.5	4.2	5.5	3.9	4.5	3.9	6.5	4.2
CACTAATTAA__0.474237961833645__56	6.5	4.2	4.5	5.5	3.9	4.5	3.9	5.5	3.9
AATTAATTGT__0.473405447998263__49	3.9	4.5	3.9	5.5	3.9	4.5	3.9	6.5	4.2
CCGTAATTGT__0.473374316301376__34	5.2	5.5	4.2	5.5	3.9	4.5	3.9	6.5	4.2
ATTTAATTAG__0.473212078398225__65	4.5	3.9	3.9	5.5	3.9	4.5	3.9	5.5	4.5
GGATAATTAA__0.472481562980204__55	5.2	4.4	4.5	5.5	3.9	4.5	3.9	5.5	3.9
AACTAATTAA__0.472163983243594__54	3.9	4.2	4.5	5.5	3.9	4.5	3.9	5.5	3.9
TGATAATTAT__0.47211095585456__45	6.5	4.4	4.5	5.5	3.9	4.5	3.9	5.5	4.5
GGATAATGAC__0.471218741363539__46	5.2	4.4	4.5	5.5	3.9	4.5	6.5	4.4	4.2
CGATAATGAC__0.4707531746287__43	5.5	4.4	4.5	5.5	3.9	4.5	6.5	4.4	4.2
CTCTAATTAC__0.470733957056355__44	4.5	4.4	4.5	5.5	3.9	4.5	3.9	5.5	4.2
TCCTAATTGA__0.47073261472122__51	4.4	5.2	4.5	5.5	3.9	4.5	3.9	6.5	4.4
ATTTAATTAT__0.47063462643676__65	4.5	3.9	3.9	5.5	3.9	4.5	3.9	5.5	4.5
GTATAATTAA__0.470472574162201__61	4.2	5.5	4.5	5.5	3.9	4.5	3.9	5.5	3.9
ATCTAATTAC__0.470202950564936__48	4.5	4.4	4.5	5.5	3.9	4.5	3.9	5.5	4.2
AGATAATAGG__0.470151822146402__35	4.5	4.4	4.5	5.5	3.9	4.5	5.5	4.5	5.2
TCGTAATTGA__0.470121365294015__51	4.4	5.5	4.2	5.5	3.9	4.5	3.9	6.5	4.4
AGCTAATTAG__0.469505967684808__40	4.5	4.7	4.5	5.5	3.9	4.5	3.9	5.5	4.5
CAATAATTAT__0.469166113144312__41	6.5	3.9	4.5	5.5	3.9	4.5	3.9	5.5	4.5
ACCTAATTAT__0.468926890247696__36	4.2	5.2	4.5	5.5	3.9	4.5	3.9	5.5	4.5
TCTTAATTGA__0.467518066788164__66	4.4	4.5	3.9	5.5	3.9	4.5	3.9	6.5	4.4
GCATAATTAA__0.466939360514926__55	4.7	6.5	4.5	5.5	3.9	4.5	3.9	5.5	3.9
ACATAATTTG__0.466680807662054__37	4.2	6.5	4.5	5.5	3.9	4.5	3.9	3.9	6.5
AGATAATCAC__0.466543058763815__36	4.5	4.4	4.5	5.5	3.9	4.5	4.4	6.5	4.2
GAGTAATTGT__0.465510511502372__33	4.4	4.5	4.2	5.5	3.9	4.5	3.9	6.5	4.2
ACTTAATGAG__0.465026536274935__46	4.2	4.5	3.9	5.5	3.9	4.5	6.5	4.4	4.5
AGATAATTAA__0.464998366687834__50	4.5	4.4	4.5	5.5	3.9	4.5	3.9	5.5	3.9
AGTTAATGAC__0.464964461338136__52	4.5	4.2	3.9	5.5	3.9	4.5	6.5	4.4	4.2
ATATAATTAT__0.464770863241187__45	4.5	5.5	4.5	5.5	3.9	4.5	3.9	5.5	4.5
CTGTAATTAA__0.464697900437732__58	4.5	6.5	4.2	5.5	3.9	4.5	3.9	5.5	3.9
AACTAATTTG__0.464664353611712__34	3.9	4.2	4.5	5.5	3.9	4.5	3.9	3.9	6.5
ATATAATGAC__0.464605937908171__52	4.5	5.5	4.5	5.5	3.9	4.5	6.5	4.4	4.2
AATTAATTGG__0.464400931046047__43	3.9	4.5	3.9	5.5	3.9	4.5	3.9	6.5	5.2
CGATAATGAG__0.464122488198638__37	5.5	4.4	4.5	5.5	3.9	4.5	6.5	4.4	4.5
GCGTAATTAA__0.463958249641711__54	4.7	5.5	4.2	5.5	3.9	4.5	3.9	5.5	3.9
TGGTAATTAT__0.463287550809254__45	6.5	5.2	4.2	5.5	3.9	4.5	3.9	5.5	4.5
TTTTAATTAC__0.463062482370257__82	3.9	3.9	3.9	5.5	3.9	4.5	3.9	5.5	4.2
CGGTAATTAA__0.462736147633538__51	5.5	5.2	4.2	5.5	3.9	4.5	3.9	5.5	3.9
GCCTAATTAG__0.461257606102773__35	4.7	5.2	4.5	5.5	3.9	4.5	3.9	5.5	4.5
AAATAATGAG__0.461030464898299__40	3.9	3.9	4.5	5.5	3.9	4.5	6.5	4.4	4.5
ACATAATTAA__0.460040941298175__51	4.2	6.5	4.5	5.5	3.9	4.5	3.9	5.5	3.9
TACTAATTAT__0.459385077872956__42	5.5	4.2	4.5	5.5	3.9	4.5	3.9	5.5	4.5
ATATAATTTG__0.457804674842573__39	4.5	5.5	4.5	5.5	3.9	4.5	3.9	3.9	6.5
CCATAATTAG__0.457378888317706__36	5.2	6.5	4.5	5.5	3.9	4.5	3.9	5.5	4.5
GCTTAATTAG__0.457359964510991__43	4.7	4.5	3.9	5.5	3.9	4.5	3.9	5.5	4.5
ATCTAATTGA__0.456622577723257__49	4.5	4.4	4.5	5.5	3.9	4.5	3.9	6.5	4.4
CCGTAATTAG__0.456032804558096__32	5.2	5.5	4.2	5.5	3.9	4.5	3.9	5.5	4.5
AAATAATTAT__0.456028493707499__36	3.9	3.9	4.5	5.5	3.9	4.5	3.9	5.5	4.5
TCCTAATTGT__0.455556282221648__36	4.4	5.2	4.5	5.5	3.9	4.5	3.9	6.5	4.2
TCATAATTAG__0.455313823277296__44	4.4	6.5	4.5	5.5	3.9	4.5	3.9	5.5	4.5
CTATAATGAC__0.45468105581458__47	4.5	5.5	4.5	5.5	3.9	4.5	6.5	4.4	4.2
CGATAATCAC__0.453471185815224__31	5.5	4.4	4.5	5.5	3.9	4.5	4.4	6.5	4.2
CTATAATTAA__0.452012173541878__52	4.5	5.5	4.5	5.5	3.9	4.5	3.9	5.5	3.9
CATTAATTGG__0.45189213835298__40	6.5	4.5	3.9	5.5	3.9	4.5	3.9	6.5	5.2
GAATAATTAG__0.451629163704537__31	4.4	3.9	4.5	5.5	3.9	4.5	3.9	5.5	4.5
TAGTAATTAA__0.451475959061486__53	5.5	4.5	4.2	5.5	3.9	4.5	3.9	5.5	3.9
TCGTAATTAT__0.449897743499326__37	4.4	5.5	4.2	5.5	3.9	4.5	3.9	5.5	4.5
GGATAATTTG__0.448881167713173__29	5.2	4.4	4.5	5.5	3.9	4.5	3.9	3.9	6.5
TTGTAATTGA__0.448488974318703__56	3.9	6.5	4.2	5.5	3.9	4.5	3.9	6.5	4.4
CCCTAATTAA__0.447198170264115__40	5.2	5.2	4.5	5.5	3.9	4.5	3.9	5.5	3.9
GAATAATTAT__0.446816426798219__30	4.4	3.9	4.5	5.5	3.9	4.5	3.9	5.5	4.5
TGCTAATTAA__0.446816218793479__50	6.5	4.7	4.5	5.5	3.9	4.5	3.9	5.5	3.9
TGATAATGAC__0.446620662390369__42	6.5	4.4	4.5	5.5	3.9	4.5	6.5	4.4	4.2
CCATAATTAT__0.446046909100284__33	5.2	6.5	4.5	5.5	3.9	4.5	3.9	5.5	4.5
GTGTAATTTG__0.445434452402685__36	4.2	6.5	4.2	5.5	3.9	4.5	3.9	3.9	6.5
CCTTAATTAT__0.445252718050161__37	5.2	4.5	3.9	5.5	3.9	4.5	3.9	5.5	4.5
ACATAATGAT__0.445066415848642__38	4.2	6.5	4.5	5.5	3.9	4.5	6.5	4.4	4.5
ATTTAATGAG__0.444973923044379__52	4.5	3.9	3.9	5.5	3.9	4.5	6.5	4.4	4.5
TTGTAATTAG__0.444970820328276__47	3.9	6.5	4.2	5.5	3.9	4.5	3.9	5.5	4.5
CGATAATTAA__0.44489506380149__41	5.5	4.4	4.5	5.5	3.9	4.5	3.9	5.5	3.9
ACATAATCAC__0.444726229985317__34	4.2	6.5	4.5	5.5	3.9	4.5	4.4	6.5	4.2
TGATAATTTG__0.443714611135673__32	6.5	4.4	4.5	5.5	3.9	4.5	3.9	3.9	6.5
CGTTAATTTG__0.443522390134418__34	5.5	4.2	3.9	5.5	3.9	4.5	3.9	3.9	6.5
ACTTAATTTG__0.441604641198095__34	4.2	4.5	3.9	5.5	3.9	4.5	3.9	3.9	6.5
GGATAATGAG__0.440470792285295__32	5.2	4.4	4.5	5.5	3.9	4.5	6.5	4.4	4.5
CACTAATCAC__0.440164624671348__31	6.5	4.2	4.5	5.5	3.9	4.5	4.4	6.5	4.2
AAGTAATTTG__0.439631641474887__29	3.9	4.5	4.2	5.5	3.9	4.5	3.9	3.9	6.5
TTCTAATTGT__0.43922293570796__42	3.9	4.4	4.5	5.5	3.9	4.5	3.9	6.5	4.2
AAATAATGGG__0.439165795960371__24	3.9	3.9	4.5	5.5	3.9	4.5	6.5	5.2	5.2
TGATAATTAA__0.438410318550264__45	6.5	4.4	4.5	5.5	3.9	4.5	3.9	5.5	3.9
AAATAATGAT__0.438280691805821__35	3.9	3.9	4.5	5.5	3.9	4.5	6.5	4.4	4.5
ATCTAATTAT__0.437836069439817__36	4.5	4.4	4.5	5.5	3.9	4.5	3.9	5.5	4.5
TCTTAATTAC__0.43742907747902__45	4.4	4.5	3.9	5.5	3.9	4.5	3.9	5.5	4.2
CGCTAATGAC__0.436825485965348__33	5.5	4.7	4.5	5.5	3.9	4.5	6.5	4.4	4.2
TTATAATTAC__0.436719154829123__44	3.9	5.5	4.5	5.5	3.9	4.5	3.9	5.5	4.2
GGTTAATTAT__0.435675591448383__37	5.2	4.2	3.9	5.5	3.9	4.5	3.9	5.5	4.5
CGATAATAGG__0.435625827532898__25	5.5	4.4	4.5	5.5	3.9	4.5	5.5	4.5	5.2
AAGTAATTTA__0.435391621187009__33	3.9	4.5	4.2	5.5	3.9	4.5	3.9	3.9	5.5
TCGTAATTGT__0.435381293715462__30	4.4	5.5	4.2	5.5	3.9	4.5	3.9	6.5	4.2
AGCTAATTAA__0.435032362604921__40	4.5	4.7	4.5	5.5	3.9	4.5	3.9	5.5	3.9
AATTAATTTT__0.434686874826297__34	3.9	4.5	3.9	5.5	3.9	4.5	3.9	3.9	3.9
GGTTAATTAG__0.434563829693645__36	5.2	4.2	3.9	5.5	3.9	4.5	3.9	5.5	4.5
TTTTAATTAG__0.433878318553965__61	3.9	3.9	3.9	5.5	3.9	4.5	3.9	5.5	4.5
GTCTAATTAG__0.433450398923774__34	4.2	4.4	4.5	5.5	3.9	4.5	3.9	5.5	4.5
CGATAATAGC__0.432874211854357__27	5.5	4.4	4.5	5.5	3.9	4.5	5.5	4.5	4.7
GCTTAATTAT__0.432549890539404__35	4.7	4.5	3.9	5.5	3.9	4.5	3.9	5.5	4.5
GTCTAATTAT__0.431635009144229__34	4.2	4.4	4.5	5.5	3.9	4.5	3.9	5.5	4.5
AACTAATGAG__0.431382605375218__29	3.9	4.2	4.5	5.5	3.9	4.5	6.5	4.4	4.5
GTCTAATTAC__0.431372535794992__34	4.2	4.4	4.5	5.5	3.9	4.5	3.9	5.5	4.2
ATTTAATTTG__0.431265608831126__43	4.5	3.9	3.9	5.5	3.9	4.5	3.9	3.9	6.5
CTTTAATTAG__0.430753814829354__43	4.5	3.9	3.9	5.5	3.9	4.5	3.9	5.5	4.5
TGGTAATTAA__0.4307018871561__44	6.5	5.2	4.2	5.5	3.9	4.5	3.9	5.5	3.9
AAATAATCAC__0.430620196601178__29	3.9	3.9	4.5	5.5	3.9	4.5	4.4	6.5	4.2
AAATAATTTG__0.430338667854362__26	3.9	3.9	4.5	5.5	3.9	4.5	3.9	3.9	6.5
TCGTAATTAC__0.430264747101822__31	4.4	5.5	4.2	5.5	3.9	4.5	3.9	5.5	4.2
CGATAATGGG__0.430192593092622__19	5.5	4.4	4.5	5.5	3.9	4.5	6.5	5.2	5.2
ACATAATAGC__0.429168902932206__30	4.2	6.5	4.5	5.5	3.9	4.5	5.5	4.5	4.7
AAGTAATCAT__0.428928751738457__26	3.9	4.5	4.2	5.5	3.9	4.5	4.4	6.5	4.5
TCGTAATTAG__0.428574361418603__30	4.4	5.5	4.2	5.5	3.9	4.5	3.9	5.5	4.5
CGATAATGAT__0.428215923762858__29	5.5	4.4	4.5	5.5	3.9	4.5	6.5	4.4	4.5
CTCTAATTAT__0.427898306392774__30	4.5	4.4	4.5	5.5	3.9	4.5	3.9	5.5	4.5
AGTTAATAGC__0.427343820074095__34	4.5	4.2	3.9	5.5	3.9	4.5	5.5	4.5	4.7
ATATAATTAA__0.427175901595988__42	4.5	5.5	4.5	5.5	3.9	4.5	3.9	5.5	3.9
TTGTAATTAC__0.427145116557187__41	3.9	6.5	4.2	5.5	3.9	4.5	3.9	5.5	4.2
AGATAATGGC__0.426983920794562__23	4.5	4.4	4.5	5.5	3.9	4.5	6.5	5.2	4.7
AAATAATCAT__0.426766341789807__27	3.9	3.9	4.5	5.5	3.9	4.5	4.4	6.5	4.5
GTGTAATTTA__0.426283818933951__35	4.2	6.5	4.2	5.5	3.9	4.5	3.9	3.9	5.5
GGATAATCGG__0.426215325883316__18	5.2	4.4	4.5	5.5	3.9	4.5	4.4	5.5	5.2
GGATAATAGC__0.425663412156233__27	5.2	4.4	4.5	5.5	3.9	4.5	5.5	4.5	4.7
TATTAATTGC__0.425391824453944__39	5.5	4.5	3.9	5.5	3.9	4.5	3.9	6.5	4.7
AACTAATGAC__0.425131204789141__30	3.9	4.2	4.5	5.5	3.9	4.5	6.5	4.4	4.2
ACTTAATGAT__0.42450407486341__34	4.2	4.5	3.9	5.5	3.9	4.5	6.5	4.4	4.5
AGGTAATTTA__0.424374734245435__29	4.5	5.2	4.2	5.5	3.9	4.5	3.9	3.9	5.5
ACATAATCAT__0.42344773043865__27	4.2	6.5	4.5	5.5	3.9	4.5	4.4	6.5	4.5
CTATAATTTG__0.423154716647198__28	4.5	5.5	4.5	5.5	3.9	4.5	3.9	3.9	6.5
TGATAATGAT__0.422936306586879__33	6.5	4.4	4.5	5.5	3.9	4.5	6.5	4.4	4.5
CTCTAATTAG__0.422185091270819__28	4.5	4.4	4.5	5.5	3.9	4.5	3.9	5.5	4.5
CACTAATGAC__0.422140674078286__30	6.5	4.2	4.5	5.5	3.9	4.5	6.5	4.4	4.2
CGATAATCGT__0.421766514173566__17	5.5	4.4	4.5	5.5	3.9	4.5	4.4	5.5	4.2
CGGTAATTTG__0.421655901487124__23	5.5	5.2	4.2	5.5	3.9	4.5	3.9	3.9	6.5
AGATAATAAG__0.421535579355095__32	4.5	4.4	4.5	5.5	3.9	4.5	5.5	3.9	4.5
AGATAATCGC__0.421426919765585__19	4.5	4.4	4.5	5.5	3.9	4.5	4.4	5.5	4.7
ACATAATGGG__0.421328341497594__21	4.2	6.5	4.5	5.5	3.9	4.5	6.5	5.2	5.2
ATATAATGAG__0.420933820417482__32	4.5	5.5	4.5	5.5	3.9	4.5	6.5	4.4	4.5
GCATAATTTG__0.420911560604011__25	4.7	6.5	4.5	5.5	3.9	4.5	3.9	3.9	6.5
ACGTAATGAC__0.420589249223859__30	4.2	5.5	4.2	5.5	3.9	4.5	6.5	4.4	4.2
CGTTAATGAG__0.419657238613136__30	5.5	4.2	3.9	5.5	3.9	4.5	6.5	4.4	4.5
TACTAATTAA__0.419565366537658__38	5.5	4.2	4.5	5.5	3.9	4.5	3.9	5.5	3.9
GACTAATTAA__0.418944275852996__31	4.4	4.2	4.5	5.5	3.9	4.5	3.9	5.5	3.9
AGATAATCGG__0.418905406107976__16	4.5	4.4	4.5	5.5	3.9	4.5	4.4	5.5	5.2
TCATAATTAT__0.418498021473751__32	4.4	6.5	4.5	5.5	3.9	4.5	3.9	5.5	4.5
ATTTAATAGC__0.418363228741817__41	4.5	3.9	3.9	5.5	3.9	4.5	5.5	4.5	4.7
ACCTAATTAA__0.418176298958107__31	4.2	5.2	4.5	5.5	3.9	4.5	3.9	5.5	3.9
TGTTAATTAT__0.417861282536271__38	6.5	4.2	3.9	5.5	3.9	4.5	3.9	5.5	4.5
GTTTAATTAG__0.417812429367799__39	4.2	3.9	3.9	5.5	3.9	4.5	3.9	5.5	4.5
CGATAATAAC__0.417650155469812__31	5.5	4.4	4.5	5.5	3.9	4.5	5.5	3.9	4.2
CACTAATGAT__0.417347797722324__28	6.5	4.2	4.5	5.5	3.9	4.5	6.5	4.4	4.5
AGTTAATCAC__0.417142012470734__30	4.5	4.2	3.9	5.5	3.9	4.5	4.4	6.5	4.2
TAGTAATTGT__0.41706553262602__27	5.5	4.5	4.2	5.5	3.9	4.5	3.9	6.5	4.2
GCCTAATTAA__0.417012317889636__32	4.7	5.2	4.5	5.5	3.9	4.5	3.9	5.5	3.9
TTGTAATTAT__0.41690292850101__37	3.9	6.5	4.2	5.5	3.9	4.5	3.9	5.5	4.5
ACGTAATTTA__0.416676769615199__27	4.2	5.5	4.2	5.5	3.9	4.5	3.9	3.9	5.5
CTGTAATTTG__0.416552848399474__26	4.5	6.5	4.2	5.5	3.9	4.5	3.9	3.9	6.5
CAATAATGAG__0.416210524787106__27	6.5	3.9	4.5	5.5	3.9	4.5	6.5	4.4	4.5
TTTTAATGAC__0.415815617786748__57	3.9	3.9	3.9	5.5	3.9	4.5	6.5	4.4	4.2
TCCTAATTAC__0.415768456078227__27	4.4	5.2	4.5	5.5	3.9	4.5	3.9	5.5	4.2
GTATAATTTG__0.415765068911067__26	4.2	5.5	4.5	5.5	3.9	4.5	3.9	3.9	6.5
CCGTAATTAA__0.415311307321856__31	5.2	5.5	4.2	5.5	3.9	4.5	3.9	5.5	3.9
TGTTAATTAG__0.414432359478506__36	6.5	4.2	3.9	5.5	3.9	4.5	3.9	5.5	4.5
AGGTAATGAC__0.413646506946519__28	4.5	5.2	4.2	5.5	3.9	4.5	6.5	4.4	4.2
CGTTAATGAC__0.413633233183355__31	5.5	4.2	3.9	5.5	3.9	4.5	6.5	4.4	4.2
CGTTAATGAT__0.413142948580134__30	5.5	4.2	3.9	5.5	3.9	4.5	6.5	4.4	4.5
ATGTAATTTG__0.412969747346904__27	4.5	6.5	4.2	5.5	3.9	4.5	3.9	3.9	6.5
TGATAATGAG__0.41292663332495__28	6.5	4.4	4.5	5.5	3.9	4.5	6.5	4.4	4.5
AAATAATAAC__0.412784457260354__32	3.9	3.9	4.5	5.5	3.9	4.5	5.5	3.9	4.2
ACTTAATAGG__0.412779478074679__26	4.2	4.5	3.9	5.5	3.9	4.5	5.5	4.5	5.2
AAATAATAGC__0.412610558405011__25	3.9	3.9	4.5	5.5	3.9	4.5	5.5	4.5	4.7
AAATAATGGC__0.411733791201954__22	3.9	3.9	4.5	5.5	3.9	4.5	6.5	5.2	4.7
TGCTAATTTG__0.411281794791469__26	6.5	4.7	4.5	5.5	3.9	4.5	3.9	3.9	6.5
ACATAATAAC__0.411010908415099__32	4.2	6.5	4.5	5.5	3.9	4.5	5.5	3.9	4.2
AGTTAATTAA__0.41046435949396__37	4.5	4.2	3.9	5.5	3.9	4.5	3.9	5.5	3.9
ACTTAATAGC__0.410417822789416__28	4.2	4.5	3.9	5.5	3.9	4.5	5.5	4.5	4.7
ACTTAATCAC__0.40960022072744__27	4.2	4.5	3.9	5.5	3.9	4.5	4.4	6.5	4.2
AGTTAATAGG__0.409440717843227__26	4.5	4.2	3.9	5.5	3.9	4.5	5.5	4.5	5.2
ATCTAATTAG__0.409161513544623__27	4.5	4.4	4.5	5.5	3.9	4.5	3.9	5.5	4.5
GCATAATTTA__0.408747289952805__26	4.7	6.5	4.5	5.5	3.9	4.5	3.9	3.9	5.5
ATTTAATGAT__0.408728786876508__39	4.5	3.9	3.9	5.5	3.9	4.5	6.5	4.4	4.5
TCGTAATTAA__0.40811941317517__33	4.4	5.5	4.2	5.5	3.9	4.5	3.9	5.5	3.9
AGTTAATGAT__0.408088643934468__30	4.5	4.2	3.9	5.5	3.9	4.5	6.5	4.4	4.5
CGCTAATTTG__0.407521198774201__20	5.5	4.7	4.5	5.5	3.9	4.5	3.9	3.9	6.5
AGTTAATGGG__0.407331563799289__21	4.5	4.2	3.9	5.5	3.9	4.5	6.5	5.2	5.2
CAGTAATTTG__0.406763592376678__21	6.5	4.5	4.2	5.5	3.9	4.5	3.9	3.9	6.5
GGATAATGAT__0.406366767389359__25	5.2	4.4	4.5	5.5	3.9	4.5	6.5	4.4	4.5
ATGTAATTTA__0.405286442221625__29	4.5	6.5	4.2	5.5	3.9	4.5	3.9	3.9	5.5
GCATAATGAC__0.40423172756045__27	4.7	6.5	4.5	5.5	3.9	4.5	6.5	4.4	4.2
AATTAATTCA__0.404177544374749__27	3.9	4.5	3.9	5.5	3.9	4.5	3.9	4.4	6.5
CACTAATGAG__0.404169101564131__23	6.5	4.2	4.5	5.5	3.9	4.5	6.5	4.4	4.5
GGGTAATTTG__0.404039281984079__20	5.2	5.2	4.2	5.5	3.9	4.5	3.9	3.9	6.5
TGATAATAGC__0.403984572701547__25	6.5	4.4	4.5	5.5	3.9	4.5	5.5	4.5	4.7
AGATAATCGT__0.40395957634021__15	4.5	4.4	4.5	5.5	3.9	4.5	4.4	5.5	4.2
CGTTAATTAA__0.403801190167472__33	5.5	4.2	3.9	5.5	3.9	4.5	3.9	5.5	3.9
GGATAATCAC__0.403738166628977__21	5.2	4.4	4.5	5.5	3.9	4.5	4.4	6.5	4.2
CGATAATTTC__0.403683470346993__15	5.5	4.4	4.5	5.5	3.9	4.5	3.9	3.9	4.4
ACATAATCGT__0.403342006461108__18	4.2	6.5	4.5	5.5	3.9	4.5	4.4	5.5	4.2
GTATAATGAC__0.403202682046886__29	4.2	5.5	4.5	5.5	3.9	4.5	6.5	4.4	4.2
CAATAATGAC__0.402956699456615__26	6.5	3.9	4.5	5.5	3.9	4.5	6.5	4.4	4.2
GACTAATGAG__0.402595951062248__20	4.4	4.2	4.5	5.5	3.9	4.5	6.5	4.4	4.5
TTGTAATTAA__0.402579578231699__40	3.9	6.5	4.2	5.5	3.9	4.5	3.9	5.5	3.9
CGCTAATTAA__0.402544626303426__28	5.5	4.7	4.5	5.5	3.9	4.5	3.9	5.5	3.9
ACTTAATTAA__0.402166508605685__33	4.2	4.5	3.9	5.5	3.9	4.5	3.9	5.5	3.9
AGATAATCAT__0.40162930829525__19	4.5	4.4	4.5	5.5	3.9	4.5	4.4	6.5	4.5
ACTTAATAAC__0.401177040453884__32	4.2	4.5	3.9	5.5	3.9	4.5	5.5	3.9	4.2
GCGTAATTTG__0.40089957684034__20	4.7	5.5	4.2	5.5	3.9	4.5	3.9	3.9	6.5
ACTTAATGGG__0.400486603901085__19	4.2	4.5	3.9	5.5	3.9	4.5	6.5	5.2	5.2
AGATAATGGT__0.400159502292564__16	4.5	4.4	4.5	5.5	3.9	4.5	6.5	5.2	4.2
CGATAATGGC__0.399386931452091__17	5.5	4.4	4.5	5.5	3.9	4.5	6.5	5.2	4.7
AATTAATTCT__0.398873332594912__22	3.9	4.5	3.9	5.5	3.9	4.5	3.9	4.4	4.5
AGTTAATTTA__0.398621026817417__27	4.5	4.2	3.9	5.5	3.9	4.5	3.9	3.9	5.5
CTTTAATGAC__0.397748674742098__35	4.5	3.9	3.9	5.5	3.9	4.5	6.5	4.4	4.2
CCATAATTTG__0.397646865310765__19	5.2	6.5	4.5	5.5	3.9	4.5	3.9	3.9	6.5
CCATAATTAA__0.397582609521768__28	5.2	6.5	4.5	5.5	3.9	4.5	3.9	5.5	3.9
CATTAATTGC__0.397396196634749__25	6.5	4.5	3.9	5.5	3.9	4.5	3.9	6.5	4.7
GCATAATGAG__0.397311306108884__23	4.7	6.5	4.5	5.5	3.9	4.5	6.5	4.4	4.5
TTATAATTTG__0.39706834768513__28	3.9	5.5	4.5	5.5	3.9	4.5	3.9	3.9	6.5
CCATAATCAC__0.396963003475297__21	5.2	6.5	4.5	5.5	3.9	4.5	4.4	6.5	4.2
CCATAATGAG__0.396927152006839__22	5.2	6.5	4.5	5.5	3.9	4.5	6.5	4.4	4.5
TCCTAATTAG__0.396857484607457__22	4.4	5.2	4.5	5.5	3.9	4.5	3.9	5.5	4.5
CACTAATTTA__0.396560479726262__22	6.5	4.2	4.5	5.5	3.9	4.5	3.9	3.9	5.5
GACTAATTTG__0.396465290215115__16	4.4	4.2	4.5	5.5	3.9	4.5	3.9	3.9	6.5
GTTTAATTAT__0.395501988453194__32	4.2	3.9	3.9	5.5	3.9	4.5	3.9	5.5	4.5
AACTAATGAT__0.395444553062305__22	3.9	4.2	4.5	5.5	3.9	4.5	6.5	4.4	4.5
AAATAATAGG__0.394897248584241__19	3.9	3.9	4.5	5.5	3.9	4.5	5.5	4.5	5.2
AGTTAATAAC__0.39476476205675__31	4.5	4.2	3.9	5.5	3.9	4.5	5.5	3.9	4.2
ATATAATAGG__0.394628487418875__22	4.5	5.5	4.5	5.5	3.9	4.5	5.5	4.5	5.2
AATTAATTGA__0.393927808445263__29	3.9	4.5	3.9	5.5	3.9	4.5	3.9	6.5	4.4
AGGTAATTTG__0.393332986759469__18	4.5	5.2	4.2	5.5	3.9	4.5	3.9	3.9	6.5
CCTTAATGAC__0.393243472273411__25	5.2	4.5	3.9	5.5	3.9	4.5	6.5	4.4	4.2
CCTTAATTAG__0.392641095758809__22	5.2	4.5	3.9	5.5	3.9	4.5	3.9	5.5	4.5
CAATAATTAA__0.392467523898415__27	6.5	3.9	4.5	5.5	3.9	4.5	3.9	5.5	3.9
CACTAATTTG__0.392309242016576__18	6.5	4.2	4.5	5.5	3.9	4.5	3.9	3.9	6.5
TACTAATGAC__0.391761487307238__25	5.5	4.2	4.5	5.5	3.9	4.5	6.5	4.4	4.2
TTGTAATTGT__0.391201159308576__27	3.9	6.5	4.2	5.5	3.9	4.5	3.9	6.5	4.2
ATTTAATCAC__0.390598465708175__31	4.5	3.9	3.9	5.5	3.9	4.5	4.4	6.5	4.2
AGATAATAGT__0.390576580775713__17	4.5	4.4	4.5	5.5	3.9	4.5	5.5	4.5	4.2
GATTAATTGC__0.390197323405971__20	4.4	4.5	3.9	5.5	3.9	4.5	3.9	6.5	4.7
TGTTAATTAA__0.390126933329275__36	6.5	4.2	3.9	5.5	3.9	4.5	3.9	5.5	3.9
ATTTAATGGG__0.389575506863659__24	4.5	3.9	3.9	5.5	3.9	4.5	6.5	5.2	5.2
TACTAATTTG__0.389382721743878__20	5.5	4.2	4.5	5.5	3.9	4.5	3.9	3.9	6.5
ACATAATGGC__0.388729067775463__18	4.2	6.5	4.5	5.5	3.9	4.5	6.5	5.2	4.7
AAGTAATCAC__0.387706686877573__18	3.9	4.5	4.2	5.5	3.9	4.5	4.4	6.5	4.2
CGCTAATGAT__0.387565982909647__20	5.5	4.7	4.5	5.5	3.9	4.5	6.5	4.4	4.5
TCATAATGAC__0.387315763119252__27	4.4	6.5	4.5	5.5	3.9	4.5	6.5	4.4	4.2
AAGTAATGAC__0.386765660006188__22	3.9	4.5	4.2	5.5	3.9	4.5	6.5	4.4	4.2
GTTTAATGAC__0.386668088719765__32	4.2	3.9	3.9	5.5	3.9	4.5	6.5	4.4	4.2
CCGTAATTTG__0.386650254533825__15	5.2	5.5	4.2	5.5	3.9	4.5	3.9	3.9	6.5
CACTAATAGC__0.386536819788803__20	6.5	4.2	4.5	5.5	3.9	4.5	5.5	4.5	4.7
AGCTAATTTG__0.386466024207514__17	4.5	4.7	4.5	5.5	3.9	4.5	3.9	3.9	6.5
ACTTAATCGT__0.38642825780367__17	4.2	4.5	3.9	5.5	3.9	4.5	4.4	5.5	4.2
TCCTAATTAT__0.38592630276687__20	4.4	5.2	4.5	5.5	3.9	4.5	3.9	5.5	4.5
TTCTAATTGA__0.385875744183298__30	3.9	4.4	4.5	5.5	3.9	4.5	3.9	6.5	4.4
AGTTAATTTT__0.38546985991383__20	4.5	4.2	3.9	5.5	3.9	4.5	3.9	3.9	3.9
TTATAATTAG__0.385462151238225__26	3.9	5.5	4.5	5.5	3.9	4.5	3.9	5.5	4.5
GAATAATTAA__0.385375048471346__23	4.4	3.9	4.5	5.5	3.9	4.5	3.9	5.5	3.9
ATATAATAGC__0.38519268355317__22	4.5	5.5	4.5	5.5	3.9	4.5	5.5	4.5	4.7
GGATAATAAG__0.385032764242541__23	5.2	4.4	4.5	5.5	3.9	4.5	5.5	3.9	4.5
ATCTAATTAA__0.384962133829099__28	4.5	4.4	4.5	5.5	3.9	4.5	3.9	5.5	3.9
CTATAATGAG__0.384718168308743__22	4.5	5.5	4.5	5.5	3.9	4.5	6.5	4.4	4.5
TTATAATGAT__0.384509763876644__29	3.9	5.5	4.5	5.5	3.9	4.5	6.5	4.4	4.5
AAGTAATCAA__0.383728741196297__21	3.9	4.5	4.2	5.5	3.9	4.5	4.4	6.5	3.9
CAATAATAGC__0.383670054712004__19	6.5	3.9	4.5	5.5	3.9	4.5	5.5	4.5	4.7
GGATAATGGG__0.38363395318701__13	5.2	4.4	4.5	5.5	3.9	4.5	6.5	5.2	5.2
TGTTAATGAG__0.383346947083565__27	6.5	4.2	3.9	5.5	3.9	4.5	6.5	4.4	4.5
TTCTAATTAC__0.383253965545954__26	3.9	4.4	4.5	5.5	3.9	4.5	3.9	5.5	4.2
GTATAATGAT__0.383080581597588__23	4.2	5.5	4.5	5.5	3.9	4.5	6.5	4.4	4.5
CGATAATCAT__0.382097454986897__15	5.5	4.4	4.5	5.5	3.9	4.5	4.4	6.5	4.5
GTTTAATTTG__0.381580707232451__26	4.2	3.9	3.9	5.5	3.9	4.5	3.9	3.9	6.5
CTTTAATTAT__0.381417924074797__27	4.5	3.9	3.9	5.5	3.9	4.5	3.9	5.5	4.5
ATATAATCAC__0.381396375087078__21	4.5	5.5	4.5	5.5	3.9	4.5	4.4	6.5	4.2
TTATAATGAC__0.381053444526985__29	3.9	5.5	4.5	5.5	3.9	4.5	6.5	4.4	4.2
ACCTAATGAC__0.381001130645409__18	4.2	5.2	4.5	5.5	3.9	4.5	6.5	4.4	4.2
GCCTAATTTG__0.380914182647533__15	4.7	5.2	4.5	5.5	3.9	4.5	3.9	3.9	6.5
CAGTAATCAT__0.380896450847986__16	6.5	4.5	4.2	5.5	3.9	4.5	4.4	6.5	4.5
CAATAATCAC__0.380557859559056__18	6.5	3.9	4.5	5.5	3.9	4.5	4.4	6.5	4.2
GTATAATGAG__0.380489669216894__21	4.2	5.5	4.5	5.5	3.9	4.5	6.5	4.4	4.5
AACTAATCAT__0.38017822698972__16	3.9	4.2	4.5	5.5	3.9	4.5	4.4	6.5	4.5
CTGTAATTTA__0.38001881235045__21	4.5	6.5	4.2	5.5	3.9	4.5	3.9	3.9	5.5
AGCTAATGAG__0.379570186587253__18	4.5	4.7	4.5	5.5	3.9	4.5	6.5	4.4	4.5
AGATAATTTA__0.379043879912942__17	4.5	4.4	4.5	5.5	3.9	4.5	3.9	3.9	5.5
GCTTAATTTG__0.378715329208005__19	4.7	4.5	3.9	5.5	3.9	4.5	3.9	3.9	6.5
AAGTAATTTC__0.378713824500714__14	3.9	4.5	4.2	5.5	3.9	4.5	3.9	3.9	4.4
CTATAATGAT__0.378673467355399__22	4.5	5.5	4.5	5.5	3.9	4.5	6.5	4.4	4.5
AAATAATTAA__0.378426429988465__23	3.9	3.9	4.5	5.5	3.9	4.5	3.9	5.5	3.9
CTATAATCAC__0.378378036474519__20	4.5	5.5	4.5	5.5	3.9	4.5	4.4	6.5	4.2
GTATAATAGC__0.377845836951641__20	4.2	5.5	4.5	5.5	3.9	4.5	5.5	4.5	4.7
GAATAATGAC__0.377762362893088__18	4.4	3.9	4.5	5.5	3.9	4.5	6.5	4.4	4.2
TAGTAATTTG__0.377499866794838__18	5.5	4.5	4.2	5.5	3.9	4.5	3.9	3.9	6.5
ATATAATGAT__0.377329850667812__22	4.5	5.5	4.5	5.5	3.9	4.5	6.5	4.4	4.5
AAATAATCGC__0.377007093732136__14	3.9	3.9	4.5	5.5	3.9	4.5	4.4	5.5	4.7
GGTTAATGAC__0.376928430420211__23	5.2	4.2	3.9	5.5	3.9	4.5	6.5	4.4	4.2
AAATAATTTA__0.376879561623402__18	3.9	3.9	4.5	5.5	3.9	4.5	3.9	3.9	5.5
GAGTAATTTC__0.376865487187692__12	4.4	4.5	4.2	5.5	3.9	4.5	3.9	3.9	4.4
CACTAATAAC__0.376556592755985__23	6.5	4.2	4.5	5.5	3.9	4.5	5.5	3.9	4.2
GAGTAATTTG__0.376545663584275__14	4.4	4.5	4.2	5.5	3.9	4.5	3.9	3.9	6.5
AGCTAATGAC__0.376002533709027__19	4.5	4.7	4.5	5.5	3.9	4.5	6.5	4.4	4.2
GGATAATTTA__0.375654673055902__17	5.2	4.4	4.5	5.5	3.9	4.5	3.9	3.9	5.5
GAATAATGAG__0.375415200326055__16	4.4	3.9	4.5	5.5	3.9	4.5	6.5	4.4	4.5
TGATAATCGC__0.37529052009175__15	6.5	4.4	4.5	5.5	3.9	4.5	4.4	5.5	4.7
CAATAATGAT__0.374733621601334__19	6.5	3.9	4.5	5.5	3.9	4.5	6.5	4.4	4.5
ACTTAATTTC__0.374647842081343__16	4.2	4.5	3.9	5.5	3.9	4.5	3.9	3.9	4.4
ATTTAATAGG__0.374606565974383__24	4.5	3.9	3.9	5.5	3.9	4.5	5.5	4.5	5.2
GTGTAATCAT__0.374264263346721__18	4.2	6.5	4.2	5.5	3.9	4.5	4.4	6.5	4.5
GTCTAATTAA__0.374257883225866__25	4.2	4.4	4.5	5.5	3.9	4.5	3.9	5.5	3.9
AATTAATTTG__0.374135780189337__19	3.9	4.5	3.9	5.5	3.9	4.5	3.9	3.9	6.5
ACTTAATGGC__0.374086115844715__17	4.2	4.5	3.9	5.5	3.9	4.5	6.5	5.2	4.7
CCATAATGAC__0.373971507032594__19	5.2	6.5	4.5	5.5	3.9	4.5	6.5	4.4	4.2
TCATAATTAA__0.373866555205477__26	4.4	6.5	4.5	5.5	3.9	4.5	3.9	5.5	3.9
AGTTAATGGT__0.373728712981929__16	4.5	4.2	3.9	5.5	3.9	4.5	6.5	5.2	4.2
CTATAATAAC__0.373654996551015__24	4.5	5.5	4.5	5.5	3.9	4.5	5.5	3.9	4.2
TGTTAATGGG__0.373549591552049__19	6.5	4.2	3.9	5.5	3.9	4.5	6.5	5.2	5.2
GGATAATGGC__0.373499970998995__14	5.2	4.4	4.5	5.5	3.9	4.5	6.5	5.2	4.7
CAATAATTTG__0.373448281238508__15	6.5	3.9	4.5	5.5	3.9	4.5	3.9	3.9	6.5
CGCTAATGAG__0.372985012179801__16	5.5	4.7	4.5	5.5	3.9	4.5	6.5	4.4	4.5
CGCTAATAGG__0.372740790614267__15	5.5	4.7	4.5	5.5	3.9	4.5	5.5	4.5	5.2
GTGTAATTTC__0.372687095943336__16	4.2	6.5	4.2	5.5	3.9	4.5	3.9	3.9	4.4
CAGTAATGAG__0.372295283822999__17	6.5	4.5	4.2	5.5	3.9	4.5	6.5	4.4	4.5
TGATAATGGC__0.37219773501307__16	6.5	4.4	4.5	5.5	3.9	4.5	6.5	5.2	4.7
CGATAATTCG__0.372048810617922__10	5.5	4.4	4.5	5.5	3.9	4.5	3.9	4.4	5.5
AGTTAATTTC__0.37164564613822__16	4.5	4.2	3.9	5.5	3.9	4.5	3.9	3.9	4.4
TTATAATGAG__0.371607106885838__24	3.9	5.5	4.5	5.5	3.9	4.5	6.5	4.4	4.5
AATTAATTCG__0.37159148266681__16	3.9	4.5	3.9	5.5	3.9	4.5	3.9	4.4	5.5
ACCTAATCAC__0.371116668952664__14	4.2	5.2	4.5	5.5	3.9	4.5	4.4	6.5	4.2
CGTTAATAAC__0.37089236797111__23	5.5	4.2	3.9	5.5	3.9	4.5	5.5	3.9	4.2
ATATAATCGT__0.37085777831956__15	4.5	5.5	4.5	5.5	3.9	4.5	4.4	5.5	4.2
ATTTAATCGT__0.370824488339394__21	4.5	3.9	3.9	5.5	3.9	4.5	4.4	5.5	4.2
GGCTAATTTG__0.370691863745539__14	5.2	4.7	4.5	5.5	3.9	4.5	3.9	3.9	6.5
TTTTAATGAG__0.370687506795126__33	3.9	3.9	3.9	5.5	3.9	4.5	6.5	4.4	4.5
GGCTAATGAG__0.370677236369652__16	5.2	4.7	4.5	5.5	3.9	4.5	6.5	4.4	4.5
TGTTAATTTG__0.370579626139923__22	6.5	4.2	3.9	5.5	3.9	4.5	3.9	3.9	6.5
CGCTAATTTA__0.370225717431678__16	5.5	4.7	4.5	5.5	3.9	4.5	3.9	3.9	5.5
GGTTAATTAA__0.370208197674353__25	5.2	4.2	3.9	5.5	3.9	4.5	3.9	5.5	3.9
CAATAATAAC__0.370136569930868__21	6.5	3.9	4.5	5.5	3.9	4.5	5.5	3.9	4.2
GTATAATTTA__0.370134795789399__19	4.2	5.5	4.5	5.5	3.9	4.5	3.9	3.9	5.5
TTCTAATTAG__0.370094665771227__22	3.9	4.4	4.5	5.5	3.9	4.5	3.9	5.5	4.5
CTTTAATGAG__0.370087633167615__24	4.5	3.9	3.9	5.5	3.9	4.5	6.5	4.4	4.5
ATTTAATTCG__0.369953206548275__21	4.5	3.9	3.9	5.5	3.9	4.5	3.9	4.4	5.5
ATGTAATGGG__0.369520413240791__15	4.5	6.5	4.2	5.5	3.9	4.5	6.5	5.2	5.2
GGATAATAAC__0.36910530213278__20	5.2	4.4	4.5	5.5	3.9	4.5	5.5	3.9	4.2
AAGTAATTTT__0.368976424593115__14	3.9	4.5	4.2	5.5	3.9	4.5	3.9	3.9	3.9
GCTTAATTAA__0.368964738018172__24	4.7	4.5	3.9	5.5	3.9	4.5	3.9	5.5	3.9
ATTTAATTTA__0.368660433018608__26	4.5	3.9	3.9	5.5	3.9	4.5	3.9	3.9	5.5
AGATAATGAA__0.368481340584302__22	4.5	4.4	4.5	5.5	3.9	4.5	6.5	4.4	3.9
TTCTAATTAT__0.368102431445724__22	3.9	4.4	4.5	5.5	3.9	4.5	3.9	5.5	4.5
ACATAATTCG__0.368063482812473__12	4.2	6.5	4.5	5.5	3.9	4.5	3.9	4.4	5.5
ACTTAATCAT__0.367868791263328__17	4.2	4.5	3.9	5.5	3.9	4.5	4.4	6.5	4.5
GCGTAATCAT__0.367735249504706__14	4.7	5.5	4.2	5.5	3.9	4.5	4.4	6.5	4.5
CCATAATCGT__0.367711552552412__12	5.2	6.5	4.5	5.5	3.9	4.5	4.4	5.5	4.2
AACTAATGGG__0.367632841574603__11	3.9	4.2	4.5	5.5	3.9	4.5	6.5	5.2	5.2
TGCTAATGAC__0.367572515808185__20	6.5	4.7	4.5	5.5	3.9	4.5	6.5	4.4	4.2
GACTAATCAC__0.367553335956941__13	4.4	4.2	4.5	5.5	3.9	4.5	4.4	6.5	4.2
GTTTAATGAT__0.366838945271744__25	4.2	3.9	3.9	5.5	3.9	4.5	6.5	4.4	4.5
TTTTAATTAT__0.366817970793665__32	3.9	3.9	3.9	5.5	3.9	4.5	3.9	5.5	4.5
CGGTAATGGG__0.366770202411784__11	5.5	5.2	4.2	5.5	3.9	4.5	6.5	5.2	5.2
TCGTAATTTG__0.366722587987757__15	4.4	5.5	4.2	5.5	3.9	4.5	3.9	3.9	6.5
ACATAATCGC__0.366489609955331__13	4.2	6.5	4.5	5.5	3.9	4.5	4.4	5.5	4.7
CGTTAATCAC__0.366446621306408__17	5.5	4.2	3.9	5.5	3.9	4.5	4.4	6.5	4.2
AGTTAATCGC__0.366428424243169__15	4.5	4.2	3.9	5.5	3.9	4.5	4.4	5.5	4.7
AGTTAATAGT__0.366284387156156__17	4.5	4.2	3.9	5.5	3.9	4.5	5.5	4.5	4.2
GGTTAATTTG__0.365892109520149__17	5.2	4.2	3.9	5.5	3.9	4.5	3.9	3.9	6.5
ATATAATCGC__0.365850359799269__15	4.5	5.5	4.5	5.5	3.9	4.5	4.4	5.5	4.7
CCCTAATGAC__0.365655551210896__15	5.2	5.2	4.5	5.5	3.9	4.5	6.5	4.4	4.2
GCTTAATGAG__0.365080326140813__18	4.7	4.5	3.9	5.5	3.9	4.5	6.5	4.4	4.5
AGCTAATTTC__0.364787708784634__12	4.5	4.7	4.5	5.5	3.9	4.5	3.9	3.9	4.4
AAATAATCAA__0.364589251186982__18	3.9	3.9	4.5	5.5	3.9	4.5	4.4	6.5	3.9
TGATAATAGG__0.364441844807088__15	6.5	4.4	4.5	5.5	3.9	4.5	5.5	4.5	5.2
CAATAATAGG__0.364357309656815__14	6.5	3.9	4.5	5.5	3.9	4.5	5.5	4.5	5.2
CGATAATGTG__0.364185928064614__12	5.5	4.4	4.5	5.5	3.9	4.5	6.5	4.2	6.5
TCATAATTTG__0.363955074715884__17	4.4	6.5	4.5	5.5	3.9	4.5	3.9	3.9	6.5
AGGTAATCAT__0.363885445980777__13	4.5	5.2	4.2	5.5	3.9	4.5	4.4	6.5	4.5
CGTTAATAGC__0.3638190112304__17	5.5	4.2	3.9	5.5	3.9	4.5	5.5	4.5	4.7
AAATAATTCG__0.363690215557468__11	3.9	3.9	4.5	5.5	3.9	4.5	3.9	4.4	5.5
GGATAATAGG__0.363666906413057__13	5.2	4.4	4.5	5.5	3.9	4.5	5.5	4.5	5.2
CACTAATGGG__0.363557910919163__11	6.5	4.2	4.5	5.5	3.9	4.5	6.5	5.2	5.2
AACTAATTTA__0.36336619234144__15	3.9	4.2	4.5	5.5	3.9	4.5	3.9	3.9	5.5
TAGTAATTTA__0.363301994232745__18	5.5	4.5	4.2	5.5	3.9	4.5	3.9	3.9	5.5
TATTAATTGG__0.363298334545864__20	5.5	4.5	3.9	5.5	3.9	4.5	3.9	6.5	5.2
GGGTAATGGG__0.363261144963481__11	5.2	5.2	4.2	5.5	3.9	4.5	6.5	5.2	5.2
ACTTAATTTA__0.363132330817944__18	4.2	4.5	3.9	5.5	3.9	4.5	3.9	3.9	5.5
CGATAATCGC__0.363043845776345__10	5.5	4.4	4.5	5.5	3.9	4.5	4.4	5.5	4.7
GGATAATTTT__0.362866166496503__12	5.2	4.4	4.5	5.5	3.9	4.5	3.9	3.9	3.9
AGCTAATGAT__0.362232075684959__16	4.5	4.7	4.5	5.5	3.9	4.5	6.5	4.4	4.5
AGGTAATGAG__0.362133000643406__15	4.5	5.2	4.2	5.5	3.9	4.5	6.5	4.4	4.5
GGTTAATGAT__0.361951608903422__19	5.2	4.2	3.9	5.5	3.9	4.5	6.5	4.4	4.5
CGATAATAAG__0.361934254364618__17	5.5	4.4	4.5	5.5	3.9	4.5	5.5	3.9	4.5
ACATAATAGT__0.3616854075013__14	4.2	6.5	4.5	5.5	3.9	4.5	5.5	4.5	4.2
CGATAATTCC__0.361317543692856__10	5.5	4.4	4.5	5.5	3.9	4.5	3.9	4.4	5.2
CGTTAATAGG__0.361276927421064__15	5.5	4.2	3.9	5.5	3.9	4.5	5.5	4.5	5.2
ATATAATGGG__0.361144540165816__13	4.5	5.5	4.5	5.5	3.9	4.5	6.5	5.2	5.2
AGATAATGTG__0.360973719904091__12	4.5	4.4	4.5	5.5	3.9	4.5	6.5	4.2	6.5
GGGTAATTTA__0.360454398861288__15	5.2	5.2	4.2	5.5	3.9	4.5	3.9	3.9	5.5
ACGTAATCGT__0.36043125902201__10	4.2	5.5	4.2	5.5	3.9	4.5	4.4	5.5	4.2
TGTTAATGAC__0.360179749079888__23	6.5	4.2	3.9	5.5	3.9	4.5	6.5	4.4	4.2
ACTTAATAAG__0.359761719705101__20	4.2	4.5	3.9	5.5	3.9	4.5	5.5	3.9	4.5
CAATAATGGG__0.359738163347526__11	6.5	3.9	4.5	5.5	3.9	4.5	6.5	5.2	5.2
AGATAATGGA__0.359452697606392__13	4.5	4.4	4.5	5.5	3.9	4.5	6.5	5.2	4.4
TTTTAATTTG__0.359106992680672__28	3.9	3.9	3.9	5.5	3.9	4.5	3.9	3.9	6.5
ATCTAATTTG__0.358961185756531__15	4.5	4.4	4.5	5.5	3.9	4.5	3.9	3.9	6.5
ATTTAATGGC__0.35872653598202__20	4.5	3.9	3.9	5.5	3.9	4.5	6.5	5.2	4.7
AATTAATTCC__0.358583646793277__15	3.9	4.5	3.9	5.5	3.9	4.5	3.9	4.4	5.2
AGTTAATCGT__0.358471992783671__13	4.5	4.2	3.9	5.5	3.9	4.5	4.4	5.5	4.2
TACTAATGAG__0.358444628377276__16	5.5	4.2	4.5	5.5	3.9	4.5	6.5	4.4	4.5
CAGTAATGAC__0.358396575627419__16	6.5	4.5	4.2	5.5	3.9	4.5	6.5	4.4	4.2
ATGTAATGAC__0.358114135701__19	4.5	6.5	4.2	5.5	3.9	4.5	6.5	4.4	4.2
TGATAATTTC__0.357925987626667__12	6.5	4.4	4.5	5.5	3.9	4.5	3.9	3.9	4.4
GTGTAATGAG__0.357491185756527__17	4.2	6.5	4.2	5.5	3.9	4.5	6.5	4.4	4.5
ATTTAATCGC__0.357392750607568__19	4.5	3.9	3.9	5.5	3.9	4.5	4.4	5.5	4.7
GCGTAATGAC__0.357334051491714__16	4.7	5.5	4.2	5.5	3.9	4.5	6.5	4.4	4.2
ACCTAATTTG__0.357236335375812__11	4.2	5.2	4.5	5.5	3.9	4.5	3.9	3.9	6.5
TGCTAATTTA__0.357182850188572__17	6.5	4.7	4.5	5.5	3.9	4.5	3.9	3.9	5.5
GCTTAATGAC__0.356920542643182__18	4.7	4.5	3.9	5.5	3.9	4.5	6.5	4.4	4.2
CCATAATAGC__0.356798359980557__14	5.2	6.5	4.5	5.5	3.9	4.5	5.5	4.5	4.7
TCCTAATTAA__0.356436914769457__19	4.4	5.2	4.5	5.5	3.9	4.5	3.9	5.5	3.9
TGATAATAGT__0.356400947991915__14	6.5	4.4	4.5	5.5	3.9	4.5	5.5	4.5	4.2
GGGTAATGAG__0.356399411210265__14	5.2	5.2	4.2	5.5	3.9	4.5	6.5	4.4	4.5
CGGTAATCAC__0.356317560775611__12	5.5	5.2	4.2	5.5	3.9	4.5	4.4	6.5	4.2
ATGTAATCAT__0.356186773176442__15	4.5	6.5	4.2	5.5	3.9	4.5	4.4	6.5	4.5
ACGTAATAAC__0.354915113269616__18	4.2	5.5	4.2	5.5	3.9	4.5	5.5	3.9	4.2
CATTAATTGT__0.354907188016229__16	6.5	4.5	3.9	5.5	3.9	4.5	3.9	6.5	4.2
ACGTAATCGC__0.354903770100994__10	4.2	5.5	4.2	5.5	3.9	4.5	4.4	5.5	4.7
TGATAATAAC__0.354902829198325__19	6.5	4.4	4.5	5.5	3.9	4.5	5.5	3.9	4.2
GTGTAATCAC__0.354765979015059__15	4.2	6.5	4.2	5.5	3.9	4.5	4.4	6.5	4.2
CACTAATCGT__0.354584452174763__10	6.5	4.2	4.5	5.5	3.9	4.5	4.4	5.5	4.2
ACGTAATGGG__0.354113768834257__10	4.2	5.5	4.2	5.5	3.9	4.5	6.5	5.2	5.2
AGCTAATTTA__0.353757442061826__14	4.5	4.7	4.5	5.5	3.9	4.5	3.9	3.9	5.5
TCCTAATTTG__0.353707183087208__13	4.4	5.2	4.5	5.5	3.9	4.5	3.9	3.9	6.5
ATATAATCAT__0.353464951033421__15	4.5	5.5	4.5	5.5	3.9	4.5	4.4	6.5	4.5
AAGTAATGAG__0.353455577330918__14	3.9	4.5	4.2	5.5	3.9	4.5	6.5	4.4	4.5
ATATAATGGC__0.353295244823332__14	4.5	5.5	4.5	5.5	3.9	4.5	6.5	5.2	4.7
GACTAATGAC__0.353144244641834__13	4.4	4.2	4.5	5.5	3.9	4.5	6.5	4.4	4.2
ATATAATTTA__0.353002710028787__16	4.5	5.5	4.5	5.5	3.9	4.5	3.9	3.9	5.5
GACTAATTTA__0.352688547666876__12	4.4	4.2	4.5	5.5	3.9	4.5	3.9	3.9	5.5
CAGTAATTTA__0.352628648484185__14	6.5	4.5	4.2	5.5	3.9	4.5	3.9	3.9	5.5
TGATAATCGT__0.352476166138609__11	6.5	4.4	4.5	5.5	3.9	4.5	4.4	5.5	4.2
GTATAATCAC__0.352473167920125__15	4.2	5.5	4.5	5.5	3.9	4.5	4.4	6.5	4.2
GGCTAATGAT__0.352247243589995__14	5.2	4.7	4.5	5.5	3.9	4.5	6.5	4.4	4.5
TGCTAATCGT__0.352060110806558__12	6.5	4.7	4.5	5.5	3.9	4.5	4.4	5.5	4.2
CGTTAATCAT__0.351966535554671__14	5.5	4.2	3.9	5.5	3.9	4.5	4.4	6.5	4.5
CACTAATAAG__0.351951943719882__17	6.5	4.2	4.5	5.5	3.9	4.5	5.5	3.9	4.5
AAATAATCGT__0.351797224170199__10	3.9	3.9	4.5	5.5	3.9	4.5	4.4	5.5	4.2
AAGTAATGGG__0.35160842432677__10	3.9	4.5	4.2	5.5	3.9	4.5	6.5	5.2	5.2
AGATAATTTC__0.351543723325424__9	4.5	4.4	4.5	5.5	3.9	4.5	3.9	3.9	4.4
TGATAATCAC__0.351351981487018__14	6.5	4.4	4.5	5.5	3.9	4.5	4.4	6.5	4.2
CAGTAATCAC__0.351294800327938__12	6.5	4.5	4.2	5.5	3.9	4.5	4.4	6.5	4.2
ACCTAATTTC__0.351116560868796__9	4.2	5.2	4.5	5.5	3.9	4.5	3.9	3.9	4.4
CCCTAATTTG__0.350923995397918__10	5.2	5.2	4.5	5.5	3.9	4.5	3.9	3.9	6.5
AACTAATCGT__0.350160714158279__9	3.9	4.2	4.5	5.5	3.9	4.5	4.4	5.5	4.2
AGATAATTTT__0.350134269084647__10	4.5	4.4	4.5	5.5	3.9	4.5	3.9	3.9	3.9
CCTTAATAAC__0.350092573085923__18	5.2	4.5	3.9	5.5	3.9	4.5	5.5	3.9	4.2
CGATAATTTA__0.35002191065344__12	5.5	4.4	4.5	5.5	3.9	4.5	3.9	3.9	5.5
CCTTAATTTG__0.349764898254278__13	5.2	4.5	3.9	5.5	3.9	4.5	3.9	3.9	6.5
ACGTAATGAT__0.349587050637069__14	4.2	5.5	4.2	5.5	3.9	4.5	6.5	4.4	4.5
ATATAATAAG__0.34958639977066__18	4.5	5.5	4.5	5.5	3.9	4.5	5.5	3.9	4.5
GGCTAATTTA__0.349406400706884__13	5.2	4.7	4.5	5.5	3.9	4.5	3.9	3.9	5.5
GTATAATCAT__0.349299906421816__14	4.2	5.5	4.5	5.5	3.9	4.5	4.4	6.5	4.5
CACTAATCGC__0.349181044804123__10	6.5	4.2	4.5	5.5	3.9	4.5	4.4	5.5	4.7
ACGTAATGAG__0.349170322035326__13	4.2	5.5	4.2	5.5	3.9	4.5	6.5	4.4	4.5
GGCTAATCAC__0.349110120585739__12	5.2	4.7	4.5	5.5	3.9	4.5	4.4	6.5	4.2
ATTTAATAAG__0.349014005793508__23	4.5	3.9	3.9	5.5	3.9	4.5	5.5	3.9	4.5
GAATAATTTA__0.348963876954074__12	4.4	3.9	4.5	5.5	3.9	4.5	3.9	3.9	5.5
TCATAATAGC__0.348795242954787__16	4.4	6.5	4.5	5.5	3.9	4.5	5.5	4.5	4.7
CAATAATAAG__0.348592405976222__16	6.5	3.9	4.5	5.5	3.9	4.5	5.5	3.9	4.5
AAATAATCAG__0.348478483981643__11	3.9	3.9	4.5	5.5	3.9	4.5	4.4	6.5	4.5
AGATAATTCC__0.348350581356412__9	4.5	4.4	4.5	5.5	3.9	4.5	3.9	4.4	5.2
TGATAATCAT__0.347958650408921__13	6.5	4.4	4.5	5.5	3.9	4.5	4.4	6.5	4.5
CTATAATGGG__0.34790379486354__11	4.5	5.5	4.5	5.5	3.9	4.5	6.5	5.2	5.2
GAATAATCAC__0.347886545421268__11	4.4	3.9	4.5	5.5	3.9	4.5	4.4	6.5	4.2
GCATAATCAC__0.347842188867508__13	4.7	6.5	4.5	5.5	3.9	4.5	4.4	6.5	4.2
GGATAATTTC__0.347793812498489__9	5.2	4.4	4.5	5.5	3.9	4.5	3.9	3.9	4.4
CTCTAATTTG__0.347702379014061__12	4.5	4.4	4.5	5.5	3.9	4.5	3.9	3.9	6.5
GCGTAATTTT__0.347652097704091__11	4.7	5.5	4.2	5.5	3.9	4.5	3.9	3.9	3.9
CCGTAATCAC__0.347605516023055__10	5.2	5.5	4.2	5.5	3.9	4.5	4.4	6.5	4.2
CGATAATGGA__0.347405105237974__11	5.5	4.4	4.5	5.5	3.9	4.5	6.5	5.2	4.4
ACGTAATTTG__0.347300498088342__11	4.2	5.5	4.2	5.5	3.9	4.5	3.9	3.9	6.5
GCGTAATGAG__0.34713577394171__13	4.7	5.5	4.2	5.5	3.9	4.5	6.5	4.4	4.5
GTGTAATTTT__0.346988161262196__13	4.2	6.5	4.2	5.5	3.9	4.5	3.9	3.9	3.9
GGATAATCAT__0.346854617972865__11	5.2	4.4	4.5	5.5	3.9	4.5	4.4	6.5	4.5
AAATAATTCC__0.346796492502619__10	3.9	3.9	4.5	5.5	3.9	4.5	3.9	4.4	5.2
AGCTAATAGC__0.346614721936879__13	4.5	4.7	4.5	5.5	3.9	4.5	5.5	4.5	4.7
ATTTAATGGT__0.346098279460406__16	4.5	3.9	3.9	5.5	3.9	4.5	6.5	5.2	4.2
CACTAATTCC__0.345962451989183__10	6.5	4.2	4.5	5.5	3.9	4.5	3.9	4.4	5.2
GGATAATCGC__0.345748328537463__9	5.2	4.4	4.5	5.5	3.9	4.5	4.4	5.5	4.7
AATTAATTTA__0.345740793299811__16	3.9	4.5	3.9	5.5	3.9	4.5	3.9	3.9	5.5
CGATAATTCA__0.345559478509946__10	5.5	4.4	4.5	5.5	3.9	4.5	3.9	4.4	6.5
GCGTAATTTA__0.345080730000059__13	4.7	5.5	4.2	5.5	3.9	4.5	3.9	3.9	5.5
CGGTAATTTT__0.34497011858673__10	5.5	5.2	4.2	5.5	3.9	4.5	3.9	3.9	3.9
AAGTAATTCG__0.344874240354909__9	3.9	4.5	4.2	5.5	3.9	4.5	3.9	4.4	5.5
TTATAATTAT__0.344782254214629__17	3.9	5.5	4.5	5.5	3.9	4.5	3.9	5.5	4.5
GCTTAATCAC__0.344768189312399__14	4.7	4.5	3.9	5.5	3.9	4.5	4.4	6.5	4.2
ACCTAATGAG__0.344745833206957__11	4.2	5.2	4.5	5.5	3.9	4.5	6.5	4.4	4.5
TTTTAATAGC__0.344599402795784__25	3.9	3.9	3.9	5.5	3.9	4.5	5.5	4.5	4.7
TTATAATAGG__0.344541771108525__16	3.9	5.5	4.5	5.5	3.9	4.5	5.5	4.5	5.2
CTTTAATCAC__0.34437143702689__18	4.5	3.9	3.9	5.5	3.9	4.5	4.4	6.5	4.2
CCCTAATTTA__0.344289551204849__11	5.2	5.2	4.5	5.5	3.9	4.5	3.9	3.9	5.5
AAATAATAAG__0.344288345616859__15	3.9	3.9	4.5	5.5	3.9	4.5	5.5	3.9	4.5
CTTTAATGGG__0.344036163849922__14	4.5	3.9	3.9	5.5	3.9	4.5	6.5	5.2	5.2
AGATAATAGA__0.344004938900719__14	4.5	4.4	4.5	5.5	3.9	4.5	5.5	4.5	4.4
AGATAATCGA__0.3438240028514__10	4.5	4.4	4.5	5.5	3.9	4.5	4.4	5.5	4.4
CCTTAATCAC__0.343665533091854__13	5.2	4.5	3.9	5.5	3.9	4.5	4.4	6.5	4.2
ACGTAATAGG__0.343530479829105__11	4.2	5.5	4.2	5.5	3.9	4.5	5.5	4.5	5.2
CCATAATGGG__0.343383549368683__9	5.2	6.5	4.5	5.5	3.9	4.5	6.5	5.2	5.2
AGGTAATGAT__0.343265140641472__13	4.5	5.2	4.2	5.5	3.9	4.5	6.5	4.4	4.5
TACTAATCAC__0.342936367133992__13	5.5	4.2	4.5	5.5	3.9	4.5	4.4	6.5	4.2
TGATAATAAG__0.342714282608668__16	6.5	4.4	4.5	5.5	3.9	4.5	5.5	3.9	4.5
CGTTAATGGG__0.342616673346868__10	5.5	4.2	3.9	5.5	3.9	4.5	6.5	5.2	5.2
ACCTAATTTA__0.342548088413472__11	4.2	5.2	4.5	5.5	3.9	4.5	3.9	3.9	5.5
GGTTAATCAC__0.342485027750297__14	5.2	4.2	3.9	5.5	3.9	4.5	4.4	6.5	4.2
GATTAATTGA__0.342470803096097__15	4.4	4.5	3.9	5.5	3.9	4.5	3.9	6.5	4.4
ACGTAATAGC__0.342378777585213__12	4.2	5.5	4.2	5.5	3.9	4.5	5.5	4.5	4.7
AGGTAATTTT__0.342088082654806__10	4.5	5.2	4.2	5.5	3.9	4.5	3.9	3.9	3.9
ACTTAATTTT__0.34200949854915__12	4.2	4.5	3.9	5.5	3.9	4.5	3.9	3.9	3.9
TCATAATGAG__0.341970209827132__15	4.4	6.5	4.5	5.5	3.9	4.5	6.5	4.4	4.5
GCATAATGGC__0.341887253827418__11	4.7	6.5	4.5	5.5	3.9	4.5	6.5	5.2	4.7
ACTTAATCGC__0.34182706116159__11	4.2	4.5	3.9	5.5	3.9	4.5	4.4	5.5	4.7
ATATAATAAC__0.341668835119253__17	4.5	5.5	4.5	5.5	3.9	4.5	5.5	3.9	4.2
CGCTAATAAC__0.341599654328584__15	5.5	4.7	4.5	5.5	3.9	4.5	5.5	3.9	4.2
ACGTAATTTC__0.341573147744721__9	4.2	5.5	4.2	5.5	3.9	4.5	3.9	3.9	4.4
AGTTAATCAT__0.341235235277855__13	4.5	4.2	3.9	5.5	3.9	4.5	4.4	6.5	4.5
GCGTAATGAT__0.341189595979801__13	4.7	5.5	4.2	5.5	3.9	4.5	6.5	4.4	4.5
CTCTAATTAA__0.341119276533783__16	4.5	4.4	4.5	5.5	3.9	4.5	3.9	5.5	3.9
ATCTAATTTT__0.341114511844287__12	4.5	4.4	4.5	5.5	3.9	4.5	3.9	3.9	3.9
AAATAATTTT__0.341056911091729__10	3.9	3.9	4.5	5.5	3.9	4.5	3.9	3.9	3.9
ATGTAATCAC__0.340977063241438__13	4.5	6.5	4.2	5.5	3.9	4.5	4.4	6.5	4.2
GACTAATAAC__0.34075287938777__14	4.4	4.2	4.5	5.5	3.9	4.5	5.5	3.9	4.2
GGGTAATCAT__0.340712470542066__10	5.2	5.2	4.2	5.5	3.9	4.5	4.4	6.5	4.5
AAATAATTTC__0.340387448048618__9	3.9	3.9	4.5	5.5	3.9	4.5	3.9	3.9	4.4
ATTTAATTAA__0.340337647783735__22	4.5	3.9	3.9	5.5	3.9	4.5	3.9	5.5	3.9
TGATAATCGG__0.340292949016484__9	6.5	4.4	4.5	5.5	3.9	4.5	4.4	5.5	5.2
ACGTAATCAT__0.340111156684258__10	4.2	5.5	4.2	5.5	3.9	4.5	4.4	6.5	4.5
GTATAATGGG__0.340094630510997__10	4.2	5.5	4.5	5.5	3.9	4.5	6.5	5.2	5.2
GACTAATGAT__0.340014664381228__11	4.4	4.2	4.5	5.5	3.9	4.5	6.5	4.4	4.5
CGTTAATCGT__0.33995908355717__10	5.5	4.2	3.9	5.5	3.9	4.5	4.4	5.5	4.2
CGATAATAGA__0.33973239746551__13	5.5	4.4	4.5	5.5	3.9	4.5	5.5	4.5	4.4
TTTTAATCAC__0.339732121709971__24	3.9	3.9	3.9	5.5	3.9	4.5	4.4	6.5	4.2
CACTAATTTC__0.33943109019787__9	6.5	4.2	4.5	5.5	3.9	4.5	3.9	3.9	4.4
GAATAATTTG__0.339395370084554__9	4.4	3.9	4.5	5.5	3.9	4.5	3.9	3.9	6.5
ATGTAATGAG__0.339341012926105__14	4.5	6.5	4.2	5.5	3.9	4.5	6.5	4.4	4.5
CAATAATTTA__0.339168557941077__12	6.5	3.9	4.5	5.5	3.9	4.5	3.9	3.9	5.5
CGGTAATGAT__0.339113946670531__12	5.5	5.2	4.2	5.5	3.9	4.5	6.5	4.4	4.5
TTATAATAAG__0.338882759439007__19	3.9	5.5	4.5	5.5	3.9	4.5	5.5	3.9	4.5
ATGTAATTTT__0.338805657846684__12	4.5	6.5	4.2	5.5	3.9	4.5	3.9	3.9	3.9
AATTAATGAG__0.338769293176167__14	3.9	4.5	3.9	5.5	3.9	4.5	6.5	4.4	4.5
TGCTAATGAT__0.338742986487199__14	6.5	4.7	4.5	5.5	3.9	4.5	6.5	4.4	4.5
ATATAATTCG__0.338691757175106__10	4.5	5.5	4.5	5.5	3.9	4.5	3.9	4.4	5.5
GAGTAATTTA__0.338675638396892__11	4.4	4.5	4.2	5.5	3.9	4.5	3.9	3.9	5.5
CGCTAATAAG__0.338405734775669__14	5.5	4.7	4.5	5.5	3.9	4.5	5.5	3.9	4.5
TCTTAATTTG__0.338321346886826__15	4.4	4.5	3.9	5.5	3.9	4.5	3.9	3.9	6.5
TGCTAATAAC__0.338314974757165__17	6.5	4.7	4.5	5.5	3.9	4.5	5.5	3.9	4.2
TCTTAATTAT__0.338249342857343__16	4.4	4.5	3.9	5.5	3.9	4.5	3.9	5.5	4.5
CCCTAATGAG__0.338160768316224__10	5.2	5.2	4.5	5.5	3.9	4.5	6.5	4.4	4.5
TCTTAATGAG__0.33804420465285__16	4.4	4.5	3.9	5.5	3.9	4.5	6.5	4.4	4.5
ATTTAATAAC__0.337888985639441__21	4.5	3.9	3.9	5.5	3.9	4.5	5.5	3.9	4.2
GTATAATCAA__0.337797123417491__15	4.2	5.5	4.5	5.5	3.9	4.5	4.4	6.5	3.9
GCTTAATAGG__0.337642243658126__12	4.7	4.5	3.9	5.5	3.9	4.5	5.5	4.5	5.2
TTATAATCAT__0.337428295620655__16	3.9	5.5	4.5	5.5	3.9	4.5	4.4	6.5	4.5
CGGTAATGAC__0.337361556702727__12	5.5	5.2	4.2	5.5	3.9	4.5	6.5	4.4	4.2
AAGTAATAAC__0.337204089455801__15	3.9	4.5	4.2	5.5	3.9	4.5	5.5	3.9	4.2
GGGTAATGAT__0.337053422845214__12	5.2	5.2	4.2	5.5	3.9	4.5	6.5	4.4	4.5
ACGTAATCAC__0.336996818172861__10	4.2	5.5	4.2	5.5	3.9	4.5	4.4	6.5	4.2
ACTTAATTCA__0.336717486624478__12	4.2	4.5	3.9	5.5	3.9	4.5	3.9	4.4	6.5
CCGTAATGAC__0.336452107325144__11	5.2	5.5	4.2	5.5	3.9	4.5	6.5	4.4	4.2
CCTTAATGAT__0.336315575132949__13	5.2	4.5	3.9	5.5	3.9	4.5	6.5	4.4	4.5
CTGTAATCAT__0.336018173561705__11	4.5	6.5	4.2	5.5	3.9	4.5	4.4	6.5	4.5
GACTAATAGC__0.336013544894328__10	4.4	4.2	4.5	5.5	3.9	4.5	5.5	4.5	4.7
AACTAATAGG__0.335929840235838__10	3.9	4.2	4.5	5.5	3.9	4.5	5.5	4.5	5.2
ATCTAATGAC__0.335660460543505__14	4.5	4.4	4.5	5.5	3.9	4.5	6.5	4.4	4.2
TGTTAATAGC__0.335657214624703__16	6.5	4.2	3.9	5.5	3.9	4.5	5.5	4.5	4.7
CGCTAATCAC__0.335485236428341__10	5.5	4.7	4.5	5.5	3.9	4.5	4.4	6.5	4.2
AGGTAATAGC__0.33513402793634__11	4.5	5.2	4.2	5.5	3.9	4.5	5.5	4.5	4.7
CTTTAATGAT__0.335009066440942__17	4.5	3.9	3.9	5.5	3.9	4.5	6.5	4.4	4.5
CTTTAATTAA__0.334936490227717__20	4.5	3.9	3.9	5.5	3.9	4.5	3.9	5.5	3.9
CACTAATCAT__0.334768504574443__10	6.5	4.2	4.5	5.5	3.9	4.5	4.4	6.5	4.5
TGATAATCGA__0.334744094961646__11	6.5	4.4	4.5	5.5	3.9	4.5	4.4	5.5	4.4
AAATAATAGT__0.334657481252802__10	3.9	3.9	4.5	5.5	3.9	4.5	5.5	4.5	4.2
TCTTAATTAG__0.334617403163935__15	4.4	4.5	3.9	5.5	3.9	4.5	3.9	5.5	4.5
ACATAATGGT__0.334604785903614__9	4.2	6.5	4.5	5.5	3.9	4.5	6.5	5.2	4.2
TTATAATTTA__0.334444054170294__16	3.9	5.5	4.5	5.5	3.9	4.5	3.9	3.9	5.5
CAGTAATAGC__0.334133662922249__11	6.5	4.5	4.2	5.5	3.9	4.5	5.5	4.5	4.7
AATTAATTTC__0.333918169972596__11	3.9	4.5	3.9	5.5	3.9	4.5	3.9	3.9	4.4
ATCTAATTTA__0.333879783982585__13	4.5	4.4	4.5	5.5	3.9	4.5	3.9	3.9	5.5
AGATAATTCA__0.333818097990709__9	4.5	4.4	4.5	5.5	3.9	4.5	3.9	4.4	6.5
ACTTAATCGG__0.333717970017255__9	4.2	4.5	3.9	5.5	3.9	4.5	4.4	5.5	5.2
CACTAATCAG__0.333406871301472__9	6.5	4.2	4.5	5.5	3.9	4.5	4.4	6.5	4.5
GTATAATAGG__0.333392875315353__11	4.2	5.5	4.5	5.5	3.9	4.5	5.5	4.5	5.2
GGGTAATTTT__0.333229524373129__9	5.2	5.2	4.2	5.5	3.9	4.5	3.9	3.9	3.9
TGCTAATTTT__0.333058107475009__11	6.5	4.7	4.5	5.5	3.9	4.5	3.9	3.9	3.9
GCCTAATGAC__0.33290330549446__11	4.7	5.2	4.5	5.5	3.9	4.5	6.5	4.4	4.2
AGTTAATGGC__0.332807496349683__11	4.5	4.2	3.9	5.5	3.9	4.5	6.5	5.2	4.7
TTATAATGGC__0.332591714827084__14	3.9	5.5	4.5	5.5	3.9	4.5	6.5	5.2	4.7
TGGTAATTTG__0.332588296370784__11	6.5	5.2	4.2	5.5	3.9	4.5	3.9	3.9	6.5
AGTTAATGAA__0.332514410080696__17	4.5	4.2	3.9	5.5	3.9	4.5	6.5	4.4	3.9
GATTAATTGG__0.33248631243302__10	4.4	4.5	3.9	5.5	3.9	4.5	3.9	6.5	5.2
GTTTAATGAG__0.332446403631339__16	4.2	3.9	3.9	5.5	3.9	4.5	6.5	4.4	4.5
TTGTAATTTG__0.332355925669122__14	3.9	6.5	4.2	5.5	3.9	4.5	3.9	3.9	6.5
GTTTAATCAC__0.332185346279138__16	4.2	3.9	3.9	5.5	3.9	4.5	4.4	6.5	4.2
GTCTAATTTG__0.332175385608819__11	4.2	4.4	4.5	5.5	3.9	4.5	3.9	3.9	6.5
GCATAATGAT__0.332136157834741__12	4.7	6.5	4.5	5.5	3.9	4.5	6.5	4.4	4.5
AGTTAATAAG__0.332068166621148__15	4.5	4.2	3.9	5.5	3.9	4.5	5.5	3.9	4.5
TGTTAATGAT__0.331858678919874__16	6.5	4.2	3.9	5.5	3.9	4.5	6.5	4.4	4.5
ACATAATAGA__0.331376217181557__13	4.2	6.5	4.5	5.5	3.9	4.5	5.5	4.5	4.4
TCATAATGAT__0.331315967149453__14	4.4	6.5	4.5	5.5	3.9	4.5	6.5	4.4	4.5
ACATAATTTA__0.331238072130034__11	4.2	6.5	4.5	5.5	3.9	4.5	3.9	3.9	5.5
TTATAATAGC__0.33119844862012__15	3.9	5.5	4.5	5.5	3.9	4.5	5.5	4.5	4.7
TTATAATTAA__0.331081075189532__18	3.9	5.5	4.5	5.5	3.9	4.5	3.9	5.5	3.9
AGTTAATCGG__0.331058312116649__9	4.5	4.2	3.9	5.5	3.9	4.5	4.4	5.5	5.2
TGCTAATGAG__0.330882614882985__12	6.5	4.7	4.5	5.5	3.9	4.5	6.5	4.4	4.5
TGCTAATAAG__0.330807374510458__15	6.5	4.7	4.5	5.5	3.9	4.5	5.5	3.9	4.5
ACGTAATGGA__0.33068633852632__10	4.2	5.5	4.2	5.5	3.9	4.5	6.5	5.2	4.4
AACTAATAAG__0.33060186057938__13	3.9	4.2	4.5	5.5	3.9	4.5	5.5	3.9	4.5
GCCTAATAAC__0.33024755482153__13	4.7	5.2	4.5	5.5	3.9	4.5	5.5	3.9	4.2
TTATAATTCG__0.330123257059796__12	3.9	5.5	4.5	5.5	3.9	4.5	3.9	4.4	5.5
TCCTAATGAG__0.329956223245287__11	4.4	5.2	4.5	5.5	3.9	4.5	6.5	4.4	4.5
CTCTAATGAC__0.329862818861256__12	4.5	4.4	4.5	5.5	3.9	4.5	6.5	4.4	4.2
GGCTAATGAC__0.329851178766371__11	5.2	4.7	4.5	5.5	3.9	4.5	6.5	4.4	4.2
TGTTAATAAC__0.329546720875206__18	6.5	4.2	3.9	5.5	3.9	4.5	5.5	3.9	4.2
AGGTAATCAC__0.328813795430471__9	4.5	5.2	4.2	5.5	3.9	4.5	4.4	6.5	4.2
ACATAATCAG__0.328702548843529__9	4.2	6.5	4.5	5.5	3.9	4.5	4.4	6.5	4.5
CGCTAATAGC__0.328548245088947__10	5.5	4.7	4.5	5.5	3.9	4.5	5.5	4.5	4.7
GTTTAATAGG__0.328431655849369__14	4.2	3.9	3.9	5.5	3.9	4.5	5.5	4.5	5.2
ATTTAATGGA__0.328333119509284__15	4.5	3.9	3.9	5.5	3.9	4.5	6.5	5.2	4.4
CTATAATCGT__0.328037608302403__9	4.5	5.5	4.5	5.5	3.9	4.5	4.4	5.5	4.2
AGTTAATCGA__0.327918431191262__11	4.5	4.2	3.9	5.5	3.9	4.5	4.4	5.5	4.4
CAATAATGGC__0.327865816095375__9	6.5	3.9	4.5	5.5	3.9	4.5	6.5	5.2	4.7
GGTTAATGAG__0.32767367283199__12	5.2	4.2	3.9	5.5	3.9	4.5	6.5	4.4	4.5
ATATAATCGA__0.32765048034766__11	4.5	5.5	4.5	5.5	3.9	4.5	4.4	5.5	4.4
CCTTAATGAG__0.327608576704848__11	5.2	4.5	3.9	5.5	3.9	4.5	6.5	4.4	4.5
TTTTAATGAT__0.327571802132248__21	3.9	3.9	3.9	5.5	3.9	4.5	6.5	4.4	4.5
GATTAATTGT__0.327516454811027__10	4.4	4.5	3.9	5.5	3.9	4.5	3.9	6.5	4.2
TGGTAATTTA__0.3274502623217__12	6.5	5.2	4.2	5.5	3.9	4.5	3.9	3.9	5.5
AAATAATGTG__0.327412980761111__9	3.9	3.9	4.5	5.5	3.9	4.5	6.5	4.2	6.5
GGTTAATAGC__0.327369251230868__12	5.2	4.2	3.9	5.5	3.9	4.5	5.5	4.5	4.7
GGTTAATGGG__0.327266489732762__9	5.2	4.2	3.9	5.5	3.9	4.5	6.5	5.2	5.2
CACTAATCGA__0.327246453936011__9	6.5	4.2	4.5	5.5	3.9	4.5	4.4	5.5	4.4
AAGTAATGAT__0.327110093105316__11	3.9	4.5	4.2	5.5	3.9	4.5	6.5	4.4	4.5
TGCTAATAGC__0.327106968567532__12	6.5	4.7	4.5	5.5	3.9	4.5	5.5	4.5	4.7
CCTTAATTAA__0.327065715116157__14	5.2	4.5	3.9	5.5	3.9	4.5	3.9	5.5	3.9
CATTAATTGA__0.326434295984421__14	6.5	4.5	3.9	5.5	3.9	4.5	3.9	6.5	4.4
TGATAATTTA__0.326271558033291__11	6.5	4.4	4.5	5.5	3.9	4.5	3.9	3.9	5.5
TGCTAATTCG__0.326262985729366__9	6.5	4.7	4.5	5.5	3.9	4.5	3.9	4.4	5.5
GGCTAATAGG__0.32609609931072__9	5.2	4.7	4.5	5.5	3.9	4.5	5.5	4.5	5.2
ATTTAATGTG__0.325995591149603__14	4.5	3.9	3.9	5.5	3.9	4.5	6.5	4.2	6.5
TAGTAATCAT__0.325962766356541__10	5.5	4.5	4.2	5.5	3.9	4.5	4.4	6.5	4.5
ACATAATGCG__0.325721224244254__9	4.2	6.5	4.5	5.5	3.9	4.5	6.5	4.7	5.5
ACTTAATCTG__0.325496814575154__9	4.2	4.5	3.9	5.5	3.9	4.5	4.4	4.5	6.5
AATTAATGGG__0.325417616463256__9	3.9	4.5	3.9	5.5	3.9	4.5	6.5	5.2	5.2
ATATAATGGA__0.325384975156283__11	4.5	5.5	4.5	5.5	3.9	4.5	6.5	5.2	4.4
TCATAATTTC__0.325308998003741__10	4.4	6.5	4.5	5.5	3.9	4.5	3.9	3.9	4.4
GCGTAATAGC__0.325231577673099__10	4.7	5.5	4.2	5.5	3.9	4.5	5.5	4.5	4.7
TTTTAATAAC__0.325204456556933__23	3.9	3.9	3.9	5.5	3.9	4.5	5.5	3.9	4.2
GGTTAATCAT__0.325066309127885__11	5.2	4.2	3.9	5.5	3.9	4.5	4.4	6.5	4.5
TTATAATGGG__0.324965151284554__11	3.9	5.5	4.5	5.5	3.9	4.5	6.5	5.2	5.2
ACTTAATGAA__0.324921526123037__15	4.2	4.5	3.9	5.5	3.9	4.5	6.5	4.4	3.9
TAGTAATGAT__0.324810559254214__12	5.5	4.5	4.2	5.5	3.9	4.5	6.5	4.4	4.5
ATTTAATCGG__0.324796602967037__12	4.5	3.9	3.9	5.5	3.9	4.5	4.4	5.5	5.2
CTATAATTCC__0.324654748817113__9	4.5	5.5	4.5	5.5	3.9	4.5	3.9	4.4	5.2
CACTAATAGG__0.32450891564738__9	6.5	4.2	4.5	5.5	3.9	4.5	5.5	4.5	5.2
ACATAATAAG__0.324277041011766__12	4.2	6.5	4.5	5.5	3.9	4.5	5.5	3.9	4.5
TACTAATAAC__0.324158812503856__14	5.5	4.2	4.5	5.5	3.9	4.5	5.5	3.9	4.2
TCATAATCAC__0.324133168183113__12	4.4	6.5	4.5	5.5	3.9	4.5	4.4	6.5	4.2
TTATAATCAC__0.324128475449444__14	3.9	5.5	4.5	5.5	3.9	4.5	4.4	6.5	4.2
AAGTAATTCA__0.32411171036686__9	3.9	4.5	4.2	5.5	3.9	4.5	3.9	4.4	6.5
GCCTAATGAG__0.32399769718154__9	4.7	5.2	4.5	5.5	3.9	4.5	6.5	4.4	4.5
TACTAATCAT__0.323900468164329__10	5.5	4.2	4.5	5.5	3.9	4.5	4.4	6.5	4.5
GTCTAATGAG__0.323298562047919__11	4.2	4.4	4.5	5.5	3.9	4.5	6.5	4.4	4.5
CCATAATAAC__0.323047389703196__12	5.2	6.5	4.5	5.5	3.9	4.5	5.5	3.9	4.2
AGTTAATGTG__0.323019988963745__10	4.5	4.2	3.9	5.5	3.9	4.5	6.5	4.2	6.5
GTGTAATGAT__0.322832865070134__12	4.2	6.5	4.2	5.5	3.9	4.5	6.5	4.4	4.5
CTATAATTTA__0.322657417016727__11	4.5	5.5	4.5	5.5	3.9	4.5	3.9	3.9	5.5
CGTTAATTTA__0.322430517265531__11	5.5	4.2	3.9	5.5	3.9	4.5	3.9	3.9	5.5
ATTTAATCAT__0.322427163709367__14	4.5	3.9	3.9	5.5	3.9	4.5	4.4	6.5	4.5
GCCTAATTTA__0.321761105831225__9	4.7	5.2	4.5	5.5	3.9	4.5	3.9	3.9	5.5
ATGTAATGAT__0.321720884069019__12	4.5	6.5	4.2	5.5	3.9	4.5	6.5	4.4	4.5
TGGTAATGAC__0.321639529719532__12	6.5	5.2	4.2	5.5	3.9	4.5	6.5	4.4	4.2
GCTTAATTTC__0.321540879094295__9	4.7	4.5	3.9	5.5	3.9	4.5	3.9	3.9	4.4
TACTAATGAT__0.321261386664526__11	5.5	4.2	4.5	5.5	3.9	4.5	6.5	4.4	4.5
CGGTAATAGC__0.321256595752086__9	5.5	5.2	4.2	5.5	3.9	4.5	5.5	4.5	4.7
TGTTAATCGT__0.321045016899437__11	6.5	4.2	3.9	5.5	3.9	4.5	4.4	5.5	4.2
TCGTAATGAC__0.320939999138132__11	4.4	5.5	4.2	5.5	3.9	4.5	6.5	4.4	4.2
ATCTAATCAT__0.320851620613019__10	4.5	4.4	4.5	5.5	3.9	4.5	4.4	6.5	4.5
CTATAATCAT__0.32077810084519__10	4.5	5.5	4.5	5.5	3.9	4.5	4.4	6.5	4.5
ACGTAATCAA__0.320734911223705__10	4.2	5.5	4.2	5.5	3.9	4.5	4.4	6.5	3.9
TCATAATAAC__0.320711135892218__14	4.4	6.5	4.5	5.5	3.9	4.5	5.5	3.9	4.2
CAGTAATGAT__0.320569879213017__10	6.5	4.5	4.2	5.5	3.9	4.5	6.5	4.4	4.5
TCGTAATGAG__0.32055051630367__10	4.4	5.5	4.2	5.5	3.9	4.5	6.5	4.4	4.5
ACATAATCAA__0.320543198572075__11	4.2	6.5	4.5	5.5	3.9	4.5	4.4	6.5	3.9
GCATAATAAC__0.320290868221778__12	4.7	6.5	4.5	5.5	3.9	4.5	5.5	3.9	4.2
GTCTAATTTA__0.320234667253715__11	4.2	4.4	4.5	5.5	3.9	4.5	3.9	3.9	5.5
TGCTAATAGG__0.320129254959621__10	6.5	4.7	4.5	5.5	3.9	4.5	5.5	4.5	5.2
TATTAATTGA__0.319957396638982__15	5.5	4.5	3.9	5.5	3.9	4.5	3.9	6.5	4.4
AGTTAATTCC__0.319776257960195__9	4.5	4.2	3.9	5.5	3.9	4.5	3.9	4.4	5.2
GGTTAATTTC__0.319447818081202__9	5.2	4.2	3.9	5.5	3.9	4.5	3.9	3.9	4.4
GTATAATCAG__0.319321017813337__9	4.2	5.5	4.5	5.5	3.9	4.5	4.4	6.5	4.5
CGGTAATTTA__0.319259802958902__9	5.5	5.2	4.2	5.5	3.9	4.5	3.9	3.9	5.5
TAGTAATTTT__0.31916750379826__9	5.5	4.5	4.2	5.5	3.9	4.5	3.9	3.9	3.9
ATTTAATTTC__0.318270530271829__12	4.5	3.9	3.9	5.5	3.9	4.5	3.9	3.9	4.4
ATCTAATGAT__0.318180702564987__11	4.5	4.4	4.5	5.5	3.9	4.5	6.5	4.4	4.5
GCTTAATAAC__0.318167789224001__13	4.7	4.5	3.9	5.5	3.9	4.5	5.5	3.9	4.2
ATTTAATGCA__0.317991036201916__15	4.5	3.9	3.9	5.5	3.9	4.5	6.5	4.7	6.5
AGTTAATATG__0.31793643262773__11	4.5	4.2	3.9	5.5	3.9	4.5	5.5	4.5	6.5
CGTTAATAAG__0.317916045925686__12	5.5	4.2	3.9	5.5	3.9	4.5	5.5	3.9	4.5
CTATAATGGC__0.317677749344964__9	4.5	5.5	4.5	5.5	3.9	4.5	6.5	5.2	4.7
ATATAATCAG__0.317529552062397__9	4.5	5.5	4.5	5.5	3.9	4.5	4.4	6.5	4.5
CTATAATAGC__0.317506251103781__10	4.5	5.5	4.5	5.5	3.9	4.5	5.5	4.5	4.7
GTCTAATTTT__0.317432942428624__9	4.2	4.4	4.5	5.5	3.9	4.5	3.9	3.9	3.9
CTGTAATGAG__0.317243661904303__10	4.5	6.5	4.2	5.5	3.9	4.5	6.5	4.4	4.5
TGTTAATCGC__0.317171437142643__11	6.5	4.2	3.9	5.5	3.9	4.5	4.4	5.5	4.7
CTCTAATCAC__0.317085745213359__9	4.5	4.4	4.5	5.5	3.9	4.5	4.4	6.5	4.2
CTTTAATAGC__0.316840797084606__13	4.5	3.9	3.9	5.5	3.9	4.5	5.5	4.5	4.7
CTTTAATTTG__0.31660041358552__12	4.5	3.9	3.9	5.5	3.9	4.5	3.9	3.9	6.5
GGTTAATTTA__0.316502408583833__11	5.2	4.2	3.9	5.5	3.9	4.5	3.9	3.9	5.5
TATTAATTGT__0.316432412034241__12	5.5	4.5	3.9	5.5	3.9	4.5	3.9	6.5	4.2
TTATAATAAC__0.316349374325414__15	3.9	5.5	4.5	5.5	3.9	4.5	5.5	3.9	4.2
ACGTAATAAG__0.31617385729142__11	4.2	5.5	4.2	5.5	3.9	4.5	5.5	3.9	4.5
GCATAATAGC__0.316072150532856__9	4.7	6.5	4.5	5.5	3.9	4.5	5.5	4.5	4.7
CCTTAATCAT__0.316050658025597__9	5.2	4.5	3.9	5.5	3.9	4.5	4.4	6.5	4.5
GCATAATAAG__0.315999216037592__11	4.7	6.5	4.5	5.5	3.9	4.5	5.5	3.9	4.5
TAGTAATGAC__0.315574510943993__11	5.5	4.5	4.2	5.5	3.9	4.5	6.5	4.4	4.2
TTATAATCGC__0.315329770590641__11	3.9	5.5	4.5	5.5	3.9	4.5	4.4	5.5	4.7
ACTTAATAGT__0.314987575888509__9	4.2	4.5	3.9	5.5	3.9	4.5	5.5	4.5	4.2
CTTTAATTTC__0.314886750084523__11	4.5	3.9	3.9	5.5	3.9	4.5	3.9	3.9	4.4
TGTTAATTTA__0.314715996999578__13	6.5	4.2	3.9	5.5	3.9	4.5	3.9	3.9	5.5
AACTAATAAC__0.31466020560795__11	3.9	4.2	4.5	5.5	3.9	4.5	5.5	3.9	4.2
TCTTAATCAC__0.314484648315007__12	4.4	4.5	3.9	5.5	3.9	4.5	4.4	6.5	4.2
CTCTAATGAG__0.314062827720562__9	4.5	4.4	4.5	5.5	3.9	4.5	6.5	4.4	4.5
AAATAATGAA__0.31325951816054__12	3.9	3.9	4.5	5.5	3.9	4.5	6.5	4.4	3.9
TGTTAATAGG__0.312920050071015__11	6.5	4.2	3.9	5.5	3.9	4.5	5.5	4.5	5.2
TTTTAATTAA__0.312910083043655__20	3.9	3.9	3.9	5.5	3.9	4.5	3.9	5.5	3.9
CTTTAATTTA__0.312898080948874__13	4.5	3.9	3.9	5.5	3.9	4.5	3.9	3.9	5.5
AATTAATAAA__0.312866362523034__17	3.9	4.5	3.9	5.5	3.9	4.5	5.5	3.9	3.9
TGATAATAGA__0.31267847028565__11	6.5	4.4	4.5	5.5	3.9	4.5	5.5	4.5	4.4
GTCTAATCAT__0.31251123728628__9	4.2	4.4	4.5	5.5	3.9	4.5	4.4	6.5	4.5
AGATAATCAA__0.312383686079377__9	4.5	4.4	4.5	5.5	3.9	4.5	4.4	6.5	3.9
TGCTAATTCA__0.312240220334843__9	6.5	4.7	4.5	5.5	3.9	4.5	3.9	4.4	6.5
ACTTAATGGA__0.312202433424785__9	4.2	4.5	3.9	5.5	3.9	4.5	6.5	5.2	4.4
CCATAATGAT__0.312060709084484__9	5.2	6.5	4.5	5.5	3.9	4.5	6.5	4.4	4.5
GTTTAATAAC__0.311515283019887__15	4.2	3.9	3.9	5.5	3.9	4.5	5.5	3.9	4.2
AATTAATGTT__0.311471404374226__9	3.9	4.5	3.9	5.5	3.9	4.5	6.5	4.2	3.9
CTCTAATTTA__0.31140307986246__9	4.5	4.4	4.5	5.5	3.9	4.5	3.9	3.9	5.5
AATTAATACT__0.311265567753117__10	3.9	4.5	3.9	5.5	3.9	4.5	5.5	4.2	4.5
AGTTAATTCA__0.310822603092749__9	4.5	4.2	3.9	5.5	3.9	4.5	3.9	4.4	6.5
CTTTAATAAG__0.310689683760259__14	4.5	3.9	3.9	5.5	3.9	4.5	5.5	3.9	4.5
TCTTAATTTC__0.310658920284709__10	4.4	4.5	3.9	5.5	3.9	4.5	3.9	3.9	4.4
ATTTAATTCA__0.310570066915356__12	4.5	3.9	3.9	5.5	3.9	4.5	3.9	4.4	6.5
AGTTAATGGA__0.309677677674936__9	4.5	4.2	3.9	5.5	3.9	4.5	6.5	5.2	4.4
TGGTAATGAT__0.309611247357456__10	6.5	5.2	4.2	5.5	3.9	4.5	6.5	4.4	4.5
TCCTAATGAT__0.308813853539845__9	4.4	5.2	4.5	5.5	3.9	4.5	6.5	4.4	4.5
GTTTAATAGC__0.308696111226251__12	4.2	3.9	3.9	5.5	3.9	4.5	5.5	4.5	4.7
AGGTAATAAG__0.308352258481491__10	4.5	5.2	4.2	5.5	3.9	4.5	5.5	3.9	4.5
TCATAATTTA__0.307964203269269__10	4.4	6.5	4.5	5.5	3.9	4.5	3.9	3.9	5.5
AAGTAATAGA__0.307854053827637__10	3.9	4.5	4.2	5.5	3.9	4.5	5.5	4.5	4.4
GTGTAATCAA__0.307834771057088__10	4.2	6.5	4.2	5.5	3.9	4.5	4.4	6.5	3.9
CTTTAATAAC__0.307750549064379__14	4.5	3.9	3.9	5.5	3.9	4.5	5.5	3.9	4.2
GTATAATAAC__0.307519679501814__11	4.2	5.5	4.5	5.5	3.9	4.5	5.5	3.9	4.2
TTATAATAAA__0.30703991852164__17	3.9	5.5	4.5	5.5	3.9	4.5	5.5	3.9	3.9
TTTTAATTCG__0.306832035802729__14	3.9	3.9	3.9	5.5	3.9	4.5	3.9	4.4	5.5
TCCTAATGAC__0.306758743988115__9	4.4	5.2	4.5	5.5	3.9	4.5	6.5	4.4	4.2
GCTTAATAGC__0.306704233580996__9	4.7	4.5	3.9	5.5	3.9	4.5	5.5	4.5	4.7
ATTTAATAGT__0.306579269993754__11	4.5	3.9	3.9	5.5	3.9	4.5	5.5	4.5	4.2
GAATAATAAC__0.306570310625687__9	4.4	3.9	4.5	5.5	3.9	4.5	5.5	3.9	4.2
TGTTAATCAC__0.306276766445408__11	6.5	4.2	3.9	5.5	3.9	4.5	4.4	6.5	4.2
GTGTAATGAC__0.306106591282885__10	4.2	6.5	4.2	5.5	3.9	4.5	6.5	4.4	4.2
CAGTAATAAC__0.306057212698093__10	6.5	4.5	4.2	5.5	3.9	4.5	5.5	3.9	4.2
GTTTAATGGG__0.305924668070619__9	4.2	3.9	3.9	5.5	3.9	4.5	6.5	5.2	5.2
CCGTAATAAC__0.305328524099237__9	5.2	5.5	4.2	5.5	3.9	4.5	5.5	3.9	4.2
GTTTAATTTA__0.304835859880561__12	4.2	3.9	3.9	5.5	3.9	4.5	3.9	3.9	5.5
CTTTAATGGC__0.304686224050468__10	4.5	3.9	3.9	5.5	3.9	4.5	6.5	5.2	4.7
TTATAATGCA__0.304680758677076__12	3.9	5.5	4.5	5.5	3.9	4.5	6.5	4.7	6.5
ATATAATCAA__0.303939676858916__10	4.5	5.5	4.5	5.5	3.9	4.5	4.4	6.5	3.9
TGTTAATAGT__0.303927313468178__10	6.5	4.2	3.9	5.5	3.9	4.5	5.5	4.5	4.2
TTATAATGAA__0.303571890237437__14	3.9	5.5	4.5	5.5	3.9	4.5	6.5	4.4	3.9
GTTTAATAAG__0.303471359896503__13	4.2	3.9	3.9	5.5	3.9	4.5	5.5	3.9	4.5
GCTTAATGAT__0.302315250860467__9	4.7	4.5	3.9	5.5	3.9	4.5	6.5	4.4	4.5
CTGTAATGAC__0.302078611400208__9	4.5	6.5	4.2	5.5	3.9	4.5	6.5	4.4	4.2
TTTTAATCGT__0.301948949217923__13	3.9	3.9	3.9	5.5	3.9	4.5	4.4	5.5	4.2
AATTAATGAA__0.301803962705444__12	3.9	4.5	3.9	5.5	3.9	4.5	6.5	4.4	3.9
AATTAATAAC__0.301585774111701__11	3.9	4.5	3.9	5.5	3.9	4.5	5.5	3.9	4.2
CACTAATGAA__0.301488750375473__10	6.5	4.2	4.5	5.5	3.9	4.5	6.5	4.4	3.9
TGTTAATTTC__0.30129636861954__9	6.5	4.2	3.9	5.5	3.9	4.5	3.9	3.9	4.4
TGTTAATCAT__0.301199280102725__10	6.5	4.2	3.9	5.5	3.9	4.5	4.4	6.5	4.5
GTTTAATCGT__0.30115956730687__9	4.2	3.9	3.9	5.5	3.9	4.5	4.4	5.5	4.2
AATTAATCAA__0.300429935358092__10	3.9	4.5	3.9	5.5	3.9	4.5	4.4	6.5	3.9
CTGTAATAAC__0.299604080848039__10	4.5	6.5	4.2	5.5	3.9	4.5	5.5	3.9	4.2
GTTTAATTAA__0.299237095422246__13	4.2	3.9	3.9	5.5	3.9	4.5	3.9	5.5	3.9
AAGTAATAAG__0.299040156538155__9	3.9	4.5	4.2	5.5	3.9	4.5	5.5	3.9	4.5
TTTTAATGGC__0.298531377879577__13	3.9	3.9	3.9	5.5	3.9	4.5	6.5	5.2	4.7
ATTTAATCAA__0.298001536711369__12	4.5	3.9	3.9	5.5	3.9	4.5	4.4	6.5	3.9
TCATAATAAG__0.297553010581615__10	4.4	6.5	4.5	5.5	3.9	4.5	5.5	3.9	4.5
TTGTAATGAC__0.297491934586648__11	3.9	6.5	4.2	5.5	3.9	4.5	6.5	4.4	4.2
GCATAATGAA__0.297099124603571__10	4.7	6.5	4.5	5.5	3.9	4.5	6.5	4.4	3.9
TTTTAATCGG__0.29699427819019__12	3.9	3.9	3.9	5.5	3.9	4.5	4.4	5.5	5.2
GCGTAATAAC__0.296781526374938__9	4.7	5.5	4.2	5.5	3.9	4.5	5.5	3.9	4.2
ATTTAATGTC__0.296651033106415__9	4.5	3.9	3.9	5.5	3.9	4.5	6.5	4.2	4.4
AATTAATGAC__0.296565671509376__9	3.9	4.5	3.9	5.5	3.9	4.5	6.5	4.4	4.2
ATTTAATCGA__0.296330054861623__10	4.5	3.9	3.9	5.5	3.9	4.5	4.4	5.5	4.4
TTGTAATCAT__0.296323268308556__9	3.9	6.5	4.2	5.5	3.9	4.5	4.4	6.5	4.5
ATGTAATAAC__0.295669069102702__10	4.5	6.5	4.2	5.5	3.9	4.5	5.5	3.9	4.2
CTTTAATTTT__0.295500924520004__9	4.5	3.9	3.9	5.5	3.9	4.5	3.9	3.9	3.9
ACTTAATAGA__0.294955178972839__9	4.2	4.5	3.9	5.5	3.9	4.5	5.5	4.5	4.4
TTCTAATGAC__0.294852717220654__10	3.9	4.4	4.5	5.5	3.9	4.5	6.5	4.4	4.2
ATATAATAGA__0.294220666078007__9	4.5	5.5	4.5	5.5	3.9	4.5	5.5	4.5	4.4
TGCTAATGAA__0.293016339098736__10	6.5	4.7	4.5	5.5	3.9	4.5	6.5	4.4	3.9
TTTTAATCGC__0.292930937399699__12	3.9	3.9	3.9	5.5	3.9	4.5	4.4	5.5	4.7
ATTTAATTTT__0.292487652331858__9	4.5	3.9	3.9	5.5	3.9	4.5	3.9	3.9	3.9
GTATAATGAA__0.291795005887328__10	4.2	5.5	4.5	5.5	3.9	4.5	6.5	4.4	3.9
ACATAATGAA__0.290502451145895__9	4.2	6.5	4.5	5.5	3.9	4.5	6.5	4.4	3.9
TAGTAATAAC__0.289971843232432__9	5.5	4.5	4.2	5.5	3.9	4.5	5.5	3.9	4.2
ATTTAATAGA__0.289955111913033__11	4.5	3.9	3.9	5.5	3.9	4.5	5.5	4.5	4.4
TCATAATAGA__0.28978235985216__9	4.4	6.5	4.5	5.5	3.9	4.5	5.5	4.5	4.4
GTGTAATAAC__0.288859685606945__9	4.2	6.5	4.2	5.5	3.9	4.5	5.5	3.9	4.2
TTATAATCAA__0.288428126402726__10	3.9	5.5	4.5	5.5	3.9	4.5	4.4	6.5	3.9
GGTTAATAAC__0.288246551817449__9	5.2	4.2	3.9	5.5	3.9	4.5	5.5	3.9	4.2
ATCTAATAAC__0.287451158496792__9	4.5	4.4	4.5	5.5	3.9	4.5	5.5	3.9	4.2
CGTTAATGAA__0.287118977585802__9	5.5	4.2	3.9	5.5	3.9	4.5	6.5	4.4	3.9
TTTTAATAGG__0.28708008581442__11	3.9	3.9	3.9	5.5	3.9	4.5	5.5	4.5	5.2
TTCTAATTAA__0.286372962138784__10	3.9	4.4	4.5	5.5	3.9	4.5	3.9	5.5	3.9
TCTTAATGAC__0.286319094342978__9	4.4	4.5	3.9	5.5	3.9	4.5	6.5	4.4	4.2
TGATAATGAA__0.285576028115405__9	6.5	4.4	4.5	5.5	3.9	4.5	6.5	4.4	3.9
ATTTAATGAA__0.28225958574815__11	4.5	3.9	3.9	5.5	3.9	4.5	6.5	4.4	3.9
AAGTAATAAA__0.280436383359435__10	3.9	4.5	4.2	5.5	3.9	4.5	5.5	3.9	3.9
AAATAATAAA__0.277720226016435__9	3.9	3.9	4.5	5.5	3.9	4.5	5.5	3.9	3.9
ACGTAATAAA__0.274510685197442__9	4.2	5.5	4.2	5.5	3.9	4.5	5.5	3.9	3.9
TTTTAATCAT__0.267407698099521__9	3.9	3.9	3.9	5.5	3.9	4.5	4.4	6.5	4.5
TTTTAATAAG__0.25998900650598__9	3.9	3.9	3.9	5.5	3.9	4.5	5.5	3.9	4.5
