CGATAATCAC__1__248	31	7	13	20	30	7	8	17
CACTAATCAC__0.951060146180296__209	17	11	18	20	30	7	8	17
TACTAATCAC__0.943257415340408__239	6	11	18	20	30	7	8	17
TGATAATCAC__0.908899227465578__229	8	7	13	20	30	7	8	17
AGATAATCAC__0.899100283426456__193	9	7	13	20	30	7	8	17
CAATAATCAC__0.880655125700651__170	9	30	13	20	30	7	8	17
CGATAATCGA__0.864467792603634__122	31	7	13	20	30	7	31	31
CACTAATTAC__0.861825795015028__138	17	11	18	20	30	30	20	6
CACTAATTAG__0.851013711236797__106	17	11	18	20	30	30	20	18
TACTAATTAC__0.823674479051745__143	6	11	18	20	30	30	20	6
TGATAATTAG__0.796149263647418__119	8	7	13	20	30	30	20	18
CGATAATTAG__0.78929957477158__89	31	7	13	20	30	30	20	18
CCATAATCAC__0.787009910167311__111	8	18	13	20	30	7	8	17
TACTAATTAG__0.776350296231506__99	6	11	18	20	30	30	20	18
TACTAATGAG__0.76760441352662__93	6	11	18	20	30	18	8	8
CGATAATTAC__0.762824804804121__101	31	7	13	20	30	30	20	6
TACTAATCGA__0.754390612181347__98	6	11	18	20	30	7	31	31
TGATAATCGA__0.753458348380164__106	8	7	13	20	30	7	31	31
AGATAATCGA__0.753395454712684__88	9	7	13	20	30	7	31	31
CGCTAATTAC__0.745839641954496__97	25	25	18	20	30	30	20	6
CACTAATGAC__0.745298484213976__89	17	11	18	20	30	18	8	8
TGATAATTAC__0.744743995875698__117	8	7	13	20	30	30	20	6
CGCTAATTAG__0.744700350028539__78	25	25	18	20	30	30	20	18
CGCTAATCAC__0.743916083994446__108	25	25	18	20	30	7	8	17
CACTAATGAG__0.743516232384117__69	17	11	18	20	30	18	8	8
ACATAATCAC__0.737756730432888__99	6	18	13	20	30	7	8	17
CGATAATGAG__0.735989741890273__71	31	7	13	20	30	18	8	8
AACTAATGAT__0.734607985285337__76	6	11	18	20	30	18	8	7
CACTAATGAT__0.733871960738298__73	17	11	18	20	30	18	8	7
AACTAATTAG__0.727997773324075__69	6	11	18	20	30	30	20	18
TCATAATCAC__0.717090910048365__104	8	18	13	20	30	7	8	17
TGCTAATTAG__0.716200177037861__90	13	25	18	20	30	30	20	18
AACTAATTAT__0.705952511875773__67	6	11	18	20	30	30	20	13
CAATAATCGA__0.705638196544643__68	9	30	13	20	30	7	31	31
CGATAATGAC__0.705410180303217__80	31	7	13	20	30	18	8	8
AGATAATTAC__0.700460248835634__84	9	7	13	20	30	30	20	6
CGCTAATGAG__0.699504912352313__63	25	25	18	20	30	18	8	8
CGATAATCAT__0.698959948582758__67	31	7	13	20	30	7	8	18
TGATAATCAT__0.698789319976193__86	8	7	13	20	30	7	8	18
CGATAATCTA__0.697721723964597__69	31	7	13	20	30	7	9	18
TACTAATGAT__0.697371141034419__76	6	11	18	20	30	18	8	7
CACTAATCAT__0.692995620342043__64	17	11	18	20	30	7	8	18
TGCTAATTAT__0.691497912028264__85	13	25	18	20	30	30	20	13
ACATAATTAG__0.689962320465098__60	6	18	13	20	30	30	20	18
GACTAATTAG__0.688974427133454__58	8	11	18	20	30	30	20	18
TACTAATGAC__0.680598185545032__80	6	11	18	20	30	18	8	8
CGATAATGAT__0.677787493773075__61	31	7	13	20	30	18	8	7
AACTAATCAT__0.677253096061158__62	6	11	18	20	30	7	8	18
TACTAATTAT__0.675998817901848__69	6	11	18	20	30	30	20	13
AGATAATGAC__0.671184619097156__74	9	7	13	20	30	18	8	8
CCCTAATTAG__0.669801312893001__46	13	8	18	20	30	30	20	18
CGATAATCGG__0.667595586969787__39	31	7	13	20	30	7	31	2
CAATAATTAC__0.666915665186707__68	9	30	13	20	30	30	20	6
GGCTAATTAG__0.664613863212168__66	45	25	18	20	30	30	20	18
TGCTAATTAC__0.66446464658872__85	13	25	18	20	30	30	20	6
TGATAATGAT__0.661356260786395__73	8	7	13	20	30	18	8	7
CGCTAATGAT__0.659899041214265__58	25	25	18	20	30	18	8	7
CACTAATCGA__0.659067994126261__53	17	11	18	20	30	7	31	31
TGATAATCGT__0.658816326838618__57	8	7	13	20	30	7	31	8
TGGTAATTAT__0.657276105963261__86	8	8	6	20	30	30	20	13
AGATAATGAG__0.657244338419507__55	9	7	13	20	30	18	8	8
CGCTAATGAC__0.657037438507588__66	25	25	18	20	30	18	8	8
CACTAATTAT__0.656981807416436__52	17	11	18	20	30	30	20	13
AGATAATGAT__0.656152612310211__60	9	7	13	20	30	18	8	7
AAATAATCAC__0.655863298712737__73	36	30	13	20	30	7	8	17
ACCTAATTAG__0.655590476498331__47	8	8	18	20	30	30	20	18
CGTTAATTAG__0.655102605862327__68	8	6	20	20	30	30	20	18
AACTAATTAC__0.652529012845205__62	6	11	18	20	30	30	20	6
AGGTAATTAG__0.65240348508141__64	8	8	6	20	30	30	20	18
AGATAATTAG__0.645739178984923__53	9	7	13	20	30	30	20	18
CGCTAATTAT__0.645612514506069__54	25	25	18	20	30	30	20	13
ACATAATGAT__0.645421521903707__53	6	18	13	20	30	18	8	7
CCATAATCGA__0.643906252023973__46	8	18	13	20	30	7	31	31
CACTAATTGA__0.640970976877205__50	17	11	18	20	30	30	9	8
ACGTAATTAG__0.64027404688548__50	8	8	6	20	30	30	20	18
TGATAATCTA__0.639731919165906__68	8	7	13	20	30	7	9	18
AGCTAATGAT__0.63941883812922__56	25	25	18	20	30	18	8	7
TACTAATTGC__0.636645382053377__57	6	11	18	20	30	30	9	13
ACCTAATCAT__0.63557646365285__48	8	8	18	20	30	7	8	18
CAATAATTAG__0.63328941302469__47	9	30	13	20	30	30	20	18
CGATAATTAT__0.633058343841874__49	31	7	13	20	30	30	20	13
TCATAATCGA__0.632905492587024__58	8	18	13	20	30	7	31	31
CAATAATCAT__0.630294995158862__50	9	30	13	20	30	7	8	18
TGATAATGAG__0.629760598210144__58	8	7	13	20	30	18	8	8
TGCTAATGAT__0.628919538033343__64	13	25	18	20	30	18	8	7
TACTAATCAT__0.628901425914784__58	6	11	18	20	30	7	8	18
AGCTAATTAT__0.628716883322492__53	25	25	18	20	30	30	20	13
TGATAATGAC__0.627453497730037__70	8	7	13	20	30	18	8	8
GGGTAATTAT__0.626583286448811__70	13	8	6	20	30	30	20	13
CCATAATCAT__0.625955373161813__44	8	18	13	20	30	7	8	18
CAATAATGAC__0.62485701807054__56	9	30	13	20	30	18	8	8
CACTAATTGC__0.620387410718086__43	17	11	18	20	30	30	9	13
CCCTAATCAC__0.619317876235059__53	13	8	18	20	30	7	8	17
GACTAATGAT__0.618386452742724__45	8	11	18	20	30	18	8	7
CCCTAATTAC__0.61638682717446__46	13	8	18	20	30	30	20	6
TGGTAATTAG__0.616373815573691__68	8	8	6	20	30	30	20	18
AGCTAATTAG__0.615656612934608__47	25	25	18	20	30	30	20	18
TCATAATGAG__0.615514530234214__50	8	18	13	20	30	18	8	8
AAGTAATTAG__0.6151289771547__47	6	11	6	20	30	30	20	18
CCCTAATTAT__0.613829805206361__38	13	8	18	20	30	30	20	13
ACCTAATTAT__0.612829346185218__41	8	8	18	20	30	30	20	13
CCATAATTAG__0.612645806973723__38	8	18	13	20	30	30	20	18
AAGTAATTAT__0.61197573384174__49	6	11	6	20	30	30	20	13
TCCTAATTAG__0.611894095348722__43	5	8	18	20	30	30	20	18
TGTTAATTAG__0.611038756606152__77	6	6	20	20	30	30	20	18
AGCTAATTAC__0.610397702054727__56	25	25	18	20	30	30	20	6
TGCTAATGAG__0.610375959624044__54	13	25	18	20	30	18	8	8
AAGTAATGAT__0.610026210055933__50	6	11	6	20	30	18	8	7
CGATAATTGC__0.609872179627431__43	31	7	13	20	30	30	9	13
AGGTAATTAT__0.60978957057637__55	8	8	6	20	30	30	20	13
TGATAATCTG__0.607609627079378__48	8	7	13	20	30	7	9	2
GGGTAATTAG__0.607431112868399__61	13	8	6	20	30	30	20	18
TCATAATCAT__0.606746709131685__52	8	18	13	20	30	7	8	18
ACCTAATGAT__0.606221030530513__40	8	8	18	20	30	18	8	7
CGATAATCGT__0.605060684154892__32	31	7	13	20	30	7	31	8
ATCTAATTAG__0.605034704403567__45	7	9	18	20	30	30	20	18
AGATAATCAT__0.604703212049301__47	9	7	13	20	30	7	8	18
GACTAATTAC__0.604483205096573__49	8	11	18	20	30	30	20	6
TGCTAATCAT__0.604118272978545__59	13	25	18	20	30	7	8	18
TACTAATCTG__0.603334711602663__43	6	11	18	20	30	7	9	2
AGGTAATGAT__0.603106142521922__55	8	8	6	20	30	18	8	7
TGCTAATCAC__0.602663840072409__70	13	25	18	20	30	7	8	17
CGTTAATTAC__0.602377502371285__63	8	6	20	20	30	30	20	6
GTGTAATTAG__0.601232161844548__66	17	6	6	20	30	30	20	18
CGCTAATTGA__0.601086202997232__45	25	25	18	20	30	30	9	8
ACATAATGAG__0.600857565222627__39	6	18	13	20	30	18	8	8
AGATAATCTA__0.597995876801281__47	9	7	13	20	30	7	9	18
CCATAATGAT__0.596463307330371__38	8	18	13	20	30	18	8	7
CGTTAATGAG__0.596152129021265__50	8	6	20	20	30	18	8	8
GTGTAATTAT__0.596008492598317__67	17	6	6	20	30	30	20	13
AAGTAATCAT__0.595051818867778__46	6	11	6	20	30	7	8	18
CAGTAATTAG__0.594899389208463__42	2	11	6	20	30	30	20	18
TCATAATTAC__0.594437027204562__55	8	18	13	20	30	30	20	6
TGATAATTAT__0.593704199658603__52	8	7	13	20	30	30	20	13
CACTAATTGG__0.593545212056631__28	17	11	18	20	30	30	9	8
CGTTAATCAC__0.593132988006064__65	8	6	20	20	30	7	8	17
AACTAATCAC__0.591650569906005__52	6	11	18	20	30	7	8	17
CAATAATGAT__0.590072617483904__41	9	30	13	20	30	18	8	7
CCCTAATGAT__0.589563535612751__34	13	8	18	20	30	18	8	7
ACATAATTAC__0.587447113391722__46	6	18	13	20	30	30	20	6
TGATAATTGG__0.584940088314414__39	8	7	13	20	30	30	9	8
CACTAATGGG__0.584921015893918__24	17	11	18	20	30	18	8	13
ACATAATCGA__0.583813984574744__38	6	18	13	20	30	7	31	31
GCCTAATTAG__0.582230718529629__36	45	8	18	20	30	30	20	18
GACTAATCAT__0.581710654876901__39	8	11	18	20	30	7	8	18
CCATAATGAG__0.581679930615346__32	8	18	13	20	30	18	8	8
CGCTAATCAT__0.580032049925547__41	25	25	18	20	30	7	8	18
TGATAATTGC__0.57996157720391__48	8	7	13	20	30	30	9	13
TACTAATCAG__0.579584666262157__42	6	11	18	20	30	7	8	2
AGCTAATCAT__0.577784595123839__43	25	25	18	20	30	7	8	18
CGATAATCGC__0.57773330345646__34	31	7	13	20	30	7	31	25
ACATAATCAT__0.577516958742642__38	6	18	13	20	30	7	8	18
CAATAATGAG__0.577067791106262__35	9	30	13	20	30	18	8	8
CCATAATTAC__0.576582214401765__40	8	18	13	20	30	30	20	6
CGTTAATGAT__0.576388637210214__49	8	6	20	20	30	18	8	7
CGGTAATTAT__0.576194480794288__43	2	8	6	20	30	30	20	13
CCCTAATCAT__0.575848163243313__33	13	8	18	20	30	7	8	18
CACTAATGTG__0.575535695660463__28	17	11	18	20	30	18	6	17
GCATAATGAT__0.575291774014707__43	13	18	13	20	30	18	8	7
AACTAATGAC__0.573757298869829__42	6	11	18	20	30	18	8	8
GACTAATCAC__0.572999373415723__47	8	11	18	20	30	7	8	17
TGATAATCGG__0.572905712237098__35	8	7	13	20	30	7	31	2
CCGTAATGAT__0.572582150275896__35	2	8	6	20	30	18	8	7
TACTAATCGT__0.571899110932273__34	6	11	18	20	30	7	31	8
GAGTAATTAG__0.571664392022339__40	8	11	6	20	30	30	20	18
AGATAATTAT__0.57115390392573__39	9	7	13	20	30	30	20	13
ACTTAATGAT__0.569967747758545__42	11	6	20	20	30	18	8	7
CGATAATTGA__0.569705024413395__37	31	7	13	20	30	30	9	8
CCCTAATGAC__0.567888502757521__36	13	8	18	20	30	18	8	8
CGGTAATTAG__0.567698347620479__39	2	8	6	20	30	30	20	18
GCGTAATTAG__0.56726097626576__42	25	8	6	20	30	30	20	18
TAGTAATTAG__0.566987986842531__44	18	11	6	20	30	30	20	18
ATGTAATTAG__0.566604475706303__47	18	6	6	20	30	30	20	18
CTCTAATTAG__0.566564666285399__34	8	9	18	20	30	30	20	18
CGCTAATCGA__0.566549172444694__37	25	25	18	20	30	7	31	31
ATGTAATTAT__0.565764042011216__49	18	6	6	20	30	30	20	13
CCTTAATTAC__0.56537567760106__44	8	6	20	20	30	30	20	6
CTGTAATTAG__0.565059058902148__41	2	6	6	20	30	30	20	18
TACTAATTGG__0.563531125598792__31	6	11	18	20	30	30	9	8
TACTAATCTA__0.563339407991313__43	6	11	18	20	30	7	9	18
ACGTAATTAT__0.562600691213986__36	8	8	6	20	30	30	20	13
TAGTAATCAT__0.562588242935693__46	18	11	6	20	30	7	8	18
GCCTAATCAT__0.561898561086839__36	45	8	18	20	30	7	8	18
GGCTAATTAT__0.561593112169737__42	45	25	18	20	30	30	20	13
ACATAATGAC__0.560457273560049__40	6	18	13	20	30	18	8	8
CAGTAATGAT__0.559002230667971__38	2	11	6	20	30	18	8	7
GACTAATTAT__0.558942062813378__33	8	11	18	20	30	30	20	13
TCATAATTAG__0.558837832573732__38	8	18	13	20	30	30	20	18
CAATAATCTA__0.558700274213154__36	9	30	13	20	30	7	9	18
CACTAATCGC__0.55778716311968__30	17	11	18	20	30	7	31	25
ACGTAATGAT__0.557286918744673__36	8	8	6	20	30	18	8	7
AAATAATGAT__0.556780884733049__36	36	30	13	20	30	18	8	7
TACTAATGGG__0.556300566284553__27	6	11	18	20	30	18	8	13
AGTTAATTAG__0.556202396987037__44	11	6	20	20	30	30	20	18
TGATAATGGG__0.555901386559911__31	8	7	13	20	30	18	8	13
TCATAATGAC__0.555889171355358__45	8	18	13	20	30	18	8	8
CACTAATCAG__0.555506942448543__30	17	11	18	20	30	7	8	2
ATATAATGAT__0.55546415769416__40	13	13	13	20	30	18	8	7
ACCTAATTAC__0.555232194310394__36	8	8	18	20	30	30	20	6
GCATAATCAC__0.555226453940205__47	13	18	13	20	30	7	8	17
ACGTAATCAT__0.553401027789041__35	8	8	6	20	30	7	8	18
TGCTAATTGG__0.553341603869968__35	13	25	18	20	30	30	9	8
GAATAATGAT__0.553117146130771__35	12	30	13	20	30	18	8	7
GAGTAATCAT__0.552689318355849__39	8	11	6	20	30	7	8	18
CACTAATCTG__0.551814649680077__26	17	11	18	20	30	7	9	2
TGCTAATGAC__0.551428535515549__48	13	25	18	20	30	18	8	8
TACTAATCGC__0.55135484278004__36	6	11	18	20	30	7	31	25
AGTTAATGAT__0.550303643843938__45	11	6	20	20	30	18	8	7
GCATAATTAT__0.54998504931436__37	13	18	13	20	30	30	20	13
CACTAATTGT__0.549928316360159__25	17	11	18	20	30	30	9	6
AACTAATGAG__0.54983669825506__29	6	11	18	20	30	18	8	8
TGGTAATGAT__0.548797318494056__52	8	8	6	20	30	18	8	7
GCCTAATTAT__0.548606041664962__32	45	8	18	20	30	30	20	13
CCTTAATGAT__0.548416565625601__35	8	6	20	20	30	18	8	7
TGCTAATTGC__0.547924539183721__42	13	25	18	20	30	30	9	13
CTATAATCAC__0.547759846600682__44	18	13	13	20	30	7	8	17
ACCTAATCAC__0.547608239739692__39	8	8	18	20	30	7	8	17
GCCTAATGAT__0.547543150658795__32	45	8	18	20	30	18	8	7
CTGTAATTAT__0.546472321618322__39	2	6	6	20	30	30	20	13
AAATAATCAT__0.546219263080726__34	36	30	13	20	30	7	8	18
TGATAATCGC__0.545849025971422__38	8	7	13	20	30	7	31	25
CAGTAATCAT__0.545552693038627__35	2	11	6	20	30	7	8	18
CACTAATTAA__0.545300997704324__41	17	11	18	20	30	30	20	20
AGATAATTGA__0.544940233064874__35	9	7	13	20	30	30	9	8
CAGTAATTAT__0.544080439116585__34	2	11	6	20	30	30	20	13
TGATAATTGA__0.543838087886117__41	8	7	13	20	30	30	9	8
CCTTAATTAG__0.543350424610139__32	8	6	20	20	30	30	20	18
CGCTAATTGG__0.543203796192275__24	25	25	18	20	30	30	9	8
AAATAATTAG__0.542964178851586__31	36	30	13	20	30	30	20	18
TCATAATGAT__0.541458548145178__37	8	18	13	20	30	18	8	7
CGATAATCTG__0.541119043895835__25	31	7	13	20	30	7	9	2
TGTTAATGAT__0.540952365807166__56	6	6	20	20	30	18	8	7
TACTAATTGT__0.540937124015817__30	6	11	18	20	30	30	9	6
GCGTAATTAT__0.539467591598541__38	25	8	6	20	30	30	20	13
CGATAATTGG__0.53922649467648__22	31	7	13	20	30	30	9	8
TAGTAATGAT__0.538716350185175__41	18	11	6	20	30	18	8	7
CCGTAATCAT__0.538406850134801__29	2	8	6	20	30	7	8	18
GACTAATGAG__0.538341574418838__27	8	11	18	20	30	18	8	8
TGATAATTGT__0.537746755114916__33	8	7	13	20	30	30	9	6
CACTAATCGT__0.537465134947555__22	17	11	18	20	30	7	31	8
CGTTAATTGA__0.535528776381423__40	8	6	20	20	30	30	9	8
ATGTAATGAT__0.535234469822675__43	18	6	6	20	30	18	8	7
AAATAATCGA__0.534760545512352__31	36	30	13	20	30	7	31	31
CCGTAATTAG__0.534436068505861__26	2	8	6	20	30	30	20	18
TACTAATTGA__0.534286891619214__35	6	11	18	20	30	30	9	8
GGGTAATGAT__0.53420099446026__45	13	8	6	20	30	18	8	7
CTATAATTAG__0.533739133738678__31	18	13	13	20	30	30	20	18
TGTTAATTAT__0.532541126972951__53	6	6	20	20	30	30	20	13
CGTTAATGAC__0.53209320420554__43	8	6	20	20	30	18	8	8
TCCTAATTAT__0.532011711901494__30	5	8	18	20	30	30	20	13
GGCTAATCAT__0.530776328753737__37	45	25	18	20	30	7	8	18
CGTTAATTAT__0.530643442996829__38	8	6	20	20	30	30	20	13
GGTTAATTAG__0.530273405532792__45	8	6	20	20	30	30	20	18
GTGTAATGAT__0.530134169847537__49	17	6	6	20	30	18	8	7
AGATAATGGG__0.528983311316104__21	9	7	13	20	30	18	8	13
CGATAATGTG__0.52839870433805__23	31	7	13	20	30	18	6	17
GCTTAATTAG__0.52767205252719__37	25	6	20	20	30	30	20	18
AAATAATGAG__0.5276231606546__28	36	30	13	20	30	18	8	8
TCCTAATCAC__0.527082434254282__38	5	8	18	20	30	7	8	17
CTCTAATTAT__0.526760867824903__29	8	9	18	20	30	30	20	13
TCGTAATTAG__0.526464342868674__33	31	8	6	20	30	30	20	18
TACTAATGTG__0.526450746059797__27	6	11	18	20	30	18	6	17
AGGTAATCAT__0.525916235199767__36	8	8	6	20	30	7	8	18
GGATAATCAC__0.525868013382469__43	5	7	13	20	30	7	8	17
AGCTAATCAC__0.525857405796023__40	25	25	18	20	30	7	8	17
TGATAATCAG__0.525580241251478__34	8	7	13	20	30	7	8	2
GGGTAATCAT__0.52511703400652__42	13	8	6	20	30	7	8	18
TGCTAATCGA__0.523628073306656__38	13	25	18	20	30	7	31	31
CCATAATGAC__0.523550837028334__30	8	18	13	20	30	18	8	8
CCTTAATCAC__0.523396298265901__38	8	6	20	20	30	7	8	17
CCGTAATTAT__0.522992895457969__26	2	8	6	20	30	30	20	13
TCGTAATTAT__0.522875207830651__34	31	8	6	20	30	30	20	13
CGTTAATTGC__0.522602654776718__36	8	6	20	20	30	30	9	13
CAATAATTAT__0.522175699232882__28	9	30	13	20	30	30	20	13
AAATAATGAC__0.522088969635736__34	36	30	13	20	30	18	8	8
GGTTAATGAT__0.521497265937252__45	8	6	20	20	30	18	8	7
CGCTAATTGC__0.52138367782169__28	25	25	18	20	30	30	9	13
TCATAATCTA__0.521350713583815__34	8	18	13	20	30	7	9	18
AGATAATTGG__0.521219108578478__22	9	7	13	20	30	30	9	8
AGATAATTAA__0.519646654272449__40	9	7	13	20	30	30	20	20
GACTAATGAC__0.519468578699578__31	8	11	18	20	30	18	8	8
TGTTAATTAC__0.519282759038091__54	6	6	20	20	30	30	20	6
GCTTAATGAT__0.518229319583629__37	25	6	20	20	30	18	8	7
CGTTAATTGG__0.517557813339596__28	8	6	20	20	30	30	9	8
CACTAATGGC__0.517081316175333__21	17	11	18	20	30	18	8	45
CACTAATGCG__0.517079228698274__23	17	11	18	20	30	18	13	25
TAGTAATTAT__0.516983026308257__35	18	11	6	20	30	30	20	13
GCATAATTAG__0.516285945457818__29	13	18	13	20	30	30	20	18
CTATAATCAT__0.515726818357809__30	18	13	13	20	30	7	8	18
TGCTAATTGA__0.515477774837715__36	13	25	18	20	30	30	9	8
AAATAATTAT__0.514568918912516__28	36	30	13	20	30	30	20	13
TCATAATCGT__0.51428669826919__25	8	18	13	20	30	7	31	8
TCTTAATTAG__0.514110568420451__35	9	6	20	20	30	30	20	18
CACTAATCTA__0.513772557143093__27	17	11	18	20	30	7	9	18
CGTTAATCAT__0.513035428954718__35	8	6	20	20	30	7	8	18
ATCTAATTAT__0.512995376705711__29	7	9	18	20	30	30	20	13
TTGTAATTAG__0.512881479714881__44	9	6	6	20	30	30	20	18
CGTTAATGGG__0.512222756629223__25	8	6	20	20	30	18	8	13
CAATAATTGC__0.512121966183783__26	9	30	13	20	30	30	9	13
TCCTAATCAT__0.512089914246735__28	5	8	18	20	30	7	8	18
GGATAATTAT__0.51178889740912__32	5	7	13	20	30	30	20	13
TCCTAATTAC__0.511569151335592__31	5	8	18	20	30	30	20	6
CCTTAATGAG__0.511337913971345__26	8	6	20	20	30	18	8	8
CGCTAATGGG__0.511327769263777__18	25	25	18	20	30	18	8	13
CCATAATTGG__0.511185184435541__17	8	18	13	20	30	30	9	8
CGGTAATGAT__0.511176574686039__31	2	8	6	20	30	18	8	7
CGATAATGGG__0.511017182343733__17	31	7	13	20	30	18	8	13
CGATAATTGT__0.510475647729657__21	31	7	13	20	30	30	9	6
TTGTAATTAT__0.510108216245454__45	9	6	6	20	30	30	20	13
CATTAATGAG__0.508953123844368__29	18	30	20	20	30	18	8	8
GGTTAATGGG__0.508701641496728__32	8	6	20	20	30	18	8	13
CAATAATCAG__0.508129812220981__24	9	30	13	20	30	7	8	2
AGATAATTGC__0.508008839004395__27	9	7	13	20	30	30	9	13
CGATAATTAA__0.507778544551251__35	31	7	13	20	30	30	20	20
CTCTAATTAC__0.506800043369243__30	8	9	18	20	30	30	20	6
AGATAATCGG__0.506666181924637__19	9	7	13	20	30	7	31	2
CGTTAATGTG__0.506485068587049__28	8	6	20	20	30	18	6	17
AAATAATTAC__0.506448218292287__31	36	30	13	20	30	30	20	6
CCATAATCGT__0.506131691821507__17	8	18	13	20	30	7	31	8
GCCTAATGAG__0.505778973030276__23	45	8	18	20	30	18	8	8
CCATAATCTA__0.505476940527719__24	8	18	13	20	30	7	9	18
GCTTAATTAT__0.504935666704762__34	25	6	20	20	30	30	20	13
GCCTAATTAC__0.504511230563516__29	45	8	18	20	30	30	20	6
GGATAATTAG__0.504402687479095__29	5	7	13	20	30	30	20	18
TGATAATGTG__0.504144344126389__27	8	7	13	20	30	18	6	17
TCATAATTGG__0.504011915848903__23	8	18	13	20	30	30	9	8
AGCTAATGAG__0.503381965276733__25	25	25	18	20	30	18	8	8
AACTAATGGG__0.502992359583966__16	6	11	18	20	30	18	8	13
AACTAATTGA__0.502541237203168__25	6	11	18	20	30	30	9	8
CAATAATGGG__0.50251565416439__17	9	30	13	20	30	18	8	13
CAATAATCGC__0.5024881966241__23	9	30	13	20	30	7	31	25
CCCTAATGAG__0.502379011962542__19	13	8	18	20	30	18	8	8
CGGTAATCAT__0.501874174998809__29	2	8	6	20	30	7	8	18
GCCTAATCAC__0.501694860170264__32	45	8	18	20	30	7	8	17
ACTTAATTAG__0.501644351219639__27	11	6	20	20	30	30	20	18
CAATAATCGT__0.501592565157809__19	9	30	13	20	30	7	31	8
AGTTAATTAC__0.50100298075658__38	11	6	20	20	30	30	20	6
GCATAATTAC__0.500910881567478__32	13	18	13	20	30	30	20	6
ACATAATTGC__0.500755866960525__24	6	18	13	20	30	30	9	13
GTATAATTAG__0.50074417519909__31	6	13	13	20	30	30	20	18
AGATAATCGT__0.500352216088538__20	9	7	13	20	30	7	31	8
TACTAATGGT__0.499204449871996__21	6	11	18	20	30	18	8	8
CACTAATCGG__0.499202595543656__16	17	11	18	20	30	7	31	2
TGTTAATGAG__0.499090676229947__41	6	6	20	20	30	18	8	8
GGATAATCAT__0.49847901396917__30	5	7	13	20	30	7	8	18
GGTTAATTAT__0.498438459031847__39	8	6	20	20	30	30	20	13
GAGTAATTAT__0.498319520276942__28	8	11	6	20	30	30	20	13
TTCTAATTAG__0.498266830614656__33	12	9	18	20	30	30	20	18
TCGTAATCAC__0.497927244410885__36	31	8	6	20	30	7	8	17
ATGTAATCAT__0.497648337113461__34	18	6	6	20	30	7	8	18
AACTAATTGC__0.497145292777692__23	6	11	18	20	30	30	9	13
AACTAATTAA__0.496778141599406__32	6	11	18	20	30	30	20	20
TACTAATTAA__0.496760453508498__36	6	11	18	20	30	30	20	20
CAATAATCTG__0.496426799166636__20	9	30	13	20	30	7	9	2
GCATAATCGA__0.49600683678106__27	13	18	13	20	30	7	31	31
CGTTAATCGA__0.494937565006576__31	8	6	20	20	30	7	31	31
CTATAATTAC__0.494680018164937__30	18	13	13	20	30	30	20	6
AGATAATCTG__0.494634829644231__21	9	7	13	20	30	7	9	2
GTGTAATCAT__0.494550769402137__39	17	6	6	20	30	7	8	18
CGGTAATTAC__0.494262751482444__31	2	8	6	20	30	30	20	6
CTCTAATGAT__0.493679422394319__24	8	9	18	20	30	18	8	7
CCTTAATGAC__0.49358745526072__29	8	6	20	20	30	18	8	8
ACTTAATGAG__0.493028108476772__25	11	6	20	20	30	18	8	8
CGCTAATCAG__0.492685397438195__23	25	25	18	20	30	7	8	2
CTTTAATTAG__0.491748916155954__33	6	36	20	20	30	30	20	18
CGTTAATTGT__0.49162855462769__26	8	6	20	20	30	30	9	6
CCTTAATTAT__0.491060267096632__25	8	6	20	20	30	30	20	13
CGATAATCTC__0.491032465825376__21	31	7	13	20	30	7	9	8
ACATAATTAT__0.491024556610247__23	6	18	13	20	30	30	20	13
CGATAATGGC__0.490287383907119__19	31	7	13	20	30	18	8	45
ATATAATCAC__0.488655919157205__33	13	13	13	20	30	7	8	17
CCCTAATGTG__0.488602457658881__15	13	8	18	20	30	18	6	17
ACCTAATGAG__0.4885616568563__19	8	8	18	20	30	18	8	8
ACATAATCAG__0.488174968291124__21	6	18	13	20	30	7	8	2
CAATAATTGG__0.487693439844914__17	9	30	13	20	30	30	9	8
ATCTAATGAT__0.487609842958094__25	7	9	18	20	30	18	8	7
GCCTAATTGC__0.486729472379371__22	45	8	18	20	30	30	9	13
GCATAATCAT__0.486620113611163__26	13	18	13	20	30	7	8	18
CACTAATAGC__0.486577136041986__23	17	11	18	20	30	13	18	25
CCTTAATTGC__0.486506401885232__24	8	6	20	20	30	30	9	13
CCATAATTGA__0.485850070734256__21	8	18	13	20	30	30	9	8
TGTTAATTGG__0.485588872695922__34	6	6	20	20	30	30	9	8
TCTTAATGAT__0.485166802978922__31	9	6	20	20	30	18	8	7
AACTAATTGG__0.485083884423954__16	6	11	18	20	30	30	9	8
ACTTAATTGG__0.484284856253295__20	11	6	20	20	30	30	9	8
AGTTAATCAT__0.484088733515093__31	11	6	20	20	30	7	8	18
TCATAATTAT__0.483866542768491__26	8	18	13	20	30	30	20	13
GGATAATTAC__0.483700647142613__31	5	7	13	20	30	30	20	6
ACTTAATCAT__0.483500891535742__26	11	6	20	20	30	7	8	18
CCCTAATTGG__0.483463486209395__13	13	8	18	20	30	30	9	8
GAATAATTAT__0.483251766502201__23	12	30	13	20	30	30	20	13
CCATAATGTG__0.483215556855824__16	8	18	13	20	30	18	6	17
AATTAATGAT__0.482103411579516__27	30	30	20	20	30	18	8	7
AGTTAATTAT__0.481783462784332__30	11	6	20	20	30	30	20	13
ATCTAATCAT__0.481178560424416__25	7	9	18	20	30	7	8	18
GTCTAATGAT__0.481139945196909__27	8	9	18	20	30	18	8	7
CCCTAATTAA__0.481066603347995__26	13	8	18	20	30	30	20	20
GCCTAATGAC__0.480914414503398__25	45	8	18	20	30	18	8	8
TGCTAATGTG__0.479744738591347__24	13	25	18	20	30	18	6	17
TCATAATTGA__0.479727083941484__26	8	18	13	20	30	30	9	8
AGTTAATGGG__0.479569643752535__22	11	6	20	20	30	18	8	13
GTATAATGAT__0.479433345000325__29	6	13	13	20	30	18	8	7
ATATAATTAG__0.479308097712783__24	13	13	13	20	30	30	20	18
CACTAATTTG__0.479193816514698__17	17	11	18	20	30	30	36	9
GCCTAATTGA__0.479038806939841__22	45	8	18	20	30	30	9	8
TCCTAATGAT__0.478891057735385__22	5	8	18	20	30	18	8	7
CGATAATGTC__0.478621124385543__18	31	7	13	20	30	18	6	8
CAGTAATCAC__0.478435958723248__29	2	11	6	20	30	7	8	17
GAATAATTAG__0.478234533191881__21	12	30	13	20	30	30	20	18
CGTTAATGGA__0.478216815638636__25	8	6	20	20	30	18	8	5
GCGTAATCAT__0.478180425524066__27	25	8	6	20	30	7	8	18
GGCTAATGAT__0.478167287209541__26	45	25	18	20	30	18	8	7
AGCTAATTGA__0.478099872252843__24	25	25	18	20	30	30	9	8
AGCTAATTGC__0.478097913899685__23	25	25	18	20	30	30	9	13
CACTAATGTT__0.477666418490936__16	17	11	18	20	30	18	6	6
GTCTAATTAG__0.477462819360504__25	8	9	18	20	30	30	20	18
AGTTAATTGC__0.477428113168278__29	11	6	20	20	30	30	9	13
GCTTAATGAC__0.477294130609505__32	25	6	20	20	30	18	8	8
AGCTAATGTG__0.477124969043253__19	25	25	18	20	30	18	6	17
CAATAATTGA__0.476694585712744__22	9	30	13	20	30	30	9	8
AGTTAATGAG__0.476489939423447__27	11	6	20	20	30	18	8	8
CGCTAATTGT__0.476348751335109__18	25	25	18	20	30	30	9	6
GGCTAATGAC__0.476178924851718__29	45	25	18	20	30	18	8	8
AGATAATCAG__0.476165583140797__21	9	7	13	20	30	7	8	2
TGCTAATTGT__0.475867641117311__24	13	25	18	20	30	30	9	6
CGGTAATGAG__0.475738082818227__23	2	8	6	20	30	18	8	8
GCTTAATTAC__0.475733362095943__32	25	6	20	20	30	30	20	6
CGCTAATCGT__0.475659472524516__17	25	25	18	20	30	7	31	8
TTATAATGAT__0.475571364023594__32	20	13	13	20	30	18	8	7
CCGTAATTAC__0.475357549758321__23	2	8	6	20	30	30	20	6
ACTTAATCAC__0.475331822534216__30	11	6	20	20	30	7	8	17
TCTTAATGAG__0.475291279327452__27	9	6	20	20	30	18	8	8
CCTTAATCAT__0.474345193049171__23	8	6	20	20	30	7	8	18
TACTAATCGG__0.474218153416076__18	6	11	18	20	30	7	31	2
CTGTAATCAT__0.47421680706727__26	2	6	6	20	30	7	8	18
GGTTAATCAT__0.473429633931033__34	8	6	20	20	30	7	8	18
TCGTAATGAT__0.472845375958802__26	31	8	6	20	30	18	8	7
CCTTAATTGG__0.472331978059701__17	8	6	20	20	30	30	9	8
GACTAATCAG__0.472181312934848__19	8	11	18	20	30	7	8	2
CTGTAATGAT__0.472088820554363__26	2	6	6	20	30	18	8	7
GAATAATCAC__0.47192933694611__27	12	30	13	20	30	7	8	17
CTATAATGAT__0.471927921842394__23	18	13	13	20	30	18	8	7
ACCTAATGAC__0.471474608190511__22	8	8	18	20	30	18	8	8
AACTAATCAG__0.470841167801191__19	6	11	18	20	30	7	8	2
CCATAATGGG__0.470389044297151__12	8	18	13	20	30	18	8	13
CCATAATTGC__0.470207458573238__18	8	18	13	20	30	30	9	13
TCCTAATGAG__0.470137397007315__19	5	8	18	20	30	18	8	8
CGCTAATCGG__0.469887328955706__15	25	25	18	20	30	7	31	2
CACTAATGTC__0.469419145576356__16	17	11	18	20	30	18	6	8
GGATAATGAG__0.469315482630699__23	5	7	13	20	30	18	8	8
GGCTAATTAC__0.469239505018916__28	45	25	18	20	30	30	20	6
GTCTAATCAT__0.46889765967784__26	8	9	18	20	30	7	8	18
ATTTAATGAT__0.468862864947407__32	30	36	20	20	30	18	8	7
ATATAATTAC__0.468556853317764__27	13	13	13	20	30	30	20	6
GTATAATTAC__0.468527984442398__30	6	13	13	20	30	30	20	6
GGCTAATTGG__0.468381485238245__19	45	25	18	20	30	30	9	8
TGTTAATTGC__0.46817542058459__36	6	6	20	20	30	30	9	13
CGCTAATGGT__0.467935547970955__15	25	25	18	20	30	18	8	8
CGTTAATGTT__0.467656880558139__22	8	6	20	20	30	18	6	6
AGCTAATGAC__0.467556329832449__25	25	25	18	20	30	18	8	8
ACGTAATTAC__0.467537545397501__24	8	8	6	20	30	30	20	6
ACTTAATGAC__0.467078352336467__26	11	6	20	20	30	18	8	8
CCGTAATGAC__0.466741804256215__22	2	8	6	20	30	18	8	8
GAATAATCAT__0.466460562167169__21	12	30	13	20	30	7	8	18
ATCTAATGAG__0.466041215700372__20	7	9	18	20	30	18	8	8
CGATAATGGT__0.464947491979051__14	31	7	13	20	30	18	8	8
GCCTAATGGG__0.464175143350183__13	45	8	18	20	30	18	8	13
GCGTAATGAT__0.464009767933951__25	25	8	6	20	30	18	8	7
TCCTAATGAC__0.463934920638316__23	5	8	18	20	30	18	8	8
GGCTAATCAC__0.463532248086995__30	45	25	18	20	30	7	8	17
CATTAATCAC__0.463006608096112__29	18	30	20	20	30	7	8	17
TTGTAATGAT__0.462923307445726__35	9	6	6	20	30	18	8	7
ACTTAATTGT__0.462439415252284__19	11	6	20	20	30	30	9	6
AAACAATCAT__0.462301110052391__17	36	6	6	9	30	7	8	18
GTATAATGAG__0.462108704679519__24	6	13	13	20	30	18	8	8
GCATAATTGG__0.461653584789267__17	13	18	13	20	30	30	9	8
GCGTAATTAC__0.461529281963508__27	25	8	6	20	30	30	20	6
AGATAATTGT__0.461292890517987__17	9	7	13	20	30	30	9	6
TGATAATGGA__0.461172281060463__22	8	7	13	20	30	18	8	5
ACCTAATCAA__0.460877907464253__26	8	8	18	20	30	7	8	9
CCCTAATGGG__0.460790862927028__10	13	8	18	20	30	18	8	13
CCATAATCTG__0.460385085266177__14	8	18	13	20	30	7	9	2
AGTTAATTGG__0.459925196613176__21	11	6	20	20	30	30	9	8
ACCTAATTGC__0.459922403651308__17	8	8	18	20	30	30	9	13
TGATAATGGC__0.459458873406026__21	8	7	13	20	30	18	8	45
ACCTAATTAA__0.459399677883613__24	8	8	18	20	30	30	20	20
AGTTAATGAC__0.459338185711214__29	11	6	20	20	30	18	8	8
GCCTAATCAG__0.459335926109993__18	45	8	18	20	30	7	8	2
GCCTAATTGG__0.459217808634275__14	45	8	18	20	30	30	9	8
TCATAATTGC__0.459189262674566__22	8	18	13	20	30	30	9	13
CTCTAATCAC__0.459178501853071__25	8	9	18	20	30	7	8	17
GCTTAATCAC__0.459153808851129__31	25	6	20	20	30	7	8	17
ATATAATTGC__0.45901735492046__22	13	13	13	20	30	30	9	13
CATTAATGAT__0.458382077072583__23	18	30	20	20	30	18	8	7
TCATAATCTG__0.458303807806767__19	8	18	13	20	30	7	9	2
GACTAATTAA__0.458203865326844__25	8	11	18	20	30	30	20	20
ACATAATCGG__0.457818822972162__13	6	18	13	20	30	7	31	2
CACTAATCAA__0.45776445966536__26	17	11	18	20	30	7	8	9
GTATAATCAT__0.45664057106543__25	6	13	13	20	30	7	8	18
GTCTAATTAT__0.456439766403704__23	8	9	18	20	30	30	20	13
TCGTAATGAC__0.4562016179076__26	31	8	6	20	30	18	8	8
GGATAATGAT__0.456118859487517__23	5	7	13	20	30	18	8	7
CTATAATGAG__0.455733669930504__19	18	13	13	20	30	18	8	8
AGTTAATTGT__0.455626254657191__22	11	6	20	20	30	30	9	6
CAGTAATTAC__0.45550413362273__23	2	11	6	20	30	30	20	6
ATCTAATCAC__0.455301335214953__26	7	9	18	20	30	7	8	17
AGGTAATTAC__0.455240145510716__26	8	8	6	20	30	30	20	6
GAGTAATGAT__0.455135048404036__22	8	11	6	20	30	18	8	7
CCCTAATTGC__0.45371129162987__15	13	8	18	20	30	30	9	13
AAGTAATTAC__0.453379351813534__23	6	11	6	20	30	30	20	6
TTCTAATGAT__0.45314560590377__26	12	9	18	20	30	18	8	7
GAATAATTAC__0.452877593569961__22	12	30	13	20	30	30	20	6
CGCTAATGCG__0.45282700278654__17	25	25	18	20	30	18	13	25
TCTTAATTAT__0.452642367849503__25	9	6	20	20	30	30	20	13
TCGTAATTAC__0.452574794016027__25	31	8	6	20	30	30	20	6
TACTAATTTG__0.452217493323536__18	6	11	18	20	30	30	36	9
CGATAATTTG__0.452159269652482__15	31	7	13	20	30	30	36	9
CGCTAATAGC__0.451550914876839__20	25	25	18	20	30	13	18	25
GACTAATTGA__0.451489854633962__18	8	11	18	20	30	30	9	8
TGTTAATGAC__0.450915246929276__35	6	6	20	20	30	18	8	8
ACGTAATTAA__0.450909437398876__25	8	8	6	20	30	30	20	20
GACTAATTGC__0.45072027670973__17	8	11	18	20	30	30	9	13
TACTAATGAA__0.450676740191361__27	6	11	18	20	30	18	8	12
CCCTAATCGG__0.450571822837232__10	13	8	18	20	30	7	31	2
CCCTAATCGA__0.450072805526074__15	13	8	18	20	30	7	31	31
TCTTAATCAT__0.449948023838187__25	9	6	20	20	30	7	8	18
CATTAATCAT__0.449635540983952__22	18	30	20	20	30	7	8	18
TCGTAATCAT__0.449245994784155__22	31	8	6	20	30	7	8	18
ATTTAATTAC__0.449183391906737__31	30	36	20	20	30	30	20	6
CCATAATTAT__0.449165245637807__16	8	18	13	20	30	30	20	13
CACTAATGTA__0.448162102095023__17	17	11	18	20	30	18	6	6
CGTTAATCTA__0.448003646452573__24	8	6	20	20	30	7	9	18
CGATAATGTA__0.447916045726683__18	31	7	13	20	30	18	6	6
TGTTAATTGA__0.447892296897037__32	6	6	20	20	30	30	9	8
TTGTAATCAT__0.447774164159703__31	9	6	6	20	30	7	8	18
ACGTAATCAG__0.4475739629988__17	8	8	6	20	30	7	8	2
GCTTAATGAG__0.447316532764889__22	25	6	20	20	30	18	8	8
TCTTAATTAC__0.447308540131055__27	9	6	20	20	30	30	20	6
TCTTAATTGC__0.44726494249397__24	9	6	20	20	30	30	9	13
CCGTAATCAC__0.447155083874875__21	2	8	6	20	30	7	8	17
TGGTAATTAC__0.447072806653537__30	8	8	6	20	30	30	20	6
AACTAATTGT__0.446935619827065__14	6	11	18	20	30	30	9	6
AATTAATGTT__0.446906705301508__18	30	30	20	20	30	18	6	6
CACTAATTTA__0.446488536571976__17	17	11	18	20	30	30	36	20
CACTAATAAC__0.446448996200376__26	17	11	18	20	30	13	20	6
AACTAATCGC__0.446298098734806__16	6	11	18	20	30	7	31	25
ACTTAATTAT__0.445927932045461__20	11	6	20	20	30	30	20	13
GAATAATGAC__0.445737538519482__21	12	30	13	20	30	18	8	8
CCTTAATGGG__0.44541558558098__13	8	6	20	20	30	18	8	13
CGATAATGAA__0.445383922798006__24	31	7	13	20	30	18	8	12
AACTAATCGA__0.445270686845747__17	6	11	18	20	30	7	31	31
GATTAATGAT__0.445217026040198__22	7	30	20	20	30	18	8	7
ATCTAATTGT__0.44517440330456__16	7	9	18	20	30	30	9	6
GGTTAATGAG__0.445146243804553__26	8	6	20	20	30	18	8	8
TGATAATGGT__0.444649971698646__17	8	7	13	20	30	18	8	8
GACTAATTTG__0.444383270281132__14	8	11	18	20	30	30	36	9
CACTAATGGA__0.444364035533716__14	17	11	18	20	30	18	8	5
CCCTAATTGA__0.444329287226214__15	13	8	18	20	30	30	9	8
AGATAATGTG__0.444070344115502__15	9	7	13	20	30	18	6	17
AGTTAATTGA__0.44398195191571__24	11	6	20	20	30	30	9	8
TGGTAATCAT__0.443928739469735__27	8	8	6	20	30	7	8	18
TCATAATCGG__0.443890572706872__15	8	18	13	20	30	7	31	2
CGCTAATCTA__0.443887659294072__19	25	25	18	20	30	7	9	18
TACTAATCTC__0.443849148984846__19	6	11	18	20	30	7	9	8
CCTTAATTGA__0.443824229561551__19	8	6	20	20	30	30	9	8
AGTTAATGTT__0.443771682585862__20	11	6	20	20	30	18	6	6
GTGTAATTAA__0.443754422805761__34	17	6	6	20	30	30	20	20
GGTTAATGTG__0.443708895074814__24	8	6	20	20	30	18	6	17
ACATAATTAA__0.44292076553455__23	6	18	13	20	30	30	20	20
GACTAATTGG__0.44250110536941__12	8	11	18	20	30	30	9	8
GGCTAATTGA__0.441848587592134__21	45	25	18	20	30	30	9	8
TGATAATGTC__0.441684630505118__19	8	7	13	20	30	18	6	8
ATTTAATCAT__0.441606835975994__27	30	36	20	20	30	7	8	18
TGTTAATTGT__0.441601000449099__27	6	6	20	20	30	30	9	6
CCATAATCAG__0.441318145352851__14	8	18	13	20	30	7	8	2
TACTAATGGA__0.441245338090374__17	6	11	18	20	30	18	8	5
CGTTAATGGC__0.441231216557178__19	8	6	20	20	30	18	8	45
AACTAATCAA__0.441128598002773__24	6	11	18	20	30	7	8	9
CTTTAATGAT__0.440713497296069__25	6	36	20	20	30	18	8	7
GAATAATTGA__0.440713125457922__18	12	30	13	20	30	30	9	8
TGTTAATGGT__0.440635646897745__25	6	6	20	20	30	18	8	8
ACATAATGGC__0.440267391286106__14	6	18	13	20	30	18	8	45
ATCTAATTAC__0.439682007117389__21	7	9	18	20	30	30	20	6
CCCTAATGGA__0.439623435797942__12	13	8	18	20	30	18	8	5
ATGTAATTAA__0.439578730504818__29	18	6	6	20	30	30	20	20
AAATAATTGA__0.439525278384786__18	36	30	13	20	30	30	9	8
AACTAATGTG__0.43943097002068__13	6	11	18	20	30	18	6	17
TGCTAATGGT__0.439158253100616__17	13	25	18	20	30	18	8	8
ACTTAATGTG__0.439117586317367__16	11	6	20	20	30	18	6	17
CACTAATTTT__0.439028069713926__13	17	11	18	20	30	30	36	36
TCTTAATCGT__0.438731079707871__19	9	6	20	20	30	7	31	8
CCATAATCGG__0.438505932410798__10	8	18	13	20	30	7	31	2
AATTAATTGC__0.43840719930304__20	30	30	20	20	30	30	9	13
GGTTAATTGG__0.438382722214851__22	8	6	20	20	30	30	9	8
TACTAATGGC__0.437998914308819__16	6	11	18	20	30	18	8	45
CGATAATCAG__0.437995454212657__15	31	7	13	20	30	7	8	2
ATATAATGAG__0.437719336132631__18	13	13	13	20	30	18	8	8
CCCTAATCAG__0.437206893743805__13	13	8	18	20	30	7	8	2
GTCTAATTAC__0.437190161337623__23	8	9	18	20	30	30	20	6
TGCTAATCTA__0.437104630132833__23	13	25	18	20	30	7	9	18
AAATAATCAG__0.437095042236325__16	36	30	13	20	30	7	8	2
CGATAATGTT__0.43695300493485__13	31	7	13	20	30	18	6	6
TGATAATTAA__0.436952830038963__27	8	7	13	20	30	30	20	20
ACATAATCTA__0.436787850785088__17	6	18	13	20	30	7	9	18
TTTTAATGAG__0.435623056664446__33	36	36	20	20	30	18	8	8
CCCTAATGGC__0.435189722872114__11	13	8	18	20	30	18	8	45
CTATAATCGT__0.435180715299084__14	18	13	13	20	30	7	31	8
GGCTAATGAG__0.435178555561438__18	45	25	18	20	30	18	8	8
CACTAATTTC__0.434843739750834__13	17	11	18	20	30	30	36	12
TGGTAATGAG__0.434473840935496__24	8	8	6	20	30	18	8	8
GCATAATGAG__0.434319833133478__17	13	18	13	20	30	18	8	8
AATTAATCAT__0.434276806644782__20	30	30	20	20	30	7	8	18
GCGTAATTGT__0.434021037338011__17	25	8	6	20	30	30	9	6
TCCTAATGGG__0.433969922749399__11	5	8	18	20	30	18	8	13
AGCTAATTTG__0.433605460165397__15	25	25	18	20	30	30	36	9
TCCTAATTGC__0.433599095245477__16	5	8	18	20	30	30	9	13
TGATAATTTA__0.433541251995835__21	8	7	13	20	30	30	36	20
GCATAATGGG__0.433451094073161__13	13	18	13	20	30	18	8	13
GGATAATTGG__0.433236711935435__15	5	7	13	20	30	30	9	8
TGTTAATCAT__0.433202563161227__29	6	6	20	20	30	7	8	18
CCATAATCTT__0.433147896410175__12	8	18	13	20	30	7	9	6
AGATAATGGA__0.432833122076376__15	9	7	13	20	30	18	8	5
GCCTAATTGT__0.432393133280097__13	45	8	18	20	30	30	9	6
GAGTAATTAC__0.43229390436401__21	8	11	6	20	30	30	20	6
CTATAATGAC__0.432033568134219__20	18	13	13	20	30	18	8	8
ACTTAATTGC__0.432022707835829__18	11	6	20	20	30	30	9	13
CAATAATGTG__0.431911660565968__13	9	30	13	20	30	18	6	17
TGTTAATGTG__0.431862464612473__25	6	6	20	20	30	18	6	17
CAGTAATGAG__0.431212109918732__16	2	11	6	20	30	18	8	8
AGTTAATGGT__0.430989310414821__17	11	6	20	20	30	18	8	8
GCTTAATTGC__0.430934471012921__21	25	6	20	20	30	30	9	13
CGTTAATAGG__0.430568726956887__17	8	6	20	20	30	13	18	8
GAATAATCGA__0.430217153250229__16	12	30	13	20	30	7	31	31
GCTTAATGTG__0.430206536110871__18	25	6	20	20	30	18	6	17
CGTTAATTAA__0.429716600294612__26	8	6	20	20	30	30	20	20
CTATAATCAG__0.429375350815948__16	18	13	13	20	30	7	8	2
CGGTAATCAC__0.429138134761662__22	2	8	6	20	30	7	8	17
CTATAATTAT__0.428855096822022__17	18	13	13	20	30	30	20	13
TGCTAATCGT__0.428720982437677__17	13	25	18	20	30	7	31	8
GCATAATTGA__0.428710113393528__18	13	18	13	20	30	30	9	8
GCATAATGAC__0.428188001250551__20	13	18	13	20	30	18	8	8
ATTTAATTGG__0.427709434131062__20	30	36	20	20	30	30	9	8
TCATAATGGG__0.427597298391668__13	8	18	13	20	30	18	8	13
CACTAATGAA__0.427296252978406__20	17	11	18	20	30	18	8	12
AGATAATCGC__0.427009405384574__15	9	7	13	20	30	7	31	25
TTATAATCAC__0.426982121246071__27	20	13	13	20	30	7	8	17
TGTTAATCAC__0.426903706289136__32	6	6	20	20	30	7	8	17
ACCTAATTGG__0.426671604053921__10	8	8	18	20	30	30	9	8
GACTAATTGT__0.425990291718011__12	8	11	18	20	30	30	9	6
AAGTAATTAA__0.425750388238133__22	6	11	6	20	30	30	20	20
TCTTAATCAC__0.425598333550681__25	9	6	20	20	30	7	8	17
CTCTAATGAG__0.425205851885783__14	8	9	18	20	30	18	8	8
GCGTAATGGG__0.424993528943518__14	25	8	6	20	30	18	8	13
ACGTAATTGA__0.424908182765002__16	8	8	6	20	30	30	9	8
CATTAATTTG__0.424745797426629__16	18	30	20	20	30	30	36	9
ACCTAATCAG__0.424728718222723__13	8	8	18	20	30	7	8	2
CCTTAATGTC__0.424623223348941__14	8	6	20	20	30	18	6	8
CTCTAATTTG__0.424582374107672__13	8	9	18	20	30	30	36	9
ACATAATTGG__0.42418917959594__11	6	18	13	20	30	30	9	8
GCTTAATGGG__0.423948836754216__15	25	6	20	20	30	18	8	13
CGCTAATTTG__0.42353772240833__13	25	25	18	20	30	30	36	9
TGCTAATCGC__0.423463948408812__19	13	25	18	20	30	7	31	25
ACCTAATTGA__0.423218048925438__14	8	8	18	20	30	30	9	8
CGTTAATTTG__0.422984117618299__17	8	6	20	20	30	30	36	9
CATTAATGGG__0.422767343489884__13	18	30	20	20	30	18	8	13
TCATAATGGC__0.421884741422262__15	8	18	13	20	30	18	8	45
ACTTAATCAG__0.42168021260537__16	11	6	20	20	30	7	8	2
CATTAATGTG__0.421593173284159__15	18	30	20	20	30	18	6	17
CTATAATCGA__0.421366384236452__16	18	13	13	20	30	7	31	31
CGTTAATAGC__0.421300562741189__20	8	6	20	20	30	13	18	25
ACATAATTGA__0.421186596605851__15	6	18	13	20	30	30	9	8
CACTAACGAC__0.421111524786329__17	17	11	18	20	6	8	31	8
CCATAATCGC__0.421095301966078__12	8	18	13	20	30	7	31	25
CTCTAATGGG__0.420769251703485__10	8	9	18	20	30	18	8	13
AAGTAATCAC__0.420658830385941__20	6	11	6	20	30	7	8	17
GGTTAATTAC__0.420516633053442__26	8	6	20	20	30	30	20	6
AATTAATGTG__0.420306918924539__15	30	30	20	20	30	18	6	17
GTTTAATTAG__0.42027929508065__26	6	36	20	20	30	30	20	18
GCGTAATCAC__0.419954656072809__22	25	8	6	20	30	7	8	17
CGATAATCTT__0.419772061920821__12	31	7	13	20	30	7	9	6
GATTAATGAG__0.419667964963324__17	7	30	20	20	30	18	8	8
AGCTAATTAA__0.419494450088054__21	25	25	18	20	30	30	20	20
CTCTAATTGG__0.41941438577464__11	8	9	18	20	30	30	9	8
TGCTAATGTT__0.419369384563232__16	13	25	18	20	30	18	6	6
ACTTAATTAC__0.41936053674733__19	11	6	20	20	30	30	20	6
CCCTAATCGT__0.418840306164181__9	13	8	18	20	30	7	31	8
TGATAATCTT__0.418723609564319__16	8	7	13	20	30	7	9	6
CACTAATGCA__0.41814428492449__17	17	11	18	20	30	18	13	13
GTGTAATTTG__0.417812258427185__21	17	6	6	20	30	30	36	9
TCATAATGGT__0.417788937381452__13	8	18	13	20	30	18	8	8
TTTTAATTGT__0.41768920681298__28	36	36	20	20	30	30	9	6
ATTTAATGAG__0.417563896498739__21	30	36	20	20	30	18	8	8
TCTTAATTGG__0.417486798531475__16	9	6	20	20	30	30	9	8
GCATAATTGC__0.417416910360628__16	13	18	13	20	30	30	9	13
GACTAATGTG__0.417032517299546__11	8	11	18	20	30	18	6	17
GACTAATGGG__0.416993895955368__9	8	11	18	20	30	18	8	13
ATCTAATTGA__0.416813343415373__16	7	9	18	20	30	30	9	8
CTCTAATCAT__0.416490051055172__15	8	9	18	20	30	7	8	18
AATTAATCGT__0.416407142436171__14	30	30	20	20	30	7	31	8
AAGTGATCAT__0.416405549623374__17	6	11	17	8	7	7	8	18
CGTTAATCTG__0.416247537345498__16	8	6	20	20	30	7	9	2
GGTTAATTGT__0.415920775680084__20	8	6	20	20	30	30	9	6
GCATAATTAA__0.41586303858511__21	13	18	13	20	30	30	20	20
TGATAATCAA__0.415854201574019__24	8	7	13	20	30	7	8	9
ACATAATGTC__0.415685885464513__12	6	18	13	20	30	18	6	8
GTCTAATGAG__0.415548402598597__16	8	9	18	20	30	18	8	8
CAATAATGCG__0.41542923447427__13	9	30	13	20	30	18	13	25
GGATAATCGA__0.415409669169158__17	5	7	13	20	30	7	31	31
CTCTAATTGC__0.415275559190243__14	8	9	18	20	30	30	9	13
CGTTAATTCG__0.415236125447595__15	8	6	20	20	30	30	12	31
TCATAATTGT__0.415058263117718__14	8	18	13	20	30	30	9	6
AGTTAATTTG__0.414480379103205__17	11	6	20	20	30	30	36	9
ATTTAATTAG__0.414293723610561__21	30	36	20	20	30	30	20	18
TTTTAATTAG__0.414159567439723__29	36	36	20	20	30	30	20	18
CGTTAATGTC__0.414133274954206__16	8	6	20	20	30	18	6	8
ATTTAATCAC__0.414003967961149__26	30	36	20	20	30	7	8	17
GTTTAATTGG__0.413748386811277__22	6	36	20	20	30	30	9	8
CTTTAATTGT__0.413352464169521__18	6	36	20	20	30	30	9	6
TCGTAATGAG__0.413110789385851__16	31	8	6	20	30	18	8	8
CGTTAATGGT__0.413044825784472__14	8	6	20	20	30	18	8	8
GCTTAATTGG__0.413004726089869__15	25	6	20	20	30	30	9	8
GTTTAATCAT__0.412897378177114__26	6	36	20	20	30	7	8	18
TAGTAATGAG__0.412321853794393__17	18	11	6	20	30	18	8	8
TAGTAATTAC__0.412233883610918__20	18	11	6	20	30	30	20	6
ATATAATCGA__0.411894725572554__16	13	13	13	20	30	7	31	31
CGCTAATTAA__0.411755680202687__19	25	25	18	20	30	30	20	20
CTCTAATGAC__0.4117345560313__16	8	9	18	20	30	18	8	8
AGATAATAAC__0.411732763009585__23	9	7	13	20	30	13	20	6
GCTTAATTGT__0.411720989389635__16	25	6	20	20	30	30	9	6
TCTTAATTTC__0.411571344305993__17	9	6	20	20	30	30	36	12
GTCTAATGAC__0.41157069655259__19	8	9	18	20	30	18	8	8
TCATAATGCG__0.411479606260221__15	8	18	13	20	30	18	13	25
TCATAATTTG__0.411411787548818__14	8	18	13	20	30	30	36	9
ATATAATTAT__0.41137752346673__16	13	13	13	20	30	30	20	13
TGCTAATGGA__0.411116449541205__16	13	25	18	20	30	18	8	5
GCATAATGTT__0.411061433352551__13	13	18	13	20	30	18	6	6
CGTTAATGTA__0.41098742726968__18	8	6	20	20	30	18	6	6
GAATAATCGG__0.410753343755923__10	12	30	13	20	30	7	31	2
GGATAATTGT__0.410672077393269__14	5	7	13	20	30	30	9	6
AGGTAATGAG__0.410561993410957__16	8	8	6	20	30	18	8	8
TGCTAATGGG__0.410330437426752__13	13	25	18	20	30	18	8	13
CACTAATCTC__0.410153505403611__12	17	11	18	20	30	7	9	8
TGCTAATCGG__0.410152722004982__14	13	25	18	20	30	7	31	2
CTTTAATTAT__0.410108193917147__20	6	36	20	20	30	30	20	13
ACCTAATTGT__0.409920113335966__10	8	8	18	20	30	30	9	6
CTTTAATGAC__0.409744509118187__22	6	36	20	20	30	18	8	8
CACTAATGGT__0.40938918691318__9	17	11	18	20	30	18	8	8
CAATAATGCA__0.409301348819898__17	9	30	13	20	30	18	13	13
AAATAATCGC__0.408938563200817__13	36	30	13	20	30	7	31	25
CGGTAATTGG__0.408904799750283__12	2	8	6	20	30	30	9	8
ATCTAATGGT__0.408768868211926__11	7	9	18	20	30	18	8	8
GTCTAATTGG__0.40873443755163__13	8	9	18	20	30	30	9	8
AACTAATTTG__0.408680515094005__11	6	11	18	20	30	30	36	9
CGCTAATCGC__0.408643734059237__13	25	25	18	20	30	7	31	25
GTTTAATGAT__0.408568289632073__25	6	36	20	20	30	18	8	7
CAATAATAAC__0.408457763489838__21	9	30	13	20	30	13	20	6
GCGTAATGAC__0.408442147281475__19	25	8	6	20	30	18	8	8
CGATAATGCC__0.4083785770618__15	31	7	13	20	30	18	13	45
TCCTAATTGA__0.408371972959608__14	5	8	18	20	30	30	9	8
TTTTAATTGG__0.407881787308857__25	36	36	20	20	30	30	9	8
GCGTAATTGG__0.40777809812917__13	25	8	6	20	30	30	9	8
CTTTAATCAT__0.407720320538994__20	6	36	20	20	30	7	8	18
TTATAATTAG__0.407712751380873__19	20	13	13	20	30	30	20	18
CCATAATTTG__0.407579125009046__10	8	18	13	20	30	30	36	9
AGCTAATTGG__0.40754580834933__11	25	25	18	20	30	30	9	8
AGGTAATTTA__0.407375986697223__17	8	8	6	20	30	30	36	20
TGATAATATG__0.407324363907599__17	8	7	13	20	30	13	13	18
AACTAATCGT__0.407146512524098__10	6	11	18	20	30	7	31	8
CAATAATTGT__0.407060328976691__11	9	30	13	20	30	30	9	6
CGATAATAAC__0.407019853358756__21	31	7	13	20	30	13	20	6
CAATAATTAA__0.40700019203107__18	9	30	13	20	30	30	20	20
ACGTAATGAC__0.406775087801471__16	8	8	6	20	30	18	8	8
CGTTAATGAA__0.406723791177505__22	8	6	20	20	30	18	8	12
CACTAATAAG__0.406475759660659__15	17	11	18	20	30	13	20	6
ACATAATGCG__0.406353711624474__12	6	18	13	20	30	18	13	25
ACCTAATTTG__0.406176589191499__10	8	8	18	20	30	30	36	9
TCTTAATGAC__0.406064716750991__20	9	6	20	20	30	18	8	8
ATTTAATGTG__0.406034677426088__18	30	36	20	20	30	18	6	17
TCCTAATTGG__0.405910705918158__10	5	8	18	20	30	30	9	8
GGTTAATTGC__0.405899086903123__21	8	6	20	20	30	30	9	13
GGGTAATGGG__0.405787472081294__15	13	8	6	20	30	18	8	13
ACGTAATAAC__0.405709313963491__21	8	8	6	20	30	13	20	6
GCTTAATTGA__0.405531101669861__18	25	6	20	20	30	30	9	8
GGTTAATTTG__0.405379193819495__19	8	6	20	20	30	30	36	9
TGATAATGTT__0.405245811488944__14	8	7	13	20	30	18	6	6
CTTTAATGAG__0.404981979406956__18	6	36	20	20	30	18	8	8
GGGTAATTTG__0.404885174671828__17	13	8	6	20	30	30	36	9
GACTAATGGT__0.404857624982678__9	8	11	18	20	30	18	8	8
AACTAATGGA__0.404593514962745__11	6	11	18	20	30	18	8	5
TTTTAATTGC__0.404324161266509__28	36	36	20	20	30	30	9	13
CAATAATGGC__0.404267224696024__11	9	30	13	20	30	18	8	45
AAGTAATCGA__0.403609587459764__14	6	11	6	20	30	7	31	31
TTCTAATTGT__0.403480649690522__16	12	9	18	20	30	30	9	6
GAGTAATCAG__0.403194271997196__14	8	11	6	20	30	7	8	2
CAATAATCGG__0.402559589461673__9	9	30	13	20	30	7	31	2
TTATAATGAG__0.402402245382239__18	20	13	13	20	30	18	8	8
TGCTAATCTG__0.402199647766402__15	13	25	18	20	30	7	9	2
CGGTAATTGA__0.402097355066755__15	2	8	6	20	30	30	9	8
ATTTAATTAT__0.401867631600353__20	30	36	20	20	30	30	20	13
ACTTAATTGA__0.40163988254523__15	11	6	20	20	30	30	9	8
TGTTAATGTT__0.401287436948033__20	6	6	20	20	30	18	6	6
AAGTAATCAG__0.401240720879638__13	6	11	6	20	30	7	8	2
AATTAATGGT__0.401221084187157__12	30	30	20	20	30	18	8	8
TCATAATATG__0.401134402645001__15	8	18	13	20	30	13	13	18
CTCTAATCGA__0.401100264753684__13	8	9	18	20	30	7	31	31
TCTTAATGTG__0.401032845063529__15	9	6	20	20	30	18	6	17
GCATAATCTA__0.400981730034994__15	13	18	13	20	30	7	9	18
GGCTAATTAA__0.400924437201894__20	45	25	18	20	30	30	20	20
ATCTAATTTG__0.400882892380756__12	7	9	18	20	30	30	36	9
AAGTAATGAG__0.400783979329543__13	6	11	6	20	30	18	8	8
ATATAATCAT__0.400709260302508__15	13	13	13	20	30	7	8	18
AAATAATTGC__0.400411856241101__13	36	30	13	20	30	30	9	13
CAGTAATTAA__0.400223573634275__18	2	11	6	20	30	30	20	20
TTATAATCAT__0.400166884775416__19	20	13	13	20	30	7	8	18
GCATAATGTG__0.400035395929723__12	13	18	13	20	30	18	6	17
AAGTAATGAC__0.399987247387122__16	6	11	6	20	30	18	8	8
CACTAATTCG__0.399935290056668__9	17	11	18	20	30	30	12	31
CATTAATTGT__0.399842574930389__13	18	30	20	20	30	30	9	6
CAATAATGTA__0.399732578019818__13	9	30	13	20	30	18	6	6
AGGTAATCAC__0.399404923708439__19	8	8	6	20	30	7	8	17
AGGTAATTAA__0.399375706220808__20	8	8	6	20	30	30	20	20
GCCTAATGGT__0.399315356844853__9	45	8	18	20	30	18	8	8
TCTTAATTGT__0.399295128045111__15	9	6	20	20	30	30	9	6
ACTTAATGTT__0.399179843858443__12	11	6	20	20	30	18	6	6
ATATAATTGA__0.399138511059469__15	13	13	13	20	30	30	9	8
ACACAATGAT__0.399121963303436__11	6	17	6	9	30	18	8	7
AAATAATGGG__0.399088228566456__9	36	30	13	20	30	18	8	13
TGGTAATTGG__0.398992975071679__16	8	8	6	20	30	30	9	8
GGATAATCGT__0.398991544254665__12	5	7	13	20	30	7	31	8
ACTTAATGGT__0.398981682944055__11	11	6	20	20	30	18	8	8
CTCTAATTGA__0.398980422069163__13	8	9	18	20	30	30	9	8
TCCTAATCGT__0.398843211525632__10	5	8	18	20	30	7	31	8
GATTAATCAT__0.39869100264558__16	7	30	20	20	30	7	8	18
CGATAATAGG__0.39856637966529__10	31	7	13	20	30	13	18	8
CGTTAATGCG__0.398174060180909__15	8	6	20	20	30	18	13	25
AATTAATGAG__0.398059431079982__14	30	30	20	20	30	18	8	8
AATTAATGAC__0.3979633158547__17	30	30	20	20	30	18	8	8
AACTAATCTA__0.397785162063639__13	6	11	18	20	30	7	9	18
CACTAATCTT__0.397610596173355__10	17	11	18	20	30	7	9	6
CCATAATCAA__0.397597626539307__16	8	18	13	20	30	7	8	9
GTCTAATTGT__0.397478611559203__13	8	9	18	20	30	30	9	6
TGCTAATGGC__0.397444203300342__14	13	25	18	20	30	18	8	45
ATCTAATTTA__0.397407687555524__14	7	9	18	20	30	30	36	20
CGTTAATCGT__0.397369022187747__13	8	6	20	20	30	7	31	8
CTGTAATTAC__0.397361829997805__17	2	6	6	20	30	30	20	6
GGATAATCGG__0.397246586439667__11	5	7	13	20	30	7	31	2
GTATAATGTG__0.397186938076564__14	6	13	13	20	30	18	6	17
ATGTAATTAC__0.397159018776789__19	18	6	6	20	30	30	20	6
GACTAATCTG__0.396994301559476__10	8	11	18	20	30	7	9	2
GGATAATCAG__0.396779817620735__14	5	7	13	20	30	7	8	2
CGATAATGCG__0.396455833546045__11	31	7	13	20	30	18	13	25
AGATAATGAA__0.396312446529255__18	9	7	13	20	30	18	8	12
ACATAATTGT__0.396283198368401__10	6	18	13	20	30	30	9	6
TAGTAATTTG__0.396107167319199__14	18	11	6	20	30	30	36	9
CATTAATGTC__0.395983317208783__13	18	30	20	20	30	18	6	8
CGTTAATCAG__0.395964127583212__15	8	6	20	20	30	7	8	2
ACTTAATGGG__0.395636313910654__10	11	6	20	20	30	18	8	13
AACTAATCTG__0.395618419453252__10	6	11	18	20	30	7	9	2
TCTTAATGTC__0.395439591449381__15	9	6	20	20	30	18	6	8
ATTTAATTGC__0.39543219536609__19	30	36	20	20	30	30	9	13
CGCTAATGAA__0.395375431179534__17	25	25	18	20	30	18	8	12
ACTTAATGGC__0.395334031543177__12	11	6	20	20	30	18	8	45
TGGTAATGGG__0.395123000612972__15	8	8	6	20	30	18	8	13
CAATAATAGG__0.395039361568736__10	9	30	13	20	30	13	18	8
CATTAATTGA__0.395019419658307__15	18	30	20	20	30	30	9	8
TTTTAATTAT__0.3949511152124__26	36	36	20	20	30	30	20	13
CGCTAATGTG__0.394667684744956__10	25	25	18	20	30	18	6	17
AGTTAATCAC__0.394507646083893__20	11	6	20	20	30	7	8	17
AAATAATTAA__0.394424699861477__17	36	30	13	20	30	30	20	20
AACTAATGTA__0.394209814102576__12	6	11	18	20	30	18	6	6
ATCTAATTGC__0.394204594907463__13	7	9	18	20	30	30	9	13
TGCTAATTTG__0.394163013688888__14	13	25	18	20	30	30	36	9
ATCTAATGAC__0.394024343124693__15	7	9	18	20	30	18	8	8
TGGTAATCAC__0.393962650995827__22	8	8	6	20	30	7	8	17
CGGTAATCAG__0.393787388185202__13	2	8	6	20	30	7	8	2
TTTTAATGAT__0.393765733825704__26	36	36	20	20	30	18	8	7
TGCTAATTAA__0.393689744842056__20	13	25	18	20	30	30	20	20
TACTAATTCG__0.393649732234172__11	6	11	18	20	30	30	12	31
GGCTAATAAG__0.393525479478486__17	45	25	18	20	30	13	20	6
CGATAATGCA__0.393332903819046__15	31	7	13	20	30	18	13	13
CAGTAATGAC__0.393286367505691__15	2	11	6	20	30	18	8	8
GAATAATCTA__0.393226575303909__13	12	30	13	20	30	7	9	18
GTATAATCAC__0.393162175805274__19	6	13	13	20	30	7	8	17
AGGTAATCAG__0.393127935697823__14	8	8	6	20	30	7	8	2
GGATAGTGTG__0.392905203357971__9	5	7	13	18	11	17	6	17
CTTTAATCAC__0.392786648014394__21	6	36	20	20	30	7	8	17
ATTTAATTGA__0.392734356821737__19	30	36	20	20	30	30	9	8
AGATAATGCA__0.392599374416132__16	9	7	13	20	30	18	13	13
AATTAATGCT__0.392580936965922__14	30	30	20	20	30	18	13	25
GTGTAATTGG__0.392560118407662__16	17	6	6	20	30	30	9	8
CTCTAATTGT__0.392546064460481__10	8	9	18	20	30	30	9	6
AATTAATAGT__0.392325226637695__13	30	30	20	20	30	13	18	11
GTTTAATTAC__0.392313405128341__24	6	36	20	20	30	30	20	6
CACTAATAGA__0.392286695186345__13	17	11	18	20	30	13	18	9
GGATAATTAA__0.392262122143363__19	5	7	13	20	30	30	20	20
CGATGATCAC__0.392027926844833__15	31	7	18	8	7	7	8	17
GATTAATGGC__0.39202560095797__13	7	30	20	20	30	18	8	45
CAATAATCTC__0.391871957158001__11	9	30	13	20	30	7	9	8
TCATAATTAA__0.39174306271606__18	8	18	13	20	30	30	20	20
TGATAATGCG__0.391528041464202__14	8	7	13	20	30	18	13	25
GCATAATGGA__0.39146866500664__12	13	18	13	20	30	18	8	5
AGATAATGTA__0.391462161215681__13	9	7	13	20	30	18	6	6
CATTAATAGC__0.391340060168869__15	18	30	20	20	30	13	18	25
CATTAATGAC__0.391151292100587__16	18	30	20	20	30	18	8	8
TGGTGATCAT__0.390956631709823__20	8	8	17	8	7	7	8	18
CAATAATCTT__0.390791078762497__10	9	30	13	20	30	7	9	6
GGCTAATTGC__0.390747811783353__14	45	25	18	20	30	30	9	13
TGATAATTTG__0.39074390818387__13	8	7	13	20	30	30	36	9
GCTTAATCGT__0.390621515391736__13	25	6	20	20	30	7	31	8
CGCTAATGGC__0.390505331570396__10	25	25	18	20	30	18	8	45
GCTTAATTTG__0.390387522730763__14	25	6	20	20	30	30	36	9
GGCTAATTGT__0.390285562316915__12	45	25	18	20	30	30	9	6
GATTAATCAC__0.390206680340323__18	7	30	20	20	30	7	8	17
ATGTAATCAA__0.390197900825897__21	18	6	6	20	30	7	8	9
TCGTAATTGC__0.390088628610021__14	31	8	6	20	30	30	9	13
TCCTAATCGA__0.390034304005207__12	5	8	18	20	30	7	31	31
TGATAATTCG__0.389857715389747__12	8	7	13	20	30	30	12	31
CACTAATCCA__0.389739513233377__15	17	11	18	20	30	7	5	8
TTTTAATTAC__0.389678273674122__27	36	36	20	20	30	30	20	6
CGATAATAAG__0.389599783315851__14	31	7	13	20	30	13	20	6
CGATAATGGA__0.389439519948599__10	31	7	13	20	30	18	8	5
TCATAATAAC__0.389394923687456__20	8	18	13	20	30	13	20	6
TGTTAATCAG__0.389378806603089__20	6	6	20	20	30	7	8	2
TCATAATGTC__0.389264712519591__12	8	18	13	20	30	18	6	8
CAATAATGTC__0.38925525185386__10	9	30	13	20	30	18	6	8
CCGTAATGAG__0.389186237299353__10	2	8	6	20	30	18	8	8
ACGTAATGTG__0.389173589235583__10	8	8	6	20	30	18	6	17
TCATAATTCG__0.389084469306048__11	8	18	13	20	30	30	12	31
CCCTAATCGC__0.389058304451076__9	13	8	18	20	30	7	31	25
CTTTAATTGC__0.388972868942872__17	6	36	20	20	30	30	9	13
AGTTAATCGT__0.388822531754127__13	11	6	20	20	30	7	31	8
TCGTAATTGT__0.38859583421809__12	31	8	6	20	30	30	9	6
TCCTAATTCT__0.388518796631944__10	5	8	18	20	30	30	12	9
CTATAATTGA__0.388514874691019__13	18	13	13	20	30	30	9	8
GATTAATTTC__0.388505295726077__13	7	30	20	20	30	30	36	12
ACACAATCGA__0.388402019561556__9	6	17	6	9	30	7	31	31
TGTTAATCGA__0.388329884361843__21	6	6	20	20	30	7	31	31
GTGTAATAAG__0.3883116094776__21	17	6	6	20	30	13	20	6
AATTAATGCA__0.388285542322455__17	30	30	20	20	30	18	13	13
GTTTAATGAC__0.388103558198749__23	6	36	20	20	30	18	8	8
GTTTAATGAG__0.388033725645107__20	6	36	20	20	30	18	8	8
AGATAATGGT__0.38788677709543__9	9	7	13	20	30	18	8	8
GACTAATGCG__0.38769309956512__10	8	11	18	20	30	18	13	25
GCATAATTGT__0.387595338502789__11	13	18	13	20	30	30	9	6
CACGAATGAT__0.38756099250286__10	17	8	31	12	30	18	8	7
GAATAATGAG__0.387545035671979__11	12	30	13	20	30	18	8	8
TCTTAATTGA__0.387474159797437__16	9	6	20	20	30	30	9	8
TTCTAATCAC__0.387039246039954__20	12	9	18	20	30	7	8	17
CAATAATCCA__0.386920761466186__15	9	30	13	20	30	7	5	8
ATGTAATCAG__0.386905354600952__15	18	6	6	20	30	7	8	2
TTTTAATGGT__0.386893006740199__21	36	36	20	20	30	18	8	8
GTCTAATGGG__0.386795288366697__10	8	9	18	20	30	18	8	13
ACGTAATGAG__0.386676584914318__11	8	8	6	20	30	18	8	8
GGTTAATGAC__0.386588927486754__20	8	6	20	20	30	18	8	8
TTTTAATGTG__0.386399920489992__22	36	36	20	20	30	18	6	17
GTATAATCGA__0.386342827817437__15	6	13	13	20	30	7	31	31
GACTAATCGA__0.386226668391908__11	8	11	18	20	30	7	31	31
CGTTAATCTT__0.386221125721391__13	8	6	20	20	30	7	9	6
GATTAATGAC__0.386213912148354__16	7	30	20	20	30	18	8	8
TGTTAATGGG__0.386206321468402__16	6	6	20	20	30	18	8	13
ACTTAATCGA__0.386134912125052__13	11	6	20	20	30	7	31	31
TGATAATAGG__0.386023993955055__12	8	7	13	20	30	13	18	8
AACTAATAGG__0.385834976197615__9	6	11	18	20	30	13	18	8
TAGTAATCGT__0.38576676477118__12	18	11	6	20	30	7	31	8
TTATAATCGA__0.385753645811537__17	20	13	13	20	30	7	31	31
AAGTAATCAA__0.385700418441288__17	6	11	6	20	30	7	8	9
GAATAATTTG__0.385649682514099__10	12	30	13	20	30	30	36	9
CCTTAATGTG__0.38562450144988__10	8	6	20	20	30	18	6	17
AATTAATTTT__0.385570997581382__12	30	30	20	20	30	30	36	36
GAATAATCGT__0.385541002917223__9	12	30	13	20	30	7	31	8
ACTTAATGCG__0.385536674525405__12	11	6	20	20	30	18	13	25
GCCTAATGTG__0.385515627222758__9	45	8	18	20	30	18	6	17
AGATAATAGC__0.385346261780931__13	9	7	13	20	30	13	18	25
AAATAATGGC__0.385274978418142__10	36	30	13	20	30	18	8	45
TACTAATAAC__0.385153101089567__19	6	11	18	20	30	13	20	6
AGCTAATCGG__0.385012625347343__9	25	25	18	20	30	7	31	2
TACTAATGTA__0.385006384071274__13	6	11	18	20	30	18	6	6
CGCTAATGGA__0.384644761204992__10	25	25	18	20	30	18	8	5
CCATAATAGC__0.384520869958186__11	8	18	13	20	30	13	18	25
GAGTAATTAA__0.384517934011729__17	8	11	6	20	30	30	20	20
AAATAATCGT__0.384254510082715__9	36	30	13	20	30	7	31	8
GCATAATTTG__0.384177560398305__11	13	18	13	20	30	30	36	9
GGGTAATTAC__0.384145995435753__18	13	8	6	20	30	30	20	6
TGATAATAGC__0.384130242595307__15	8	7	13	20	30	13	18	25
GTATAATTGA__0.384080966549934__15	6	13	13	20	30	30	9	8
AGATAATCTC__0.384050393838766__11	9	7	13	20	30	7	9	8
ACATAATGTG__0.38401980640099__9	6	18	13	20	30	18	6	17
CGTTAATCGG__0.384016095489482__11	8	6	20	20	30	7	31	2
TCATAATGTG__0.383922881987611__11	8	18	13	20	30	18	6	17
GGGAAATGGG__0.383883291328213__9	13	5	12	36	30	18	8	13
GTCTAATTGA__0.383614873084206__14	8	9	18	20	30	30	9	8
CAATAATAGC__0.383256457979862__12	9	30	13	20	30	13	18	25
TGTTAATCTG__0.383227580162991__18	6	6	20	20	30	7	9	2
TGGTAATTGC__0.383203885876172__17	8	8	6	20	30	30	9	13
ACATAATAGG__0.383158614757065__9	6	18	13	20	30	13	18	8
CAACAATCGA__0.38312806600619__9	9	6	6	9	30	7	31	31
AGCTAATGCG__0.383084571856166__11	25	25	18	20	30	18	13	25
AGATAATCTT__0.383035300381889__10	9	7	13	20	30	7	9	6
AGGTAATTTG__0.382996307449629__12	8	8	6	20	30	30	36	9
ATATAATGGT__0.382904211142379__10	13	13	13	20	30	18	8	8
TTTTAATCAT__0.382633494438991__24	36	36	20	20	30	7	8	18
TGCTAATCAG__0.382535833774005__14	13	25	18	20	30	7	8	2
CGGTAATTTG__0.382452183538451__11	2	8	6	20	30	30	36	9
ATTTAATGTT__0.382418471890385__15	30	36	20	20	30	18	6	6
AAATAATCAA__0.382315078770993__16	36	30	13	20	30	7	8	9
CAGCAATGAT__0.382270695476278__11	2	25	13	9	30	18	8	7
GCTTAATCAT__0.382042326860073__15	25	6	20	20	30	7	8	18
CCTTAATCTG__0.381982176428282__10	8	6	20	20	30	7	9	2
CCATAATCTC__0.381922472867755__9	8	18	13	20	30	7	9	8
GCCTAATAAG__0.381845689399696__13	45	8	18	20	30	13	20	6
AAATAATCTA__0.381830515085126__12	36	30	13	20	30	7	9	18
TACTAATTTC__0.381829457031567__11	6	11	18	20	30	30	36	12
ATTTAATGGT__0.381818060361245__14	30	36	20	20	30	18	8	8
TCATAATCGC__0.38178001759399__12	8	18	13	20	30	7	31	25
ACATAATAAC__0.38155037523754__17	6	18	13	20	30	13	20	6
AATTAATAGC__0.381314274544481__14	30	30	20	20	30	13	18	25
TCGTAATTAA__0.381267433108903__17	31	8	6	20	30	30	20	20
CAATAATGAA__0.381218468993417__15	9	30	13	20	30	18	8	12
CGCTAATGTT__0.381148080830787__9	25	25	18	20	30	18	6	6
CATTAATAAC__0.380913763662125__19	18	30	20	20	30	13	20	6
ACTTAATCGT__0.380910153184063__10	11	6	20	20	30	7	31	8
AGATAATAAG__0.380832058621183__14	9	7	13	20	30	13	20	6
TAGTAATCAC__0.380753484538173__17	18	11	6	20	30	7	8	17
ATTTAATTGT__0.380609996660808__15	30	36	20	20	30	30	9	6
CGATAATCCC__0.380501172430367__13	31	7	13	20	30	7	5	13
TGCTAATAGC__0.380398913492293__15	13	25	18	20	30	13	18	25
GTATAATGAC__0.37996058976667__16	6	13	13	20	30	18	8	8
CCATAATTCC__0.379892224349889__10	8	18	13	20	30	30	12	5
AAATAATGGA__0.379810141408666__10	36	30	13	20	30	18	8	5
GAATAATTGC__0.379805293752354__11	12	30	13	20	30	30	9	13
CTGTAATCAC__0.379406516003984__16	2	6	6	20	30	7	8	17
ACATAATCCA__0.379267465125272__14	6	18	13	20	30	7	5	8
TGATCATCGT__0.379215661515__11	8	7	7	8	18	7	31	8
ACATAATCTT__0.379167189114109__9	6	18	13	20	30	7	9	6
TATTAATCAC__0.379022501700451__19	13	30	20	20	30	7	8	17
CGGTAATTAA__0.37902180728734__16	2	8	6	20	30	30	20	20
CGCTAATAAC__0.378969782903064__17	25	25	18	20	30	13	20	6
TACTAATAGC__0.378770719267309__13	6	11	18	20	30	13	18	25
TCGTAATCGA__0.37870134890049__13	31	8	6	20	30	7	31	31
GTGTAATTAC__0.378662932141553__19	17	6	6	20	30	30	20	6
AACTAATCTT__0.378579415330706__9	6	11	18	20	30	7	9	6
TTCTAATTAC__0.378570102042827__17	12	9	18	20	30	30	20	6
GATTAATGCT__0.37849929001025__13	7	30	20	20	30	18	13	25
AAGTAATTTG__0.37844093122011__10	6	11	6	20	30	30	36	9
GCGTAATTGC__0.378378618912905__13	25	8	6	20	30	30	9	13
TACTAATGTT__0.378244454310218__10	6	11	18	20	30	18	6	6
GTATAATTAT__0.378103350807072__14	6	13	13	20	30	30	20	13
TCATAATAGA__0.377745245001884__14	8	18	13	20	30	13	18	9
ACCTAATTTA__0.377660397252414__10	8	8	18	20	30	30	36	20
TTTTAATCAC__0.377538504290017__26	36	36	20	20	30	7	8	17
CGTTAATTTT__0.377448454403264__12	8	6	20	20	30	30	36	36
TTCTAATTAT__0.377240884664271__15	12	9	18	20	30	30	20	13
TATTAATCAT__0.377148057422771__16	13	30	20	20	30	7	8	18
TACTAATGCG__0.376622800192487__11	6	11	18	20	30	18	13	25
TCGTAATTGA__0.376488622485592__13	31	8	6	20	30	30	9	8
GCCTAATTAA__0.376210571929652__14	45	8	18	20	30	30	20	20
AACTAATAGC__0.376018943351539__11	6	11	18	20	30	13	18	25
TCATAATAGC__0.375978317525947__13	8	18	13	20	30	13	18	25
GGTTAATTGA__0.375698503269282__17	8	6	20	20	30	30	9	8
GGATAATTTG__0.375600996631821__11	5	7	13	20	30	30	36	9
GGATAATTGA__0.37558503293384__13	5	7	13	20	30	30	9	8
AATTAATTGG__0.375492860959132__10	30	30	20	20	30	30	9	8
CCATAATTAA__0.375355929455178__13	8	18	13	20	30	30	20	20
GGATAATGGG__0.375342792438722__9	5	7	13	20	30	18	8	13
AGGTAATTGT__0.375330088001199__11	8	8	6	20	30	30	9	6
CACTAATTCC__0.375230413478637__10	17	11	18	20	30	30	12	5
GTATAATTGG__0.375070087599__11	6	13	13	20	30	30	9	8
AGCTAATCGT__0.374804717621091__9	25	25	18	20	30	7	31	8
TTTTAATGTT__0.374732241528374__20	36	36	20	20	30	18	6	6
GCATAATCAG__0.374697177398073__11	13	18	13	20	30	7	8	2
CGCTAATCTG__0.374287947010448__9	25	25	18	20	30	7	9	2
CAATAATAGA__0.374149859396948__12	9	30	13	20	30	13	18	9
AGTTAATGTG__0.374031516780011__12	11	6	20	20	30	18	6	17
CTCTAATTAA__0.373999099054591__14	8	9	18	20	30	30	20	20
GTTTAATTAT__0.373890335439396__19	6	36	20	20	30	30	20	13
CCCTACTCCC__0.373813037449479__10	13	8	18	6	11	8	5	13
GACTAATAAG__0.373799713394951__12	8	11	18	20	30	13	20	6
AGGTAATTGG__0.373705142976382__10	8	8	6	20	30	30	9	8
CGATAATAGC__0.373507271448083__11	31	7	13	20	30	13	18	25
AGTTAATATG__0.373445391695381__14	11	6	20	20	30	13	13	18
AATTAATGTC__0.373396149850582__11	30	30	20	20	30	18	6	8
ACGTAATTTG__0.373264174844158__9	8	8	6	20	30	30	36	9
AGGTGATCAT__0.373216835736553__14	8	8	17	8	7	7	8	18
ACCTCATGAT__0.373114993824676__9	8	8	8	8	18	18	8	7
GTGCAATGAT__0.373023014425164__14	17	13	13	9	30	18	8	7
TACTAATTTA__0.37268858449994__12	6	11	18	20	30	30	36	20
AGTTAATCGA__0.372619366406661__14	11	6	20	20	30	7	31	31
CAATAATGGA__0.372548222037135__9	9	30	13	20	30	18	8	5
CACTAATATC__0.372227541539394__10	17	11	18	20	30	13	13	7
AGCTAATGTT__0.372069768021792__9	25	25	18	20	30	18	6	6
TGGTAATCAG__0.371874470503734__15	8	8	6	20	30	7	8	2
TAGTAATGGG__0.371847975875113__10	18	11	6	20	30	18	8	13
CACTAATGCT__0.37178333189533__9	17	11	18	20	30	18	13	25
TACTAATCAA__0.371155469044894__16	6	11	18	20	30	7	8	9
GGGTAATGAG__0.371100368846515__14	13	8	6	20	30	18	8	8
GGATAATGAC__0.371022203002993__14	5	7	13	20	30	18	8	8
TGCTAATAGT__0.370982348172872__12	13	25	18	20	30	13	18	11
CAATAATAGT__0.37075778807445__9	9	30	13	20	30	13	18	11
AGATAATGGC__0.370604377770384__9	9	7	13	20	30	18	8	45
GACTAATTTA__0.370396822727897__10	8	11	18	20	30	30	36	20
TGATAATCTC__0.370099808997113__12	8	7	13	20	30	7	9	8
CAGTAATTGA__0.369930788233266__11	2	11	6	20	30	30	9	8
AGATAATTTG__0.369806625821318__9	9	7	13	20	30	30	36	9
AAATAATGTC__0.369726156426923__9	36	30	13	20	30	18	6	8
CCGTAATTGC__0.36950728613052__9	2	8	6	20	30	30	9	13
AACTAATTTA__0.369480919850989__10	6	11	18	20	30	30	36	20
ACCTAATAAG__0.369469486565822__11	8	8	18	20	30	13	20	6
AAATAATGCA__0.369383680074461__13	36	30	13	20	30	18	13	13
ACATAATCGC__0.369246842426853__9	6	18	13	20	30	7	31	25
CTTTAATTGG__0.369039944723256__12	6	36	20	20	30	30	9	8
ATTTAATGAC__0.368893050264391__17	30	36	20	20	30	18	8	8
ATTTAATTTG__0.368781808678675__14	30	36	20	20	30	30	36	9
TGCTAATGCG__0.36875751158749__12	13	25	18	20	30	18	13	25
ATATAATTGG__0.368746584884656__9	13	13	13	20	30	30	9	8
TAGTAATTGT__0.368708807116979__11	18	11	6	20	30	30	9	6
CACTAATTCA__0.368638750416389__10	17	11	18	20	30	30	12	8
AGATAATGTC__0.368361972384645__9	9	7	13	20	30	18	6	8
CAATAATATG__0.368301935578231__10	9	30	13	20	30	13	13	18
AGCTAATGGC__0.368223612119807__9	25	25	18	20	30	18	8	45
GAATGATACG__0.368135697602249__11	12	30	18	8	7	13	6	8
ACGTAATCGA__0.368031745744722__10	8	8	6	20	30	7	31	31
CGGTAATCGT__0.367948162882949__9	2	8	6	20	30	7	31	8
AGTTAATTAA__0.367805160847228__17	11	6	20	20	30	30	20	20
TGTTAATTTG__0.367787085172373__16	6	6	20	20	30	30	36	9
TCATAATCTT__0.367743462469006__10	8	18	13	20	30	7	9	6
CGATAATTTA__0.367658695748282__10	31	7	13	20	30	30	36	20
AGCTAATTTA__0.367533032445721__11	25	25	18	20	30	30	36	20
CGCTAATAAG__0.367526312695706__12	25	25	18	20	30	13	20	6
GCCTAATTTA__0.367420980836189__10	45	8	18	20	30	30	36	20
TTATAATTGG__0.367316983617383__12	20	13	13	20	30	30	9	8
TAGTAATTAA__0.367269384573346__16	18	11	6	20	30	30	20	20
CTTTAATTAC__0.367257911227658__16	6	36	20	20	30	30	20	6
ATATAATGAC__0.367182965051552__13	13	13	13	20	30	18	8	8
ACTTAATAAG__0.367176076127787__13	11	6	20	20	30	13	20	6
GGGTGATGAT__0.367063462383062__17	13	8	17	8	7	18	8	7
CTATAATTGT__0.367029706474852__9	18	13	13	20	30	30	9	6
GTTTAATGTG__0.367005343239615__16	6	36	20	20	30	18	6	17
AGGTAATGGG__0.366969810808653__9	8	8	6	20	30	18	8	13
TAGTAATGTT__0.366901891289415__11	18	11	6	20	30	18	6	6
ACGTAATCAA__0.366825751618974__14	8	8	6	20	30	7	8	9
CCTTAATTTG__0.366753719624793__9	8	6	20	20	30	30	36	9
CGTTAATTTA__0.366739348697397__13	8	6	20	20	30	30	36	20
CAGTAATTTG__0.366714415797125__9	2	11	6	20	30	30	36	9
AACAAATCAT__0.366566587495134__9	6	6	9	36	30	7	8	18
TTATAATGAC__0.366468757616818__16	20	13	13	20	30	18	8	8
AACTAATGAA__0.366385353924069__13	6	11	18	20	30	18	8	12
GGATAATCTG__0.366297265701608__10	5	7	13	20	30	7	9	2
GTCTAATCAC__0.366266824577423__15	8	9	18	20	30	7	8	17
ATGTAATCAC__0.365952822817957__16	18	6	6	20	30	7	8	17
TGATAATGAA__0.365857286912374__16	8	7	13	20	30	18	8	12
ACATAATGCA__0.365642392529029__12	6	18	13	20	30	18	13	13
CATTAATCAG__0.365585591003071__11	18	30	20	20	30	7	8	2
ACCTAATAAC__0.365409716850076__14	8	8	18	20	30	13	20	6
GTGTAATGTG__0.365376622361858__14	17	6	6	20	30	18	6	17
CCATAATAAC__0.365312112783121__14	8	18	13	20	30	13	20	6
TTGTAATTGG__0.365272264197361__14	9	6	6	20	30	30	9	8
AGCTAATCAG__0.365241955822317__10	25	25	18	20	30	7	8	2
GGATAATGTA__0.365227041835647__12	5	7	13	20	30	18	6	6
CACTAACGAG__0.364929382301305__9	17	11	18	20	6	8	31	8
AATTAATATC__0.364573347953728__12	30	30	20	20	30	13	13	7
TACTAATATG__0.364543206997344__11	6	11	18	20	30	13	13	18
TGCTAATTTT__0.364535497375361__11	13	25	18	20	30	30	36	36
TGCTAATGTC__0.364514874085159__11	13	25	18	20	30	18	6	8
TTCTAATGGG__0.36417234630618__10	12	9	18	20	30	18	8	13
TTGTAATTTG__0.364026896912568__15	9	6	6	20	30	30	36	9
AATTAATGGC__0.363931144840986__10	30	30	20	20	30	18	8	45
CACTAATATG__0.363858613897559__9	17	11	18	20	30	13	13	18
TTATAATGGA__0.363846899021601__13	20	13	13	20	30	18	8	5
TGCTAATTCT__0.363780150041719__11	13	25	18	20	30	30	12	9
TGGTAATTAA__0.363708231693258__18	8	8	6	20	30	30	20	20
CATTAATTGG__0.363655911184417__9	18	30	20	20	30	30	9	8
CGCTAATCAA__0.363636090005625__14	25	25	18	20	30	7	8	9
CAGTAATCAA__0.36338360634649__14	2	11	6	20	30	7	8	9
CAGTAATTGC__0.363374054724348__10	2	11	6	20	30	30	9	13
GCATAATGTA__0.363308225798__11	13	18	13	20	30	18	6	6
CGCTAATTTA__0.363186864109139__10	25	25	18	20	30	30	36	20
GCGTAATTTA__0.363002287611223__12	25	8	6	20	30	30	36	20
CTTTAATGTT__0.362870423105033__12	6	36	20	20	30	18	6	6
TAGTAATTGC__0.362660855445484__12	18	11	6	20	30	30	9	13
CAATAATACT__0.362568826031145__10	9	30	13	20	30	13	6	11
GATTAATGTT__0.3625331913738__10	7	30	20	20	30	18	6	6
GCGTAATGAG__0.362530799116917__11	25	8	6	20	30	18	8	8
ACGCAATGAT__0.362421734086931__9	8	25	13	9	30	18	8	7
AATTAATCAC__0.362154492999396__14	30	30	20	20	30	7	8	17
AGATAATCAA__0.362135799961046__14	9	7	13	20	30	7	8	9
TACTAATCCC__0.361980195099851__13	6	11	18	20	30	7	5	13
ACGTAATGCG__0.361902832468802__9	8	8	6	20	30	18	13	25
TATTAATGAG__0.361892082656003__13	13	30	20	20	30	18	8	8
AGGTAATGTG__0.361851099106025__10	8	8	6	20	30	18	6	17
AAGTAATGTC__0.361782101249483__9	6	11	6	20	30	18	6	8
TGTTAATGGC__0.361728876555708__15	6	6	20	20	30	18	8	45
ATTTAATGGC__0.361581003993535__13	30	36	20	20	30	18	8	45
GCGTGATGAT__0.361578603658756__13	25	8	17	8	7	18	8	7
AGCTAATAAG__0.361478373424041__12	25	25	18	20	30	13	20	6
TACTAATAGA__0.361364649171982__12	6	11	18	20	30	13	18	9
AGCTCATCAT__0.361287504440365__10	25	25	8	8	18	7	8	18
AAATAATGTA__0.361012269538242__10	36	30	13	20	30	18	6	6
CGGTAATTGT__0.360881005548832__9	2	8	6	20	30	30	9	6
CGATAATCAA__0.360822167226976__13	31	7	13	20	30	7	8	9
AAATAATCTC__0.360662749734127__9	36	30	13	20	30	7	9	8
GGGTAATCAC__0.360611543375543__16	13	8	6	20	30	7	8	17
TGGTAATGAC__0.360361310718215__16	8	8	6	20	30	18	8	8
AGGTAATGAA__0.360345893891626__15	8	8	6	20	30	18	8	12
ACATAATAAG__0.360219503153969__11	6	18	13	20	30	13	20	6
GTTTAATTGC__0.36016940111211__17	6	36	20	20	30	30	9	13
AGATAATGCG__0.36010759505866__9	9	7	13	20	30	18	13	25
GGATAATGGA__0.360048358392747__10	5	7	13	20	30	18	8	5
TTGTAATGGG__0.359935038076174__13	9	6	6	20	30	18	8	13
GGATAATTGC__0.359895696529325__11	5	7	13	20	30	30	9	13
TCATAATGTA__0.359599653943954__11	8	18	13	20	30	18	6	6
GGGTAATGAC__0.3594093972315__15	13	8	6	20	30	18	8	8
TCGTAATCGT__0.359347166031757__9	31	8	6	20	30	7	31	8
GATTAATGGT__0.359312572299966__9	7	30	20	20	30	18	8	8
GTATAATGGG__0.359141756274576__9	6	13	13	20	30	18	8	13
GTGTAATTGT__0.35914072777368__13	17	6	6	20	30	30	9	6
TGTTAATGGA__0.359131772818869__15	6	6	20	20	30	18	8	5
CAATAATAAG__0.359079452298842__11	9	30	13	20	30	13	20	6
GCTTAATTTC__0.359042916980748__11	25	6	20	20	30	30	36	12
GCATAATAGC__0.359040533384973__11	13	18	13	20	30	13	18	25
CCTTAATTAA__0.358994987323998__13	8	6	20	20	30	30	20	20
AAATAATATC__0.358874045378564__10	36	30	13	20	30	13	13	7
TCATAATTTA__0.358842069099211__11	8	18	13	20	30	30	36	20
ATGTAATGAG__0.358775552482493__12	18	6	6	20	30	18	8	8
TTATAATTAC__0.358605559079731__15	20	13	13	20	30	30	20	6
GATTAATAGC__0.358553352743267__12	7	30	20	20	30	13	18	25
CGATGATCTA__0.358489965372844__9	31	7	18	8	7	7	9	18
TCTTAATTTT__0.357800054654882__11	9	6	20	20	30	30	36	36
TCATAATCTC__0.357732878155155__10	8	18	13	20	30	7	9	8
AAGTGATGAT__0.357652146422635__11	6	11	17	8	7	18	8	7
TTGTAATCAG__0.357551557050006__15	9	6	6	20	30	7	8	2
GGCTAATGTG__0.357444837828163__9	45	25	18	20	30	18	6	17
AGGTAATAAG__0.357432553575309__13	8	8	6	20	30	13	20	6
TTGTAATTAC__0.357426916317177__17	9	6	6	20	30	30	20	6
GATTAATTGG__0.35734939036843__9	7	30	20	20	30	30	9	8
TTGTAATGAG__0.357166528003699__15	9	6	6	20	30	18	8	8
GATTAATGTC__0.357013501487408__10	7	30	20	20	30	18	6	8
TGCTAATGCA__0.356887084036699__14	13	25	18	20	30	18	13	13
AAGTAATTGA__0.356803846014615__10	6	11	6	20	30	30	9	8
GGCTAATCGA__0.356585298245183__11	45	25	18	20	30	7	31	31
TTATAATTTG__0.356566119299642__12	20	13	13	20	30	30	36	9
CAAAAATCCC__0.356514617812497__10	9	36	36	36	30	7	5	13
CAGTAATGAA__0.356511989919776__13	2	11	6	20	30	18	8	12
TATTAATTGG__0.356510926140711__11	13	30	20	20	30	30	9	8
GCCTAATGCA__0.356467245899008__11	45	8	18	20	30	18	13	13
CACTAATAAA__0.355875988709597__16	17	11	18	20	30	13	20	36
CTTTAATGGG__0.355867537518404__10	6	36	20	20	30	18	8	13
TACTAATCTT__0.35581084460786__9	6	11	18	20	30	7	9	6
GGGTAATTAA__0.355541138809072__16	13	8	6	20	30	30	20	20
CGTTAATCTC__0.355492693931122__11	8	6	20	20	30	7	9	8
AACTCATCAT__0.355439264312335__9	6	11	8	8	18	7	8	18
TAGTAATCAA__0.355229431951194__15	18	11	6	20	30	7	8	9
TGGTAATTGT__0.355183837275505__12	8	8	6	20	30	30	9	6
GCGTAATTAA__0.355143662414142__14	25	8	6	20	30	30	20	20
ACATAATGTA__0.355013409277296__9	6	18	13	20	30	18	6	6
ATTTAATCGA__0.354868372670816__14	30	36	20	20	30	7	31	31
TCCTAATTAA__0.354657655020284__12	5	8	18	20	30	30	20	20
TTATAATCGT__0.354629708851604__11	20	13	13	20	30	7	31	8
TGTTAATTAA__0.354550941630644__19	6	6	20	20	30	30	20	20
TTTTAATTGA__0.354550007389386__19	36	36	20	20	30	30	9	8
TTATAATTGC__0.354527925333476__13	20	13	13	20	30	30	9	13
AGATAATGCT__0.35447443422394__9	9	7	13	20	30	18	13	25
TGATAATAGT__0.354319509929977__10	8	7	13	20	30	13	18	11
GGCTAATGGC__0.354110223184214__9	45	25	18	20	30	18	8	45
CTATAATCTA__0.353876342170379__10	18	13	13	20	30	7	9	18
TACTAACGAC__0.35374813339833__12	6	11	18	20	6	8	31	8
TAGTAATTGG__0.353608317087632__9	18	11	6	20	30	30	9	8
GAATAATAAC__0.353577542145488__14	12	30	13	20	30	13	20	6
ACTTAACGAC__0.35357127668679__12	11	6	20	20	6	8	31	8
TGTTAATTTA__0.353505520570532__16	6	6	20	20	30	30	36	20
TCTTAATGGG__0.353421090807503__9	9	6	20	20	30	18	8	13
TATTAATGAT__0.353089357117126__13	13	30	20	20	30	18	8	7
CGTTAATTTC__0.353004201240639__10	8	6	20	20	30	30	36	12
CGATAACGAC__0.353000492061333__10	31	7	13	20	6	8	31	8
CGATAATATC__0.352913220660516__9	31	7	13	20	30	13	13	7
GGGTAATCAG__0.352900264788809__12	13	8	6	20	30	7	8	2
CCCTAATAAC__0.352840980749808__12	13	8	18	20	30	13	20	6
ATTTAATCAG__0.352826562866036__13	30	36	20	20	30	7	8	2
GACTAATCTA__0.3527303346468__9	8	11	18	20	30	7	9	18
AATTAATTGT__0.352640296670793__9	30	30	20	20	30	30	9	6
CATTAATCAA__0.352606990618__14	18	30	20	20	30	7	8	9
ACATAATCAA__0.352598340409671__12	6	18	13	20	30	7	8	9
CTGTAATTGT__0.35248238893728__9	2	6	6	20	30	30	9	6
TTGTAATTAA__0.352407146873992__18	9	6	6	20	30	30	20	20
AATTAATCTA__0.352296333599445__11	30	30	20	20	30	7	9	18
GCTTAATCGC__0.352020381462256__11	25	6	20	20	30	7	31	25
CAGTAATAAC__0.351726911579723__14	2	11	6	20	30	13	20	6
TTTTAATTTT__0.351642380801556__17	36	36	20	20	30	30	36	36
CAATAATCAA__0.351614345266995__12	9	30	13	20	30	7	8	9
GCGTAATCAG__0.35158672428147__10	25	8	6	20	30	7	8	2
ATCTAATCAG__0.351577700761654__9	7	9	18	20	30	7	8	2
GGCTAATTTG__0.351476876565688__9	45	25	18	20	30	30	36	9
CATTAATTTT__0.3513828283049__9	18	30	20	20	30	30	36	36
GTATAATTTG__0.351354326628987__10	6	13	13	20	30	30	36	9
TGTTAATGTC__0.35134661588885__14	6	6	20	20	30	18	6	8
GAATAATACG__0.351345001797425__9	12	30	13	20	30	13	6	8
TGCTAACGAC__0.35132418035601__13	13	25	18	20	6	8	31	8
CCCTAATACC__0.351133718481238__10	13	8	18	20	30	13	6	8
AATTAATAAG__0.351126765938995__12	30	30	20	20	30	13	20	6
AACTAATAAG__0.351119270616336__10	6	11	18	20	30	13	20	6
TTTTAATGGG__0.350928878657061__15	36	36	20	20	30	18	8	13
ACGTAATTCC__0.350907434817593__9	8	8	6	20	30	30	12	5
GGGTAATGTG__0.350899403069533__11	13	8	6	20	30	18	6	17
TTCTAATTGC__0.350843048653139__12	12	9	18	20	30	30	9	13
CGTTAATATG__0.35065168897105__11	8	6	20	20	30	13	13	18
GACTAATCAA__0.350587449455339__12	8	11	18	20	30	7	8	9
GCTTAATGGT__0.350245864467899__9	25	6	20	20	30	18	8	8
GCTTAATCTG__0.350229374480431__10	25	6	20	20	30	7	9	2
CTGTAATAAG__0.350063158253165__12	2	6	6	20	30	13	20	6
AAGTAATAAC__0.349818221180187__14	6	11	6	20	30	13	20	6
GGCTAATGGA__0.349712636624169__9	45	25	18	20	30	18	8	5
GTATAATTGC__0.349667885491547__11	6	13	13	20	30	30	9	13
AATTAATTCA__0.34957777006183__11	30	30	20	20	30	30	12	8
GGTTAATCAC__0.349566816816433__16	8	6	20	20	30	7	8	17
GAATAATGTA__0.349505521584523__9	12	30	13	20	30	18	6	6
GTCTAATCAG__0.349467370035616__10	8	9	18	20	30	7	8	2
CTGTAATTTG__0.349406450356474__9	2	6	6	20	30	30	36	9
TTATAATTGT__0.349358804138929__11	20	13	13	20	30	30	9	6
CGTTAATGCC__0.349307756734516__12	8	6	20	20	30	18	13	45
AGTTAATGGC__0.349064169982194__10	11	6	20	20	30	18	8	45
CGATAATCCA__0.349049133553227__11	31	7	13	20	30	7	5	8
CATTAATTGC__0.349009895823803__10	18	30	20	20	30	30	9	13
GAGTAATCAC__0.348924990677765__12	8	11	6	20	30	7	8	17
ACTTAATCAA__0.348874683981213__13	11	6	20	20	30	7	8	9
GTGTAATGAG__0.348870009168012__13	17	6	6	20	30	18	8	8
GATTAATCAG__0.348869551348841__10	7	30	20	20	30	7	8	2
CCTTAATATG__0.348567785695452__9	8	6	20	20	30	13	13	18
GGGTAATTGC__0.348566286144719__12	13	8	6	20	30	30	9	13
CATTAATGGA__0.348441205173893__9	18	30	20	20	30	18	8	5
TCCTAATAAC__0.348128108469658__13	5	8	18	20	30	13	20	6
TGGTAATTGA__0.348118434993646__13	8	8	6	20	30	30	9	8
CATTAATAGT__0.348111401516268__9	18	30	20	20	30	13	18	11
ATCTAATTAA__0.348105711760979__12	7	9	18	20	30	30	20	20
AGTTAATTTT__0.348069128156722__10	11	6	20	20	30	30	36	36
AATTAATTTC__0.348056607071441__9	30	30	20	20	30	30	36	12
GAGTGATGAT__0.347439279871161__11	8	11	17	8	7	18	8	7
GTGTAATGTT__0.347392538548822__12	17	6	6	20	30	18	6	6
ACTTAATAGC__0.347370894779731__10	11	6	20	20	30	13	18	25
ATATAATCGC__0.34680979179729__9	13	13	13	20	30	7	31	25
ATATAATCTA__0.346531633161523__10	13	13	13	20	30	7	9	18
ATGTAATCTG__0.346509904062601__10	18	6	6	20	30	7	9	2
AATTAATCGA__0.346490589580836__10	30	30	20	20	30	7	31	31
ATATAATCAG__0.346481495124014__9	13	13	13	20	30	7	8	2
AACTAATGCA__0.346481324451548__10	6	11	18	20	30	18	13	13
CTATAATGAA__0.346468197735771__12	18	13	13	20	30	18	8	12
GCGTAATGCT__0.346370829920353__10	25	8	6	20	30	18	13	25
CAATAATACC__0.346213340557382__11	9	30	13	20	30	13	6	8
AGTTAATTTC__0.346108010817905__10	11	6	20	20	30	30	36	12
TCGTGATGGT__0.34597205866425__9	31	8	17	8	7	18	8	8
GGGTGATGGG__0.345940702215632__12	13	8	17	8	7	18	8	13
TGTTAATCGG__0.345841089162794__12	6	6	20	20	30	7	31	2
TAGTAATGAC__0.345835448745508__12	18	11	6	20	30	18	8	8
TCTTAATTTG__0.345813901592805__10	9	6	20	20	30	30	36	9
CGCTAATTCA__0.34577874440173__9	25	25	18	20	30	30	12	8
TTCTAATCAT__0.345642348129033__12	12	9	18	20	30	7	8	18
GTTTAATGGG__0.345406888627988__12	6	36	20	20	30	18	8	13
GTGTAATTGC__0.345263776034202__13	17	6	6	20	30	30	9	13
TGATAATTCA__0.345219722029511__11	8	7	13	20	30	30	12	8
TGTTAATCTA__0.34484553250337__15	6	6	20	20	30	7	9	18
TTATAATTAT__0.34482711751105__12	20	13	13	20	30	30	20	13
ATTTAATGCG__0.344816308348843__12	30	36	20	20	30	18	13	25
ACGTAATAAG__0.344722343138578__10	8	8	6	20	30	13	20	6
CGTTAATAAG__0.344685942695514__12	8	6	20	20	30	13	20	6
CTGTAATTGA__0.34441675607508__10	2	6	6	20	30	30	9	8
AAATAATAAC__0.344242529778917__13	36	30	13	20	30	13	20	6
CTTTAATCGA__0.344223290781108__12	6	36	20	20	30	7	31	31
CATTAATTTA__0.34378034130234__10	18	30	20	20	30	30	36	20
TTTTAATTTG__0.343726493765719__16	36	36	20	20	30	30	36	9
GGTTAATCGA__0.343719405877661__13	8	6	20	20	30	7	31	31
AAATAATAAG__0.343383584037334__10	36	30	13	20	30	13	20	6
CTGTAATTTA__0.343062881097316__10	2	6	6	20	30	30	36	20
CAATAATGCC__0.342996158905815__9	9	30	13	20	30	18	13	45
GGATAATCGC__0.34292953510639__9	5	7	13	20	30	7	31	25
GAATAATACC__0.342799903160089__11	12	30	13	20	30	13	6	8
GTATAATAAG__0.342624864220631__12	6	13	13	20	30	13	20	6
TACTAATGCA__0.342583650559813__11	6	11	18	20	30	18	13	13
GATTAATGCA__0.342430270946524__12	7	30	20	20	30	18	13	13
GGTTAATGTT__0.34239485741188__11	8	6	20	20	30	18	6	6
ACCTAATAAA__0.342104686623107__14	8	8	18	20	30	13	20	36
CCTTAATAGC__0.342046176901225__9	8	6	20	20	30	13	18	25
CCATAATGAA__0.342021895730128__10	8	18	13	20	30	18	8	12
CAATAATACA__0.342018984288814__12	9	30	13	20	30	13	6	6
TTCTAATTTG__0.341995240322732__10	12	9	18	20	30	30	36	9
CGGTGATCAT__0.341994949428157__10	2	8	17	8	7	7	8	18
GAATAATTAA__0.34193306631316__11	12	30	13	20	30	30	20	20
GCTTAATGTT__0.34169602041312__9	25	6	20	20	30	18	6	6
CCTTAATACC__0.341635028221374__11	8	6	20	20	30	13	6	8
ACGTGATGAT__0.341537121458871__9	8	8	17	8	7	18	8	7
GCATAATCAA__0.341522455617341__12	13	18	13	20	30	7	8	9
ATGTAATTGA__0.341501797346027__11	18	6	6	20	30	30	9	8
TGATGATCTA__0.341440758090263__10	8	7	18	8	7	7	9	18
ACCTAATGAA__0.341391517638183__10	8	8	18	20	30	18	8	12
CGCTAATGCA__0.341359674782209__10	25	25	18	20	30	18	13	13
ACTTAATACG__0.341344707473672__9	11	6	20	20	30	13	6	8
CATTAATACC__0.34130616631307__12	18	30	20	20	30	13	6	8
CCGTAATTAA__0.341281034494594__10	2	8	6	20	30	30	20	20
TTCTAATCTG__0.340949053162977__10	12	9	18	20	30	7	9	2
AGTTAATTTA__0.340849813438558__11	11	6	20	20	30	30	36	20
CTGTAATCAG__0.340844981389957__9	2	6	6	20	30	7	8	2
AGTTAATCAA__0.340733106876851__14	11	6	20	20	30	7	8	9
CGATAATAAA__0.340635938682732__15	31	7	13	20	30	13	20	36
CCATAATACA__0.340512048705252__11	8	18	13	20	30	13	6	6
TCTTAATAGG__0.340463908820399__9	9	6	20	20	30	13	18	8
GAATAATGAA__0.340408176746447__11	12	30	13	20	30	18	8	12
CGATAATAGA__0.340376000886885__9	31	7	13	20	30	13	18	9
GGTTAATCGG__0.340247151273407__10	8	6	20	20	30	7	31	2
TGTTAATTCG__0.340022919084348__12	6	6	20	20	30	30	12	31
ATGTAATTTA__0.339951047362004__11	18	6	6	20	30	30	36	20
TACTAATTCC__0.339671652887493__9	6	11	18	20	30	30	12	5
GCCTAATCAA__0.33943027650561__11	45	8	18	20	30	7	8	9
TGATAATGTA__0.339270990155435__10	8	7	13	20	30	18	6	6
AAGTAATAAG__0.339256728273477__10	6	11	6	20	30	13	20	6
TGCTAATTTC__0.339010878662232__9	13	25	18	20	30	30	36	12
GGTTAATGGT__0.338886690212315__10	8	6	20	20	30	18	8	8
TGATCATCGA__0.338884424987021__9	8	7	7	8	18	7	31	31
TTATAATGTG__0.33881015223797__10	20	13	13	20	30	18	6	17
TCATAATCAA__0.338724091097493__12	8	18	13	20	30	7	8	9
GGTTAATTTT__0.338663637432981__11	8	6	20	20	30	30	36	36
TTCTAATGAC__0.338556207481134__12	12	9	18	20	30	18	8	8
GCTTAATTAA__0.338302631179396__13	25	6	20	20	30	30	20	20
TTCTAATGAG__0.338261069835859__10	12	9	18	20	30	18	8	8
TGTTAATGCG__0.338260940521286__13	6	6	20	20	30	18	13	25
TATTAATTGT__0.338187690154998__10	13	30	20	20	30	30	9	6
TAGTAATTGA__0.33799572827088__10	18	11	6	20	30	30	9	8
CATTAATACA__0.337965352587751__13	18	30	20	20	30	13	6	6
TGATAATATC__0.337864687720108__10	8	7	13	20	30	13	13	7
GGGTAATTGG__0.337803368998186__9	13	8	6	20	30	30	9	8
CTTTAATTTT__0.337682859502984__10	6	36	20	20	30	30	36	36
GTCTAATCTA__0.337596007266682__10	8	9	18	20	30	7	9	18
ACTTAATTTA__0.337559712493287__9	11	6	20	20	30	30	36	20
GCATAATAAG__0.336660504217993__10	13	18	13	20	30	13	20	6
TTCTAATCGA__0.336642846128479__11	12	9	18	20	30	7	31	31
TAGTAATTTA__0.336560047762789__10	18	11	6	20	30	30	36	20
GGGTAATCAA__0.336219223759025__14	13	8	6	20	30	7	8	9
GTTTAATTGA__0.336207809633309__14	6	36	20	20	30	30	9	8
GACTAATGAA__0.336122895755559__10	8	11	18	20	30	18	8	12
CCCTAATGAA__0.335594791320475__9	13	8	18	20	30	18	8	12
CATTAATCGA__0.335542775332442__9	18	30	20	20	30	7	31	31
GCTTAATAGT__0.335518549162187__9	25	6	20	20	30	13	18	11
TATTAATTTG__0.335298629683386__10	13	30	20	20	30	30	36	9
ATTTAATTTA__0.335251715903961__12	30	36	20	20	30	30	36	20
TGGTGATGAT__0.335118799972754__13	8	8	17	8	7	18	8	7
AAATAATATA__0.335030712001078__10	36	30	13	20	30	13	13	13
GTTTAATCGA__0.334988705906995__14	6	36	20	20	30	7	31	31
AGTTAATGTC__0.334967116033498__9	11	6	20	20	30	18	6	8
CACTCATCAC__0.334897038020638__9	17	11	8	8	18	7	8	17
GTCTAATTGC__0.334893727150411__9	8	9	18	20	30	30	9	13
CTGTAATCAA__0.334890324964423__12	2	6	6	20	30	7	8	9
ATGTAATGTT__0.334770181471453__9	18	6	6	20	30	18	6	6
CCTTAATAGA__0.334634435166579__9	8	6	20	20	30	13	18	9
AGGTAATTGC__0.334525719876119__9	8	8	6	20	30	30	9	13
AATTAATATG__0.334509327878741__9	30	30	20	20	30	13	13	18
GTGTAATCAC__0.334318811833824__14	17	6	6	20	30	7	8	17
ACATAATGAA__0.33393997899937__10	6	18	13	20	30	18	8	12
ATGTAATTGC__0.333695055989799__10	18	6	6	20	30	30	9	13
TGTTAATATG__0.333649262806598__13	6	6	20	20	30	13	13	18
AGTTAATAAC__0.333297228847492__14	11	6	20	20	30	13	20	6
TGCTAATAAG__0.333234475498764__11	13	25	18	20	30	13	20	6
CAGTAATAGA__0.333094780355577__9	2	11	6	20	30	13	18	9
AGGTAATCAA__0.332771653083288__12	8	8	6	20	30	7	8	9
TTCTAATTAA__0.332741659216966__13	12	9	18	20	30	30	20	20
TCATAATCCC__0.332436956172514__10	8	18	13	20	30	7	5	13
GTTTAATTGT__0.332416703269938__12	6	36	20	20	30	30	9	6
ATATAATAGC__0.332365629250998__9	13	13	13	20	30	13	18	25
TGCTAATGAA__0.332263933288966__12	13	25	18	20	30	18	8	12
GTGTAATGGA__0.332182863067731__11	17	6	6	20	30	18	8	5
TGGTAATTTT__0.332180408569637__10	8	8	6	20	30	30	36	36
CTTTCATGTT__0.332041409013117__9	6	36	12	8	18	18	6	6
AGATAACGAC__0.332019349838964__9	9	7	13	20	6	8	31	8
ACCTAAACCC__0.33194781818964__12	8	8	18	20	36	6	8	13
TGGTAATGTG__0.331823504852683__10	8	8	6	20	30	18	6	17
TGTTAATAGG__0.331805324192416__11	6	6	20	20	30	13	18	8
TCATAATTCA__0.331510713214305__9	8	18	13	20	30	30	12	8
CATTAATAAG__0.331391773923501__10	18	30	20	20	30	13	20	6
GTATAATTAA__0.331386427360826__12	6	13	13	20	30	30	20	20
TCATAATGAA__0.331365308817823__11	8	18	13	20	30	18	8	12
CATTAATACT__0.331080658752422__9	18	30	20	20	30	13	6	11
AAACAATCCA__0.331068414021881__9	36	6	6	9	30	7	5	8
TTGTAATTGT__0.331067866832848__11	9	6	6	20	30	30	9	6
AGATAATCCA__0.330749506975309__10	9	7	13	20	30	7	5	8
CCTTAATAAG__0.330643190944166__9	8	6	20	20	30	13	20	6
GCTTAATCTA__0.330605384901572__10	25	6	20	20	30	7	9	18
GGATAATCTA__0.330268653132221__9	5	7	13	20	30	7	9	18
GGGTGATCAT__0.330257378267277__12	13	8	17	8	7	7	8	18
GTGTAGTTTG__0.330020830856275__9	17	6	6	18	11	6	36	9
GTCTAATTTA__0.329844866824887__9	8	9	18	20	30	30	36	20
GGTTAATTAA__0.32982980178766__14	8	6	20	20	30	30	20	20
ACGTAATGAA__0.329816074969716__10	8	8	6	20	30	18	8	12
GTTTAATTTG__0.329621405923106__12	6	36	20	20	30	30	36	9
CTTTAATGTG__0.32942158334465__9	6	36	20	20	30	18	6	17
CTGTAATTAA__0.329270555247557__11	2	6	6	20	30	30	20	20
CAGTAATAAG__0.329125561914098__9	2	11	6	20	30	13	20	6
AACTAATAAA__0.329115027640873__13	6	11	18	20	30	13	20	36
GATTAATTGA__0.32861167074879__9	7	30	20	20	30	30	9	8
GTTTAATCAC__0.328538363936266__15	6	36	20	20	30	7	8	17
ATTTAATGGA__0.328533640625549__10	30	36	20	20	30	18	8	5
TCATAATGCA__0.328464391447149__10	8	18	13	20	30	18	13	13
GTGTGATGAT__0.328437349512584__13	17	6	17	8	7	18	8	7
CTTTAATGCT__0.328387570366293__10	6	36	20	20	30	18	13	25
TTGTAATGTG__0.328385549151417__11	9	6	6	20	30	18	6	17
CGTTAATCAA__0.328101428841__12	8	6	20	20	30	7	8	9
GCGTAATAAG__0.327914666268808__10	25	8	6	20	30	13	20	6
GATTAATATC__0.327740238940991__9	7	30	20	20	30	13	13	7
GTGTAATGGG__0.32773232883827__9	17	6	6	20	30	18	8	13
GAGTGATCAT__0.327490703232515__9	8	11	17	8	7	7	8	18
TTATAATGTT__0.327390427126616__9	20	13	13	20	30	18	6	6
CCCTAAACCC__0.327355410944367__11	13	8	18	20	36	6	8	13
CTATAATTAA__0.32726672860522__10	18	13	13	20	30	30	20	20
GTCTAATTAA__0.327195111147334__11	8	9	18	20	30	30	20	20
CCGTAATGAA__0.327035644999708__9	2	8	6	20	30	18	8	12
TCATAATGCC__0.326979547367405__9	8	18	13	20	30	18	13	45
TTGTAATTGA__0.326746034425333__12	9	6	6	20	30	30	9	8
AACTAATACC__0.326660914693998__9	6	11	18	20	30	13	6	8
CCCTAACCCC__0.326650138159579__10	13	8	18	20	6	8	13	13
GGTTAATGGA__0.32617737908742__10	8	6	20	20	30	18	8	5
TTTTAATCGT__0.326173873138474__13	36	36	20	20	30	7	31	8
AGTTAATCTC__0.325948273331517__9	11	6	20	20	30	7	9	8
AGTTAATGCT__0.325853673196324__9	11	6	20	20	30	18	13	25
TCGTAATCAA__0.325808287744121__11	31	8	6	20	30	7	8	9
CGGTAATGAC__0.325717953111923__9	2	8	6	20	30	18	8	8
ACAAAATCAA__0.325667639608535__9	6	9	36	36	30	7	8	9
TGCTAATCAA__0.325527019500455__12	13	25	18	20	30	7	8	9
GGGTAATTGA__0.325458371357599__10	13	8	6	20	30	30	9	8
TACTAATACC__0.32528055707004__10	6	11	18	20	30	13	6	8
CTTTAATTTG__0.325267379157562__9	6	36	20	20	30	30	36	9
TGATAATACT__0.325069307254871__9	8	7	13	20	30	13	6	11
TGGTAAGGGT__0.325008910332065__9	8	8	6	20	6	8	13	8
TTGTAATTTA__0.324907843968997__12	9	6	6	20	30	30	36	20
CGTTAATATC__0.324839367942776__9	8	6	20	20	30	13	13	7
TTTTAATGCG__0.324716966122595__14	36	36	20	20	30	18	13	25
CAATAAGCAC__0.324486840470691__9	9	30	13	20	6	25	13	17
GTTTAATGTT__0.324238667756868__11	6	36	20	20	30	18	6	6
TGTTAATCTT__0.324206531041529__11	6	6	20	20	30	7	9	6
TGGTAATGAA__0.324198853388617__13	8	8	6	20	30	18	8	12
CCCTAATACA__0.324056022148658__9	13	8	18	20	30	13	6	6
TTATAATATG__0.323816648265813__10	20	13	13	20	30	13	13	18
ACTTAATGAA__0.323747734176294__10	11	6	20	20	30	18	8	12
TAGTAATGTA__0.323730844659782__9	18	11	6	20	30	18	6	6
CTTTAATTGA__0.32347766422259__10	6	36	20	20	30	30	9	8
GCTTAATCGA__0.32321811136895__9	25	6	20	20	30	7	31	31
CTATAATGCA__0.322860477140491__9	18	13	13	20	30	18	13	13
GCTTAATGTA__0.322245374554793__9	25	6	20	20	30	18	6	6
GGTTAATCTA__0.322151607622085__11	8	6	20	20	30	7	9	18
GAGTAATAAG__0.322077300631214__9	8	11	6	20	30	13	20	6
GTATAATCTA__0.32178640291993__9	6	13	13	20	30	7	9	18
CTCTAATGAA__0.321763244279829__9	8	9	18	20	30	18	8	12
TGCTAATACT__0.321526204180619__9	13	25	18	20	30	13	6	11
AACTAATAAC__0.321522622648999__10	6	11	18	20	30	13	20	6
AAGTAATAAA__0.321225976171634__13	6	11	6	20	30	13	20	36
GTTTAATATG__0.321171082581575__12	6	36	20	20	30	13	13	18
TGTTAATCGT__0.320835085473206__10	6	6	20	20	30	7	31	8
TTTTAATTTC__0.320807060846306__13	36	36	20	20	30	30	36	12
TTGTAATCAA__0.320666627381764__14	9	6	6	20	30	7	8	9
CGTTAATTCA__0.32062409681331__9	8	6	20	20	30	30	12	8
AGTTAATGTA__0.320552837662629__9	11	6	20	20	30	18	6	6
AGCTAATCAA__0.320521122686623__10	25	25	18	20	30	7	8	9
TGGTAATCTG__0.320489078727427__9	8	8	6	20	30	7	9	2
AATTAATACC__0.320251654149276__10	30	30	20	20	30	13	6	8
GTGTAATCAG__0.320002957367136__10	17	6	6	20	30	7	8	2
TGGTAATTTG__0.319955093564829__9	8	8	6	20	30	30	36	9
CTGTAATGAC__0.319818592149677__9	2	6	6	20	30	18	8	8
CAAAAATAAC__0.319751343506281__10	9	36	36	36	30	13	20	6
AGTTAATAAG__0.319514947914483__10	11	6	20	20	30	13	20	6
TCTTAATGAA__0.319400296260399__11	9	6	20	20	30	18	8	12
AGTTAATATC__0.31938827420017__9	11	6	20	20	30	13	13	7
ATTTAATATG__0.319043069617335__10	30	36	20	20	30	13	13	18
TTGTAATTGC__0.318965256267174__11	9	6	6	20	30	30	9	13
TCTTAATTAA__0.318922618143795__11	9	6	20	20	30	30	20	20
ATGTAATGAC__0.318873414686915__10	18	6	6	20	30	18	8	8
TCGTAATAAG__0.31854358630201__9	31	8	6	20	30	13	20	6
AGTTAATACT__0.318335838895693__9	11	6	20	20	30	13	6	11
ATTTAATAGT__0.31816195682814__9	30	36	20	20	30	13	18	11
AGGTAATGAC__0.318045037538143__9	8	8	6	20	30	18	8	8
ATTTAATGTC__0.317918576125211__9	30	36	20	20	30	18	6	8
AAATAATGAA__0.317670375719631__9	36	30	13	20	30	18	8	12
ATTTAATTTC__0.317626336576175__9	30	36	20	20	30	30	36	12
TGTTAATGCT__0.317538608868548__11	6	6	20	20	30	18	13	25
AGTTAATCTA__0.317513256383368__9	11	6	20	20	30	7	9	18
TTGTAATCTT__0.317344142782003__10	9	6	6	20	30	7	9	6
TCTTAATCTA__0.317154205201316__9	9	6	20	20	30	7	9	18
GTATAATGCA__0.317087759932175__10	6	13	13	20	30	18	13	13
ACCTAACCAC__0.316874239449588__11	8	8	18	20	6	8	8	17
TGTTAATGCA__0.316722557366097__13	6	6	20	20	30	18	13	13
ATGTAATGTA__0.316701904570512__9	18	6	6	20	30	18	6	6
AATTAATAAC__0.316565895652187__11	30	30	20	20	30	13	20	6
TGATAATCCA__0.316444872177093__10	8	7	13	20	30	7	5	8
CTGTAATAAA__0.316186422831232__13	2	6	6	20	30	13	20	36
AATTAATCCC__0.316152135557707__9	30	30	20	20	30	7	5	13
TATTAATGCT__0.315787831297176__9	13	30	20	20	30	18	13	25
GATTAATGAA__0.315709560318765__10	7	30	20	20	30	18	8	12
CCCTAACCCA__0.315515705052977__10	13	8	18	20	6	8	13	8
TGCTAATAGA__0.315359146430372__9	13	25	18	20	30	13	18	9
TGTTAATTTT__0.315222580791962__10	6	6	20	20	30	30	36	36
AAATAAAAAG__0.314783200577704__11	36	30	13	20	36	36	36	6
GCATAATACC__0.314545165370673__9	13	18	13	20	30	13	6	8
TTTTAATGCA__0.314333562774767__15	36	36	20	20	30	18	13	13
AATTAATCAA__0.314285188500161__10	30	30	20	20	30	7	8	9
GTGTAATCGA__0.313997716652868__10	17	6	6	20	30	7	31	31
TGTTGATGTT__0.313981640415691__10	6	6	9	8	7	18	6	6
CTCTAAACCC__0.31383638531766__11	8	9	18	20	36	6	8	13
TTTTAATGGC__0.313792318482025__12	36	36	20	20	30	18	8	45
GCGTAATCAA__0.313641128820124__10	25	8	6	20	30	7	8	9
AAATAAACAA__0.313581257622342__15	36	30	13	20	36	6	6	9
TCATAATCCA__0.313574007388036__9	8	18	13	20	30	7	5	8
CCTTAATCAA__0.313479619744597__9	8	6	20	20	30	7	8	9
ATGTGATCAT__0.313168676538253__9	18	6	17	8	7	7	8	18
TTGTAATCGT__0.312913596439906__9	9	6	6	20	30	7	31	8
GTGTAATTTA__0.312754530881991__10	17	6	6	20	30	30	36	20
TAGTAATAAG__0.312735932496126__9	18	11	6	20	30	13	20	6
GGGTAATTTA__0.312724786087339__9	13	8	6	20	30	30	36	20
TACTAATCCA__0.312408907614957__9	6	11	18	20	30	7	5	8
GTGTGATGTG__0.312325977994875__10	17	6	17	8	7	18	6	17
TTGTAATAGG__0.311926301916656__9	9	6	6	20	30	13	18	8
TTTTAATCGG__0.311893594901301__11	36	36	20	20	30	7	31	2
TTTTAATGTC__0.311872498223028__12	36	36	20	20	30	18	6	8
CTTTAATTCC__0.311809753684381__9	6	36	20	20	30	30	12	5
TATTAATCGA__0.311458609569196__9	13	30	20	20	30	7	31	31
TTATAATTGA__0.311417228354831__9	20	13	13	20	30	30	9	8
CGTTAATAAC__0.311259923053307__11	8	6	20	20	30	13	20	6
CGTTAATAAA__0.311223553486642__13	8	6	20	20	30	13	20	36
TGATAATAAC__0.310958537847461__11	8	7	13	20	30	13	20	6
GTTTAATCTG__0.310655978835732__10	6	36	20	20	30	7	9	2
ATGTGATGAT__0.310292503472682__9	18	6	17	8	7	18	8	7
GGTTAATTCA__0.310026460624991__10	8	6	20	20	30	30	12	8
CCCTAATAAA__0.309979004311911__10	13	8	18	20	30	13	20	36
TGTTGATGGG__0.309890076852439__9	6	6	9	8	7	18	8	13
GTTTAATTAA__0.309774904622139__13	6	36	20	20	30	30	20	20
AGTTAATGAA__0.308510575859731__10	11	6	20	20	30	18	8	12
GTTTAATTTA__0.308423288422257__11	6	36	20	20	30	30	36	20
CGTTAATGCA__0.308282120884094__9	8	6	20	20	30	18	13	13
TGTTAATCGC__0.308240050518063__10	6	6	20	20	30	7	31	25
TTGTAATTTT__0.307784669112895__9	9	6	6	20	30	30	36	36
TGGTAATCGA__0.307767170838302__9	8	8	6	20	30	7	31	31
TATTAATTCA__0.306547268399995__9	13	30	20	20	30	30	12	8
GATTAATACA__0.306467807394525__10	7	30	20	20	30	13	6	6
TTGTAATGAA__0.30590680157556__12	9	6	6	20	30	18	8	12
TGGTAATATC__0.305669455355449__9	8	8	6	20	30	13	13	7
GCGTAATAAC__0.304773921212103__10	25	8	6	20	30	13	20	6
GTGTAATGAC__0.303842790720132__10	17	6	6	20	30	18	8	8
CCGTAATAAA__0.30364143460109__10	2	8	6	20	30	13	20	36
TGATAATACA__0.303393626662407__10	8	7	13	20	30	13	6	6
TATTAATGAC__0.303352503614843__9	13	30	20	20	30	18	8	8
GGATAATCAA__0.302583755683765__9	5	7	13	20	30	7	8	9
TTATAATTAA__0.30192459733734__10	20	13	13	20	30	30	20	20
TAGTAATGAA__0.301116563332216__9	18	11	6	20	30	18	8	12
GATTAATCAA__0.300945001794495__9	7	30	20	20	30	7	8	9
ACTTAATAAC__0.300794834877259__9	11	6	20	20	30	13	20	6
GCATAATAAC__0.300577141915198__9	13	18	13	20	30	13	20	6
GTTTAATGTA__0.300508952452597__10	6	36	20	20	30	18	6	6
GTTTAATTTT__0.300224415259819__9	6	36	20	20	30	30	36	36
ATGTAATATA__0.30011119232901__9	18	6	6	20	30	13	13	13
GCTTAATAAC__0.299762834435022__10	25	6	20	20	30	13	20	6
TGTTAATTCA__0.299416333896302__10	6	6	20	20	30	30	12	8
TTATAATCAA__0.299176224553046__10	20	13	13	20	30	7	8	9
GTTTAATGTC__0.29910275233485__9	6	36	20	20	30	18	6	8
TTGTGATGGT__0.298683777717288__9	9	6	17	8	7	18	8	8
GTATAATCAA__0.29817167400095__9	6	13	13	20	30	7	8	9
ATATAATAAC__0.297980137806991__9	13	13	13	20	30	13	20	6
TTGTAATAAG__0.29724162091164__10	9	6	6	20	30	13	20	6
AAATAATAAA__0.296320528806406__10	36	30	13	20	30	13	20	36
TGTTAATGAA__0.29630188383419__11	6	6	20	20	30	18	8	12
CTGTAATAAC__0.295726384786162__9	2	6	6	20	30	13	20	6
GTTTAATGCG__0.295370853340693__9	6	36	20	20	30	18	13	25
TTTTAATCTG__0.294103524361188__10	36	36	20	20	30	7	9	2
GTGTGATCAT__0.293745659002102__9	17	6	17	8	7	7	8	18
TTTTAATTTA__0.293596922595341__11	36	36	20	20	30	30	36	20
TTTTAATCGA__0.293551728619927__11	36	36	20	20	30	7	31	31
TGTTAATATC__0.293059321526763__9	6	6	20	20	30	13	13	7
TTGTAATCAC__0.29301609013381__10	9	6	6	20	30	7	8	17
TTGTAATTCA__0.292453493314567__9	9	6	6	20	30	30	12	8
TTTTAATAAC__0.291200566339836__13	36	36	20	20	30	13	20	6
TGCTAATAAC__0.290775961832212__9	13	25	18	20	30	13	20	6
AATTAATAAA__0.28975691073019__10	30	30	20	20	30	13	20	36
CAATAATAAA__0.289040882811188__9	9	30	13	20	30	13	20	36
TTTTAATCGC__0.288652779418297__10	36	36	20	20	30	7	31	25
TGTTAATAGA__0.288525173556504__9	6	6	20	20	30	13	18	9
ACTTAACACC__0.288495651566523__9	11	6	20	20	6	6	17	8
GATTAATAAA__0.288061318784423__10	7	30	20	20	30	13	20	36
TGTTAATGCC__0.286473155662267__9	6	6	20	20	30	18	13	45
TTTTAATGTA__0.286092844360199__10	36	36	20	20	30	18	6	6
GTGTAATAAC__0.285613259930976__10	17	6	6	20	30	13	20	6
TGGTAATCAA__0.285500658139516__9	8	8	6	20	30	7	8	9
CTATAATAAA__0.284893119228507__9	18	13	13	20	30	13	20	36
ATTTAATCAA__0.2836600833594__9	30	36	20	20	30	7	8	9
GTTTAATAAG__0.282531143381987__9	6	36	20	20	30	13	20	6
AGTTAATAAA__0.28226513338592__10	11	6	20	20	30	13	20	36
GTGTAATCAA__0.28182361862725__9	17	6	6	20	30	7	8	9
GGTTAATCAA__0.281572280330049__9	8	6	20	20	30	7	8	9
TTTTAATGAC__0.280811630469388__10	36	36	20	20	30	18	8	8
AAATAACACA__0.279719244361739__9	36	30	13	20	6	6	17	6
TGGTAATAAC__0.279164331577699__9	8	8	6	20	30	13	20	6
TTTTAATGCT__0.278706152221175__9	36	36	20	20	30	18	13	25
AGGTAATAAA__0.277632207649264__9	8	8	6	20	30	13	20	36
AGATAAACAC__0.277449462405865__9	9	7	13	20	36	6	6	17
TTTTAATATC__0.276207476487608__9	36	36	20	20	30	13	13	7
GGATAATAAA__0.276022843860148__9	5	7	13	20	30	13	20	36
TGTTAATCAA__0.273546645361326__9	6	6	20	20	30	7	8	9
TTTTAATTCA__0.272374479428905__9	36	36	20	20	30	30	12	8
TTTTAATTAA__0.272046146402075__10	36	36	20	20	30	30	20	20
GCATAAACAC__0.271802575531767__9	13	18	13	20	36	6	6	17
GAATAACAAA__0.26768253187461__9	12	30	13	20	6	6	9	36
GTTTAATAAC__0.267647503707736__9	6	36	20	20	30	13	20	6
TTTTAATGAA__0.263670764242205__9	36	36	20	20	30	18	8	12
AGGTAAAAAA__0.246235789502961__9	8	8	6	20	36	36	36	36
