GGATAATCCG__1__4879	5.2	4.4	4.5	5.5	3.9	4.5	4.4	5.2	5.5
GGATAATCCC__0.975425680228667__5114	5.2	4.4	4.5	5.5	3.9	4.5	4.4	5.2	5.2
GGATAATCCT__0.893387025080799__2499	5.2	4.4	4.5	5.5	3.9	4.5	4.4	5.2	4.5
AGATAATCCG__0.884052927024024__1970	4.5	4.4	4.5	5.5	3.9	4.5	4.4	5.2	5.5
AGATAATCCC__0.863648558741562__2168	4.5	4.4	4.5	5.5	3.9	4.5	4.4	5.2	5.2
CGTTAATCCG__0.824875904719083__1611	5.5	4.2	3.9	5.5	3.9	4.5	4.4	5.2	5.5
CACTAATCCG__0.824599364371035__1140	6.5	4.2	4.5	5.5	3.9	4.5	4.4	5.2	5.5
GGATAATCTC__0.821749424602602__1422	5.2	4.4	4.5	5.5	3.9	4.5	4.4	4.5	4.4
GGATAATCCA__0.817646046743607__1791	5.2	4.4	4.5	5.5	3.9	4.5	4.4	5.2	6.5
CGCTAATCCG__0.809259246098109__1193	5.5	4.7	4.5	5.5	3.9	4.5	4.4	5.2	5.5
CCTTAATCCG__0.806861941742499__1149	5.2	4.5	3.9	5.5	3.9	4.5	4.4	5.2	5.5
GGATAATCTG__0.800572667359234__1160	5.2	4.4	4.5	5.5	3.9	4.5	4.4	4.5	6.5
AGATAATCCT__0.790228707255849__1022	4.5	4.4	4.5	5.5	3.9	4.5	4.4	5.2	4.5
ACTTAATCCG__0.781822058342306__955	4.2	4.5	3.9	5.5	3.9	4.5	4.4	5.2	5.5
TGCTAATCCG__0.773958622002439__1046	6.5	4.7	4.5	5.5	3.9	4.5	4.4	5.2	5.5
GCTTAATCCG__0.76662863210595__1024	4.7	4.5	3.9	5.5	3.9	4.5	4.4	5.2	5.5
GACTAATCCG__0.756736556744061__701	4.4	4.2	4.5	5.5	3.9	4.5	4.4	5.2	5.5
AGTTAATCCG__0.753267385800445__939	4.5	4.2	3.9	5.5	3.9	4.5	4.4	5.2	5.5
GGCTAATCCG__0.75099604143523__889	5.2	4.7	4.5	5.5	3.9	4.5	4.4	5.2	5.5
CGATAATCCG__0.746933576825873__679	5.5	4.4	4.5	5.5	3.9	4.5	4.4	5.2	5.5
TACTAATCCG__0.746245040170321__672	5.5	4.2	4.5	5.5	3.9	4.5	4.4	5.2	5.5
TGTTAATCCG__0.742205782488747__994	6.5	4.2	3.9	5.5	3.9	4.5	4.4	5.2	5.5
AGCTAATCCG__0.737769764499295__719	4.5	4.7	4.5	5.5	3.9	4.5	4.4	5.2	5.5
CCCTAATCCG__0.737308857296443__554	5.2	5.2	4.5	5.5	3.9	4.5	4.4	5.2	5.5
CCTTAATCCC__0.736930963087405__834	5.2	4.5	3.9	5.5	3.9	4.5	4.4	5.2	5.2
GCCTAATCCG__0.735128882924741__642	4.7	5.2	4.5	5.5	3.9	4.5	4.4	5.2	5.5
AGATAATCCA__0.732745016318484__810	4.5	4.4	4.5	5.5	3.9	4.5	4.4	5.2	6.5
CACTAATCCC__0.730820798456544__717	6.5	4.2	4.5	5.5	3.9	4.5	4.4	5.2	5.2
TCTTAATCCG__0.726223691989967__689	4.4	4.5	3.9	5.5	3.9	4.5	4.4	5.2	5.5
CGCTAATCCC__0.724833253193491__773	5.5	4.7	4.5	5.5	3.9	4.5	4.4	5.2	5.2
AACTAATCCG__0.71540412726556__491	3.9	4.2	4.5	5.5	3.9	4.5	4.4	5.2	5.5
CGTTAATCCC__0.711825045208572__801	5.5	4.2	3.9	5.5	3.9	4.5	4.4	5.2	5.2
AGATAATCTC__0.709338212359385__491	4.5	4.4	4.5	5.5	3.9	4.5	4.4	4.5	4.4
CACTAATCCT__0.707151477420573__464	6.5	4.2	4.5	5.5	3.9	4.5	4.4	5.2	4.5
CGATAATCCC__0.703278931742283__609	5.5	4.4	4.5	5.5	3.9	4.5	4.4	5.2	5.2
GGTTAATCCG__0.702300802958427__717	5.2	4.2	3.9	5.5	3.9	4.5	4.4	5.2	5.5
AGATAATCTG__0.700616443468631__433	4.5	4.4	4.5	5.5	3.9	4.5	4.4	4.5	6.5
CGCTAATCCT__0.695530091989439__488	5.5	4.7	4.5	5.5	3.9	4.5	4.4	5.2	4.5
CCTTAATCCT__0.695280824671754__477	5.2	4.5	3.9	5.5	3.9	4.5	4.4	5.2	4.5
GGATAATCTT__0.692361410709986__497	5.2	4.4	4.5	5.5	3.9	4.5	4.4	4.5	3.9
TCCTAATCCG__0.688723825812323__403	4.4	5.2	4.5	5.5	3.9	4.5	4.4	5.2	5.5
GGCTAATCCC__0.686775047081747__636	5.2	4.7	4.5	5.5	3.9	4.5	4.4	5.2	5.2
AGCTAATCCC__0.686034738427438__581	4.5	4.7	4.5	5.5	3.9	4.5	4.4	5.2	5.2
ACCTAATCCG__0.685770522783156__364	4.2	5.2	4.5	5.5	3.9	4.5	4.4	5.2	5.5
CGTTAATCCT__0.683291584572129__523	5.5	4.2	3.9	5.5	3.9	4.5	4.4	5.2	4.5
CCCTAATCCC__0.683062828076006__460	5.2	5.2	4.5	5.5	3.9	4.5	4.4	5.2	5.2
TGCTAATCCC__0.682690100122553__601	6.5	4.7	4.5	5.5	3.9	4.5	4.4	5.2	5.2
ACTTAATCCC__0.680516877593142__522	4.2	4.5	3.9	5.5	3.9	4.5	4.4	5.2	5.2
GCTTAATCCC__0.676697835250118__580	4.7	4.5	3.9	5.5	3.9	4.5	4.4	5.2	5.2
TGATAATCCG__0.676397294626492__433	6.5	4.4	4.5	5.5	3.9	4.5	4.4	5.2	5.5
GACTAATCCC__0.667786916858567__430	4.4	4.2	4.5	5.5	3.9	4.5	4.4	5.2	5.2
CGCTAATCCA__0.667717865274663__474	5.5	4.7	4.5	5.5	3.9	4.5	4.4	5.2	6.5
TACTAATCCC__0.665805616852965__431	5.5	4.2	4.5	5.5	3.9	4.5	4.4	5.2	5.2
GGCTAATCCT__0.660501860404__415	5.2	4.7	4.5	5.5	3.9	4.5	4.4	5.2	4.5
CGATAATCCT__0.659988370771833__330	5.5	4.4	4.5	5.5	3.9	4.5	4.4	5.2	4.5
TGCTAATCCT__0.657688090192441__397	6.5	4.7	4.5	5.5	3.9	4.5	4.4	5.2	4.5
CACTAATCCA__0.657485572612334__379	6.5	4.2	4.5	5.5	3.9	4.5	4.4	5.2	6.5
GCTTAATCCT__0.656696797938415__406	4.7	4.5	3.9	5.5	3.9	4.5	4.4	5.2	4.5
AGCTAATCCT__0.656527460380043__362	4.5	4.7	4.5	5.5	3.9	4.5	4.4	5.2	4.5
CTCTAATCCG__0.656303173366349__294	4.5	4.4	4.5	5.5	3.9	4.5	4.4	5.2	5.5
GCCTAATCCC__0.655310687910351__406	4.7	5.2	4.5	5.5	3.9	4.5	4.4	5.2	5.2
GGATAATCTA__0.654647380188832__379	5.2	4.4	4.5	5.5	3.9	4.5	4.4	4.5	5.5
CTTTAATCCG__0.653521247892352__381	4.5	3.9	3.9	5.5	3.9	4.5	4.4	5.2	5.5
ACTTAATCCT__0.652617257868737__328	4.2	4.5	3.9	5.5	3.9	4.5	4.4	5.2	4.5
ATTTAATCCG__0.647010564988715__374	4.5	3.9	3.9	5.5	3.9	4.5	4.4	5.2	5.5
AGTTAATCCC__0.646861154956169__455	4.5	4.2	3.9	5.5	3.9	4.5	4.4	5.2	5.2
CCTTAATCCA__0.645434587254746__378	5.2	4.5	3.9	5.5	3.9	4.5	4.4	5.2	6.5
CGTTAATCCA__0.641716297657208__435	5.5	4.2	3.9	5.5	3.9	4.5	4.4	5.2	6.5
GACTAATCCT__0.641391615154164__266	4.4	4.2	4.5	5.5	3.9	4.5	4.4	5.2	4.5
ACATAATCCG__0.639846670628788__276	4.2	6.5	4.5	5.5	3.9	4.5	4.4	5.2	5.5
TGTTAATCCC__0.639728877528384__477	6.5	4.2	3.9	5.5	3.9	4.5	4.4	5.2	5.2
CCCTAATCCT__0.636346732772446__235	5.2	5.2	4.5	5.5	3.9	4.5	4.4	5.2	4.5
GGATAATCGC__0.636158292208463__331	5.2	4.4	4.5	5.5	3.9	4.5	4.4	5.5	4.7
TCTTAATCCC__0.634961535778062__375	4.4	4.5	3.9	5.5	3.9	4.5	4.4	5.2	5.2
TACTAATCCT__0.632228366691017__253	5.5	4.2	4.5	5.5	3.9	4.5	4.4	5.2	4.5
AGTTAATCCT__0.630257606631965__324	4.5	4.2	3.9	5.5	3.9	4.5	4.4	5.2	4.5
CGATAATCCA__0.629591288442715__313	5.5	4.4	4.5	5.5	3.9	4.5	4.4	5.2	6.5
GCATAATCCG__0.623496265854474__278	4.7	6.5	4.5	5.5	3.9	4.5	4.4	5.2	5.5
TGCTAATCCA__0.622632991237169__349	6.5	4.7	4.5	5.5	3.9	4.5	4.4	5.2	6.5
CGCTAATCTG__0.622432193225679__220	5.5	4.7	4.5	5.5	3.9	4.5	4.4	4.5	6.5
GTTTAATCCG__0.622272111474468__346	4.2	3.9	3.9	5.5	3.9	4.5	4.4	5.2	5.5
GTCTAATCCG__0.621534310460955__260	4.2	4.4	4.5	5.5	3.9	4.5	4.4	5.2	5.5
ACGTAATCCG__0.618762246276653__235	4.2	5.5	4.2	5.5	3.9	4.5	4.4	5.2	5.5
TCTTAATCCT__0.616957364496722__261	4.4	4.5	3.9	5.5	3.9	4.5	4.4	5.2	4.5
TCCTAATCCC__0.61629543344565__265	4.4	5.2	4.5	5.5	3.9	4.5	4.4	5.2	5.2
ACCTAATCCC__0.615814690296013__252	4.2	5.2	4.5	5.5	3.9	4.5	4.4	5.2	5.2
AACTAATCCC__0.614956502683312__257	3.9	4.2	4.5	5.5	3.9	4.5	4.4	5.2	5.2
ACTTAATCCA__0.61418739659675__283	4.2	4.5	3.9	5.5	3.9	4.5	4.4	5.2	6.5
TTTTAATCCG__0.61246938106854__315	3.9	3.9	3.9	5.5	3.9	4.5	4.4	5.2	5.5
GCCTAATCCT__0.611938090364035__217	4.7	5.2	4.5	5.5	3.9	4.5	4.4	5.2	4.5
TGATAATCCC__0.611513696556065__291	6.5	4.4	4.5	5.5	3.9	4.5	4.4	5.2	5.2
CACTAATCTG__0.61011136653573__164	6.5	4.2	4.5	5.5	3.9	4.5	4.4	4.5	6.5
GACTAATCCA__0.609587300760864__248	4.4	4.2	4.5	5.5	3.9	4.5	4.4	5.2	6.5
GGCTAATCCA__0.609050781077792__312	5.2	4.7	4.5	5.5	3.9	4.5	4.4	5.2	6.5
ATCTAATCCG__0.608805339569517__204	4.5	4.4	4.5	5.5	3.9	4.5	4.4	5.2	5.5
GCGTAATCCG__0.608636455708338__266	4.7	5.5	4.2	5.5	3.9	4.5	4.4	5.2	5.5
CCTTAATCTG__0.605998479238388__184	5.2	4.5	3.9	5.5	3.9	4.5	4.4	4.5	6.5
TGTTAATCCT__0.605320589464133__292	6.5	4.2	3.9	5.5	3.9	4.5	4.4	5.2	4.5
CCGTAATCCG__0.604984670219682__190	5.2	5.5	4.2	5.5	3.9	4.5	4.4	5.2	5.5
AGATAATCTT__0.603617409520488__182	4.5	4.4	4.5	5.5	3.9	4.5	4.4	4.5	3.9
GGTTAATCCT__0.60348154232142__288	5.2	4.2	3.9	5.5	3.9	4.5	4.4	5.2	4.5
GCTTAATCCA__0.60296988464805__294	4.7	4.5	3.9	5.5	3.9	4.5	4.4	5.2	6.5
CCATAATCCG__0.602955742204569__179	5.2	6.5	4.5	5.5	3.9	4.5	4.4	5.2	5.5
TACTAATCCA__0.600849477230689__233	5.5	4.2	4.5	5.5	3.9	4.5	4.4	5.2	6.5
CGTTAATCTG__0.59931812959013__215	5.5	4.2	3.9	5.5	3.9	4.5	4.4	4.5	6.5
CCCTAATCCA__0.597509410038213__205	5.2	5.2	4.5	5.5	3.9	4.5	4.4	5.2	6.5
TGATAATCCT__0.596627833628783__206	6.5	4.4	4.5	5.5	3.9	4.5	4.4	5.2	4.5
TGCTAATCTG__0.596113610769672__197	6.5	4.7	4.5	5.5	3.9	4.5	4.4	4.5	6.5
AACTAATCCT__0.596020736098049__168	3.9	4.2	4.5	5.5	3.9	4.5	4.4	5.2	4.5
CTCTAATCCC__0.595856358755336__211	4.5	4.4	4.5	5.5	3.9	4.5	4.4	5.2	5.2
GTATAATCCG__0.59355885353291__211	4.2	5.5	4.5	5.5	3.9	4.5	4.4	5.2	5.5
GAATAATCCG__0.5925929739853__185	4.4	3.9	4.5	5.5	3.9	4.5	4.4	5.2	5.5
AGCTAATCCA__0.591630299906276__240	4.5	4.7	4.5	5.5	3.9	4.5	4.4	5.2	6.5
ACCTAATCCT__0.590834190373735__153	4.2	5.2	4.5	5.5	3.9	4.5	4.4	5.2	4.5
GGATAATCGG__0.590472308702124__174	5.2	4.4	4.5	5.5	3.9	4.5	4.4	5.5	5.2
AGTTAATCCA__0.590429806571093__266	4.5	4.2	3.9	5.5	3.9	4.5	4.4	5.2	6.5
GGTTAATCCC__0.589535545202514__293	5.2	4.2	3.9	5.5	3.9	4.5	4.4	5.2	5.2
TCATAATCCG__0.588399621687181__182	4.4	6.5	4.5	5.5	3.9	4.5	4.4	5.2	5.5
CCTTAATCTC__0.588345131384154__162	5.2	4.5	3.9	5.5	3.9	4.5	4.4	4.5	4.4
CGGTAATCCG__0.588118436803478__195	5.5	5.2	4.2	5.5	3.9	4.5	4.4	5.2	5.5
AGCTAATCTG__0.585929963702652__161	4.5	4.7	4.5	5.5	3.9	4.5	4.4	4.5	6.5
TCCTAATCCT__0.585401270582505__155	4.4	5.2	4.5	5.5	3.9	4.5	4.4	5.2	4.5
GCCTAATCCA__0.584995571896072__206	4.7	5.2	4.5	5.5	3.9	4.5	4.4	5.2	6.5
GGCTAATCTG__0.582265693507654__174	5.2	4.7	4.5	5.5	3.9	4.5	4.4	4.5	6.5
CGCTAATCTC__0.581598077503185__154	5.5	4.7	4.5	5.5	3.9	4.5	4.4	4.5	4.4
TTCTAATCCG__0.581369188823698__175	3.9	4.4	4.5	5.5	3.9	4.5	4.4	5.2	5.5
ATATAATCCG__0.581069956165992__158	4.5	5.5	4.5	5.5	3.9	4.5	4.4	5.2	5.5
AGTTAATCTG__0.577097129071416__172	4.5	4.2	3.9	5.5	3.9	4.5	4.4	4.5	6.5
TGTTAATCCA__0.576518831790733__260	6.5	4.2	3.9	5.5	3.9	4.5	4.4	5.2	6.5
CGATAATCTC__0.576286595863371__133	5.5	4.4	4.5	5.5	3.9	4.5	4.4	4.5	4.4
TCTTAATCCA__0.575586035404046__210	4.4	4.5	3.9	5.5	3.9	4.5	4.4	5.2	6.5
CACTAATCTC__0.575511265554413__122	6.5	4.2	4.5	5.5	3.9	4.5	4.4	4.5	4.4
GGATAATACC__0.573940052962596__206	5.2	4.4	4.5	5.5	3.9	4.5	5.5	4.2	5.2
GCTTAATCTG__0.573380522649954__163	4.7	4.5	3.9	5.5	3.9	4.5	4.4	4.5	6.5
GACTAATCTG__0.573158921004844__116	4.4	4.2	4.5	5.5	3.9	4.5	4.4	4.5	6.5
CAATAATCCG__0.5716589017912__137	6.5	3.9	4.5	5.5	3.9	4.5	4.4	5.2	5.5
CACTAATACG__0.571367411292645__143	6.5	4.2	4.5	5.5	3.9	4.5	5.5	4.2	5.5
CTTTAATCCC__0.569848234792351__202	4.5	3.9	3.9	5.5	3.9	4.5	4.4	5.2	5.2
CGATAATCTG__0.56752162431315__115	5.5	4.4	4.5	5.5	3.9	4.5	4.4	4.5	6.5
ACTTAATCTG__0.567240715139541__124	4.2	4.5	3.9	5.5	3.9	4.5	4.4	4.5	6.5
CCATAATCCC__0.567111900725512__160	5.2	6.5	4.5	5.5	3.9	4.5	4.4	5.2	5.2
TCGTAATCCG__0.56591386744522__154	4.4	5.5	4.2	5.5	3.9	4.5	4.4	5.2	5.5
CGTTAATACG__0.565845865857728__172	5.5	4.2	3.9	5.5	3.9	4.5	5.5	4.2	5.5
GGATAATCAC__0.565123057121591__179	5.2	4.4	4.5	5.5	3.9	4.5	4.4	6.5	4.2
ACATAATCCC__0.56372328860209__165	4.2	6.5	4.5	5.5	3.9	4.5	4.4	5.2	5.2
CCTTAATACG__0.561694627932169__136	5.2	4.5	3.9	5.5	3.9	4.5	5.5	4.2	5.5
CTCTAATCCT__0.560209832580811__116	4.5	4.4	4.5	5.5	3.9	4.5	4.4	5.2	4.5
GCATAATCCC__0.559524204209038__178	4.7	6.5	4.5	5.5	3.9	4.5	4.4	5.2	5.2
TGTTAATCTG__0.558672914561848__166	6.5	4.2	3.9	5.5	3.9	4.5	4.4	4.5	6.5
GGCTAATCTC__0.558429843109074__142	5.2	4.7	4.5	5.5	3.9	4.5	4.4	4.5	4.4
CGCTAATACG__0.557920669290871__144	5.5	4.7	4.5	5.5	3.9	4.5	5.5	4.2	5.5
AACTAATCCA__0.557342313256497__142	3.9	4.2	4.5	5.5	3.9	4.5	4.4	5.2	6.5
ATTTAATCCC__0.557302189520913__184	4.5	3.9	3.9	5.5	3.9	4.5	4.4	5.2	5.2
TACTAATCTG__0.557103442669555__103	5.5	4.2	4.5	5.5	3.9	4.5	4.4	4.5	6.5
GGATAATACG__0.555712862361569__152	5.2	4.4	4.5	5.5	3.9	4.5	5.5	4.2	5.5
CGTTAATCTC__0.554374104197003__141	5.5	4.2	3.9	5.5	3.9	4.5	4.4	4.5	4.4
CACTAATACC__0.554165561113044__138	6.5	4.2	4.5	5.5	3.9	4.5	5.5	4.2	5.2
GTCTAATCCC__0.553188775438483__159	4.2	4.4	4.5	5.5	3.9	4.5	4.4	5.2	5.2
AGATAATCGC__0.552760961556513__121	4.5	4.4	4.5	5.5	3.9	4.5	4.4	5.5	4.7
ATTTAATCCT__0.552669148224589__146	4.5	3.9	3.9	5.5	3.9	4.5	4.4	5.2	4.5
CCTTAATACC__0.551810569332753__139	5.2	4.5	3.9	5.5	3.9	4.5	5.5	4.2	5.2
GGATAATCGT__0.550743570103719__120	5.2	4.4	4.5	5.5	3.9	4.5	4.4	5.5	4.2
AGATAATCTA__0.550644760841373__114	4.5	4.4	4.5	5.5	3.9	4.5	4.4	4.5	5.5
TGGTAATCCG__0.55027029441165__155	6.5	5.2	4.2	5.5	3.9	4.5	4.4	5.2	5.5
CAGTAATCCG__0.548986204440436__119	6.5	4.5	4.2	5.5	3.9	4.5	4.4	5.2	5.5
ACTTAATCTC__0.547961741702011__106	4.2	4.5	3.9	5.5	3.9	4.5	4.4	4.5	4.4
CCGTAATCCC__0.547052680508008__132	5.2	5.5	4.2	5.5	3.9	4.5	4.4	5.2	5.2
TCCTAATCCA__0.546662767717964__129	4.4	5.2	4.5	5.5	3.9	4.5	4.4	5.2	6.5
CTTTAATCCT__0.546515428427852__131	4.5	3.9	3.9	5.5	3.9	4.5	4.4	5.2	4.5
GGTTAATCCA__0.545402726800456__187	5.2	4.2	3.9	5.5	3.9	4.5	4.4	5.2	6.5
ACCTAATCCA__0.54475742516119__120	4.2	5.2	4.5	5.5	3.9	4.5	4.4	5.2	6.5
GACTAATCTC__0.54241290643699__88	4.4	4.2	4.5	5.5	3.9	4.5	4.4	4.5	4.4
CCATAATCCT__0.541520973755189__96	5.2	6.5	4.5	5.5	3.9	4.5	4.4	5.2	4.5
TGCTAATCTC__0.54068830651004__115	6.5	4.7	4.5	5.5	3.9	4.5	4.4	4.5	4.4
GCTTAATACG__0.540081450207019__128	4.7	4.5	3.9	5.5	3.9	4.5	5.5	4.2	5.5
CCCTAATCTG__0.53934049389184__74	5.2	5.2	4.5	5.5	3.9	4.5	4.4	4.5	6.5
ACGTAATCCC__0.539153195978097__128	4.2	5.5	4.2	5.5	3.9	4.5	4.4	5.2	5.2
TACTAATCTC__0.53901227394584__89	5.5	4.2	4.5	5.5	3.9	4.5	4.4	4.5	4.4
TCTTAATCTG__0.53817265700342__103	4.4	4.5	3.9	5.5	3.9	4.5	4.4	4.5	6.5
TGATAATCCA__0.537392011134403__135	6.5	4.4	4.5	5.5	3.9	4.5	4.4	5.2	6.5
AAATAATCCG__0.537212992340757__96	3.9	3.9	4.5	5.5	3.9	4.5	4.4	5.2	5.5
AGTTAATCTC__0.537047669000105__117	4.5	4.2	3.9	5.5	3.9	4.5	4.4	4.5	4.4
ACCTAATCTG__0.537026813415004__73	4.2	5.2	4.5	5.5	3.9	4.5	4.4	4.5	6.5
AGGTAATCCG__0.536632765151384__116	4.5	5.2	4.2	5.5	3.9	4.5	4.4	5.2	5.5
AGATAATACG__0.53587670799734__105	4.5	4.4	4.5	5.5	3.9	4.5	5.5	4.2	5.5
TTTTAATCCT__0.535258042361243__140	3.9	3.9	3.9	5.5	3.9	4.5	4.4	5.2	4.5
GTCTAATCCT__0.535155651030308__107	4.2	4.4	4.5	5.5	3.9	4.5	4.4	5.2	4.5
GGATAATCAG__0.534182481882922__103	5.2	4.4	4.5	5.5	3.9	4.5	4.4	6.5	4.5
AGCTAATCTC__0.534012369385519__97	4.5	4.7	4.5	5.5	3.9	4.5	4.4	4.5	4.4
ATCTAATCCC__0.533834116389536__117	4.5	4.4	4.5	5.5	3.9	4.5	4.4	5.2	5.2
AACTAATCTG__0.533429556686131__74	3.9	4.2	4.5	5.5	3.9	4.5	4.4	4.5	6.5
CCCTAATCTC__0.533126046887079__73	5.2	5.2	4.5	5.5	3.9	4.5	4.4	4.5	4.4
ACTTAATACG__0.533080991525706__100	4.2	4.5	3.9	5.5	3.9	4.5	5.5	4.2	5.5
CGCTAATACC__0.532200870318444__123	5.5	4.7	4.5	5.5	3.9	4.5	5.5	4.2	5.2
ACATAATCCT__0.532039243251227__93	4.2	6.5	4.5	5.5	3.9	4.5	4.4	5.2	4.5
TTATAATCCG__0.531949498749755__105	3.9	5.5	4.5	5.5	3.9	4.5	4.4	5.2	5.5
GAATAATCCC__0.531868399088808__122	4.4	3.9	4.5	5.5	3.9	4.5	4.4	5.2	5.2
GCTTAATCTC__0.530517497796929__107	4.7	4.5	3.9	5.5	3.9	4.5	4.4	4.5	4.4
GGGTAATCCG__0.528896422443423__129	5.2	5.2	4.2	5.5	3.9	4.5	4.4	5.2	5.5
AGATAATACC__0.527900400430706__110	4.5	4.4	4.5	5.5	3.9	4.5	5.5	4.2	5.2
CGCTAATCTT__0.527812046957765__84	5.5	4.7	4.5	5.5	3.9	4.5	4.4	4.5	3.9
GCCTAATCTG__0.527600688264264__78	4.7	5.2	4.5	5.5	3.9	4.5	4.4	4.5	6.5
TTTTAATCCC__0.527477552618073__150	3.9	3.9	3.9	5.5	3.9	4.5	4.4	5.2	5.2
AGATAATCGG__0.526574738015506__71	4.5	4.4	4.5	5.5	3.9	4.5	4.4	5.5	5.2
CGTTAATACC__0.525253774312907__122	5.5	4.2	3.9	5.5	3.9	4.5	5.5	4.2	5.2
GTATAATCCC__0.524439694222199__122	4.2	5.5	4.5	5.5	3.9	4.5	4.4	5.2	5.2
GGTTAATCTG__0.524252309543672__114	5.2	4.2	3.9	5.5	3.9	4.5	4.4	4.5	6.5
GCATAATCCA__0.523239672598576__120	4.7	6.5	4.5	5.5	3.9	4.5	4.4	5.2	6.5
CTTTAATCCA__0.522935131819089__122	4.5	3.9	3.9	5.5	3.9	4.5	4.4	5.2	6.5
TCATAATCCC__0.522818680334629__112	4.4	6.5	4.5	5.5	3.9	4.5	4.4	5.2	5.2
GTGTAATCCG__0.521346699535078__115	4.2	6.5	4.2	5.5	3.9	4.5	4.4	5.2	5.5
CGTTAATCTT__0.5210614635526__95	5.5	4.2	3.9	5.5	3.9	4.5	4.4	4.5	3.9
ATGTAATCCG__0.520576605152409__98	4.5	6.5	4.2	5.5	3.9	4.5	4.4	5.2	5.5
GCATAATCCT__0.520539548183381__95	4.7	6.5	4.5	5.5	3.9	4.5	4.4	5.2	4.5
TGCTAATACG__0.520464497449176__108	6.5	4.7	4.5	5.5	3.9	4.5	5.5	4.2	5.5
CACTAATCTT__0.520310023860216__65	6.5	4.2	4.5	5.5	3.9	4.5	4.4	4.5	3.9
CATTAATCCG__0.520255690753122__87	6.5	4.5	3.9	5.5	3.9	4.5	4.4	5.2	5.5
TCCTAATCTG__0.520165246349674__66	4.4	5.2	4.5	5.5	3.9	4.5	4.4	4.5	6.5
AGTTAATACG__0.519774277883736__104	4.5	4.2	3.9	5.5	3.9	4.5	5.5	4.2	5.5
CTATAATCCG__0.519101481523993__81	4.5	5.5	4.5	5.5	3.9	4.5	4.4	5.2	5.5
GTTTAATCCT__0.518889040796961__116	4.2	3.9	3.9	5.5	3.9	4.5	4.4	5.2	4.5
ACTTAATACC__0.518868762018691__97	4.2	4.5	3.9	5.5	3.9	4.5	5.5	4.2	5.2
GCTTAATCTT__0.518366424628319__91	4.7	4.5	3.9	5.5	3.9	4.5	4.4	4.5	3.9
TTCTAATCCC__0.518041784061145__108	3.9	4.4	4.5	5.5	3.9	4.5	4.4	5.2	5.2
TGTTAATACG__0.516933461448388__115	6.5	4.2	3.9	5.5	3.9	4.5	5.5	4.2	5.5
GTTTAATCCC__0.516589246939204__132	4.2	3.9	3.9	5.5	3.9	4.5	4.4	5.2	5.2
AAGTAATCCG__0.515948954978163__81	3.9	4.5	4.2	5.5	3.9	4.5	4.4	5.2	5.5
CTGTAATCCG__0.515805319595736__90	4.5	6.5	4.2	5.5	3.9	4.5	4.4	5.2	5.5
CTCTAATCCA__0.515097005483943__88	4.5	4.4	4.5	5.5	3.9	4.5	4.4	5.2	6.5
CACTAATCGG__0.514847766752691__53	6.5	4.2	4.5	5.5	3.9	4.5	4.4	5.5	5.2
ATCTAATCCT__0.511599511608731__73	4.5	4.4	4.5	5.5	3.9	4.5	4.4	5.2	4.5
GCCTAATCTC__0.511312633077538__68	4.7	5.2	4.5	5.5	3.9	4.5	4.4	4.5	4.4
GGATAATTCC__0.510590631772496__96	5.2	4.4	4.5	5.5	3.9	4.5	3.9	4.4	5.2
CGCTAATCGC__0.510275641656465__77	5.5	4.7	4.5	5.5	3.9	4.5	4.4	5.5	4.7
GCGTAATCCC__0.510024988084673__110	4.7	5.5	4.2	5.5	3.9	4.5	4.4	5.2	5.2
CGGTAATCCC__0.509441482684788__100	5.5	5.2	4.2	5.5	3.9	4.5	4.4	5.2	5.2
ATATAATCCC__0.50915510472871__90	4.5	5.5	4.5	5.5	3.9	4.5	4.4	5.2	5.2
CACTAATTCC__0.508690668013168__75	6.5	4.2	4.5	5.5	3.9	4.5	3.9	4.4	5.2
TCTTAATCTC__0.507583177859101__76	4.4	4.5	3.9	5.5	3.9	4.5	4.4	4.5	4.4
CAATAATCCC__0.50734733894834__86	6.5	3.9	4.5	5.5	3.9	4.5	4.4	5.2	5.2
ATTTAATCCA__0.506587453285588__105	4.5	3.9	3.9	5.5	3.9	4.5	4.4	5.2	6.5
TGATAATCTC__0.506512834110971__72	6.5	4.4	4.5	5.5	3.9	4.5	4.4	4.5	4.4
CACTAATCGC__0.506354931669279__63	6.5	4.2	4.5	5.5	3.9	4.5	4.4	5.5	4.7
GCTTAATACC__0.505445727756729__95	4.7	4.5	3.9	5.5	3.9	4.5	5.5	4.2	5.2
CGTTAATCGG__0.504835933090636__72	5.5	4.2	3.9	5.5	3.9	4.5	4.4	5.5	5.2
ACGTAATCCT__0.504591838547699__70	4.2	5.5	4.2	5.5	3.9	4.5	4.4	5.2	4.5
ACCTAATCTC__0.504341847754992__53	4.2	5.2	4.5	5.5	3.9	4.5	4.4	4.5	4.4
GGATAATGCC__0.503976946108105__89	5.2	4.4	4.5	5.5	3.9	4.5	6.5	4.7	5.2
CGATAATCTT__0.503892140874729__58	5.5	4.4	4.5	5.5	3.9	4.5	4.4	4.5	3.9
GAATAATCCT__0.503822245082993__71	4.4	3.9	4.5	5.5	3.9	4.5	4.4	5.2	4.5
ACATAATCCA__0.503745842890526__84	4.2	6.5	4.5	5.5	3.9	4.5	4.4	5.2	6.5
GTCTAATCCA__0.503445192125407__91	4.2	4.4	4.5	5.5	3.9	4.5	4.4	5.2	6.5
TGATAATCTG__0.503250763253213__66	6.5	4.4	4.5	5.5	3.9	4.5	4.4	4.5	6.5
GCCTAATACG__0.50284674174052__74	4.7	5.2	4.5	5.5	3.9	4.5	5.5	4.2	5.5
TAGTAATCCG__0.502104360392306__74	5.5	4.5	4.2	5.5	3.9	4.5	4.4	5.2	5.5
CTCTAATCTG__0.502098194831333__52	4.5	4.4	4.5	5.5	3.9	4.5	4.4	4.5	6.5
TGTTAATCTC__0.500891749104167__90	6.5	4.2	3.9	5.5	3.9	4.5	4.4	4.5	4.4
CCTTAATCTT__0.500567494399383__60	5.2	4.5	3.9	5.5	3.9	4.5	4.4	4.5	3.9
CGGTAATCCT__0.499851044464759__74	5.5	5.2	4.2	5.5	3.9	4.5	4.4	5.2	4.5
CGTTAATTCC__0.499396976110442__88	5.5	4.2	3.9	5.5	3.9	4.5	3.9	4.4	5.2
GAATGATACG__0.499216796305775__75	4.4	3.9	4.5	6.5	4.4	4.5	5.5	4.2	5.5
GGATAATACT__0.499162262674849__79	5.2	4.4	4.5	5.5	3.9	4.5	5.5	4.2	4.5
GACTAATCTT__0.498923935123198__52	4.4	4.2	4.5	5.5	3.9	4.5	4.4	4.5	3.9
GGTTAATCTC__0.49855764606598__88	5.2	4.2	3.9	5.5	3.9	4.5	4.4	4.5	4.4
AGTTAATCTT__0.498359454132833__73	4.5	4.2	3.9	5.5	3.9	4.5	4.4	4.5	3.9
CCCTAATACC__0.498152246137124__70	5.2	5.2	4.5	5.5	3.9	4.5	5.5	4.2	5.2
CTATAATCCC__0.496870234602226__78	4.5	5.5	4.5	5.5	3.9	4.5	4.4	5.2	5.2
GGCTAATACG__0.496567184578226__83	5.2	4.7	4.5	5.5	3.9	4.5	5.5	4.2	5.5
CAATAATCCT__0.496470088304505__60	6.5	3.9	4.5	5.5	3.9	4.5	4.4	5.2	4.5
GACTAATACG__0.495982609924978__63	4.4	4.2	4.5	5.5	3.9	4.5	5.5	4.2	5.5
GGCTAATCTT__0.49586507450401__68	5.2	4.7	4.5	5.5	3.9	4.5	4.4	4.5	3.9
TTCTAATCCT__0.495761843301427__68	3.9	4.4	4.5	5.5	3.9	4.5	4.4	5.2	4.5
CCCTAATACG__0.495473831676006__58	5.2	5.2	4.5	5.5	3.9	4.5	5.5	4.2	5.5
AGATAATCAC__0.495340371765993__71	4.5	4.4	4.5	5.5	3.9	4.5	4.4	6.5	4.2
TACTAATACG__0.494291940890375__64	5.5	4.2	4.5	5.5	3.9	4.5	5.5	4.2	5.5
CGCTAATCTA__0.49384498048233__61	5.5	4.7	4.5	5.5	3.9	4.5	4.4	4.5	5.5
AAATAATCCC__0.493542532082824__74	3.9	3.9	4.5	5.5	3.9	4.5	4.4	5.2	5.2
AGCTAATCTT__0.493501514431197__59	4.5	4.7	4.5	5.5	3.9	4.5	4.4	4.5	3.9
GGATAATTCG__0.493488306958182__64	5.2	4.4	4.5	5.5	3.9	4.5	3.9	4.4	5.5
CCGTAATCCA__0.49325924842449__71	5.2	5.5	4.2	5.5	3.9	4.5	4.4	5.2	6.5
GGATAATCAT__0.493243387483261__66	5.2	4.4	4.5	5.5	3.9	4.5	4.4	6.5	4.5
AGCTAATACG__0.49312410102725__72	4.5	4.7	4.5	5.5	3.9	4.5	5.5	4.2	5.5
CCATAATCCA__0.493107161441511__69	5.2	6.5	4.5	5.5	3.9	4.5	4.4	5.2	6.5
CCTTAATCTA__0.492761690409701__59	5.2	4.5	3.9	5.5	3.9	4.5	4.4	4.5	5.5
GAGTAATCCG__0.492611150072198__65	4.4	4.5	4.2	5.5	3.9	4.5	4.4	5.2	5.5
TCTTAATACG__0.49250972730797__69	4.4	4.5	3.9	5.5	3.9	4.5	5.5	4.2	5.5
AACTAATCTC__0.491820193443304__48	3.9	4.2	4.5	5.5	3.9	4.5	4.4	4.5	4.4
GTTTAATCCA__0.490910380827017__99	4.2	3.9	3.9	5.5	3.9	4.5	4.4	5.2	6.5
TACTAATACC__0.490629283731292__70	5.5	4.2	4.5	5.5	3.9	4.5	5.5	4.2	5.2
GGTTAATACG__0.490226704059893__84	5.2	4.2	3.9	5.5	3.9	4.5	5.5	4.2	5.5
CACTAATCTA__0.490206214889081__50	6.5	4.2	4.5	5.5	3.9	4.5	4.4	4.5	5.5
CGCTAATCGG__0.490170647912898__48	5.5	4.7	4.5	5.5	3.9	4.5	4.4	5.5	5.2
GATTAATCCG__0.490149993193758__64	4.4	4.5	3.9	5.5	3.9	4.5	4.4	5.2	5.5
GCGTAATCCT__0.489275979573824__72	4.7	5.5	4.2	5.5	3.9	4.5	4.4	5.2	4.5
CCGTAATCCT__0.489095016362737__54	5.2	5.5	4.2	5.5	3.9	4.5	4.4	5.2	4.5
CGTTAATCGC__0.48844218124623__71	5.5	4.2	3.9	5.5	3.9	4.5	4.4	5.5	4.7
TGCTAATCTT__0.488359664336601__61	6.5	4.7	4.5	5.5	3.9	4.5	4.4	4.5	3.9
TGCTAATACC__0.488359495991052__82	6.5	4.7	4.5	5.5	3.9	4.5	5.5	4.2	5.2
CTTTAATCTG__0.488164809357613__60	4.5	3.9	3.9	5.5	3.9	4.5	4.4	4.5	6.5
AACTAATACG__0.487911617876483__56	3.9	4.2	4.5	5.5	3.9	4.5	5.5	4.2	5.5
CGTTAATTCG__0.486643257658608__62	5.5	4.2	3.9	5.5	3.9	4.5	3.9	4.4	5.5
CCTTAATTCC__0.486481152091486__62	5.2	4.5	3.9	5.5	3.9	4.5	3.9	4.4	5.2
GACTAATACC__0.485136726781935__64	4.4	4.2	4.5	5.5	3.9	4.5	5.5	4.2	5.2
GGATGATCCG__0.484819043442707__64	5.2	4.4	4.5	6.5	4.4	4.5	4.4	5.2	5.5
ACGTAATCCA__0.484803369572435__68	4.2	5.5	4.2	5.5	3.9	4.5	4.4	5.2	6.5
GGATAATGCG__0.483907024841546__61	5.2	4.4	4.5	5.5	3.9	4.5	6.5	4.7	5.5
TCATAATCCT__0.48376507304538__57	4.4	6.5	4.5	5.5	3.9	4.5	4.4	5.2	4.5
TCTTAATTCG__0.482684485793839__54	4.4	4.5	3.9	5.5	3.9	4.5	3.9	4.4	5.5
AATTAATCCG__0.482417115644236__55	3.9	4.5	3.9	5.5	3.9	4.5	4.4	5.2	5.5
CCCTAATCTT__0.482231776361152__39	5.2	5.2	4.5	5.5	3.9	4.5	4.4	4.5	3.9
CGTTAATCTA__0.481724421580442__63	5.5	4.2	3.9	5.5	3.9	4.5	4.4	4.5	5.5
TTGTAATCCG__0.481463404888578__70	3.9	6.5	4.2	5.5	3.9	4.5	4.4	5.2	5.5
ATTTAATCTG__0.480626247656202__57	4.5	3.9	3.9	5.5	3.9	4.5	4.4	4.5	6.5
CGCTAATTCC__0.480516681134814__62	5.5	4.7	4.5	5.5	3.9	4.5	3.9	4.4	5.2
CGATAATACG__0.480417400381909__52	5.5	4.4	4.5	5.5	3.9	4.5	5.5	4.2	5.5
TCGTAATCCT__0.480255213419588__58	4.4	5.5	4.2	5.5	3.9	4.5	4.4	5.2	4.5
GTCTAATCTG__0.47906414126791__49	4.2	4.4	4.5	5.5	3.9	4.5	4.4	4.5	6.5
CACTAATTCG__0.478909797069138__41	6.5	4.2	4.5	5.5	3.9	4.5	3.9	4.4	5.5
TCGTAATCCC__0.478808450265521__69	4.4	5.5	4.2	5.5	3.9	4.5	4.4	5.2	5.2
TCTTAATCTT__0.478326509895842__52	4.4	4.5	3.9	5.5	3.9	4.5	4.4	4.5	3.9
AGTTAATACC__0.478100189996023__70	4.5	4.2	3.9	5.5	3.9	4.5	5.5	4.2	5.2
GTATAATCCT__0.478055119219441__58	4.2	5.5	4.5	5.5	3.9	4.5	4.4	5.2	4.5
TGCTAATCTA__0.477580120113967__57	6.5	4.7	4.5	5.5	3.9	4.5	4.4	4.5	5.5
CGCTAATTCG__0.477502433404777__48	5.5	4.7	4.5	5.5	3.9	4.5	3.9	4.4	5.5
GTATAATCCA__0.477288915172024__70	4.2	5.5	4.5	5.5	3.9	4.5	4.4	5.2	6.5
ACTTAATCGG__0.476862285112244__40	4.2	4.5	3.9	5.5	3.9	4.5	4.4	5.5	5.2
CCTTAATTCG__0.476664267289705__44	5.2	4.5	3.9	5.5	3.9	4.5	3.9	4.4	5.5
GCCTAATACC__0.476605737496576__61	4.7	5.2	4.5	5.5	3.9	4.5	5.5	4.2	5.2
GCGTAATCCA__0.476364909479423__74	4.7	5.5	4.2	5.5	3.9	4.5	4.4	5.2	6.5
GAATAATCCA__0.476207412719183__63	4.4	3.9	4.5	5.5	3.9	4.5	4.4	5.2	6.5
GCTTAATTCC__0.47603757578084__65	4.7	4.5	3.9	5.5	3.9	4.5	3.9	4.4	5.2
TGCTAATCGC__0.474684922717856__57	6.5	4.7	4.5	5.5	3.9	4.5	4.4	5.5	4.7
GCTTAATTCG__0.473524450864377__52	4.7	4.5	3.9	5.5	3.9	4.5	3.9	4.4	5.5
AGATAATCAG__0.473256913026208__42	4.5	4.4	4.5	5.5	3.9	4.5	4.4	6.5	4.5
CCTTAATCGC__0.473212827983483__48	5.2	4.5	3.9	5.5	3.9	4.5	4.4	5.5	4.7
CGATAATACC__0.473163998906491__55	5.5	4.4	4.5	5.5	3.9	4.5	5.5	4.2	5.2
TGTTAATCTT__0.472495590258217__62	6.5	4.2	3.9	5.5	3.9	4.5	4.4	4.5	3.9
AGCTAATACC__0.472494538058285__63	4.5	4.7	4.5	5.5	3.9	4.5	5.5	4.2	5.2
TCCTAATCTT__0.472190705813988__38	4.4	5.2	4.5	5.5	3.9	4.5	4.4	4.5	3.9
ATATAATCCT__0.471839333317491__46	4.5	5.5	4.5	5.5	3.9	4.5	4.4	5.2	4.5
GGCTAATACC__0.471738310746421__68	5.2	4.7	4.5	5.5	3.9	4.5	5.5	4.2	5.2
AGATAATCGT__0.471431150563847__39	4.5	4.4	4.5	5.5	3.9	4.5	4.4	5.5	4.2
ACTTAATTCG__0.470898150979782__41	4.2	4.5	3.9	5.5	3.9	4.5	3.9	4.4	5.5
GCTTAATCGG__0.470853347797493__47	4.7	4.5	3.9	5.5	3.9	4.5	4.4	5.5	5.2
CAGTAATCCC__0.4705470370472__59	6.5	4.5	4.2	5.5	3.9	4.5	4.4	5.2	5.2
AGTTAATCTA__0.470516323978481__55	4.5	4.2	3.9	5.5	3.9	4.5	4.4	4.5	5.5
TTCTAATCCA__0.470455000958873__61	3.9	4.4	4.5	5.5	3.9	4.5	4.4	5.2	6.5
GGCTAATCTA__0.470382003315048__53	5.2	4.7	4.5	5.5	3.9	4.5	4.4	4.5	5.5
TGTTAATACC__0.470376910591923__71	6.5	4.2	3.9	5.5	3.9	4.5	5.5	4.2	5.2
TCCTAATCTC__0.470279243406545__38	4.4	5.2	4.5	5.5	3.9	4.5	4.4	4.5	4.4
TCCTAATACG__0.470028783457028__46	4.4	5.2	4.5	5.5	3.9	4.5	5.5	4.2	5.5
ACTTAATTCC__0.468886561574806__50	4.2	4.5	3.9	5.5	3.9	4.5	3.9	4.4	5.2
CCCTAATTCG__0.468596201863689__34	5.2	5.2	4.5	5.5	3.9	4.5	3.9	4.4	5.5
GTTTAATCTG__0.468556775584234__58	4.2	3.9	3.9	5.5	3.9	4.5	4.4	4.5	6.5
CTTTAATCTC__0.46835484146126__49	4.5	3.9	3.9	5.5	3.9	4.5	4.4	4.5	4.4
TCTTAATACC__0.468325474441275__57	4.4	4.5	3.9	5.5	3.9	4.5	5.5	4.2	5.2
AGGTAATCCC__0.468201591169899__62	4.5	5.2	4.2	5.5	3.9	4.5	4.4	5.2	5.2
GCTTAATCTA__0.467676080562184__52	4.7	4.5	3.9	5.5	3.9	4.5	4.4	4.5	5.5
TTATAATCCC__0.46766236478087__59	3.9	5.5	4.5	5.5	3.9	4.5	4.4	5.2	5.2
TCTTAATCGG__0.467099777460596__41	4.4	4.5	3.9	5.5	3.9	4.5	4.4	5.5	5.2
TGGTAATCCC__0.466808544029423__68	6.5	5.2	4.2	5.5	3.9	4.5	4.4	5.2	5.2
TGCTAATCGG__0.466312392217472__42	6.5	4.7	4.5	5.5	3.9	4.5	4.4	5.5	5.2
CCTTAATCGG__0.466270597017076__35	5.2	4.5	3.9	5.5	3.9	4.5	4.4	5.5	5.2
ACCTAATACC__0.466267340263114__48	4.2	5.2	4.5	5.5	3.9	4.5	5.5	4.2	5.2
GGATAATCGA__0.466020233539382__49	5.2	4.4	4.5	5.5	3.9	4.5	4.4	5.5	4.4
ACATAATCTG__0.465191665707745__36	4.2	6.5	4.5	5.5	3.9	4.5	4.4	4.5	6.5
CATTAATCCC__0.464114318293523__54	6.5	4.5	3.9	5.5	3.9	4.5	4.4	5.2	5.2
GACTAATCTA__0.463955764849211__37	4.4	4.2	4.5	5.5	3.9	4.5	4.4	4.5	5.5
GGATAATACA__0.463928485480235__60	5.2	4.4	4.5	5.5	3.9	4.5	5.5	4.2	6.5
GCCTAATCTT__0.463843831916674__37	4.7	5.2	4.5	5.5	3.9	4.5	4.4	4.5	3.9
CCCTAATTCC__0.463668023375753__41	5.2	5.2	4.5	5.5	3.9	4.5	3.9	4.4	5.2
CGATAATCGC__0.463645275091598__40	5.5	4.4	4.5	5.5	3.9	4.5	4.4	5.5	4.7
CCCTAATCTA__0.463454668089589__34	5.2	5.2	4.5	5.5	3.9	4.5	4.4	4.5	5.5
GCTTAATCGC__0.46334248642193__51	4.7	4.5	3.9	5.5	3.9	4.5	4.4	5.5	4.7
ACGTAATCTG__0.463247236491173__37	4.2	5.5	4.2	5.5	3.9	4.5	4.4	4.5	6.5
TTTTAATCCA__0.463166939239456__70	3.9	3.9	3.9	5.5	3.9	4.5	4.4	5.2	6.5
ACCTAATCTT__0.463145074212941__31	4.2	5.2	4.5	5.5	3.9	4.5	4.4	4.5	3.9
TGTTAATCGG__0.462696283308344__51	6.5	4.2	3.9	5.5	3.9	4.5	4.4	5.5	5.2
ACTTAATCTT__0.461634649214213__37	4.2	4.5	3.9	5.5	3.9	4.5	4.4	4.5	3.9
CGCTAATAAG__0.460983554745483__44	5.5	4.7	4.5	5.5	3.9	4.5	5.5	3.9	4.5
TCCTAATACC__0.460908126559055__47	4.4	5.2	4.5	5.5	3.9	4.5	5.5	4.2	5.2
CCTTAATACT__0.460500737336916__41	5.2	4.5	3.9	5.5	3.9	4.5	5.5	4.2	4.5
CAATAATCCA__0.46044410105159__48	6.5	3.9	4.5	5.5	3.9	4.5	4.4	5.2	6.5
CATTAATCCT__0.460009811249235__42	6.5	4.5	3.9	5.5	3.9	4.5	4.4	5.2	4.5
TTATAATCCT__0.459600345533686__44	3.9	5.5	4.5	5.5	3.9	4.5	4.4	5.2	4.5
CACTAATAAG__0.459005087871816__37	6.5	4.2	4.5	5.5	3.9	4.5	5.5	3.9	4.5
CTCTAATCTC__0.459003791666342__32	4.5	4.4	4.5	5.5	3.9	4.5	4.4	4.5	4.4
TACTAATCTT__0.45870779182127__33	5.5	4.2	4.5	5.5	3.9	4.5	4.4	4.5	3.9
CCTTAATACA__0.458690004928556__48	5.2	4.5	3.9	5.5	3.9	4.5	5.5	4.2	6.5
AGCTAATCTA__0.458510198137382__41	4.5	4.7	4.5	5.5	3.9	4.5	4.4	4.5	5.5
CTATAATCCT__0.458479436583726__39	4.5	5.5	4.5	5.5	3.9	4.5	4.4	5.2	4.5
CGATAATCTA__0.458363740876081__36	5.5	4.4	4.5	5.5	3.9	4.5	4.4	4.5	5.5
CCTTAATCAG__0.458328581013072__35	5.2	4.5	3.9	5.5	3.9	4.5	4.4	6.5	4.5
CGGTAATCCA__0.457530188697312__53	5.5	5.2	4.2	5.5	3.9	4.5	4.4	5.2	6.5
GGTTAATCTT__0.456936913769201__51	5.2	4.2	3.9	5.5	3.9	4.5	4.4	4.5	3.9
GGATAATAAG__0.456870284071019__45	5.2	4.4	4.5	5.5	3.9	4.5	5.5	3.9	4.5
AGCTAATTCC__0.456798528990303__48	4.5	4.7	4.5	5.5	3.9	4.5	3.9	4.4	5.2
AAATAATCCT__0.456760620525051__37	3.9	3.9	4.5	5.5	3.9	4.5	4.4	5.2	4.5
ATCTAATCCA__0.456737105303216__46	4.5	4.4	4.5	5.5	3.9	4.5	4.4	5.2	6.5
AGCTAATCGG__0.456456621844553__33	4.5	4.7	4.5	5.5	3.9	4.5	4.4	5.5	5.2
GGATCATCCG__0.455810069896958__44	5.2	4.4	4.5	4.4	6.5	4.5	4.4	5.2	5.5
TGGTAATCCT__0.455737379860826__50	6.5	5.2	4.2	5.5	3.9	4.5	4.4	5.2	4.5
TCATAATCCA__0.455216898484452__49	4.4	6.5	4.5	5.5	3.9	4.5	4.4	5.2	6.5
ATATAATCCA__0.455055060218997__46	4.5	5.5	4.5	5.5	3.9	4.5	4.4	5.2	6.5
GGCTAATCGC__0.454951929275996__45	5.2	4.7	4.5	5.5	3.9	4.5	4.4	5.5	4.7
CAGTAATCCT__0.454789070839571__39	6.5	4.5	4.2	5.5	3.9	4.5	4.4	5.2	4.5
ACTTAATCGC__0.454780316411865__38	4.2	4.5	3.9	5.5	3.9	4.5	4.4	5.5	4.7
CACTAATCAC__0.454450013502392__38	6.5	4.2	4.5	5.5	3.9	4.5	4.4	6.5	4.2
GCTTAATACA__0.453977772905582__52	4.7	4.5	3.9	5.5	3.9	4.5	5.5	4.2	6.5
CCTTAATGCG__0.453038395111328__35	5.2	4.5	3.9	5.5	3.9	4.5	6.5	4.7	5.5
ACTTAATACA__0.45302592422727__45	4.2	4.5	3.9	5.5	3.9	4.5	5.5	4.2	6.5
AGATAATACA__0.452957762395157__46	4.5	4.4	4.5	5.5	3.9	4.5	5.5	4.2	6.5
CACTAATCAG__0.452113072779803__28	6.5	4.2	4.5	5.5	3.9	4.5	4.4	6.5	4.5
GCCTAATTCG__0.451997080713654__33	4.7	5.2	4.5	5.5	3.9	4.5	3.9	4.4	5.5
GCATAATCTC__0.451797222963511__38	4.7	6.5	4.5	5.5	3.9	4.5	4.4	4.5	4.4
AGGTAATCTG__0.451036955426795__37	4.5	5.2	4.2	5.5	3.9	4.5	4.4	4.5	6.5
AGATAATTCG__0.450842961203601__31	4.5	4.4	4.5	5.5	3.9	4.5	3.9	4.4	5.5
TATTAATCCG__0.450538927353986__40	5.5	4.5	3.9	5.5	3.9	4.5	4.4	5.2	5.5
TGCTAATTCC__0.450532071040771__48	6.5	4.7	4.5	5.5	3.9	4.5	3.9	4.4	5.2
TGATAATACG__0.450202261826513__40	6.5	4.4	4.5	5.5	3.9	4.5	5.5	4.2	5.5
AACTAATACC__0.450089813838867__40	3.9	4.2	4.5	5.5	3.9	4.5	5.5	4.2	5.2
GTATAATCTG__0.449577628356421__36	4.2	5.5	4.5	5.5	3.9	4.5	4.4	4.5	6.5
CCCTAATCGG__0.449456233693153__22	5.2	5.2	4.5	5.5	3.9	4.5	4.4	5.5	5.2
AGTTAATTCC__0.449362319242863__47	4.5	4.2	3.9	5.5	3.9	4.5	3.9	4.4	5.2
TCTTAATTCC__0.449254329185549__43	4.4	4.5	3.9	5.5	3.9	4.5	3.9	4.4	5.2
AACTAATCTT__0.4486859440558__27	3.9	4.2	4.5	5.5	3.9	4.5	4.4	4.5	3.9
TGCTAATTCG__0.447929969795403__38	6.5	4.7	4.5	5.5	3.9	4.5	3.9	4.4	5.5
CGATAATCGG__0.447876476327591__25	5.5	4.4	4.5	5.5	3.9	4.5	4.4	5.5	5.2
CACTAATACT__0.447753567354711__33	6.5	4.2	4.5	5.5	3.9	4.5	5.5	4.2	4.5
AGATAATGCC__0.447523799950435__38	4.5	4.4	4.5	5.5	3.9	4.5	6.5	4.7	5.2
GGATCATCCC__0.447361890127775__50	5.2	4.4	4.5	4.4	6.5	4.5	4.4	5.2	5.2
AAATAATCCA__0.447338638669985__41	3.9	3.9	4.5	5.5	3.9	4.5	4.4	5.2	6.5
CACTAATACA__0.447203019468114__40	6.5	4.2	4.5	5.5	3.9	4.5	5.5	4.2	6.5
GTCTAATCTC__0.447149273811659__34	4.2	4.4	4.5	5.5	3.9	4.5	4.4	4.5	4.4
AGATAATTCC__0.447011949419545__37	4.5	4.4	4.5	5.5	3.9	4.5	3.9	4.4	5.2
TGTTAATTCC__0.446803011091207__52	6.5	4.2	3.9	5.5	3.9	4.5	3.9	4.4	5.2
GGCTAATCGG__0.446801353908278__33	5.2	4.7	4.5	5.5	3.9	4.5	4.4	5.5	5.2
CGCTAATCAC__0.446674397380574__39	5.5	4.7	4.5	5.5	3.9	4.5	4.4	6.5	4.2
GGGTAGTGGG__0.446315129142317__36	5.2	5.2	4.2	5.5	4.5	4.2	6.5	5.2	5.2
AGTTAATTCG__0.446236692861159__37	4.5	4.2	3.9	5.5	3.9	4.5	3.9	4.4	5.5
CCGTAATCTG__0.445971321623879__27	5.2	5.5	4.2	5.5	3.9	4.5	4.4	4.5	6.5
GACTAATCGG__0.445890235046001__23	4.4	4.2	4.5	5.5	3.9	4.5	4.4	5.5	5.2
GGGTCATGGG__0.44518515613575__41	5.2	5.2	4.2	4.4	6.5	4.5	6.5	5.2	5.2
CGTTAATAAG__0.445030388102983__39	5.5	4.2	3.9	5.5	3.9	4.5	5.5	3.9	4.5
GCGTAATCTG__0.445012649628197__37	4.7	5.5	4.2	5.5	3.9	4.5	4.4	4.5	6.5
AGATGATCCG__0.444899395831416__32	4.5	4.4	4.5	6.5	4.4	4.5	4.4	5.2	5.5
GAATGATCCG__0.444869241922459__35	4.4	3.9	4.5	6.5	4.4	4.5	4.4	5.2	5.5
AGCTAATTCG__0.444831085026161__33	4.5	4.7	4.5	5.5	3.9	4.5	3.9	4.4	5.5
GCATAATCTG__0.444828158149321__33	4.7	6.5	4.5	5.5	3.9	4.5	4.4	4.5	6.5
ACATAATCTC__0.444807932165506__29	4.2	6.5	4.5	5.5	3.9	4.5	4.4	4.5	4.4
CTCTAATACC__0.444783214864056__37	4.5	4.4	4.5	5.5	3.9	4.5	5.5	4.2	5.2
CGTTAATCAG__0.444772781029841__36	5.5	4.2	3.9	5.5	3.9	4.5	4.4	6.5	4.5
CCCTAATCAC__0.444578924199474__32	5.2	5.2	4.5	5.5	3.9	4.5	4.4	6.5	4.2
TACTAATCGG__0.444169930167917__24	5.5	4.2	4.5	5.5	3.9	4.5	4.4	5.5	5.2
GCCTAATTCC__0.444027845150328__37	4.7	5.2	4.5	5.5	3.9	4.5	3.9	4.4	5.2
ACTTAATCAC__0.443828967636907__37	4.2	4.5	3.9	5.5	3.9	4.5	4.4	6.5	4.2
ATTTAATCTC__0.44381951749457__37	4.5	3.9	3.9	5.5	3.9	4.5	4.4	4.5	4.4
AGTTAATCGG__0.44316859734694__33	4.5	4.2	3.9	5.5	3.9	4.5	4.4	5.5	5.2
TCGTAATCTG__0.443116309564466__32	4.4	5.5	4.2	5.5	3.9	4.5	4.4	4.5	6.5
AGGTAATCCT__0.443106955405142__37	4.5	5.2	4.2	5.5	3.9	4.5	4.4	5.2	4.5
ACCTAATACG__0.44272858725938__30	4.2	5.2	4.5	5.5	3.9	4.5	5.5	4.2	5.5
TACTAATCTA__0.442594586261208__29	5.5	4.2	4.5	5.5	3.9	4.5	4.4	4.5	5.5
TACTAATCGC__0.442396424444745__30	5.5	4.2	4.5	5.5	3.9	4.5	4.4	5.5	4.7
GCTTAATAAG__0.44233797552703__37	4.7	4.5	3.9	5.5	3.9	4.5	5.5	3.9	4.5
ACTTAATCTA__0.442293852488294__31	4.2	4.5	3.9	5.5	3.9	4.5	4.4	4.5	5.5
GACTAATCAG__0.441518256468676__25	4.4	4.2	4.5	5.5	3.9	4.5	4.4	6.5	4.5
GACTAATTCC__0.441485015090833__33	4.4	4.2	4.5	5.5	3.9	4.5	3.9	4.4	5.2
AAGTAATCCC__0.441220919141013__40	3.9	4.5	4.2	5.5	3.9	4.5	4.4	5.2	5.2
ATCTAATCTG__0.440476301437937__26	4.5	4.4	4.5	5.5	3.9	4.5	4.4	4.5	6.5
AGATAATACT__0.44001927279974__32	4.5	4.4	4.5	5.5	3.9	4.5	5.5	4.2	4.5
GTGTAATCCC__0.439797459010777__49	4.2	6.5	4.2	5.5	3.9	4.5	4.4	5.2	5.2
GATTAATCCC__0.439377500102245__41	4.4	4.5	3.9	5.5	3.9	4.5	4.4	5.2	5.2
CTTTAATACG__0.439212872279248__36	4.5	3.9	3.9	5.5	3.9	4.5	5.5	4.2	5.5
TTCTAATCTG__0.43867134540138__29	3.9	4.4	4.5	5.5	3.9	4.5	4.4	4.5	6.5
TTTTAATCTG__0.438501733604853__39	3.9	3.9	3.9	5.5	3.9	4.5	4.4	4.5	6.5
GGCTAATTCG__0.438475875817406__34	5.2	4.7	4.5	5.5	3.9	4.5	3.9	4.4	5.5
CCATAATCTG__0.437618778954798__23	5.2	6.5	4.5	5.5	3.9	4.5	4.4	4.5	6.5
CGCTAATCAG__0.437503013856176__27	5.5	4.7	4.5	5.5	3.9	4.5	4.4	6.5	4.5
CGTTAATACT__0.43686650721703__36	5.5	4.2	3.9	5.5	3.9	4.5	5.5	4.2	4.5
TCTTAATCTA__0.436354882635477__32	4.4	4.5	3.9	5.5	3.9	4.5	4.4	4.5	5.5
TCCTAATTCC__0.436276578044995__31	4.4	5.2	4.5	5.5	3.9	4.5	3.9	4.4	5.2
GATTAATCCT__0.435887357970068__32	4.4	4.5	3.9	5.5	3.9	4.5	4.4	5.2	4.5
GAATAATCTG__0.435783086824914__26	4.4	3.9	4.5	5.5	3.9	4.5	4.4	4.5	6.5
CTTTAATACC__0.435543657574648__38	4.5	3.9	3.9	5.5	3.9	4.5	5.5	4.2	5.2
GGATCATCCT__0.435365546666871__35	5.2	4.4	4.5	4.4	6.5	4.5	4.4	5.2	4.5
GCGTAATACG__0.435220871069572__39	4.7	5.5	4.2	5.5	3.9	4.5	5.5	4.2	5.5
GGATGATCCC__0.435171948458267__40	5.2	4.4	4.5	6.5	4.4	4.5	4.4	5.2	5.2
TGTTAATCGC__0.434878828762748__41	6.5	4.2	3.9	5.5	3.9	4.5	4.4	5.5	4.7
CTCTAATACG__0.434577444017215__28	4.5	4.4	4.5	5.5	3.9	4.5	5.5	4.2	5.5
AGTTAATAAG__0.434483387625074__34	4.5	4.2	3.9	5.5	3.9	4.5	5.5	3.9	4.5
GCTTAATTCT__0.434245749074993__31	4.7	4.5	3.9	5.5	3.9	4.5	3.9	4.4	4.5
ACATAATACG__0.43401982652396__29	4.2	6.5	4.5	5.5	3.9	4.5	5.5	4.2	5.5
ATGTAATCCC__0.433919919486327__40	4.5	6.5	4.2	5.5	3.9	4.5	4.4	5.2	5.2
GGCTAATTCC__0.43386068001731__39	5.2	4.7	4.5	5.5	3.9	4.5	3.9	4.4	5.2
ACGTAATACC__0.433744313394577__35	4.2	5.5	4.2	5.5	3.9	4.5	5.5	4.2	5.2
AGTTAATCGC__0.433730357117839__35	4.5	4.2	3.9	5.5	3.9	4.5	4.4	5.5	4.7
GCATAATCTT__0.433584798126107__29	4.7	6.5	4.5	5.5	3.9	4.5	4.4	4.5	3.9
GCGTAATCTC__0.433346839182062__33	4.7	5.5	4.2	5.5	3.9	4.5	4.4	4.5	4.4
CAGTAATCCA__0.43306036958044__36	6.5	4.5	4.2	5.5	3.9	4.5	4.4	5.2	6.5
ATTTAATCTT__0.432582674659526__31	4.5	3.9	3.9	5.5	3.9	4.5	4.4	4.5	3.9
GGGTAATCCC__0.432149709023796__45	5.2	5.2	4.2	5.5	3.9	4.5	4.4	5.2	5.2
TACTAATTCG__0.432135207761231__24	5.5	4.2	4.5	5.5	3.9	4.5	3.9	4.4	5.5
ATTTAATACG__0.432083591801525__34	4.5	3.9	3.9	5.5	3.9	4.5	5.5	4.2	5.5
GACTAATCGC__0.431963710484116__25	4.4	4.2	4.5	5.5	3.9	4.5	4.4	5.5	4.7
CCTTAATAAG__0.43189759440929__27	5.2	4.5	3.9	5.5	3.9	4.5	5.5	3.9	4.5
ATGTAATCCT__0.431457736725959__32	4.5	6.5	4.2	5.5	3.9	4.5	4.4	5.2	4.5
GTCTAATTCG__0.431426825087487__28	4.2	4.4	4.5	5.5	3.9	4.5	3.9	4.4	5.5
CAGTAATCTG__0.431400890003529__25	6.5	4.5	4.2	5.5	3.9	4.5	4.4	4.5	6.5
CATTAATCCA__0.431244632665564__35	6.5	4.5	3.9	5.5	3.9	4.5	4.4	5.2	6.5
GGGGAATGGG__0.431078695849068__38	5.2	5.2	5.2	4.4	3.9	4.5	6.5	5.2	5.2
TGTTAATTCG__0.430753158903342__35	6.5	4.2	3.9	5.5	3.9	4.5	3.9	4.4	5.5
TGATAATCGG__0.430683383704873__24	6.5	4.4	4.5	5.5	3.9	4.5	4.4	5.5	5.2
CCTTAATCGT__0.430525611087564__23	5.2	4.5	3.9	5.5	3.9	4.5	4.4	5.5	4.2
CCATAATCTC__0.430509514822519__22	5.2	6.5	4.5	5.5	3.9	4.5	4.4	4.5	4.4
CGGTAATCTG__0.430184142398583__27	5.5	5.2	4.2	5.5	3.9	4.5	4.4	4.5	6.5
GCTTAATACT__0.429554647661118__32	4.7	4.5	3.9	5.5	3.9	4.5	5.5	4.2	4.5
TGATAATCTT__0.429105926237125__26	6.5	4.4	4.5	5.5	3.9	4.5	4.4	4.5	3.9
GGGTAAGGGG__0.429062005294203__33	5.2	5.2	4.2	5.5	3.9	4.5	5.2	5.2	5.2
ACGTAATACG__0.429024136016255__29	4.2	5.5	4.2	5.5	3.9	4.5	5.5	4.2	5.5
TCGTAATCCA__0.428982000742507__36	4.4	5.5	4.2	5.5	3.9	4.5	4.4	5.2	6.5
CCATAATACG__0.428575366698004__25	5.2	6.5	4.5	5.5	3.9	4.5	5.5	4.2	5.5
CGTTAATCGT__0.428317732174684__28	5.5	4.2	3.9	5.5	3.9	4.5	4.4	5.5	4.2
TAGTAATCCC__0.428228156326138__35	5.5	4.5	4.2	5.5	3.9	4.5	4.4	5.2	5.2
GGATAATAAC__0.42819541845842__35	5.2	4.4	4.5	5.5	3.9	4.5	5.5	3.9	4.2
CACTAATGCG__0.428147385419731__23	6.5	4.2	4.5	5.5	3.9	4.5	6.5	4.7	5.5
TGTTAATCTA__0.428142351062563__36	6.5	4.2	3.9	5.5	3.9	4.5	4.4	4.5	5.5
GATTAATGTG__0.428035777076944__24	4.4	4.5	3.9	5.5	3.9	4.5	6.5	4.2	6.5
CGTTAATACA__0.427516194880523__37	5.5	4.2	3.9	5.5	3.9	4.5	5.5	4.2	6.5
CTTTAATTCG__0.426891431389199__27	4.5	3.9	3.9	5.5	3.9	4.5	3.9	4.4	5.5
GGATAATAGG__0.426830042660354__26	5.2	4.4	4.5	5.5	3.9	4.5	5.5	4.5	5.2
CGATAATTCG__0.426793529118437__21	5.5	4.4	4.5	5.5	3.9	4.5	3.9	4.4	5.5
CCGTAATACC__0.426777560849762__30	5.2	5.5	4.2	5.5	3.9	4.5	5.5	4.2	5.2
TCTTAATCGC__0.426652148802513__29	4.4	4.5	3.9	5.5	3.9	4.5	4.4	5.5	4.7
GCTTAATGCG__0.426293843571953__29	4.7	4.5	3.9	5.5	3.9	4.5	6.5	4.7	5.5
AGTTAATCAG__0.426185361112441__28	4.5	4.2	3.9	5.5	3.9	4.5	4.4	6.5	4.5
GCCTAATCGC__0.426061845733245__25	4.7	5.2	4.5	5.5	3.9	4.5	4.4	5.5	4.7
AAATGATACG__0.425369913733713__27	3.9	3.9	4.5	6.5	4.4	4.5	5.5	4.2	5.5
CGCTAATGCC__0.425327804187151__30	5.5	4.7	4.5	5.5	3.9	4.5	6.5	4.7	5.2
CCCTAATCGC__0.425085420097159__21	5.2	5.2	4.5	5.5	3.9	4.5	4.4	5.5	4.7
GCTTAATCAC__0.424940895707867__33	4.7	4.5	3.9	5.5	3.9	4.5	4.4	6.5	4.2
ATTTAATACC__0.424691282338154__34	4.5	3.9	3.9	5.5	3.9	4.5	5.5	4.2	5.2
TCTTAATACA__0.424474072770581__33	4.4	4.5	3.9	5.5	3.9	4.5	5.5	4.2	6.5
ACGTAATCTC__0.424441352080744__23	4.2	5.5	4.2	5.5	3.9	4.5	4.4	4.5	4.4
TGGTAATCCA__0.42435117965178__39	6.5	5.2	4.2	5.5	3.9	4.5	4.4	5.2	6.5
TGATAATCTA__0.424117956010632__26	6.5	4.4	4.5	5.5	3.9	4.5	4.4	4.5	5.5
CTCTAATCGC__0.423993313025071__22	4.5	4.4	4.5	5.5	3.9	4.5	4.4	5.5	4.7
CTGTAATCCT__0.423872751186288__28	4.5	6.5	4.2	5.5	3.9	4.5	4.4	5.2	4.5
CAATAATCTG__0.423655519455826__20	6.5	3.9	4.5	5.5	3.9	4.5	4.4	4.5	6.5
GGGTAATCCT__0.423596276271398__34	5.2	5.2	4.2	5.5	3.9	4.5	4.4	5.2	4.5
GTTTAATCTC__0.423517001451549__33	4.2	3.9	3.9	5.5	3.9	4.5	4.4	4.5	4.4
TTTTAATCTC__0.423445744908598__33	3.9	3.9	3.9	5.5	3.9	4.5	4.4	4.5	4.4
TGATAATACC__0.423082657298487__31	6.5	4.4	4.5	5.5	3.9	4.5	5.5	4.2	5.2
GAGTAATCCC__0.422364071850293__32	4.4	4.5	4.2	5.5	3.9	4.5	4.4	5.2	5.2
GGGTAAGGGT__0.421817649255345__30	5.2	5.2	4.2	5.5	3.9	4.5	5.2	5.2	4.2
GGATAATTCT__0.421745310167566__25	5.2	4.4	4.5	5.5	3.9	4.5	3.9	4.4	4.5
TACTAATTCC__0.42165757255201__26	5.5	4.2	4.5	5.5	3.9	4.5	3.9	4.4	5.2
ACCCAATCCC__0.421601884748145__23	4.2	5.2	5.2	6.5	3.9	4.5	4.4	5.2	5.2
CCTTAATTCT__0.421158815426455__21	5.2	4.5	3.9	5.5	3.9	4.5	3.9	4.4	4.5
TAGTAATCCT__0.421096045873889__26	5.5	4.5	4.2	5.5	3.9	4.5	4.4	5.2	4.5
ACCTAATCGG__0.421068486175296__15	4.2	5.2	4.5	5.5	3.9	4.5	4.4	5.5	5.2
AACTAATCGG__0.4209624746824__16	3.9	4.2	4.5	5.5	3.9	4.5	4.4	5.5	5.2
GATTAATCTG__0.420818863016732__23	4.4	4.5	3.9	5.5	3.9	4.5	4.4	4.5	6.5
TGTTAATAAG__0.420812817102436__32	6.5	4.2	3.9	5.5	3.9	4.5	5.5	3.9	4.5
ACCTAATTCC__0.419969976644595__23	4.2	5.2	4.5	5.5	3.9	4.5	3.9	4.4	5.2
GGTTAATACC__0.41984057901927__36	5.2	4.2	3.9	5.5	3.9	4.5	5.5	4.2	5.2
CTCTAATTCG__0.419817238290515__19	4.5	4.4	4.5	5.5	3.9	4.5	3.9	4.4	5.5
GTTTAATACG__0.419783379826149__33	4.2	3.9	3.9	5.5	3.9	4.5	5.5	4.2	5.5
GTATAATCTC__0.419778167642858__25	4.2	5.5	4.5	5.5	3.9	4.5	4.4	4.5	4.4
CCCTAATCAG__0.41960112433456__17	5.2	5.2	4.5	5.5	3.9	4.5	4.4	6.5	4.5
GACTAATACT__0.419549933446868__23	4.4	4.2	4.5	5.5	3.9	4.5	5.5	4.2	4.5
GGTTAATCTA__0.419489159864874__32	5.2	4.2	3.9	5.5	3.9	4.5	4.4	4.5	5.5
GGTTAATTCG__0.419436866580776__30	5.2	4.2	3.9	5.5	3.9	4.5	3.9	4.4	5.5
CGCTAATCGT__0.419379531674438__20	5.5	4.7	4.5	5.5	3.9	4.5	4.4	5.5	4.2
GACTAATTCG__0.419290667758__19	4.4	4.2	4.5	5.5	3.9	4.5	3.9	4.4	5.5
CGTTAATCAC__0.41925228712582__31	5.5	4.2	3.9	5.5	3.9	4.5	4.4	6.5	4.2
GGATCATCTC__0.419230293861375__26	5.2	4.4	4.5	4.4	6.5	4.5	4.4	4.5	4.4
TGCTAATCAG__0.419226873040814__24	6.5	4.7	4.5	5.5	3.9	4.5	4.4	6.5	4.5
AGATAATCAT__0.418798258371765__21	4.5	4.4	4.5	5.5	3.9	4.5	4.4	6.5	4.5
ACTTAATACT__0.417726978064208__23	4.2	4.5	3.9	5.5	3.9	4.5	5.5	4.2	4.5
GGATAATATG__0.417448748442099__24	5.2	4.4	4.5	5.5	3.9	4.5	5.5	4.5	6.5
GAATAATCTC__0.416980216325406__21	4.4	3.9	4.5	5.5	3.9	4.5	4.4	4.5	4.4
ACTTAATAAG__0.416947005565014__22	4.2	4.5	3.9	5.5	3.9	4.5	5.5	3.9	4.5
CCCCAATCCC__0.416398485316951__22	5.2	5.2	5.2	6.5	3.9	4.5	4.4	5.2	5.2
TGCTAATACT__0.416380203875269__28	6.5	4.7	4.5	5.5	3.9	4.5	5.5	4.2	4.5
ATATAATCTG__0.416272820535124__19	4.5	5.5	4.5	5.5	3.9	4.5	4.4	4.5	6.5
AGATAATGCG__0.416186970058876__21	4.5	4.4	4.5	5.5	3.9	4.5	6.5	4.7	5.5
GATTAATGGA__0.416166746037268__20	4.4	4.5	3.9	5.5	3.9	4.5	6.5	5.2	4.4
CCCTAATACA__0.416161456708533__25	5.2	5.2	4.5	5.5	3.9	4.5	5.5	4.2	6.5
GCATAATACG__0.415953409819211__26	4.7	6.5	4.5	5.5	3.9	4.5	5.5	4.2	5.5
AGTTAATACT__0.415936420752662__27	4.5	4.2	3.9	5.5	3.9	4.5	5.5	4.2	4.5
CCCTAACCCC__0.415136505109105__30	5.2	5.2	4.5	5.5	3.9	4.2	5.2	5.2	5.2
TCATAATCTG__0.415037832768929__20	4.4	6.5	4.5	5.5	3.9	4.5	4.4	4.5	6.5
CCGTAATCTT__0.414905415957828__18	5.2	5.5	4.2	5.5	3.9	4.5	4.4	4.5	3.9
CTGTAATCCC__0.414860757634621__30	4.5	6.5	4.2	5.5	3.9	4.5	4.4	5.2	5.2
TTATAATCCA__0.414800837211089__29	3.9	5.5	4.5	5.5	3.9	4.5	4.4	5.2	6.5
CGATAATCAG__0.414729096867055__18	5.5	4.4	4.5	5.5	3.9	4.5	4.4	6.5	4.5
ATCTAATCTC__0.414497259448037__19	4.5	4.4	4.5	5.5	3.9	4.5	4.4	4.5	4.4
AGTTAATGCG__0.414366250436694__25	4.5	4.2	3.9	5.5	3.9	4.5	6.5	4.7	5.5
CGCTAATGCG__0.414335294264442__22	5.5	4.7	4.5	5.5	3.9	4.5	6.5	4.7	5.5
TGTTAATACT__0.414261891413955__30	6.5	4.2	3.9	5.5	3.9	4.5	5.5	4.2	4.5
AGCTAATCGC__0.413867295586947__23	4.5	4.7	4.5	5.5	3.9	4.5	4.4	5.5	4.7
CTCTAATTCC__0.413824967136007__22	4.5	4.4	4.5	5.5	3.9	4.5	3.9	4.4	5.2
CCTTAATCAC__0.413524094617074__24	5.2	4.5	3.9	5.5	3.9	4.5	4.4	6.5	4.2
CGTTAATATG__0.413276433356569__23	5.5	4.2	3.9	5.5	3.9	4.5	5.5	4.5	6.5
CGATAATCAC__0.413229251566646__23	5.5	4.4	4.5	5.5	3.9	4.5	4.4	6.5	4.2
CTTTAATCTA__0.413202466150412__24	4.5	3.9	3.9	5.5	3.9	4.5	4.4	4.5	5.5
GATTAATCGG__0.413045642481939__19	4.4	4.5	3.9	5.5	3.9	4.5	4.4	5.5	5.2
GCCTAATCTA__0.413016796879848__20	4.7	5.2	4.5	5.5	3.9	4.5	4.4	4.5	5.5
CGCTAATACA__0.412733917924565__28	5.5	4.7	4.5	5.5	3.9	4.5	5.5	4.2	6.5
ACATAATCTT__0.41248689819235__18	4.2	6.5	4.5	5.5	3.9	4.5	4.4	4.5	3.9
GATTAATGCG__0.412473704189901__22	4.4	4.5	3.9	5.5	3.9	4.5	6.5	4.7	5.5
CGATAATAAG__0.412304263843648__20	5.5	4.4	4.5	5.5	3.9	4.5	5.5	3.9	4.5
AGTTAATACA__0.41220039775132__30	4.5	4.2	3.9	5.5	3.9	4.5	5.5	4.2	6.5
GGCTAATCAG__0.411962101841346__22	5.2	4.7	4.5	5.5	3.9	4.5	4.4	6.5	4.5
GATTAATGAG__0.411903642325454__20	4.4	4.5	3.9	5.5	3.9	4.5	6.5	4.4	4.5
CACTAATCGT__0.41184705207495__15	6.5	4.2	4.5	5.5	3.9	4.5	4.4	5.5	4.2
AGGTAATCCA__0.411800693992362__29	4.5	5.2	4.2	5.5	3.9	4.5	4.4	5.2	6.5
GGTTAATTCC__0.411778614453555__32	5.2	4.2	3.9	5.5	3.9	4.5	3.9	4.4	5.2
TGGGAATGGG__0.411506971799021__26	6.5	5.2	5.2	4.4	3.9	4.5	6.5	5.2	5.2
CGCTAATACT__0.411490496783521__23	5.5	4.7	4.5	5.5	3.9	4.5	5.5	4.2	4.5
CGGTAATACC__0.411423275109887__28	5.5	5.2	4.2	5.5	3.9	4.5	5.5	4.2	5.2
TCTTAATCGT__0.411206332886709__20	4.4	4.5	3.9	5.5	3.9	4.5	4.4	5.5	4.2
TCCTAATCTA__0.410773457064646__18	4.4	5.2	4.5	5.5	3.9	4.5	4.4	4.5	5.5
TTTTAATACG__0.410710475397979__29	3.9	3.9	3.9	5.5	3.9	4.5	5.5	4.2	5.5
GAATAATACG__0.410708420475548__22	4.4	3.9	4.5	5.5	3.9	4.5	5.5	4.2	5.5
GTCTAATCGG__0.410659581188502__18	4.2	4.4	4.5	5.5	3.9	4.5	4.4	5.5	5.2
CGCTAATATG__0.410612935081795__20	5.5	4.7	4.5	5.5	3.9	4.5	5.5	4.5	6.5
CTCTAATCTT__0.410588790713722__16	4.5	4.4	4.5	5.5	3.9	4.5	4.4	4.5	3.9
TTGTAATCCC__0.41051637336531__32	3.9	6.5	4.2	5.5	3.9	4.5	4.4	5.2	5.2
CCCTCATCCC__0.410461444667344__23	5.2	5.2	4.5	4.4	6.5	4.5	4.4	5.2	5.2
CGGTAATCGG__0.410424366593782__19	5.5	5.2	4.2	5.5	3.9	4.5	4.4	5.5	5.2
GGTTAATCGG__0.410391062251494__25	5.2	4.2	3.9	5.5	3.9	4.5	4.4	5.5	5.2
ACTTAATTCT__0.410304703079071__18	4.2	4.5	3.9	5.5	3.9	4.5	3.9	4.4	4.5
ACTTAATCAG__0.409984234493586__18	4.2	4.5	3.9	5.5	3.9	4.5	4.4	6.5	4.5
CCATAATCTT__0.40992721614137__16	5.2	6.5	4.5	5.5	3.9	4.5	4.4	4.5	3.9
CACTAATGCC__0.409716062552192__21	6.5	4.2	4.5	5.5	3.9	4.5	6.5	4.7	5.2
GGGTGATGGG__0.409639328418591__28	5.2	5.2	4.2	6.5	4.4	4.5	6.5	5.2	5.2
CCGTAATCTC__0.409319487345253__17	5.2	5.5	4.2	5.5	3.9	4.5	4.4	4.5	4.4
CCATAATACC__0.409229896025829__22	5.2	6.5	4.5	5.5	3.9	4.5	5.5	4.2	5.2
AGATAATAAG__0.409152042702289__20	4.5	4.4	4.5	5.5	3.9	4.5	5.5	3.9	4.5
GCTTAATCGT__0.40899417648791__21	4.7	4.5	3.9	5.5	3.9	4.5	4.4	5.5	4.2
ACTTAATGCG__0.40877502501538__19	4.2	4.5	3.9	5.5	3.9	4.5	6.5	4.7	5.5
TATTAATCCC__0.40868745349215__27	5.5	4.5	3.9	5.5	3.9	4.5	4.4	5.2	5.2
GGGCAATGGG__0.408676613637279__23	5.2	5.2	4.7	6.5	3.9	4.5	6.5	5.2	5.2
CCGTAATACG__0.408052847444819__20	5.2	5.5	4.2	5.5	3.9	4.5	5.5	4.2	5.5
GCATAATACC__0.408039012058234__26	4.7	6.5	4.5	5.5	3.9	4.5	5.5	4.2	5.2
GGATAATGCA__0.40789762498167__25	5.2	4.4	4.5	5.5	3.9	4.5	6.5	4.7	6.5
ACATAATACC__0.407750165465068__23	4.2	6.5	4.5	5.5	3.9	4.5	5.5	4.2	5.2
ACCTAATCTA__0.407695257467073__16	4.2	5.2	4.5	5.5	3.9	4.5	4.4	4.5	5.5
CATTAATCTG__0.407318241324126__18	6.5	4.5	3.9	5.5	3.9	4.5	4.4	4.5	6.5
GGCTAATACT__0.407293647768124__25	5.2	4.7	4.5	5.5	3.9	4.5	5.5	4.2	4.5
CTGTAATCCA__0.407156092827178__27	4.5	6.5	4.2	5.5	3.9	4.5	4.4	5.2	6.5
GATTAATTCG__0.40705881062784__19	4.4	4.5	3.9	5.5	3.9	4.5	3.9	4.4	5.5
CGTTAATAAC__0.407031972818853__26	5.5	4.2	3.9	5.5	3.9	4.5	5.5	3.9	4.2
GTGTAATCCT__0.406876943349345__26	4.2	6.5	4.2	5.5	3.9	4.5	4.4	5.2	4.5
GATTAATGGT__0.406594649440651__16	4.4	4.5	3.9	5.5	3.9	4.5	6.5	5.2	4.2
CCTTAATATG__0.406262724644501__17	5.2	4.5	3.9	5.5	3.9	4.5	5.5	4.5	6.5
CAATAATCTT__0.406233982285344__16	6.5	3.9	4.5	5.5	3.9	4.5	4.4	4.5	3.9
AGATGATACG__0.40604061358728__20	4.5	4.4	4.5	6.5	4.4	4.5	5.5	4.2	5.5
GGATGATACG__0.405858985080989__23	5.2	4.4	4.5	6.5	4.4	4.5	5.5	4.2	5.5
TTTTAATCTT__0.405814217640885__25	3.9	3.9	3.9	5.5	3.9	4.5	4.4	4.5	3.9
GACTAATACA__0.405774603357504__23	4.4	4.2	4.5	5.5	3.9	4.5	5.5	4.2	6.5
CTCTAATCGG__0.405382359545999__13	4.5	4.4	4.5	5.5	3.9	4.5	4.4	5.5	5.2
CGGTAATACG__0.405236235137116__23	5.5	5.2	4.2	5.5	3.9	4.5	5.5	4.2	5.5
CTGTAATCTG__0.405190315713944__19	4.5	6.5	4.2	5.5	3.9	4.5	4.4	4.5	6.5
CTATAATCCA__0.405109127458713__23	4.5	5.5	4.5	5.5	3.9	4.5	4.4	5.2	6.5
GATTAATACG__0.404759264314824__21	4.4	4.5	3.9	5.5	3.9	4.5	5.5	4.2	5.5
GTGTAATCTG__0.40468668901335__23	4.2	6.5	4.2	5.5	3.9	4.5	4.4	4.5	6.5
ATTTAATCGG__0.404563794751777__19	4.5	3.9	3.9	5.5	3.9	4.5	4.4	5.5	5.2
GCTTAATAGG__0.404389692024246__19	4.7	4.5	3.9	5.5	3.9	4.5	5.5	4.5	5.2
TGCTAATCAC__0.404333680687041__24	6.5	4.7	4.5	5.5	3.9	4.5	4.4	6.5	4.2
TATTAATCCT__0.404235938010044__21	5.5	4.5	3.9	5.5	3.9	4.5	4.4	5.2	4.5
AAGTAATCCT__0.404087956729585__19	3.9	4.5	4.2	5.5	3.9	4.5	4.4	5.2	4.5
CTTTAATCGG__0.403805552568312__18	4.5	3.9	3.9	5.5	3.9	4.5	4.4	5.5	5.2
GAATAATCGG__0.403780636927208__15	4.4	3.9	4.5	5.5	3.9	4.5	4.4	5.5	5.2
GTCTAATCTT__0.403755091954893__18	4.2	4.4	4.5	5.5	3.9	4.5	4.4	4.5	3.9
TCCTAATCGG__0.403585035476152__13	4.4	5.2	4.5	5.5	3.9	4.5	4.4	5.5	5.2
GTATAATACG__0.403450055298604__22	4.2	5.5	4.5	5.5	3.9	4.5	5.5	4.2	5.5
TGGTAATCTG__0.403283220984898__22	6.5	5.2	4.2	5.5	3.9	4.5	4.4	4.5	6.5
ATCTAATACC__0.403055420781169__22	4.5	4.4	4.5	5.5	3.9	4.5	5.5	4.2	5.2
TGCTAATACA__0.402939241264746__27	6.5	4.7	4.5	5.5	3.9	4.5	5.5	4.2	6.5
GCCTAATCGT__0.402807831159475__15	4.7	5.2	4.5	5.5	3.9	4.5	4.4	5.5	4.2
TGGTAATACG__0.402706261367065__26	6.5	5.2	4.2	5.5	3.9	4.5	5.5	4.2	5.5
GATTAATGCA__0.402412065208188__22	4.4	4.5	3.9	5.5	3.9	4.5	6.5	4.7	6.5
CAATAATACG__0.402350435958125__18	6.5	3.9	4.5	5.5	3.9	4.5	5.5	4.2	5.5
GATTAATGCT__0.402326779134261__19	4.4	4.5	3.9	5.5	3.9	4.5	6.5	4.7	4.5
CTTTAATTCC__0.402262438264866__23	4.5	3.9	3.9	5.5	3.9	4.5	3.9	4.4	5.2
CCCTAATAAG__0.402252028342961__16	5.2	5.2	4.5	5.5	3.9	4.5	5.5	3.9	4.5
TGCTAATAAG__0.402068808217424__22	6.5	4.7	4.5	5.5	3.9	4.5	5.5	3.9	4.5
CCCTAACCCG__0.401943550277689__19	5.2	5.2	4.5	5.5	3.9	4.2	5.2	5.2	5.5
GATTAATCCA__0.401420119874902__24	4.4	4.5	3.9	5.5	3.9	4.5	4.4	5.2	6.5
ACGTAATACA__0.40141536785868__23	4.2	5.5	4.2	5.5	3.9	4.5	5.5	4.2	6.5
GATTAATGGG__0.401272996598236__15	4.4	4.5	3.9	5.5	3.9	4.5	6.5	5.2	5.2
ACGTAATCTT__0.40111318300403__16	4.2	5.5	4.2	5.5	3.9	4.5	4.4	4.5	3.9
CCCTAACCCA__0.400982953877383__24	5.2	5.2	4.5	5.5	3.9	4.2	5.2	5.2	6.5
GGATGATCCT__0.40073096262362__21	5.2	4.4	4.5	6.5	4.4	4.5	4.4	5.2	4.5
GCTTAATCAG__0.40072557674127__19	4.7	4.5	3.9	5.5	3.9	4.5	4.4	6.5	4.5
CCCTAATCGT__0.400662448730991__12	5.2	5.2	4.5	5.5	3.9	4.5	4.4	5.5	4.2
AGCTAATCGT__0.400650783970693__16	4.5	4.7	4.5	5.5	3.9	4.5	4.4	5.5	4.2
GGATAATGGG__0.400280825840931__16	5.2	4.4	4.5	5.5	3.9	4.5	6.5	5.2	5.2
GTTTAATCTT__0.400279399881513__23	4.2	3.9	3.9	5.5	3.9	4.5	4.4	4.5	3.9
TGTTAATACA__0.400161389054996__28	6.5	4.2	3.9	5.5	3.9	4.5	5.5	4.2	6.5
CACTAATTCT__0.400132837455424__14	6.5	4.2	4.5	5.5	3.9	4.5	3.9	4.4	4.5
TGATAATCGC__0.400074582078442__19	6.5	4.4	4.5	5.5	3.9	4.5	4.4	5.5	4.7
GGATAATGAG__0.399980413277594__18	5.2	4.4	4.5	5.5	3.9	4.5	6.5	4.4	4.5
ATTTAATTCG__0.399801754888986__19	4.5	3.9	3.9	5.5	3.9	4.5	3.9	4.4	5.5
CGTTAATGCG__0.399656619436887__20	5.5	4.2	3.9	5.5	3.9	4.5	6.5	4.7	5.5
AATTAATCCT__0.399630214919192__18	3.9	4.5	3.9	5.5	3.9	4.5	4.4	5.2	4.5
TGTTAATGCG__0.399552043830406__23	6.5	4.2	3.9	5.5	3.9	4.5	6.5	4.7	5.5
TGTTAATCAG__0.399420961203963__22	6.5	4.2	3.9	5.5	3.9	4.5	4.4	6.5	4.5
AATTAATCCC__0.399290140248865__22	3.9	4.5	3.9	5.5	3.9	4.5	4.4	5.2	5.2
GCATAATCGG__0.399227563119634__16	4.7	6.5	4.5	5.5	3.9	4.5	4.4	5.5	5.2
CCCTAACCCT__0.399057439693307__20	5.2	5.2	4.5	5.5	3.9	4.2	5.2	5.2	4.5
GCCTAATCAC__0.398844388819003__19	4.7	5.2	4.5	5.5	3.9	4.5	4.4	6.5	4.2
TGTTAATCAC__0.3986233861167__26	6.5	4.2	3.9	5.5	3.9	4.5	4.4	6.5	4.2
ACTTAATTGC__0.398458397538077__17	4.2	4.5	3.9	5.5	3.9	4.5	3.9	6.5	4.7
GGGTAATCCA__0.398161156348497__28	5.2	5.2	4.2	5.5	3.9	4.5	4.4	5.2	6.5
TCTTAATCAG__0.398155990964237__17	4.4	4.5	3.9	5.5	3.9	4.5	4.4	6.5	4.5
AACTAATCGC__0.397980036851498__15	3.9	4.2	4.5	5.5	3.9	4.5	4.4	5.5	4.7
TCTTAATACT__0.397939608425958__19	4.4	4.5	3.9	5.5	3.9	4.5	5.5	4.2	4.5
TCTTAATTCT__0.397938064156845__17	4.4	4.5	3.9	5.5	3.9	4.5	3.9	4.4	4.5
CGTTAATCAT__0.397741509499737__19	5.5	4.2	3.9	5.5	3.9	4.5	4.4	6.5	4.5
GGGTAAGGGC__0.39767984771108__23	5.2	5.2	4.2	5.5	3.9	4.5	5.2	5.2	4.7
GCCTAATCGG__0.397428353731245__13	4.7	5.2	4.5	5.5	3.9	4.5	4.4	5.5	5.2
AAGTAATCTG__0.397298514124206__15	3.9	4.5	4.2	5.5	3.9	4.5	4.4	4.5	6.5
GCTTAATAAC__0.397182263665988__22	4.7	4.5	3.9	5.5	3.9	4.5	5.5	3.9	4.2
GCCCAATCCC__0.397070475552868__18	4.7	5.2	5.2	6.5	3.9	4.5	4.4	5.2	5.2
CGATAATGCG__0.39688049640387__15	5.5	4.4	4.5	5.5	3.9	4.5	6.5	4.7	5.5
ATATAATCTC__0.396818625764047__15	4.5	5.5	4.5	5.5	3.9	4.5	4.4	4.5	4.4
AACTAATTCC__0.396552907923391__17	3.9	4.2	4.5	5.5	3.9	4.5	3.9	4.4	5.2
CGATAATACA__0.396547906961085__20	5.5	4.4	4.5	5.5	3.9	4.5	5.5	4.2	6.5
GATTAATGAC__0.396307116853547__19	4.4	4.5	3.9	5.5	3.9	4.5	6.5	4.4	4.2
ACCTAATCGC__0.396291614064256__14	4.2	5.2	4.5	5.5	3.9	4.5	4.4	5.5	4.7
CGTTAATAGG__0.39615832523665__17	5.5	4.2	3.9	5.5	3.9	4.5	5.5	4.5	5.2
CCCAAATCCC__0.395897852675965__17	5.2	5.2	6.5	3.9	3.9	4.5	4.4	5.2	5.2
CGATAATTCC__0.395875724104991__17	5.5	4.4	4.5	5.5	3.9	4.5	3.9	4.4	5.2
GTTTAATCGG__0.395458576622934__20	4.2	3.9	3.9	5.5	3.9	4.5	4.4	5.5	5.2
ATGTAATCTG__0.395429836052293__17	4.5	6.5	4.2	5.5	3.9	4.5	4.4	4.5	6.5
GATTAATGGC__0.395406887698321__16	4.4	4.5	3.9	5.5	3.9	4.5	6.5	5.2	4.7
GAATGATACA__0.395343254388908__22	4.4	3.9	4.5	6.5	4.4	4.5	5.5	4.2	6.5
CACTAATAAC__0.395243929454241__18	6.5	4.2	4.5	5.5	3.9	4.5	5.5	3.9	4.2
CCTTAATGCC__0.395094355887336__18	5.2	4.5	3.9	5.5	3.9	4.5	6.5	4.7	5.2
CCATAATTCC__0.39501185672946__16	5.2	6.5	4.5	5.5	3.9	4.5	3.9	4.4	5.2
CGTTAATTCA__0.394937447815379__20	5.5	4.2	3.9	5.5	3.9	4.5	3.9	4.4	6.5
CTGTAATACG__0.39469362820903__20	4.5	6.5	4.2	5.5	3.9	4.5	5.5	4.2	5.5
ACTTAATGCC__0.394505721424309__18	4.2	4.5	3.9	5.5	3.9	4.5	6.5	4.7	5.2
GGCTAATAAG__0.394486603044672__20	5.2	4.7	4.5	5.5	3.9	4.5	5.5	3.9	4.5
GTCTAATACG__0.394433829417804__19	4.2	4.4	4.5	5.5	3.9	4.5	5.5	4.2	5.5
TCTTAATGCG__0.394273157538777__17	4.4	4.5	3.9	5.5	3.9	4.5	6.5	4.7	5.5
GGATAATGTC__0.394162687460801__16	5.2	4.4	4.5	5.5	3.9	4.5	6.5	4.2	4.4
GGATAATCAA__0.39376839390933__20	5.2	4.4	4.5	5.5	3.9	4.5	4.4	6.5	3.9
GGGTAAGGGA__0.393728659798844__21	5.2	5.2	4.2	5.5	3.9	4.5	5.2	5.2	4.4
CCTTAATAAC__0.393284433538483__18	5.2	4.5	3.9	5.5	3.9	4.5	5.5	3.9	4.2
CCCTGATCCC__0.393135199127466__17	5.2	5.2	4.5	6.5	4.4	4.5	4.4	5.2	5.2
TACTAATCAG__0.393087702243685__13	5.5	4.2	4.5	5.5	3.9	4.5	4.4	6.5	4.5
ACGTAATTCG__0.393001619650328__14	4.2	5.5	4.2	5.5	3.9	4.5	3.9	4.4	5.5
GACTAATAAG__0.392956708722423__15	4.4	4.2	4.5	5.5	3.9	4.5	5.5	3.9	4.5
AAGTAATCCA__0.392938990280815__20	3.9	4.5	4.2	5.5	3.9	4.5	4.4	5.2	6.5
CCCTAATCAT__0.392840274946689__12	5.2	5.2	4.5	5.5	3.9	4.5	4.4	6.5	4.5
GCCTAATACA__0.392765849495941__20	4.7	5.2	4.5	5.5	3.9	4.5	5.5	4.2	6.5
GTTTAATACC__0.392731619992569__24	4.2	3.9	3.9	5.5	3.9	4.5	5.5	4.2	5.2
TCTTAATAAG__0.392696611567558__17	4.4	4.5	3.9	5.5	3.9	4.5	5.5	3.9	4.5
CAATAATACC__0.392677314410532__18	6.5	3.9	4.5	5.5	3.9	4.5	5.5	4.2	5.2
GATTAATGCC__0.39266941730141__19	4.4	4.5	3.9	5.5	3.9	4.5	6.5	4.7	5.2
TCCTAATTCG__0.392361199847256__13	4.4	5.2	4.5	5.5	3.9	4.5	3.9	4.4	5.5
GCGTAATACC__0.392301246899987__23	4.7	5.5	4.2	5.5	3.9	4.5	5.5	4.2	5.2
ATATAATACG__0.392142405586549__16	4.5	5.5	4.5	5.5	3.9	4.5	5.5	4.2	5.5
GATTAATGTT__0.391830423416372__14	4.4	4.5	3.9	5.5	3.9	4.5	6.5	4.2	3.9
GACTAATCAC__0.391489672800236__16	4.4	4.2	4.5	5.5	3.9	4.5	4.4	6.5	4.2
GCTTAATCAT__0.391367414898444__17	4.7	4.5	3.9	5.5	3.9	4.5	4.4	6.5	4.5
TGATAATTCC__0.390994353911911__18	6.5	4.4	4.5	5.5	3.9	4.5	3.9	4.4	5.2
GGATAATGCT__0.390984303405253__17	5.2	4.4	4.5	5.5	3.9	4.5	6.5	4.7	4.5
CAATAATCTC__0.390823319135478__13	6.5	3.9	4.5	5.5	3.9	4.5	4.4	4.5	4.4
GGATAATGTG__0.390799358780538__15	5.2	4.4	4.5	5.5	3.9	4.5	6.5	4.2	6.5
CTCTAATCTA__0.390776951525008__13	4.5	4.4	4.5	5.5	3.9	4.5	4.4	4.5	5.5
CGATAATACT__0.390751033686132__15	5.5	4.4	4.5	5.5	3.9	4.5	5.5	4.2	4.5
CGCTAATAAC__0.390650601715154__19	5.5	4.7	4.5	5.5	3.9	4.5	5.5	3.9	4.2
ATCTAATACG__0.390537268374333__16	4.5	4.4	4.5	5.5	3.9	4.5	5.5	4.2	5.5
GATTAATGAA__0.390181791381491__18	4.4	4.5	3.9	5.5	3.9	4.5	6.5	4.4	3.9
GCCTAATCAG__0.390146771700302__13	4.7	5.2	4.5	5.5	3.9	4.5	4.4	6.5	4.5
GCCTAATACT__0.39003687739539__16	4.7	5.2	4.5	5.5	3.9	4.5	5.5	4.2	4.5
CCCTAATGCC__0.390032112675287__15	5.2	5.2	4.5	5.5	3.9	4.5	6.5	4.7	5.2
GCTTAATATG__0.389967561063821__16	4.7	4.5	3.9	5.5	3.9	4.5	5.5	4.5	6.5
GGGTAATCTG__0.389907726183633__19	5.2	5.2	4.2	5.5	3.9	4.5	4.4	4.5	6.5
TTTTAATTCC__0.38983017660989__23	3.9	3.9	3.9	5.5	3.9	4.5	3.9	4.4	5.2
AGCTAATGCG__0.389794832262946__16	4.5	4.7	4.5	5.5	3.9	4.5	6.5	4.7	5.5
AGCTAATCAC__0.389724178524093__18	4.5	4.7	4.5	5.5	3.9	4.5	4.4	6.5	4.2
TGCTAATCGT__0.389689637921263__15	6.5	4.7	4.5	5.5	3.9	4.5	4.4	5.5	4.2
GACTAATGCC__0.389627685977822__16	4.4	4.2	4.5	5.5	3.9	4.5	6.5	4.7	5.2
AACTAATTCG__0.389573199928987__12	3.9	4.2	4.5	5.5	3.9	4.5	3.9	4.4	5.5
GTGTAATCCA__0.389477299840707__24	4.2	6.5	4.2	5.5	3.9	4.5	4.4	5.2	6.5
AGATAATCGA__0.389395271659035__14	4.5	4.4	4.5	5.5	3.9	4.5	4.4	5.5	4.4
GCTTAATGCC__0.38873902363882__19	4.7	4.5	3.9	5.5	3.9	4.5	6.5	4.7	5.2
CGCTAATTCT__0.388657860188484__14	5.5	4.7	4.5	5.5	3.9	4.5	3.9	4.4	4.5
CGATAATTCT__0.388545948936188__12	5.5	4.4	4.5	5.5	3.9	4.5	3.9	4.4	4.5
CAGTAATCTC__0.388410195273457__14	6.5	4.5	4.2	5.5	3.9	4.5	4.4	4.5	4.4
ACATAATCGG__0.388253593418956__11	4.2	6.5	4.5	5.5	3.9	4.5	4.4	5.5	5.2
AAATAATACC__0.387974783975866__17	3.9	3.9	4.5	5.5	3.9	4.5	5.5	4.2	5.2
AAATAATCTG__0.387900549686664__12	3.9	3.9	4.5	5.5	3.9	4.5	4.4	4.5	6.5
TCATAATCTC__0.387836408673806__14	4.4	6.5	4.5	5.5	3.9	4.5	4.4	4.5	4.4
CCATAATCGG__0.387781660994829__10	5.2	6.5	4.5	5.5	3.9	4.5	4.4	5.5	5.2
CTATAATACG__0.387528428208934__15	4.5	5.5	4.5	5.5	3.9	4.5	5.5	4.2	5.5
ACCTAATAAG__0.387503636479138__13	4.2	5.2	4.5	5.5	3.9	4.5	5.5	3.9	4.5
ACCTAATTCG__0.387483726110627__11	4.2	5.2	4.5	5.5	3.9	4.5	3.9	4.4	5.5
TTGTAATCCT__0.387279679315768__19	3.9	6.5	4.2	5.5	3.9	4.5	4.4	5.2	4.5
CGATAATGCT__0.387246463076705__13	5.5	4.4	4.5	5.5	3.9	4.5	6.5	4.7	4.5
TGGTAATCTC__0.387203758552357__18	6.5	5.2	4.2	5.5	3.9	4.5	4.4	4.5	4.4
AGATAATATG__0.387162257209823__13	4.5	4.4	4.5	5.5	3.9	4.5	5.5	4.5	6.5
GTATAATCTT__0.387014381501758__15	4.2	5.5	4.5	5.5	3.9	4.5	4.4	4.5	3.9
GGTTAATACT__0.386939233485508__20	5.2	4.2	3.9	5.5	3.9	4.5	5.5	4.2	4.5
TCCTAATTCT__0.386936107344115__12	4.4	5.2	4.5	5.5	3.9	4.5	3.9	4.4	4.5
TTCTAATCTT__0.386923412361459__14	3.9	4.4	4.5	5.5	3.9	4.5	4.4	4.5	3.9
ACATAATTCG__0.386778717154949__12	4.2	6.5	4.5	5.5	3.9	4.5	3.9	4.4	5.5
ACCTAATTCA__0.386501925866556__13	4.2	5.2	4.5	5.5	3.9	4.5	3.9	4.4	6.5
GGATGATCTG__0.386401177612304__15	5.2	4.4	4.5	6.5	4.4	4.5	4.4	4.5	6.5
ACTTAATCGT__0.386210305829303__12	4.2	4.5	3.9	5.5	3.9	4.5	4.4	5.5	4.2
TCTTAATTGG__0.38605100233806__13	4.4	4.5	3.9	5.5	3.9	4.5	3.9	6.5	5.2
CTTTAATCTT__0.385977613305218__15	4.5	3.9	3.9	5.5	3.9	4.5	4.4	4.5	3.9
TGATAATCAC__0.385973766079277__17	6.5	4.4	4.5	5.5	3.9	4.5	4.4	6.5	4.2
CTCTAATCAG__0.385924052114527__11	4.5	4.4	4.5	5.5	3.9	4.5	4.4	6.5	4.5
TGCTAATAGG__0.385869097983153__15	6.5	4.7	4.5	5.5	3.9	4.5	5.5	4.5	5.2
TACTAATCAC__0.385800659939779__15	5.5	4.2	4.5	5.5	3.9	4.5	4.4	6.5	4.2
AACTAATCTA__0.385799591139434__12	3.9	4.2	4.5	5.5	3.9	4.5	4.4	4.5	5.5
ACATAATCAG__0.385771695183135__12	4.2	6.5	4.5	5.5	3.9	4.5	4.4	6.5	4.5
GCGTAATCTT__0.385561581995577__16	4.7	5.5	4.2	5.5	3.9	4.5	4.4	4.5	3.9
GGTTAATCGC__0.385538374051652__20	5.2	4.2	3.9	5.5	3.9	4.5	4.4	5.5	4.7
GGTTAATAAG__0.385536171351625__19	5.2	4.2	3.9	5.5	3.9	4.5	5.5	3.9	4.5
ATCTAATCTT__0.385476442675415__12	4.5	4.4	4.5	5.5	3.9	4.5	4.4	4.5	3.9
TGTTAATTCT__0.385442885545969__18	6.5	4.2	3.9	5.5	3.9	4.5	3.9	4.4	4.5
GCGTAATAAG__0.385397582881361__18	4.7	5.5	4.2	5.5	3.9	4.5	5.5	3.9	4.5
GATTAATAAG__0.385315639054588__15	4.4	4.5	3.9	5.5	3.9	4.5	5.5	3.9	4.5
ATTTAATCGC__0.385094610147969__17	4.5	3.9	3.9	5.5	3.9	4.5	4.4	5.5	4.7
ACATAATCTA__0.385028530693441__13	4.2	6.5	4.5	5.5	3.9	4.5	4.4	4.5	5.5
CGCTAATCAT__0.384832132274429__13	5.5	4.7	4.5	5.5	3.9	4.5	4.4	6.5	4.5
TATTAATCCA__0.384775806547932__19	5.5	4.5	3.9	5.5	3.9	4.5	4.4	5.2	6.5
GATTAATCAC__0.38448176801979__17	4.4	4.5	3.9	5.5	3.9	4.5	4.4	6.5	4.2
AGCTAATACT__0.384310953431441__16	4.5	4.7	4.5	5.5	3.9	4.5	5.5	4.2	4.5
AGCTAATCAG__0.38418519425522__13	4.5	4.7	4.5	5.5	3.9	4.5	4.4	6.5	4.5
CCGTAATCGG__0.384098369876288__10	5.2	5.5	4.2	5.5	3.9	4.5	4.4	5.5	5.2
CGTTAATGCC__0.384045766183281__18	5.5	4.2	3.9	5.5	3.9	4.5	6.5	4.7	5.2
AGCTAATACA__0.384041193168411__19	4.5	4.7	4.5	5.5	3.9	4.5	5.5	4.2	6.5
CGTTAATTCT__0.38399005080371__15	5.5	4.2	3.9	5.5	3.9	4.5	3.9	4.4	4.5
TCATAATACG__0.3838531430468__15	4.4	6.5	4.5	5.5	3.9	4.5	5.5	4.2	5.5
ACGTAATCGG__0.383787959811158__11	4.2	5.5	4.2	5.5	3.9	4.5	4.4	5.5	5.2
CGGGAATGGG__0.383535899181143__14	5.5	5.2	5.2	4.4	3.9	4.5	6.5	5.2	5.2
AGATAATAAC__0.383521984402241__16	4.5	4.4	4.5	5.5	3.9	4.5	5.5	3.9	4.2
AGGTAATCGG__0.38321366439648__13	4.5	5.2	4.2	5.5	3.9	4.5	4.4	5.5	5.2
TCGTAATCTC__0.383045150765825__14	4.4	5.5	4.2	5.5	3.9	4.5	4.4	4.5	4.4
GGATGATCCA__0.38285934932644__18	5.2	4.4	4.5	6.5	4.4	4.5	4.4	5.2	6.5
TGTTAATGCC__0.382830721824772__20	6.5	4.2	3.9	5.5	3.9	4.5	6.5	4.7	5.2
ACATAATCGC__0.382686862378101__13	4.2	6.5	4.5	5.5	3.9	4.5	4.4	5.5	4.7
ATGTAATCCA__0.382684774000743__19	4.5	6.5	4.2	5.5	3.9	4.5	4.4	5.2	6.5
AGTTAATCAC__0.382421102742054__18	4.5	4.2	3.9	5.5	3.9	4.5	4.4	6.5	4.2
TTTTAATCGC__0.382346468999782__19	3.9	3.9	3.9	5.5	3.9	4.5	4.4	5.5	4.7
CCGTAATCTA__0.382330638478609__12	5.2	5.5	4.2	5.5	3.9	4.5	4.4	4.5	5.5
TTGTAATCTG__0.382305616474569__16	3.9	6.5	4.2	5.5	3.9	4.5	4.4	4.5	6.5
GGATAATAGC__0.382223966460694__16	5.2	4.4	4.5	5.5	3.9	4.5	5.5	4.5	4.7
AATTAATCCA__0.382171622890205__17	3.9	4.5	3.9	5.5	3.9	4.5	4.4	5.2	6.5
CCCTAATTCT__0.381879588760448__10	5.2	5.2	4.5	5.5	3.9	4.5	3.9	4.4	4.5
GCTTAATGCT__0.381846087126533__15	4.7	4.5	3.9	5.5	3.9	4.5	6.5	4.7	4.5
GCATAATCGC__0.38173944668491__15	4.7	6.5	4.5	5.5	3.9	4.5	4.4	5.5	4.7
CCGTAATCAC__0.381677355017733__14	5.2	5.5	4.2	5.5	3.9	4.5	4.4	6.5	4.2
CCCTAATGCG__0.381672474539758__11	5.2	5.2	4.5	5.5	3.9	4.5	6.5	4.7	5.5
GATTAATGAT__0.381656804580446__14	4.4	4.5	3.9	5.5	3.9	4.5	6.5	4.4	4.5
TTTTAATTCG__0.381619716743375__17	3.9	3.9	3.9	5.5	3.9	4.5	3.9	4.4	5.5
GCTTAATTCA__0.381510097667724__16	4.7	4.5	3.9	5.5	3.9	4.5	3.9	4.4	6.5
CCCTAATAAC__0.381453934033865__14	5.2	5.2	4.5	5.5	3.9	4.5	5.5	3.9	4.2
CGCTAATTGC__0.381370678520284__14	5.5	4.7	4.5	5.5	3.9	4.5	3.9	6.5	4.7
GAATAATCTT__0.381370450106263__12	4.4	3.9	4.5	5.5	3.9	4.5	4.4	4.5	3.9
GAATGATAGG__0.381311752104854__13	4.4	3.9	4.5	6.5	4.4	4.5	5.5	4.5	5.2
CCTTGATCCG__0.381234457673238__13	5.2	4.5	3.9	6.5	4.4	4.5	4.4	5.2	5.5
CCCTAATACT__0.381182570380284__12	5.2	5.2	4.5	5.5	3.9	4.5	5.5	4.2	4.5
TTATAATACG__0.381022571100749__15	3.9	5.5	4.5	5.5	3.9	4.5	5.5	4.2	5.5
TGATAATCAT__0.380967465013168__13	6.5	4.4	4.5	5.5	3.9	4.5	4.4	6.5	4.5
ACTTAATAAC__0.380873700861398__15	4.2	4.5	3.9	5.5	3.9	4.5	5.5	3.9	4.2
GAATAATACC__0.380865069212009__16	4.4	3.9	4.5	5.5	3.9	4.5	5.5	4.2	5.2
TTCTAATCTC__0.380678035266874__13	3.9	4.4	4.5	5.5	3.9	4.5	4.4	4.5	4.4
ACATAATGCG__0.380659686742989__12	4.2	6.5	4.5	5.5	3.9	4.5	6.5	4.7	5.5
TGCTAATGCG__0.380299029133635__15	6.5	4.7	4.5	5.5	3.9	4.5	6.5	4.7	5.5
CCCTAACACC__0.380212576844543__17	5.2	5.2	4.5	5.5	3.9	4.2	6.5	4.2	5.2
AACTAATCAG__0.380187854832314__10	3.9	4.2	4.5	5.5	3.9	4.5	4.4	6.5	4.5
AGATAATTCA__0.380085301789228__13	4.5	4.4	4.5	5.5	3.9	4.5	3.9	4.4	6.5
CGATAATCGT__0.379803697148145__10	5.5	4.4	4.5	5.5	3.9	4.5	4.4	5.5	4.2
TGCTAATGCC__0.3796028511971__17	6.5	4.7	4.5	5.5	3.9	4.5	6.5	4.7	5.2
TTCTAATACC__0.379577175017983__17	3.9	4.4	4.5	5.5	3.9	4.5	5.5	4.2	5.2
AGATAATGAG__0.379489673523267__11	4.5	4.4	4.5	5.5	3.9	4.5	6.5	4.4	4.5
GGCTAATCGT__0.379460747194869__13	5.2	4.7	4.5	5.5	3.9	4.5	4.4	5.5	4.2
CACTAATTCA__0.379365008526415__12	6.5	4.2	4.5	5.5	3.9	4.5	3.9	4.4	6.5
GATTAATGTA__0.37923708613771__13	4.4	4.5	3.9	5.5	3.9	4.5	6.5	4.2	5.5
AGATAATTCT__0.379128698417366__11	4.5	4.4	4.5	5.5	3.9	4.5	3.9	4.4	4.5
TGCTAATTCT__0.379098567788179__14	6.5	4.7	4.5	5.5	3.9	4.5	3.9	4.4	4.5
TGTTAATTCA__0.379037827704822__18	6.5	4.2	3.9	5.5	3.9	4.5	3.9	4.4	6.5
TCCTAATATG__0.379024727008279__11	4.4	5.2	4.5	5.5	3.9	4.5	5.5	4.5	6.5
CCCTACTTCC__0.37899916126575__12	5.2	5.2	4.5	5.5	4.2	4.5	3.9	4.4	5.2
GCTTAATTGC__0.378977758619289__15	4.7	4.5	3.9	5.5	3.9	4.5	3.9	6.5	4.7
AAATAATCTC__0.378955797256522__11	3.9	3.9	4.5	5.5	3.9	4.5	4.4	4.5	4.4
CAATAATTCC__0.378356517567634__13	6.5	3.9	4.5	5.5	3.9	4.5	3.9	4.4	5.2
GGCTAATGCC__0.378329688068456__17	5.2	4.7	4.5	5.5	3.9	4.5	6.5	4.7	5.2
GCTTAATAGC__0.378282779962325__15	4.7	4.5	3.9	5.5	3.9	4.5	5.5	4.5	4.7
GAGTAATCGG__0.37824067837929__11	4.4	4.5	4.2	5.5	3.9	4.5	4.4	5.5	5.2
GGGAAATGGG__0.378148577934167__14	5.2	5.2	4.4	3.9	3.9	4.5	6.5	5.2	5.2
TGATAATCAG__0.378137957819253__12	6.5	4.4	4.5	5.5	3.9	4.5	4.4	6.5	4.5
CCGTAATGCG__0.378098759448976__12	5.2	5.5	4.2	5.5	3.9	4.5	6.5	4.7	5.5
CACTAATCAT__0.377982751518777__10	6.5	4.2	4.5	5.5	3.9	4.5	4.4	6.5	4.5
ATCTAATCGC__0.377951564874947__12	4.5	4.4	4.5	5.5	3.9	4.5	4.4	5.5	4.7
ATCTAATTCG__0.377360489045896__11	4.5	4.4	4.5	5.5	3.9	4.5	3.9	4.4	5.5
TAGTAATCGG__0.376745283075429__11	5.5	4.5	4.2	5.5	3.9	4.5	4.4	5.5	5.2
CCCTAGTCCC__0.376581280201209__11	5.2	5.2	4.5	5.5	4.5	4.2	4.4	5.2	5.2
ACCTAATACA__0.37656707660027__14	4.2	5.2	4.5	5.5	3.9	4.5	5.5	4.2	6.5
GCATAATTCC__0.376500104527672__15	4.7	6.5	4.5	5.5	3.9	4.5	3.9	4.4	5.2
CACTAATCGA__0.376484428113421__10	6.5	4.2	4.5	5.5	3.9	4.5	4.4	5.5	4.4
CACTCATCCC__0.376399239890265__14	6.5	4.2	4.5	4.4	6.5	4.5	4.4	5.2	5.2
ACCTAATCAC__0.376320593132215__12	4.2	5.2	4.5	5.5	3.9	4.5	4.4	6.5	4.2
GTCTAATACC__0.376192768864425__16	4.2	4.4	4.5	5.5	3.9	4.5	5.5	4.2	5.2
ATTTAATTCC__0.376067490778026__16	4.5	3.9	3.9	5.5	3.9	4.5	3.9	4.4	5.2
GATTAATCTT__0.376003349772384__12	4.4	4.5	3.9	5.5	3.9	4.5	4.4	4.5	3.9
TACTAATAAC__0.375895452869387__14	5.5	4.2	4.5	5.5	3.9	4.5	5.5	3.9	4.2
ACTTAATAGG__0.375809909261787__10	4.2	4.5	3.9	5.5	3.9	4.5	5.5	4.5	5.2
TCATAATACC__0.375727106500897__15	4.4	6.5	4.5	5.5	3.9	4.5	5.5	4.2	5.2
TGCTAATTCA__0.375709600515797__15	6.5	4.7	4.5	5.5	3.9	4.5	3.9	4.4	6.5
AGCTAATTCT__0.375626544912599__12	4.5	4.7	4.5	5.5	3.9	4.5	3.9	4.4	4.5
CCCTAACGCC__0.375585813497817__12	5.2	5.2	4.5	5.5	3.9	4.2	5.5	4.7	5.2
GCGTAATCGC__0.375565056113108__15	4.7	5.5	4.2	5.5	3.9	4.5	4.4	5.5	4.7
ATTTAATCAG__0.375527163867836__13	4.5	3.9	3.9	5.5	3.9	4.5	4.4	6.5	4.5
TAGTAATCCA__0.37538302220494__16	5.5	4.5	4.2	5.5	3.9	4.5	4.4	5.2	6.5
GATTAATAGG__0.375257624643964__11	4.4	4.5	3.9	5.5	3.9	4.5	5.5	4.5	5.2
AGGGAATGGG__0.375104980886035__13	4.5	5.2	5.2	4.4	3.9	4.5	6.5	5.2	5.2
GCATAATCTA__0.375016823883714__13	4.7	6.5	4.5	5.5	3.9	4.5	4.4	4.5	5.5
GGATAATTCA__0.374999210446338__14	5.2	4.4	4.5	5.5	3.9	4.5	3.9	4.4	6.5
TGATAATCGT__0.374946252791648__11	6.5	4.4	4.5	5.5	3.9	4.5	4.4	5.5	4.2
TATTAATCTG__0.374823312299402__12	5.5	4.5	3.9	5.5	3.9	4.5	4.4	4.5	6.5
GGCTAATGCG__0.374791613300649__14	5.2	4.7	4.5	5.5	3.9	4.5	6.5	4.7	5.5
ACCTAATACT__0.374646750234267__11	4.2	5.2	4.5	5.5	3.9	4.5	5.5	4.2	4.5
CCGTAATCGC__0.37453527630555__11	5.2	5.5	4.2	5.5	3.9	4.5	4.4	5.5	4.7
GGTTAATCAG__0.374405300659906__15	5.2	4.2	3.9	5.5	3.9	4.5	4.4	6.5	4.5
AACTAATAAG__0.37437000355184__11	3.9	4.2	4.5	5.5	3.9	4.5	5.5	3.9	4.5
AGCTAATATG__0.374062368611317__12	4.5	4.7	4.5	5.5	3.9	4.5	5.5	4.5	6.5
CACTAATAGG__0.37398554206898__9	6.5	4.2	4.5	5.5	3.9	4.5	5.5	4.5	5.2
CCATAATACT__0.373975519458861__11	5.2	6.5	4.5	5.5	3.9	4.5	5.5	4.2	4.5
GGGTAATGGG__0.373685855432473__14	5.2	5.2	4.2	5.5	3.9	4.5	6.5	5.2	5.2
CCATAATCAC__0.373613238737339__12	5.2	6.5	4.5	5.5	3.9	4.5	4.4	6.5	4.2
AAGTAATACG__0.373472221764724__13	3.9	4.5	4.2	5.5	3.9	4.5	5.5	4.2	5.5
CTATAATCTG__0.373369104706498__10	4.5	5.5	4.5	5.5	3.9	4.5	4.4	4.5	6.5
AGATCATCCC__0.373260946411988__15	4.5	4.4	4.5	4.4	6.5	4.5	4.4	5.2	5.2
TGGTAATTGG__0.373219051872376__13	6.5	5.2	4.2	5.5	3.9	4.5	3.9	6.5	5.2
TCCTAATCAC__0.373195190987874__12	4.4	5.2	4.5	5.5	3.9	4.5	4.4	6.5	4.2
AGATCATCCT__0.373000405514396__12	4.5	4.4	4.5	4.4	6.5	4.5	4.4	5.2	4.5
TGATAATTCG__0.372931246301876__11	6.5	4.4	4.5	5.5	3.9	4.5	3.9	4.4	5.5
GGATAATGGC__0.372838974126961__12	5.2	4.4	4.5	5.5	3.9	4.5	6.5	5.2	4.7
GGATGATCTC__0.372779143465792__12	5.2	4.4	4.5	6.5	4.4	4.5	4.4	4.5	4.4
AACTAATGCC__0.372623464742632__12	3.9	4.2	4.5	5.5	3.9	4.5	6.5	4.7	5.2
GGCTAATCAC__0.372601041625153__15	5.2	4.7	4.5	5.5	3.9	4.5	4.4	6.5	4.2
GCGTAATCGG__0.372580246254162__12	4.7	5.5	4.2	5.5	3.9	4.5	4.4	5.5	5.2
TCTTAATTCA__0.372577437920787__13	4.4	4.5	3.9	5.5	3.9	4.5	3.9	4.4	6.5
CCATAATCAG__0.372491224653532__9	5.2	6.5	4.5	5.5	3.9	4.5	4.4	6.5	4.5
TACTAATACA__0.37229919088421__14	5.5	4.2	4.5	5.5	3.9	4.5	5.5	4.2	6.5
AACTAATACT__0.372224431822198__11	3.9	4.2	4.5	5.5	3.9	4.5	5.5	4.2	4.5
GGATAATGGA__0.372181697840078__11	5.2	4.4	4.5	5.5	3.9	4.5	6.5	5.2	4.4
ATTTAATGCG__0.372150988410902__13	4.5	3.9	3.9	5.5	3.9	4.5	6.5	4.7	5.5
CCCTAATATG__0.372139489034096__9	5.2	5.2	4.5	5.5	3.9	4.5	5.5	4.5	6.5
AACTAATGCG__0.372038287946248__10	3.9	4.2	4.5	5.5	3.9	4.5	6.5	4.7	5.5
GGCTAATACA__0.371747169843015__17	5.2	4.7	4.5	5.5	3.9	4.5	5.5	4.2	6.5
CGATAATCGA__0.371684924280653__10	5.5	4.4	4.5	5.5	3.9	4.5	4.4	5.5	4.4
GTATAATCGC__0.371592125637313__13	4.2	5.5	4.5	5.5	3.9	4.5	4.4	5.5	4.7
ACTTAATATG__0.371565562342556__10	4.2	4.5	3.9	5.5	3.9	4.5	5.5	4.5	6.5
TTATAATCTG__0.371494517868539__11	3.9	5.5	4.5	5.5	3.9	4.5	4.4	4.5	6.5
GTCTAATTCC__0.371476201769637__14	4.2	4.4	4.5	5.5	3.9	4.5	3.9	4.4	5.2
GATTAATTGG__0.371188026534655__10	4.4	4.5	3.9	5.5	3.9	4.5	3.9	6.5	5.2
CGATGATCCG__0.371169695712168__10	5.5	4.4	4.5	6.5	4.4	4.5	4.4	5.2	5.5
GCCTAATCAT__0.371001531455081__10	4.7	5.2	4.5	5.5	3.9	4.5	4.4	6.5	4.5
GCTTAATTTG__0.370543503643438__12	4.7	4.5	3.9	5.5	3.9	4.5	3.9	3.9	6.5
AGATCATCCG__0.370518070042172__11	4.5	4.4	4.5	4.4	6.5	4.5	4.4	5.2	5.5
GAGTAATACG__0.370262198185105__13	4.4	4.5	4.2	5.5	3.9	4.5	5.5	4.2	5.5
GCCTAATTCT__0.370243762263833__10	4.7	5.2	4.5	5.5	3.9	4.5	3.9	4.4	4.5
TCCCAATCCC__0.369742292337231__11	4.4	5.2	5.2	6.5	3.9	4.5	4.4	5.2	5.2
AGTTAATTCT__0.369728522123442__12	4.5	4.2	3.9	5.5	3.9	4.5	3.9	4.4	4.5
CAGTAATACC__0.369716738806573__14	6.5	4.5	4.2	5.5	3.9	4.5	5.5	4.2	5.2
CCTTAATCAT__0.369605994794035__10	5.2	4.5	3.9	5.5	3.9	4.5	4.4	6.5	4.5
GGATCATCCA__0.369459896980185__15	5.2	4.4	4.5	4.4	6.5	4.5	4.4	5.2	6.5
CCTTAATAGG__0.369431195035144__9	5.2	4.5	3.9	5.5	3.9	4.5	5.5	4.5	5.2
ACATAATCAC__0.369390725441827__12	4.2	6.5	4.5	5.5	3.9	4.5	4.4	6.5	4.2
TCGTAATCTT__0.36938853379181__11	4.4	5.5	4.2	5.5	3.9	4.5	4.4	4.5	3.9
GATTAATCGC__0.369288773296638__12	4.4	4.5	3.9	5.5	3.9	4.5	4.4	5.5	4.7
GATTAATGTC__0.369185220979596__10	4.4	4.5	3.9	5.5	3.9	4.5	6.5	4.2	4.4
GTCTAATCGT__0.369175259489209__10	4.2	4.4	4.5	5.5	3.9	4.5	4.4	5.5	4.2
GATTAATCTC__0.369137652327128__11	4.4	4.5	3.9	5.5	3.9	4.5	4.4	4.5	4.4
CCTTAATTCA__0.369133103781065__11	5.2	4.5	3.9	5.5	3.9	4.5	3.9	4.4	6.5
TCCTAATACA__0.369126316915469__13	4.4	5.2	4.5	5.5	3.9	4.5	5.5	4.2	6.5
GCGTAATCTA__0.368947206699891__13	4.7	5.5	4.2	5.5	3.9	4.5	4.4	4.5	5.5
TGATAATACT__0.368911904052494__12	6.5	4.4	4.5	5.5	3.9	4.5	5.5	4.2	4.5
TCGTAATACG__0.36867622664361__13	4.4	5.5	4.2	5.5	3.9	4.5	5.5	4.2	5.5
GTATAATTCG__0.368622340004231__11	4.2	5.5	4.5	5.5	3.9	4.5	3.9	4.4	5.5
CTTTAATAAG__0.368338973308294__12	4.5	3.9	3.9	5.5	3.9	4.5	5.5	3.9	4.5
TGATAATGCG__0.368269131553273__11	6.5	4.4	4.5	5.5	3.9	4.5	6.5	4.7	5.5
GATTAATACA__0.368080196511244__14	4.4	4.5	3.9	5.5	3.9	4.5	5.5	4.2	6.5
TTTTAATCGG__0.368047963062894__13	3.9	3.9	3.9	5.5	3.9	4.5	4.4	5.5	5.2
ATCTAATCAG__0.367888934388052__9	4.5	4.4	4.5	5.5	3.9	4.5	4.4	6.5	4.5
TGATAATACA__0.367859027041679__14	6.5	4.4	4.5	5.5	3.9	4.5	5.5	4.2	6.5
AGATAATGCT__0.367560263465754__10	4.5	4.4	4.5	5.5	3.9	4.5	6.5	4.7	4.5
GTATAATACC__0.36740953439639__14	4.2	5.5	4.5	5.5	3.9	4.5	5.5	4.2	5.2
CTTTAATTCT__0.367405554747271__11	4.5	3.9	3.9	5.5	3.9	4.5	3.9	4.4	4.5
GGGTAGTGTG__0.367354659982913__12	5.2	5.2	4.2	5.5	4.5	4.2	6.5	4.2	6.5
GAGTAATCTG__0.367264173963768__10	4.4	4.5	4.2	5.5	3.9	4.5	4.4	4.5	6.5
TTTTAATACC__0.366899914239794__16	3.9	3.9	3.9	5.5	3.9	4.5	5.5	4.2	5.2
CCATAATCTA__0.366732671638677__9	5.2	6.5	4.5	5.5	3.9	4.5	4.4	4.5	5.5
CACTAATAGC__0.366732153010099__10	6.5	4.2	4.5	5.5	3.9	4.5	5.5	4.5	4.7
AGGTAATACG__0.366656739990341__13	4.5	5.2	4.2	5.5	3.9	4.5	5.5	4.2	5.5
CGTTGATCCG__0.3665769517859__12	5.5	4.2	3.9	6.5	4.4	4.5	4.4	5.2	5.5
ACATAATTCC__0.366572647803044__11	4.2	6.5	4.5	5.5	3.9	4.5	3.9	4.4	5.2
CGATAATGCC__0.366513412340947__11	5.5	4.4	4.5	5.5	3.9	4.5	6.5	4.7	5.2
CTATAATTCG__0.366408563008384__9	4.5	5.5	4.5	5.5	3.9	4.5	3.9	4.4	5.5
AGTTAATCGT__0.366367361098102__11	4.5	4.2	3.9	5.5	3.9	4.5	4.4	5.5	4.2
GAATAATACT__0.366274319963117__11	4.4	3.9	4.5	5.5	3.9	4.5	5.5	4.2	4.5
GATTAATACC__0.36627184944223__13	4.4	4.5	3.9	5.5	3.9	4.5	5.5	4.2	5.2
GGTTAATCGT__0.366222807792525__13	5.2	4.2	3.9	5.5	3.9	4.5	4.4	5.5	4.2
CTTTAATACA__0.366173014936069__14	4.5	3.9	3.9	5.5	3.9	4.5	5.5	4.2	6.5
TCCTAATGCC__0.366002180552633__11	4.4	5.2	4.5	5.5	3.9	4.5	6.5	4.7	5.2
GGGTAAGGTG__0.365918235409487__13	5.2	5.2	4.2	5.5	3.9	4.5	5.2	4.2	6.5
CTTTAATCGC__0.36589160311268__12	4.5	3.9	3.9	5.5	3.9	4.5	4.4	5.5	4.7
GATTAATAGA__0.365827417517581__11	4.4	4.5	3.9	5.5	3.9	4.5	5.5	4.5	4.4
CCCCAATACC__0.365794158712049__10	5.2	5.2	5.2	6.5	3.9	4.5	5.5	4.2	5.2
GAGTAATCCT__0.365654333177964__11	4.4	4.5	4.2	5.5	3.9	4.5	4.4	5.2	4.5
AGGTAATCTC__0.365630880831578__11	4.5	5.2	4.2	5.5	3.9	4.5	4.4	4.5	4.4
TTTTAATCTA__0.365582847757275__14	3.9	3.9	3.9	5.5	3.9	4.5	4.4	4.5	5.5
CCTTAATTTG__0.365519051389173__9	5.2	4.5	3.9	5.5	3.9	4.5	3.9	3.9	6.5
AGCTAATCAT__0.365422799801958__10	4.5	4.7	4.5	5.5	3.9	4.5	4.4	6.5	4.5
GATTAATTTG__0.365413442246157__10	4.4	4.5	3.9	5.5	3.9	4.5	3.9	3.9	6.5
GTGTAATCTC__0.365293919753148__13	4.2	6.5	4.2	5.5	3.9	4.5	4.4	4.5	4.4
CCCTAAATCC__0.365286387530528__10	5.2	5.2	4.5	5.5	3.9	3.9	4.5	4.4	5.2
ACCTAATAAC__0.365200358153064__11	4.2	5.2	4.5	5.5	3.9	4.5	5.5	3.9	4.2
CCATAATTGC__0.365192719424136__9	5.2	6.5	4.5	5.5	3.9	4.5	3.9	6.5	4.7
TACTAATAAG__0.365160835248845__10	5.5	4.2	4.5	5.5	3.9	4.5	5.5	3.9	4.5
ACGTAATCAG__0.365129087378646__9	4.2	5.5	4.2	5.5	3.9	4.5	4.4	6.5	4.5
TTCTAATACG__0.365020784025886__12	3.9	4.4	4.5	5.5	3.9	4.5	5.5	4.2	5.5
GTTTAATACA__0.364683144486541__16	4.2	3.9	3.9	5.5	3.9	4.5	5.5	4.2	6.5
GAATAATTCG__0.364668959874762__9	4.4	3.9	4.5	5.5	3.9	4.5	3.9	4.4	5.5
CATTAATACC__0.364646822140684__12	6.5	4.5	3.9	5.5	3.9	4.5	5.5	4.2	5.2
CCCTCATGCC__0.36462580118327__10	5.2	5.2	4.5	4.4	6.5	4.5	6.5	4.7	5.2
TAGTAATACG__0.364590070334518__12	5.5	4.5	4.2	5.5	3.9	4.5	5.5	4.2	5.5
AGTTAATATC__0.364303440710803__11	4.5	4.2	3.9	5.5	3.9	4.5	5.5	4.5	4.4
GCATAATTCG__0.364190038343838__10	4.7	6.5	4.5	5.5	3.9	4.5	3.9	4.4	5.5
TGTTAATAAC__0.364163359578185__15	6.5	4.2	3.9	5.5	3.9	4.5	5.5	3.9	4.2
GCATAATCAG__0.36403060993514__10	4.7	6.5	4.5	5.5	3.9	4.5	4.4	6.5	4.5
AGATAATGCA__0.364004632632354__11	4.5	4.4	4.5	5.5	3.9	4.5	6.5	4.7	6.5
GATTAATTCC__0.363963081488167__12	4.4	4.5	3.9	5.5	3.9	4.5	3.9	4.4	5.2
AGTTAATTGC__0.363865292706256__12	4.5	4.2	3.9	5.5	3.9	4.5	3.9	6.5	4.7
CTATAATCTC__0.363813404383039__9	4.5	5.5	4.5	5.5	3.9	4.5	4.4	4.5	4.4
CGATAATGAT__0.363779035271023__9	5.5	4.4	4.5	5.5	3.9	4.5	6.5	4.4	4.5
CCCTAAACCC__0.36369273705031__13	5.2	5.2	4.5	5.5	3.9	3.9	4.2	5.2	5.2
ATCTAATTCC__0.363656686277053__11	4.5	4.4	4.5	5.5	3.9	4.5	3.9	4.4	5.2
GCGTAATCAG__0.363593013604446__11	4.7	5.5	4.2	5.5	3.9	4.5	4.4	6.5	4.5
CTTTAATCGT__0.363536586766731__10	4.5	3.9	3.9	5.5	3.9	4.5	4.4	5.5	4.2
AGCTAATCGA__0.363293139172763__10	4.5	4.7	4.5	5.5	3.9	4.5	4.4	5.5	4.4
CGCTAATAGG__0.36328948831351__9	5.5	4.7	4.5	5.5	3.9	4.5	5.5	4.5	5.2
AAATAATGCG__0.36323954492769__9	3.9	3.9	4.5	5.5	3.9	4.5	6.5	4.7	5.5
GTTTAATTCC__0.363134266032773__15	4.2	3.9	3.9	5.5	3.9	4.5	3.9	4.4	5.2
GAGTAATCCA__0.363129484112153__13	4.4	4.5	4.2	5.5	3.9	4.5	4.4	5.2	6.5
CGCTAATGCT__0.363120138495093__10	5.5	4.7	4.5	5.5	3.9	4.5	6.5	4.7	4.5
AGTTAATCAT__0.36278341731546__11	4.5	4.2	3.9	5.5	3.9	4.5	4.4	6.5	4.5
TCTTAATCAC__0.362425139658167__12	4.4	4.5	3.9	5.5	3.9	4.5	4.4	6.5	4.2
AGCTAATGCC__0.362332915426511__12	4.5	4.7	4.5	5.5	3.9	4.5	6.5	4.7	5.2
CAGTAATCTT__0.362271402672371__9	6.5	4.5	4.2	5.5	3.9	4.5	4.4	4.5	3.9
TACTAATGCG__0.362102655301045__9	5.5	4.2	4.5	5.5	3.9	4.5	6.5	4.7	5.5
AGTTAATAAC__0.362067650015878__13	4.5	4.2	3.9	5.5	3.9	4.5	5.5	3.9	4.2
GTCTAATCTA__0.361834816459213__10	4.2	4.4	4.5	5.5	3.9	4.5	4.4	4.5	5.5
GGATAATTGC__0.361789930153092__11	5.2	4.4	4.5	5.5	3.9	4.5	3.9	6.5	4.7
TCATAATCTT__0.361736285521112__9	4.4	6.5	4.5	5.5	3.9	4.5	4.4	4.5	3.9
TGTTAATCGT__0.36173215765444__12	6.5	4.2	3.9	5.5	3.9	4.5	4.4	5.5	4.2
TCATAATTCC__0.361729171151003__11	4.4	6.5	4.5	5.5	3.9	4.5	3.9	4.4	5.2
CCATAATACA__0.361645562656924__11	5.2	6.5	4.5	5.5	3.9	4.5	5.5	4.2	6.5
GATTAATTGT__0.361642291429957__9	4.4	4.5	3.9	5.5	3.9	4.5	3.9	6.5	4.2
GTGTAATACG__0.361609408296754__14	4.2	6.5	4.2	5.5	3.9	4.5	5.5	4.2	5.5
ATCTAATACA__0.361555311196718__12	4.5	4.4	4.5	5.5	3.9	4.5	5.5	4.2	6.5
GTGTAAGGGG__0.3614846962815__11	4.2	6.5	4.2	5.5	3.9	4.5	5.2	5.2	5.2
TGGTAATAAG__0.361455122377671__13	6.5	5.2	4.2	5.5	3.9	4.5	5.5	3.9	4.5
GGGTAGTATG__0.36138013943943__11	5.2	5.2	4.2	5.5	4.5	4.2	5.5	4.5	6.5
CGGTAATGCG__0.361320223483417__11	5.5	5.2	4.2	5.5	3.9	4.5	6.5	4.7	5.5
GGCGAATGGG__0.361225722640168__9	5.2	4.7	5.5	4.4	3.9	4.5	6.5	5.2	5.2
TCATAATCGC__0.361213807484121__10	4.4	6.5	4.5	5.5	3.9	4.5	4.4	5.5	4.7
GTGTAATCGG__0.361147231843889__11	4.2	6.5	4.2	5.5	3.9	4.5	4.4	5.5	5.2
GGGAAATGTG__0.361088089365074__11	5.2	5.2	4.4	3.9	3.9	4.5	6.5	4.2	6.5
CCTTAATGCT__0.361062056119662__9	5.2	4.5	3.9	5.5	3.9	4.5	6.5	4.7	4.5
GTATAATCGG__0.361012968820408__9	4.2	5.5	4.5	5.5	3.9	4.5	4.4	5.5	5.2
ATTTAATCGT__0.360985016227861__10	4.5	3.9	3.9	5.5	3.9	4.5	4.4	5.5	4.2
AATTAATACG__0.36086056702775__10	3.9	4.5	3.9	5.5	3.9	4.5	5.5	4.2	5.5
GGATCATCTG__0.360850936053225__10	5.2	4.4	4.5	4.4	6.5	4.5	4.4	4.5	6.5
GATTAATAGT__0.360726158536112__9	4.4	4.5	3.9	5.5	3.9	4.5	5.5	4.5	4.2
CAATGATACG__0.360653956214921__10	6.5	3.9	4.5	6.5	4.4	4.5	5.5	4.2	5.5
GGGTACTGGG__0.360639639217176__11	5.2	5.2	4.2	5.5	4.2	4.5	6.5	5.2	5.2
CGTTAATCGA__0.36034915871462__11	5.5	4.2	3.9	5.5	3.9	4.5	4.4	5.5	4.4
GTTTAATTCG__0.360156453239216__12	4.2	3.9	3.9	5.5	3.9	4.5	3.9	4.4	5.5
TCTTAATTGT__0.360086412691333__9	4.4	4.5	3.9	5.5	3.9	4.5	3.9	6.5	4.2
GGATAATATC__0.359909460297668__10	5.2	4.4	4.5	5.5	3.9	4.5	5.5	4.5	4.4
TGATAATAAG__0.359794494908015__10	6.5	4.4	4.5	5.5	3.9	4.5	5.5	3.9	4.5
GCATAATGCG__0.35976010712513__10	4.7	6.5	4.5	5.5	3.9	4.5	6.5	4.7	5.5
GATTAATATT__0.359696271657667__9	4.4	4.5	3.9	5.5	3.9	4.5	5.5	4.5	3.9
GGTTAATCAC__0.359352915361429__14	5.2	4.2	3.9	5.5	3.9	4.5	4.4	6.5	4.2
GATTAATATG__0.359311194782054__9	4.4	4.5	3.9	5.5	3.9	4.5	5.5	4.5	6.5
GGCTAATCAT__0.359177569312422__10	5.2	4.7	4.5	5.5	3.9	4.5	4.4	6.5	4.5
GATTAATCAA__0.359138855027816__11	4.4	4.5	3.9	5.5	3.9	4.5	4.4	6.5	3.9
ATGTAATCTC__0.359136303534055__10	4.5	6.5	4.2	5.5	3.9	4.5	4.4	4.5	4.4
GGATAATGTA__0.358981220562441__10	5.2	4.4	4.5	5.5	3.9	4.5	6.5	4.2	5.5
CGCTAATTCA__0.358864536168961__10	5.5	4.7	4.5	5.5	3.9	4.5	3.9	4.4	6.5
TACTAATGCA__0.358785930061668__10	5.5	4.2	4.5	5.5	3.9	4.5	6.5	4.7	6.5
GAGGAATGGG__0.358773329436491__9	4.4	4.5	5.2	4.4	3.9	4.5	6.5	5.2	5.2
GTGTAAGGAG__0.358723394171749__10	4.2	6.5	4.2	5.5	3.9	4.5	5.2	4.4	4.5
GAATAATCTA__0.3586046968889__9	4.4	3.9	4.5	5.5	3.9	4.5	4.4	4.5	5.5
AGGTAAGGGG__0.358516763439628__9	4.5	5.2	4.2	5.5	3.9	4.5	5.2	5.2	5.2
ACGTAATAAC__0.358421845125263__11	4.2	5.5	4.2	5.5	3.9	4.5	5.5	3.9	4.2
CTATAATCGC__0.358347989309704__9	4.5	5.5	4.5	5.5	3.9	4.5	4.4	5.5	4.7
CCTTAATGCA__0.358244469393948__10	5.2	4.5	3.9	5.5	3.9	4.5	6.5	4.7	6.5
CGTTAATAGC__0.358243431080122__11	5.5	4.2	3.9	5.5	3.9	4.5	5.5	4.5	4.7
TCTTAATGCC__0.358181225814067__11	4.4	4.5	3.9	5.5	3.9	4.5	6.5	4.7	5.2
ACATAATACA__0.35772977147843__11	4.2	6.5	4.5	5.5	3.9	4.5	5.5	4.2	6.5
CAGTAATCTA__0.357624154658303__9	6.5	4.5	4.2	5.5	3.9	4.5	4.4	4.5	5.5
GGTGAATGGG__0.357508097908716__10	5.2	4.2	6.5	4.4	3.9	4.5	6.5	5.2	5.2
GCTTAATTGA__0.357468605106477__10	4.7	4.5	3.9	5.5	3.9	4.5	3.9	6.5	4.4
GGCTAATTCT__0.35742096959964__10	5.2	4.7	4.5	5.5	3.9	4.5	3.9	4.4	4.5
CTCTAATCAC__0.357244225176742__9	4.5	4.4	4.5	5.5	3.9	4.5	4.4	6.5	4.2
GCATAATGCC__0.357190634911161__11	4.7	6.5	4.5	5.5	3.9	4.5	6.5	4.7	5.2
TCGTAATACC__0.357187512309372__12	4.4	5.5	4.2	5.5	3.9	4.5	5.5	4.2	5.2
AGTTAATTCA__0.357108189381535__11	4.5	4.2	3.9	5.5	3.9	4.5	3.9	4.4	6.5
ACCTAATGCC__0.357075836786296__9	4.2	5.2	4.5	5.5	3.9	4.5	6.5	4.7	5.2
GGATAATGAT__0.357061866456348__10	5.2	4.4	4.5	5.5	3.9	4.5	6.5	4.4	4.5
CAGTAATACG__0.356943924824381__10	6.5	4.5	4.2	5.5	3.9	4.5	5.5	4.2	5.5
TTCTAATTCG__0.356839512646866__9	3.9	4.4	4.5	5.5	3.9	4.5	3.9	4.4	5.5
TGGTAATCGG__0.356714863202883__10	6.5	5.2	4.2	5.5	3.9	4.5	4.4	5.5	5.2
TGTTAATATG__0.356656229758689__11	6.5	4.2	3.9	5.5	3.9	4.5	5.5	4.5	6.5
GTATAATCAG__0.3564964832892__9	4.2	5.5	4.5	5.5	3.9	4.5	4.4	6.5	4.5
TGCTAATCAA__0.356477363964587__11	6.5	4.7	4.5	5.5	3.9	4.5	4.4	6.5	3.9
GTTTAATCTA__0.356401040120807__12	4.2	3.9	3.9	5.5	3.9	4.5	4.4	4.5	5.5
GGTTAATACA__0.356348898053997__14	5.2	4.2	3.9	5.5	3.9	4.5	5.5	4.2	6.5
CCGTAATTCC__0.356328765473831__9	5.2	5.5	4.2	5.5	3.9	4.5	3.9	4.4	5.2
GCCTAATAAG__0.356325421147331__9	4.7	5.2	4.5	5.5	3.9	4.5	5.5	3.9	4.5
TTTTAATCGT__0.356218810822507__11	3.9	3.9	3.9	5.5	3.9	4.5	4.4	5.5	4.2
GCATGATACG__0.355942171423493__10	4.7	6.5	4.5	6.5	4.4	4.5	5.5	4.2	5.5
CTTTAATCAG__0.355662017604625__9	4.5	3.9	3.9	5.5	3.9	4.5	4.4	6.5	4.5
GGGTAATACG__0.355622777648664__13	5.2	5.2	4.2	5.5	3.9	4.5	5.5	4.2	5.5
AGCTAATATC__0.355565638171145__9	4.5	4.7	4.5	5.5	3.9	4.5	5.5	4.5	4.4
CAGTAATCGC__0.355452486503956__9	6.5	4.5	4.2	5.5	3.9	4.5	4.4	5.5	4.7
GCCTAATTCA__0.35511281054475__9	4.7	5.2	4.5	5.5	3.9	4.5	3.9	4.4	6.5
GGGTAGTTGG__0.354929962400322__9	5.2	5.2	4.2	5.5	4.5	4.2	3.9	6.5	5.2
CCCTAAGCCC__0.354677745819679__9	5.2	5.2	4.5	5.5	3.9	4.5	4.7	5.2	5.2
TCTTAATGCT__0.354488410865922__9	4.4	4.5	3.9	5.5	3.9	4.5	6.5	4.7	4.5
GGATAATATA__0.35415485492427__10	5.2	4.4	4.5	5.5	3.9	4.5	5.5	4.5	5.5
TGTTAATTGG__0.353703833997022__10	6.5	4.2	3.9	5.5	3.9	4.5	3.9	6.5	5.2
GCCTAATAAC__0.353300513284709__10	4.7	5.2	4.5	5.5	3.9	4.5	5.5	3.9	4.2
GTTTAATGCG__0.353283653710579__11	4.2	3.9	3.9	5.5	3.9	4.5	6.5	4.7	5.5
GGATAATGAC__0.353114025232071__10	5.2	4.4	4.5	5.5	3.9	4.5	6.5	4.4	4.2
GGTTAATGCG__0.353081935510096__11	5.2	4.2	3.9	5.5	3.9	4.5	6.5	4.7	5.5
CGGTAATCTA__0.353026593106715__9	5.5	5.2	4.2	5.5	3.9	4.5	4.4	4.5	5.5
AGATGATCCC__0.352861022082617__10	4.5	4.4	4.5	6.5	4.4	4.5	4.4	5.2	5.2
GATTAATTGC__0.352799477312602__9	4.4	4.5	3.9	5.5	3.9	4.5	3.9	6.5	4.7
CGTTAATATC__0.352675593860467__9	5.5	4.2	3.9	5.5	3.9	4.5	5.5	4.5	4.4
TACTAATGCC__0.352525253112166__9	5.5	4.2	4.5	5.5	3.9	4.5	6.5	4.7	5.2
GTATCATCCT__0.352219375624925__10	4.2	5.5	4.5	4.4	6.5	4.5	4.4	5.2	4.5
TTTTAATAAG__0.35206936454747__11	3.9	3.9	3.9	5.5	3.9	4.5	5.5	3.9	4.5
GGCTTATCCG__0.352033437813349__11	5.2	4.7	4.5	3.9	5.5	4.5	4.4	5.2	5.5
GATTAATACT__0.351966837790397__9	4.4	4.5	3.9	5.5	3.9	4.5	5.5	4.2	4.5
GCGTAATCAC__0.35181472747886__11	4.7	5.5	4.2	5.5	3.9	4.5	4.4	6.5	4.2
GTATAATCTA__0.351633164656122__9	4.2	5.5	4.5	5.5	3.9	4.5	4.4	4.5	5.5
GCGTAATTCC__0.351596074902527__11	4.7	5.5	4.2	5.5	3.9	4.5	3.9	4.4	5.2
CGGTAATCAC__0.351560533324419__10	5.5	5.2	4.2	5.5	3.9	4.5	4.4	6.5	4.2
TCTTAATAAC__0.351266022947174__10	4.4	4.5	3.9	5.5	3.9	4.5	5.5	3.9	4.2
AGCTAATAAG__0.351069479979823__9	4.5	4.7	4.5	5.5	3.9	4.5	5.5	3.9	4.5
GCATAATACA__0.350961558504698__11	4.7	6.5	4.5	5.5	3.9	4.5	5.5	4.2	6.5
GCGTAATTCG__0.350914148480037__9	4.7	5.5	4.2	5.5	3.9	4.5	3.9	4.4	5.5
CGGTAATCGC__0.350887173206432__9	5.5	5.2	4.2	5.5	3.9	4.5	4.4	5.5	4.7
GTCTAATACA__0.350865550264527__11	4.2	4.4	4.5	5.5	3.9	4.5	5.5	4.2	6.5
GGGTAACGGG__0.350555324484108__11	5.2	5.2	4.2	5.5	3.9	4.2	5.5	5.2	5.2
CGATAATAAC__0.350474715929608__9	5.5	4.4	4.5	5.5	3.9	4.5	5.5	3.9	4.2
CTGTAATACC__0.350462007800452__11	4.5	6.5	4.2	5.5	3.9	4.5	5.5	4.2	5.2
AGGTAATACC__0.350427383613661__11	4.5	5.2	4.2	5.5	3.9	4.5	5.5	4.2	5.2
GGGTAATTCC__0.350063046732869__12	5.2	5.2	4.2	5.5	3.9	4.5	3.9	4.4	5.2
TATTAATACC__0.349687137213748__10	5.5	4.5	3.9	5.5	3.9	4.5	5.5	4.2	5.2
GATTAATAAA__0.349617588728394__10	4.4	4.5	3.9	5.5	3.9	4.5	5.5	3.9	3.9
AGTTAATGCT__0.3493829502483__9	4.5	4.2	3.9	5.5	3.9	4.5	6.5	4.7	4.5
GCTTAATGCA__0.349342934055742__10	4.7	4.5	3.9	5.5	3.9	4.5	6.5	4.7	6.5
CTTTAATACT__0.349277424268265__9	4.5	3.9	3.9	5.5	3.9	4.5	5.5	4.2	4.5
GGGTAAGCGG__0.349247222103064__10	5.2	5.2	4.2	5.5	3.9	4.5	4.7	5.5	5.2
GGGTAAAGGG__0.348949046535394__10	5.2	5.2	4.2	5.5	3.9	3.9	4.5	5.2	5.2
GAGGAATGAT__0.348780635818878__9	4.4	4.5	5.2	4.4	3.9	4.5	6.5	4.4	4.5
ATTTAATCGA__0.348684429329585__9	4.5	3.9	3.9	5.5	3.9	4.5	4.4	5.5	4.4
TGTTAATCAT__0.348682436459857__10	6.5	4.2	3.9	5.5	3.9	4.5	4.4	6.5	4.5
CTCTAATACA__0.348662111826545__9	4.5	4.4	4.5	5.5	3.9	4.5	5.5	4.2	6.5
TCATAATACA__0.348509883439951__10	4.4	6.5	4.5	5.5	3.9	4.5	5.5	4.2	6.5
ATTTAATGCC__0.348358926673727__10	4.5	3.9	3.9	5.5	3.9	4.5	6.5	4.7	5.2
TTGTAATACG__0.348351392234528__11	3.9	6.5	4.2	5.5	3.9	4.5	5.5	4.2	5.5
TGGTAATTCC__0.348076282147848__11	6.5	5.2	4.2	5.5	3.9	4.5	3.9	4.4	5.2
GGGTAATTGG__0.347725924400725__9	5.2	5.2	4.2	5.5	3.9	4.5	3.9	6.5	5.2
TCGTAATACT__0.347372129338231__9	4.4	5.5	4.2	5.5	3.9	4.5	5.5	4.2	4.5
ATTTAATTGC__0.347348101954565__9	4.5	3.9	3.9	5.5	3.9	4.5	3.9	6.5	4.7
GGGTAATCGG__0.347138537551428__9	5.2	5.2	4.2	5.5	3.9	4.5	4.4	5.5	5.2
CCCTTATCCC__0.346960702322318__9	5.2	5.2	4.5	3.9	5.5	4.5	4.4	5.2	5.2
CCGTAATACA__0.346472604859819__9	5.2	5.5	4.2	5.5	3.9	4.5	5.5	4.2	6.5
GGCTTATCCC__0.346311518955044__12	5.2	4.7	4.5	3.9	5.5	4.5	4.4	5.2	5.2
AGATCATCCA__0.346199360095933__9	4.5	4.4	4.5	4.4	6.5	4.5	4.4	5.2	6.5
CCTTGATCCC__0.34597321586635__9	5.2	4.5	3.9	6.5	4.4	4.5	4.4	5.2	5.2
GAATCATCCC__0.345694419467614__9	4.4	3.9	4.5	4.4	6.5	4.5	4.4	5.2	5.2
TTCTAATTCC__0.344796694238855__9	3.9	4.4	4.5	5.5	3.9	4.5	3.9	4.4	5.2
TTTTAATTGC__0.344781087967684__10	3.9	3.9	3.9	5.5	3.9	4.5	3.9	6.5	4.7
ATGTAATACG__0.344000618361721__9	4.5	6.5	4.2	5.5	3.9	4.5	5.5	4.2	5.5
CTTTAATCAC__0.3436178751781__9	4.5	3.9	3.9	5.5	3.9	4.5	4.4	6.5	4.2
GGTTAATTCA__0.343422866179881__10	5.2	4.2	3.9	5.5	3.9	4.5	3.9	4.4	6.5
GGGTAAGAGG__0.343317736506104__9	5.2	5.2	4.2	5.5	3.9	4.5	4.4	4.5	5.2
GGGTAATCTT__0.343077779381105__9	5.2	5.2	4.2	5.5	3.9	4.5	4.4	4.5	3.9
GGTTAATTCT__0.343073312792003__9	5.2	4.2	3.9	5.5	3.9	4.5	3.9	4.4	4.5
CGTTAATCAA__0.342429388657124__9	5.5	4.2	3.9	5.5	3.9	4.5	4.4	6.5	3.9
GGGTTATGGG__0.342300230337853__9	5.2	5.2	4.2	3.9	5.5	4.5	6.5	5.2	5.2
GCGTAATACT__0.341613979454706__9	4.7	5.5	4.2	5.5	3.9	4.5	5.5	4.2	4.5
TTTTAATTGA__0.341499647197693__9	3.9	3.9	3.9	5.5	3.9	4.5	3.9	6.5	4.4
CGGTAATAAC__0.341399902094087__9	5.5	5.2	4.2	5.5	3.9	4.5	5.5	3.9	4.2
GGGGAATGTG__0.34002112886169__9	5.2	5.2	5.2	4.4	3.9	4.5	6.5	4.2	6.5
TTTTAATCAC__0.339870548228561__10	3.9	3.9	3.9	5.5	3.9	4.5	4.4	6.5	4.2
TGGTAATACC__0.338584150827316__10	6.5	5.2	4.2	5.5	3.9	4.5	5.5	4.2	5.2
ATGTAATACC__0.337893129872593__9	4.5	6.5	4.2	5.5	3.9	4.5	5.5	4.2	5.2
GTGTAATACC__0.336905041079539__10	4.2	6.5	4.2	5.5	3.9	4.5	5.5	4.2	5.2
CCGTAACCCC__0.33584739323441__9	5.2	5.5	4.2	5.5	3.9	4.2	5.2	5.2	5.2
GGGTAATACC__0.335766495786363__10	5.2	5.2	4.2	5.5	3.9	4.5	5.5	4.2	5.2
GGGGAATGAT__0.331625252762082__9	5.2	5.2	5.2	4.4	3.9	4.5	6.5	4.4	4.5
TTGTAATCCA__0.331511150767658__9	3.9	6.5	4.2	5.5	3.9	4.5	4.4	5.2	6.5
