CAGGGGATAGGGGG__1__145	42	9	42	42	42	22	0	14	9	42	42	42	42
CAGGGGATAGGGGT__0.914065143189641__105	42	9	42	42	42	22	0	14	9	42	42	42	4
CAGGGGATAGGGGA__0.840973861848923__87	42	9	42	42	42	22	0	14	9	42	42	42	22
CAGGGGATAGGGTA__0.825311358516758__87	42	9	42	42	42	22	0	14	9	42	42	4	14
CAGGGGATAGGGGC__0.805928859771432__80	42	9	42	42	42	22	0	14	9	42	42	42	25
TGGAGGAGAGGGGG__0.799878348875026__110	42	42	22	9	42	22	9	22	9	42	42	42	42
CAGGGGATAGGGTT__0.796315080984785__74	42	9	42	42	42	22	0	14	9	42	42	4	5
AGGCATACAGGGGG__0.79528630615641__38	9	42	25	42	0	14	4	42	9	42	42	42	42
GGGCACACAGGGGG__0.782205407038886__50	42	42	25	42	4	42	4	42	9	42	42	42	42
CAGGGGATAGGGAT__0.779410161421798__71	42	9	42	42	42	22	0	14	9	42	42	22	0
AGGTACACAGGGGT__0.776050231547873__42	9	42	4	14	4	42	4	42	9	42	42	42	4
CAGGGGATAGGTTT__0.774340765020243__73	42	9	42	42	42	22	0	14	9	42	4	5	5
CAGGGGATAGGTAA__0.763884409713611__73	42	9	42	42	42	22	0	14	9	42	4	14	5
CAGGGGATAGGTTA__0.754291865572384__69	42	9	42	42	42	22	0	14	9	42	4	5	14
CAGGGGATAGGTGG__0.75302135310287__63	42	9	42	42	42	22	0	14	9	42	4	42	42
CAGGGGATAGGGAG__0.75296934473938__63	42	9	42	42	42	22	0	14	9	42	42	22	9
AGGCACACAGGGGT__0.745284435865657__30	9	42	25	42	4	42	4	42	9	42	42	42	4
CAGGGGATAGGTAG__0.74262271172342__64	42	9	42	42	42	22	0	14	9	42	4	14	9
AGGCACACAGGGGG__0.741510809241668__33	9	42	25	42	4	42	4	42	9	42	42	42	42
CAGGGGATAGGGAA__0.731179455569631__61	42	9	42	42	42	22	0	14	9	42	42	22	5
AGGTACACAGGGGA__0.725863557678259__45	9	42	4	14	4	42	4	42	9	42	42	42	22
CAGGGGATAGGCGG__0.708387205304157__55	42	9	42	42	42	22	0	14	9	42	25	43	42
CAGGGGATAGGGTG__0.707312134743415__52	42	9	42	42	42	22	0	14	9	42	42	4	42
GGGCACACAGGGGA__0.706361329611027__43	42	42	25	42	4	42	4	42	9	42	42	42	22
TGTAGGATAGGGGG__0.702025098307623__51	42	4	14	9	42	22	0	14	9	42	42	42	42
CAGGGGATAGGTAT__0.701524473867812__55	42	9	42	42	42	22	0	14	9	42	4	14	0
AGGTACACAGGGGG__0.699790142871134__34	9	42	4	14	4	42	4	42	9	42	42	42	42
CAGGGGATAGGGCG__0.698865015072922__55	42	9	42	42	42	22	0	14	9	42	42	25	43
CAGGGGATAGGAAG__0.698223823379064__56	42	9	42	42	42	22	0	14	9	42	22	5	9
GGGCACACAGGGGT__0.695590191103551__32	42	42	25	42	4	42	4	42	9	42	42	42	4
GGGTACACAGGGGA__0.692557840364364__49	42	42	4	14	4	42	4	42	9	42	42	42	22
CAGGGGATAGGTGT__0.690348040086554__49	42	9	42	42	42	22	0	14	9	42	4	42	4
AGGCAGACAGGGGG__0.687693640156967__25	9	42	25	42	9	22	4	42	9	42	42	42	42
CAGGGGATAGGGCT__0.683575554887115__53	42	9	42	42	42	22	0	14	9	42	42	25	9
CAGGGGATAGGGCA__0.678450316407444__56	42	9	42	42	42	22	0	14	9	42	42	25	42
CAGGGGATAGGTTG__0.672177153935003__48	42	9	42	42	42	22	0	14	9	42	4	5	42
CAGGGGATAGGAGG__0.664389428333748__45	42	9	42	42	42	22	0	14	9	42	22	9	42
CAGGGGATAGGAAT__0.660913155681744__48	42	9	42	42	42	22	0	14	9	42	22	5	0
AGGCATACAGGGGT__0.659428746797822__20	9	42	25	42	0	14	4	42	9	42	42	42	4
AGGCACACAGGGGA__0.655301451303803__28	9	42	25	42	4	42	4	42	9	42	42	42	22
AGGCATACAGGGGA__0.649157212885742__23	9	42	25	42	0	14	4	42	9	42	42	42	22
CAGGGGATAGGATT__0.648422679866583__43	42	9	42	42	42	22	0	14	9	42	22	0	5
CAGGGGATAGGAAA__0.647885584229287__50	42	9	42	42	42	22	0	14	9	42	22	5	5
CAGGGGATAGGCGA__0.647074389722978__48	42	9	42	42	42	22	0	14	9	42	25	43	22
CAGGGGATAGGTGC__0.64526505635953__44	42	9	42	42	42	22	0	14	9	42	4	42	25
GGGCATACAGGGGG__0.639115022515747__31	42	42	25	42	0	14	4	42	9	42	42	42	42
AGGCAGACAGGGGA__0.637767217797619__22	9	42	25	42	9	22	4	42	9	42	42	42	22
CAGGGGATAGGAGT__0.636416267422505__40	42	9	42	42	42	22	0	14	9	42	22	9	4
AGGGACACAGGGGA__0.63395901252811__30	9	42	42	22	4	42	4	42	9	42	42	42	22
GGGCATACAGGGGA__0.633180863076563__32	42	42	25	42	0	14	4	42	9	42	42	42	22
TGTAGGATAGGGAG__0.633084549407647__38	42	4	14	9	42	22	0	14	9	42	42	22	9
TGGAGGAGAGGAGG__0.632066181628425__53	42	42	22	9	42	22	9	22	9	42	22	9	42
AGGCGCACAGGGGT__0.62839303313582__25	9	42	25	43	25	42	4	42	9	42	42	42	4
GGGTACACAGGGGT__0.628074698402446__30	42	42	4	14	4	42	4	42	9	42	42	42	4
AGGAGGAGAGGGGG__0.625735439746986__38	9	42	22	9	42	22	9	22	9	42	42	42	42
AGGAGGAGAGGAGG__0.624082142942712__37	9	42	22	9	42	22	9	22	9	42	22	9	42
CGGCACACAGGGGT__0.62387090722631__18	43	42	25	42	4	42	4	42	9	42	42	42	4
AGGCAGACAGGGGT__0.620532779543125__17	9	42	25	42	9	22	4	42	9	42	42	42	4
AAGGGGATAGGGGG__0.618755060726645__33	5	9	42	42	42	22	0	14	9	42	42	42	42
GGCATCACAGGGGG__0.618323364328816__21	42	25	42	0	22	42	4	42	9	42	42	42	42
CAGGGGATAGGTTC__0.618196287543466__39	42	9	42	42	42	22	0	14	9	42	4	5	22
CAGGGGATAGGATA__0.618094322831211__41	42	9	42	42	42	22	0	14	9	42	22	0	14
AGGTGCACAGGGGG__0.617993050176937__35	9	42	4	42	25	42	4	42	9	42	42	42	42
ATGGGGAGAGGGGG__0.613777289083221__58	0	42	42	42	42	22	9	22	9	42	42	42	42
AGGCAAACAGGGGG__0.611480011901707__17	9	42	25	42	5	5	4	42	9	42	42	42	42
CAGGGGATAGGTGA__0.610557640195175__36	42	9	42	42	42	22	0	14	9	42	4	42	22
TGGGGGAGAGGGGG__0.608732947781311__113	42	42	42	42	42	22	9	22	9	42	42	42	42
CAGGGGATAGGTCT__0.608550396945255__37	42	9	42	42	42	22	0	14	9	42	4	22	9
AGGCGCACAGGGGA__0.608228807572989__29	9	42	25	43	25	42	4	42	9	42	42	42	22
CAGGGGATAGGCAA__0.607928395932098__45	42	9	42	42	42	22	0	14	9	42	25	42	5
AAGGCAACAGGGGA__0.604707721125267__20	5	9	42	25	42	5	4	42	9	42	42	42	22
TGGCACACAGGGGG__0.604393034389946__21	42	42	25	42	4	42	4	42	9	42	42	42	42
AGGTGCACAGGGGT__0.603671578441277__30	9	42	4	42	25	42	4	42	9	42	42	42	4
CAGGGGATAGGGTC__0.602387175295375__33	42	9	42	42	42	22	0	14	9	42	42	4	22
CAGGGGATAGGTAC__0.601094123283916__39	42	9	42	42	42	22	0	14	9	42	4	14	4
GGGAGGAGAGGGGG__0.600260367627354__65	42	42	22	9	42	22	9	22	9	42	42	42	42
AGGAACACAGGGGG__0.59958096181198__17	9	42	22	5	4	42	4	42	9	42	42	42	42
GGGAACACAGGGGA__0.598586773003667__25	42	42	22	5	4	42	4	42	9	42	42	42	22
CAGGGGATAGGCTA__0.595874388506715__38	42	9	42	42	42	22	0	14	9	42	25	9	14
TGGCACACAGGGGT__0.593846520743163__18	42	42	25	42	4	42	4	42	9	42	42	42	4
AGGTGCACAGGGGA__0.593658364359313__35	9	42	4	42	25	42	4	42	9	42	42	42	22
AGGAACACAGGGGA__0.590932788275047__20	9	42	22	5	4	42	4	42	9	42	42	42	22
GGGTACACAGGGGG__0.590000605100186__27	42	42	4	14	4	42	4	42	9	42	42	42	42
CAGGGGATAGGTCG__0.589484695694108__32	42	9	42	42	42	22	0	14	9	42	4	22	43
AAGCACACAGGGGT__0.588515464376908__13	5	9	25	42	4	42	4	42	9	42	42	42	4
GAGCACACAGGGGA__0.588019754506859__20	22	9	25	42	4	42	4	42	9	42	42	42	22
CAGGGGATAGGAGA__0.584716580939118__33	42	9	42	42	42	22	0	14	9	42	22	9	22
GGGGACACAGGGGA__0.584191232622588__31	42	42	42	22	4	42	4	42	9	42	42	42	22
CAGCACACAGGGGG__0.583715806071723__15	42	9	25	42	4	42	4	42	9	42	42	42	42
AGGAACACAGGGGT__0.583075981752548__14	9	42	22	5	4	42	4	42	9	42	42	42	4
GGGCATACAGGGGT__0.582878930454629__22	42	42	25	42	0	14	4	42	9	42	42	42	4
CAGGGGATAGGCGT__0.581192996639162__32	42	9	42	42	42	22	0	14	9	42	25	43	4
TGGCACACAGGGGA__0.578481212162528__22	42	42	25	42	4	42	4	42	9	42	42	42	22
GTGCACACAGGGGT__0.577898357988175__17	4	42	25	42	4	42	4	42	9	42	42	42	4
AGGGACACAGGGGG__0.576339993927292__19	9	42	42	22	4	42	4	42	9	42	42	42	42
CAGGGGATAGGGAC__0.573465530489698__31	42	9	42	42	42	22	0	14	9	42	42	22	4
GGTGGGACGGGGGG__0.573356923262011__95	42	4	42	42	42	22	4	43	42	42	42	42	42
TAGCACACAGGGGG__0.571667804878394__15	14	9	25	42	4	42	4	42	9	42	42	42	42
GGGCGCACAGGGGT__0.571143361388839__28	42	42	25	43	25	42	4	42	9	42	42	42	4
CAGGGGATAGGCAT__0.566883698497746__33	42	9	42	42	42	22	0	14	9	42	25	42	0
CAGGGGATAGGAAC__0.566855792250183__37	42	9	42	42	42	22	0	14	9	42	22	5	4
GGTGTGGTAGTGTG__0.566217466019378__98	42	4	42	4	42	42	4	14	9	4	42	4	42
GGGAGGAGAGGAGG__0.565987022782107__53	42	42	22	9	42	22	9	22	9	42	22	9	42
ATGCACACAGGGGT__0.564659373981092__13	0	42	25	42	4	42	4	42	9	42	42	42	4
GGGCGCACAGGGGG__0.563406009361394__29	42	42	25	43	25	42	4	42	9	42	42	42	42
TAGTTGAAGGTTAG__0.562202500029144__28	14	9	4	5	42	22	5	9	42	4	5	14	9
TTGCACACAGGGGT__0.562029093576185__14	5	42	25	42	4	42	4	42	9	42	42	42	4
TGTGTGGTAGTGTG__0.561284061707791__74	42	4	42	4	42	42	4	14	9	4	42	4	42
CGGGGGATAGGGGG__0.561012731249175__45	43	42	42	42	42	22	0	14	9	42	42	42	42
AAGCACACAGGGGA__0.560837522057552__16	5	9	25	42	4	42	4	42	9	42	42	42	22
CGGCACACAGGGGA__0.560746816740625__18	43	42	25	42	4	42	4	42	9	42	42	42	22
GGCACAACAGGGGT__0.558453629772784__12	42	25	42	4	42	5	4	42	9	42	42	42	4
CAGGGGATAGGCTG__0.558186538728183__29	42	9	42	42	42	22	0	14	9	42	25	9	42
AAGGTCACAGGGGA__0.555323917448118__18	5	9	42	4	22	42	4	42	9	42	42	42	22
CGGCACACAGGGGG__0.552845024164496__14	43	42	25	42	4	42	4	42	9	42	42	42	42
TAGCACACAGGGGT__0.550966373953458__12	14	9	25	42	4	42	4	42	9	42	42	42	4
GTGCACACAGGGGG__0.548332555819653__16	4	42	25	42	4	42	4	42	9	42	42	42	42
CAGGGGATAGGCAG__0.547841482266888__29	42	9	42	42	42	22	0	14	9	42	25	42	9
AGTGTGGTAGTGTG__0.545383045542532__47	9	4	42	4	42	42	4	14	9	4	42	4	42
CCTATCCCAGTGTG__0.545372954152879__13	42	9	14	0	22	42	42	42	9	4	42	4	42
GGGTTGGGAGGGGG__0.544427618149519__116	42	42	4	5	42	42	42	22	9	42	42	42	42
GGCATCACAGGGGT__0.543726526207168__13	42	25	42	0	22	42	4	42	9	42	42	42	4
CAGGGGATAGGCTT__0.5429527628613__27	42	9	42	42	42	22	0	14	9	42	25	9	5
ATGGGGAGAGGAGG__0.542791826657292__39	0	42	42	42	42	22	9	22	9	42	22	9	42
AGGGGCACAGGGGG__0.542569955784462__24	9	42	42	42	25	42	4	42	9	42	42	42	42
GGGGACACAGGGGG__0.542114921231865__22	42	42	42	22	4	42	4	42	9	42	42	42	42
CAGGGGATAGGACT__0.541786921373353__29	42	9	42	42	42	22	0	14	9	42	22	4	9
AGGGGCACAGGGGT__0.540777907792601__22	9	42	42	42	25	42	4	42	9	42	42	42	4
AAGGCAACAGGGGG__0.540508712613743__12	5	9	42	25	42	5	4	42	9	42	42	42	42
AGGCTCACAGGGGT__0.540297338133126__13	9	42	25	9	22	42	4	42	9	42	42	42	4
GTGCACACAGGGGA__0.539967191999484__18	4	42	25	42	4	42	4	42	9	42	42	42	22
GGGGACACAGGGGT__0.539944294996182__20	42	42	42	22	4	42	4	42	9	42	42	42	4
AAGGCCACAGGGGT__0.539883623683839__11	5	9	42	25	42	42	4	42	9	42	42	42	4
GGGCGCACAGGGGA__0.539764793219767__28	42	42	25	43	25	42	4	42	9	42	42	42	22
GGCGGGACGGGGGG__0.539628200344279__54	42	25	43	42	42	22	4	43	42	42	42	42	42
AGGGGCACAGGGGA__0.539459311964456__26	9	42	42	42	25	42	4	42	9	42	42	42	22
GGCAACACAGGGGA__0.5358652530354__17	42	25	42	5	4	42	4	42	9	42	42	42	22
GGCACTACAGGGGG__0.535757426911509__11	42	25	42	4	9	14	4	42	9	42	42	42	42
GGGTGCACAGGGGA__0.535150400332673__37	42	42	4	42	25	42	4	42	9	42	42	42	22
TGGCATACAGGGGA__0.534633859332992__16	42	42	25	42	0	14	4	42	9	42	42	42	22
GGGGGGAGAGGAGG__0.532776804460841__97	42	42	42	42	42	22	9	22	9	42	22	9	42
TAGCACACAGGGGA__0.53259471134849__15	14	9	25	42	4	42	4	42	9	42	42	42	22
CGGGTGGGAGGGGG__0.530899481734404__78	43	42	42	4	42	42	42	22	9	42	42	42	42
AGGCAAACAGGGGT__0.529876190694417__10	9	42	25	42	5	5	4	42	9	42	42	42	4
TGGCGCACAGGGGT__0.529564926567553__18	42	42	25	43	25	42	4	42	9	42	42	42	4
GGGTGGGCAGGGGG__0.526824912078706__87	42	42	4	42	42	42	25	42	9	42	42	42	42
AGGGACACAGGGGT__0.524915507812444__13	9	42	42	22	4	42	4	42	9	42	42	42	4
AGGCACACAGGGAT__0.524663282101127__15	9	42	25	42	4	42	4	42	9	42	42	22	0
ATGGAGAGAGGGGG__0.524249682007386__17	0	42	42	22	9	22	9	22	9	42	42	42	42
CAGGCCACAGGGGA__0.523975418380907__14	42	9	42	25	42	42	4	42	9	42	42	42	22
GGCACAACAGGGGA__0.523597960748236__13	42	25	42	4	42	5	4	42	9	42	42	42	22
CAGGGGATAGGTCA__0.522599493196154__25	42	9	42	42	42	22	0	14	9	42	4	22	42
GGGTGCACAGGGGG__0.521662960025589__32	42	42	4	42	25	42	4	42	9	42	42	42	42
CCCCTGACCTACAA__0.52135088804911__34	42	42	42	9	42	22	4	42	9	14	4	42	5
GGGGGGACGGGTGG__0.519559246250762__90	42	42	42	42	42	22	4	43	42	42	4	42	42
AAGCACACAGGGGG__0.518201977431867__10	5	9	25	42	4	42	4	42	9	42	42	42	42
GAGTTGAGGGGGGG__0.518168135618908__39	22	9	4	5	42	22	9	42	42	42	42	42	42
TGGTACACAGGGGG__0.517410526030181__16	42	42	4	14	4	42	4	42	9	42	42	42	42
CCCCTAACCGTACA__0.517013482909628__32	42	42	42	9	14	5	4	42	43	4	14	4	42
TTGCACACAGGGGG__0.515829839743474__12	5	42	25	42	4	42	4	42	9	42	42	42	42
AGGCACACAGGAGG__0.514601381978203__12	9	42	25	42	4	42	4	42	9	42	22	9	42
CAGGGGATAGGATC__0.514047672834091__23	42	9	42	42	42	22	0	14	9	42	22	0	22
CAGGGGATAGGAGC__0.513434804760479__23	42	9	42	42	42	22	0	14	9	42	22	9	25
AGGCAAACAGGGGA__0.513323000893191__12	9	42	25	42	5	5	4	42	9	42	42	42	22
AAGGGGATAGGGGA__0.512479275549533__19	5	9	42	42	42	22	0	14	9	42	42	42	22
GGGGGCACAGGGGA__0.512242803725183__34	42	42	42	42	25	42	4	42	9	42	42	42	22
CAGCACACAGGGGT__0.512166365252249__9	42	9	25	42	4	42	4	42	9	42	42	42	4
AAGGGCACAGGGGA__0.511770605861942__17	5	9	42	42	25	42	4	42	9	42	42	42	22
TGTAGGTCAGGGGG__0.510948308095633__23	42	4	14	9	42	4	22	42	9	42	42	42	42
AGGCTCACAGGGGG__0.509485041289996__12	9	42	25	9	22	42	4	42	9	42	42	42	42
TGGGGGAGAGGAGG__0.509268913417462__64	42	42	42	42	42	22	9	22	9	42	22	9	42
ATGTTGAAGGTTAG__0.508785611602491__20	0	42	4	5	42	22	5	9	42	4	5	14	9
AGGCTCACAGGGGA__0.508272721936465__14	9	42	25	9	22	42	4	42	9	42	42	42	22
CCCCTGAGTGCCTT__0.507760592932016__11	42	42	42	9	42	22	9	4	42	25	42	9	5
CAAGGCACAGGGGA__0.506734025963869__14	42	5	9	42	25	42	4	42	9	42	42	42	22
GGGGGGAGAGGGGG__0.505853610384836__86	42	42	42	42	42	22	9	22	9	42	42	42	42
GGGCACACAGGGTA__0.505628341268395__16	42	42	25	42	4	42	4	42	9	42	42	4	14
CAGGGGATAGGGCC__0.504836505342143__24	42	9	42	42	42	22	0	14	9	42	42	25	42
GGAGGGACGGGGGG__0.504761012101952__41	42	22	9	42	42	22	4	43	42	42	42	42	42
AAGGCCACAGGGGG__0.504736549752353__10	5	9	42	25	42	42	4	42	9	42	42	42	42
TGGCGCACAGGGGA__0.504464793859624__19	42	42	25	43	25	42	4	42	9	42	42	42	22
TGGTACACAGGGGA__0.50430258570104__17	42	42	4	14	4	42	4	42	9	42	42	42	22
GTGGGGAGAGGGGG__0.503672026643835__62	4	42	42	42	42	22	9	22	9	42	42	42	42
AGGCGCACAGGGGG__0.502065244474213__14	9	42	25	43	25	42	4	42	9	42	42	42	42
CGGTACACAGGGGA__0.501939371654636__15	43	42	4	14	4	42	4	42	9	42	42	42	22
CCCCTAACCGACAA__0.501489007306087__34	42	42	42	9	14	5	4	42	43	22	4	42	5
GGGCACACAGGGGC__0.501228387313906__18	42	42	25	42	4	42	4	42	9	42	42	42	25
AAGGCTACAGGGGA__0.500434289823888__10	5	9	42	25	9	14	4	42	9	42	42	42	22
GAGCACACAGGGGG__0.500375419371136__10	22	9	25	42	4	42	4	42	9	42	42	42	42
TAGTTGGTAGGTTA__0.500261504089946__29	14	9	4	5	42	42	4	14	9	42	4	5	14
CAGGGGATAGGCGC__0.500180388580505__24	42	9	42	42	42	22	0	14	9	42	25	43	25
TGGGTGGGAGGGGG__0.499479119044757__98	42	42	42	4	42	42	42	22	9	42	42	42	42
ATGAACACAGGGGA__0.498891172463869__11	0	42	22	5	4	42	4	42	9	42	42	42	22
GGTGTGGTAGTGGG__0.498491291845409__63	42	4	42	4	42	42	4	14	9	4	42	42	42
AGGCGTACAGGGGA__0.498465870617379__14	9	42	25	43	4	14	4	42	9	42	42	42	22
CAAGGCACAGGGGG__0.498176601373814__11	42	5	9	42	25	42	4	42	9	42	42	42	42
TTGTTGGTAGGGAG__0.498143726703408__39	5	42	4	5	42	42	4	14	9	42	42	22	9
TGGAACACAGGGGA__0.497685303049058__13	42	42	22	5	4	42	4	42	9	42	42	42	22
AAGGACACAGGGGA__0.496737717873672__12	5	9	42	22	4	42	4	42	9	42	42	42	22
CAGGGGATAGGCAC__0.495932889242021__26	42	9	42	42	42	22	0	14	9	42	25	42	4
GGCAACACAGGGGT__0.495838335936894__10	42	25	42	5	4	42	4	42	9	42	42	42	4
TGGCGCACAGGGGG__0.495320433268364__16	42	42	25	43	25	42	4	42	9	42	42	42	42
ATGCACACAGGGGA__0.495053204087567__12	0	42	25	42	4	42	4	42	9	42	42	42	22
AAGGGGATAGGGGT__0.49498428063966__16	5	9	42	42	42	22	0	14	9	42	42	42	4
GGGCACACAGGGTT__0.493422244601392__12	42	42	25	42	4	42	4	42	9	42	42	4	5
GGGGGGGCAGGGTG__0.493281628587528__91	42	42	42	42	42	42	25	42	9	42	42	4	42
TGGGGCACAGGGGA__0.493059753000852__25	42	42	42	42	25	42	4	42	9	42	42	42	22
AAGGGGATAGGGAA__0.491985517011416__18	5	9	42	42	42	22	0	14	9	42	42	22	5
AGGCACACAGGGTT__0.489265042515117__9	9	42	25	42	4	42	4	42	9	42	42	4	5
AGGGTGGTAGTGTG__0.488924540810811__45	9	42	42	4	42	42	4	14	9	4	42	4	42
AAAGGCACAGGGGA__0.488563451723524__12	5	5	9	42	25	42	4	42	9	42	42	42	22
AAGGCCACAGGGGA__0.488315736653136__11	5	9	42	25	42	42	4	42	9	42	42	42	22
GGGGTGGTAGTGTG__0.488284139656304__87	42	42	42	4	42	42	4	14	9	4	42	4	42
GCCAAGGCAGGGGG__0.488010197195025__10	25	42	42	5	9	42	25	42	9	42	42	42	42
GTAGTGTTAGGGAG__0.487721603146848__26	4	14	9	4	42	4	5	14	9	42	42	22	9
CAGCACACAGGGGA__0.487470575543093__11	42	9	25	42	4	42	4	42	9	42	42	42	22
AGGCATACAGGGGC__0.48711800234259__11	9	42	25	42	0	14	4	42	9	42	42	42	25
AAGGCGCCAGGGGA__0.48553376650237__11	5	9	42	25	43	25	42	42	9	42	42	42	22
GGGCAGACAGGGGT__0.485531298792113__13	42	42	25	42	9	22	4	42	9	42	42	42	4
TTGCACACAGGGGA__0.485181154694651__12	5	42	25	42	4	42	4	42	9	42	42	42	22
TGGTACACAGGGGT__0.484235468539361__12	42	42	4	14	4	42	4	42	9	42	42	42	4
GCGTACACAGGGGA__0.483240329055749__13	25	43	4	14	4	42	4	42	9	42	42	42	22
CAGGGGATAGGACG__0.482693566275556__20	42	9	42	42	42	22	0	14	9	42	22	4	43
CAAGGCACAGGGGT__0.482572344173656__9	42	5	9	42	25	42	4	42	9	42	42	42	4
GAGTTGAAGGTTAG__0.481335342950478__18	22	9	4	5	42	22	5	9	42	4	5	14	9
TGTAGGGCAGGGAG__0.480611198914738__29	42	4	14	9	42	42	25	42	9	42	42	22	9
GGTGTGGCGGGTGG__0.480495799122941__77	42	4	42	4	42	42	25	43	42	42	4	42	42
AGGCACACAGGGAA__0.479537558497584__14	9	42	25	42	4	42	4	42	9	42	42	22	5
TGTAGGAGAGGGGG__0.478780639332729__20	42	4	14	9	42	22	9	22	9	42	42	42	42
GGCAACACAGGGGG__0.478656587696434__10	42	25	42	5	4	42	4	42	9	42	42	42	42
AGGCACACAGGGTA__0.477894049683003__11	9	42	25	42	4	42	4	42	9	42	42	4	14
ATAGTGGTAGGTTA__0.477590403436575__17	0	14	9	4	42	42	4	14	9	42	4	5	14
GGGTTGGGAGGGTG__0.477378399979883__75	42	42	4	5	42	42	42	22	9	42	42	4	42
GGCTACACAGGGGA__0.47574480042846__12	42	25	9	14	4	42	4	42	9	42	42	42	22
TAGGCCACAGGGGA__0.475118666337523__11	14	9	42	25	42	42	4	42	9	42	42	42	22
AGGTATACAGGGGG__0.473776523288449__9	9	42	4	14	0	14	4	42	9	42	42	42	42
TGGGTGGGAGGGTG__0.473320602772005__80	42	42	42	4	42	42	42	22	9	42	42	4	42
GGGCTCACAGGGGA__0.472078442002909__14	42	42	25	9	22	42	4	42	9	42	42	42	22
TAGGGGATAGGGGG__0.470146958726897__19	14	9	42	42	42	22	0	14	9	42	42	42	42
GGTGTGGCGGGGGG__0.470139155517025__77	42	4	42	4	42	42	25	43	42	42	42	42	42
TGGCATACAGGGGG__0.470096935468066__10	42	42	25	42	0	14	4	42	9	42	42	42	42
TAGTTGTTAGGTTA__0.470000990324586__21	14	9	4	5	42	4	5	14	9	42	4	5	14
AAGGGGATAGGGCA__0.468797088874235__18	5	9	42	42	42	22	0	14	9	42	42	25	42
TTAGTGGTAGGTTA__0.468592258012627__24	5	14	9	4	42	42	4	14	9	42	4	5	14
CGGGTGGGAGGGAG__0.467484730223639__50	43	42	42	4	42	42	42	22	9	42	42	22	9
TGGGACACAGGGGT__0.465444193804495__11	42	42	42	22	4	42	4	42	9	42	42	42	4
GGGAGGGCAGGGTG__0.465380392066617__42	42	42	22	9	42	42	25	42	9	42	42	4	42
TCCCTAACCGACAA__0.465248721734682__28	22	42	42	9	14	5	4	42	43	22	4	42	5
TGGCATACAGGGGT__0.46510743033278__9	42	42	25	42	0	14	4	42	9	42	42	42	4
AAGGTCACAGGGGG__0.46506993796485__9	5	9	42	4	22	42	4	42	9	42	42	42	42
ACGGGGATAGGTTA__0.464690493007149__14	4	43	42	42	42	22	0	14	9	42	4	5	14
GGGTGCACAGGGGT__0.463884373936325__21	42	42	4	42	25	42	4	42	9	42	42	42	4
GGGCTCACAGGGGT__0.463691518314237__11	42	42	25	9	22	42	4	42	9	42	42	42	4
TCCCTGACCTACAA__0.463519819275372__25	22	42	42	9	42	22	4	42	9	14	4	42	5
AAGGGGATAGGGTT__0.463382002439217__14	5	9	42	42	42	22	0	14	9	42	42	4	5
GGGAACACAGGGGT__0.463202241986353__9	42	42	22	5	4	42	4	42	9	42	42	42	4
AAGGGGATAGGTTT__0.463057244092035__15	5	9	42	42	42	22	0	14	9	42	4	5	5
AGTGTGGTAGTGGG__0.462562280244503__27	9	4	42	4	42	42	4	14	9	4	42	42	42
CGGGGGATAGGGGA__0.462557574804865__25	43	42	42	42	42	22	0	14	9	42	42	42	22
AGGTTCACAGGGGT__0.46191557456501__9	9	42	4	5	22	42	4	42	9	42	42	42	4
TAGGGGATAGGGGA__0.461681553842167__18	14	9	42	42	42	22	0	14	9	42	42	42	22
TGTGGGATAGGGAG__0.461067953721389__26	42	4	42	42	42	22	0	14	9	42	42	22	9
AGGCGCACAGGGAT__0.459219242874281__13	9	42	25	43	25	42	4	42	9	42	42	22	0
GGCATCACAGGGGA__0.458679305979431__10	42	25	42	0	22	42	4	42	9	42	42	42	22
GGCGACACAGGGGA__0.457801312291939__11	42	25	43	22	4	42	4	42	9	42	42	42	22
GGTGGGACGGGTGG__0.457523703345009__48	42	4	42	42	42	22	4	43	42	42	4	42	42
CAGGGGATAGGATG__0.456740639263467__15	42	9	42	42	42	22	0	14	9	42	22	0	42
GGGGTGGGAGGGGG__0.456573005004414__101	42	42	42	4	42	42	42	22	9	42	42	42	42
GAGTTGAGGGGGGC__0.456395225214703__28	22	9	4	5	42	22	9	42	42	42	42	42	25
GGGCAGACAGGGGA__0.455185179981366__12	42	42	25	42	9	22	4	42	9	42	42	42	22
AAGTTGAAGGTTAG__0.454653636504331__11	5	9	4	5	42	22	5	9	42	4	5	14	9
TGGCTCACAGGGGG__0.45461965026153__10	42	42	25	9	22	42	4	42	9	42	42	42	42
AAGGGGATAGGAAG__0.454537584454342__15	5	9	42	42	42	22	0	14	9	42	22	5	9
AAGGGGATAGGGTA__0.454297905548629__14	5	9	42	42	42	22	0	14	9	42	42	4	14
AAGGGGATAGGTAG__0.452896056637957__14	5	9	42	42	42	22	0	14	9	42	4	14	9
TTGAACACAGGGGA__0.452222217875848__9	5	42	22	5	4	42	4	42	9	42	42	42	22
ATGGAGTCAGGGGG__0.451807448873971__10	0	42	42	22	9	4	22	42	9	42	42	42	42
TGGAGGATAGGGAG__0.451488530195315__16	42	42	22	9	42	22	0	14	9	42	42	22	9
AGGGATACAGGGGA__0.451435724573989__10	9	42	42	22	0	14	4	42	9	42	42	42	22
TCCCTAACCGTACA__0.451429990383459__22	22	42	42	9	14	5	4	42	43	4	14	4	42
GGGATGGGAGGGGG__0.450638152749939__47	42	42	22	0	42	42	42	22	9	42	42	42	42
TGGTGCACAGGGGA__0.450127750468569__18	42	42	4	42	25	42	4	42	9	42	42	42	22
TGGCTCACAGGGGA__0.449658576632012__11	42	42	25	9	22	42	4	42	9	42	42	42	22
TGGAGGAGAGGTGG__0.449478991953743__19	42	42	22	9	42	22	9	22	9	42	4	42	42
CAGGGGATAGGACA__0.449253379091038__18	42	9	42	42	42	22	0	14	9	42	22	4	42
GTGGTGGGAGGGTG__0.448408775276505__68	4	42	42	4	42	42	42	22	9	42	42	4	42
TCCCTAACACTACA__0.446182316308268__29	22	42	42	9	14	5	4	42	4	9	14	4	42
GGAGGGACGGGTGG__0.446132585239063__28	42	22	9	42	42	22	4	43	42	42	4	42	42
TGTATGTTAGGGAG__0.445957724875716__17	42	4	14	0	42	4	5	14	9	42	42	22	9
AGGGGGAGAGGAGG__0.445576188574146__31	9	42	42	42	42	22	9	22	9	42	22	9	42
AAGGGGATAGGGGC__0.44444300242937__13	5	9	42	42	42	22	0	14	9	42	42	42	25
GAGTTGAGGGGGGT__0.443999879666764__25	22	9	4	5	42	22	9	42	42	42	42	42	4
GGGCGGGCAGGGGG__0.443436963723111__36	42	42	25	43	42	42	25	42	9	42	42	42	42
AAGGTAACAGGGGA__0.441376405308748__9	5	9	42	4	14	5	4	42	9	42	42	42	22
ATGGAGAGAGGAGG__0.440912431278954__10	0	42	42	22	9	22	9	22	9	42	22	9	42
CAGGGGATAGTGCG__0.440854024816449__15	42	9	42	42	42	22	0	14	9	4	42	25	43
CAGGGGATAGGCCT__0.440758588478021__16	42	9	42	42	42	22	0	14	9	42	25	42	9
GGCTAAACAGGGGA__0.440435722723516__9	42	25	9	14	5	5	4	42	9	42	42	42	22
GGGATGGGAGGGTG__0.440218720223149__42	42	42	22	0	42	42	42	22	9	42	42	4	42
GGTTTGACAGGTGT__0.439561287561962__14	42	4	5	5	42	22	4	42	9	42	4	42	4
AAGGGGATAGGTGG__0.439351055862415__12	5	9	42	42	42	22	0	14	9	42	4	42	42
CAGTTGAAGGTTAG__0.438495425203523__10	42	9	4	5	42	22	5	9	42	4	5	14	9
GGGCTCACAGGGGG__0.437373316828553__10	42	42	25	9	22	42	4	42	9	42	42	42	42
ATGGAGGCAGGAGG__0.436823083070673__13	0	42	42	22	9	42	25	42	9	42	22	9	42
TAGGACACAGGGGA__0.436081811377352__9	14	9	42	22	4	42	4	42	9	42	42	42	22
GTAGTGGTAGGTTA__0.436063902238952__23	4	14	9	4	42	42	4	14	9	42	4	5	14
GGGGGGATAGGGGG__0.434720694130201__39	42	42	42	42	42	22	0	14	9	42	42	42	42
CAGGGGATAGTGGG__0.434442251593562__12	42	9	42	42	42	22	0	14	9	4	42	42	42
TAGTTGAAGGGTAG__0.43419418323961__14	14	9	4	5	42	22	5	9	42	42	4	14	9
TGTAGGGCAGGGGG__0.433925626577035__21	42	4	14	9	42	42	25	42	9	42	42	42	42
ATGGAGACGGGGGG__0.433468236929448__9	0	42	42	22	9	22	4	43	42	42	42	42	42
ATGGAGGCAGGGGG__0.433411474313201__13	0	42	42	22	9	42	25	42	9	42	42	42	42
TGTAGGATAGGGGA__0.432662262879497__12	42	4	14	9	42	22	0	14	9	42	42	42	22
ACGGGGATAGGTAG__0.432420692344078__11	4	43	42	42	42	22	0	14	9	42	4	14	9
TGGGGGATAGGGGG__0.432073925293928__29	42	42	42	42	42	22	0	14	9	42	42	42	42
GGGGTGGGAGGGTG__0.431842554087995__82	42	42	42	4	42	42	42	22	9	42	42	4	42
TTAGTTGCAGGTTA__0.431204856291914__13	5	14	9	4	5	42	25	42	9	42	4	5	14
GTGGTGGGAGGGGG__0.431114871548578__63	4	42	42	4	42	42	42	22	9	42	42	42	42
TGGGACACAGGGGA__0.431019746650194__11	42	42	42	22	4	42	4	42	9	42	42	42	22
GGGGCCACAGGGGA__0.430988454067547__12	42	42	42	25	42	42	4	42	9	42	42	42	22
CAGGGGATAGGTCC__0.430508540779699__15	42	9	42	42	42	22	0	14	9	42	4	22	42
AGTGTGGTAGGGTG__0.429694728397443__24	9	4	42	4	42	42	4	14	9	42	42	4	42
AGGGCCACAGGGGA__0.429624084867038__9	9	42	42	25	42	42	4	42	9	42	42	42	22
AAGGGGATAGGTTG__0.42910197234791__12	5	9	42	42	42	22	0	14	9	42	4	5	42
GTGGGGAGAGGAGG__0.428887612583416__37	4	42	42	42	42	22	9	22	9	42	22	9	42
GTTTTGACAGGTGT__0.428740743530755__11	4	5	5	5	42	22	4	42	9	42	4	42	4
GGGCACACAGGGAT__0.428510392486632__10	42	42	25	42	4	42	4	42	9	42	42	22	0
CTGGGGATAGGGGT__0.427186581511144__13	9	42	42	42	42	22	0	14	9	42	42	42	4
GGGCAAACAGGGGA__0.427001019091849__9	42	42	25	42	5	5	4	42	9	42	42	42	22
GTTTTGAAGGTGTT__0.426723205736386__16	4	5	5	5	42	22	5	9	42	4	42	4	5
TAGGTTAGAGGAGG__0.426256474588463__12	14	9	42	4	5	14	9	22	9	42	22	9	42
GGGGGGACGGGGGG__0.426255126701233__50	42	42	42	42	42	22	4	43	42	42	42	42	42
TGGGTGGGAGGGAG__0.426028033725739__57	42	42	42	4	42	42	42	22	9	42	42	22	9
AAGGGGATAGGTGT__0.425315479904843__11	5	9	42	42	42	22	0	14	9	42	4	42	4
GGTAGGATAGGGAG__0.424905176769742__15	42	4	14	9	42	22	0	14	9	42	42	22	9
AGGTTGAAGGTTAG__0.424871283331391__15	9	42	4	5	42	22	5	9	42	4	5	14	9
AGGGGGATAGGGGG__0.424816220802738__20	9	42	42	42	42	22	0	14	9	42	42	42	42
TGTAGGATAGGGTA__0.42457450375599__12	42	4	14	9	42	22	0	14	9	42	42	4	14
TTGTTGAAGGTTAG__0.424566842337303__16	5	42	4	5	42	22	5	9	42	4	5	14	9
AGGGGGATAGGGGT__0.424495426860946__19	9	42	42	42	42	22	0	14	9	42	42	42	4
GGGGATACAGGGGA__0.424482899769541__13	42	42	42	22	0	14	4	42	9	42	42	42	22
GGGCTGGGAGGGGG__0.424323105063859__39	42	42	25	9	42	42	42	22	9	42	42	42	42
GTAGTGTTAGGGGG__0.424181292679608__17	4	14	9	4	42	4	5	14	9	42	42	42	42
GGGTGGGCAGGGTG__0.423812789591557__44	42	42	4	42	42	42	25	42	9	42	42	4	42
TAGGTTACGGGAGG__0.42374937901846__13	14	9	42	4	5	14	4	43	42	42	22	9	42
CGGGGGATAGGTTT__0.423656183790707__21	43	42	42	42	42	22	0	14	9	42	4	5	5
ACGGGGATAGGGGT__0.423325712402969__9	4	43	42	42	42	22	0	14	9	42	42	42	4
TTGTTGTTAGGGAG__0.422894300028825__19	5	42	4	5	42	4	5	14	9	42	42	22	9
AAGGGGATAGGTAA__0.422605915246824__12	5	9	42	42	42	22	0	14	9	42	4	14	5
AGGGTGGGAGGGGG__0.422101901449812__41	9	42	42	4	42	42	42	22	9	42	42	42	42
TAGGGGATAGGGGT__0.421400525288462__13	14	9	42	42	42	22	0	14	9	42	42	42	4
AGGGGGAGAGGGGG__0.421183969412039__27	9	42	42	42	42	22	9	22	9	42	42	42	42
GGGAGGGCAGGGGG__0.421158468389668__32	42	42	22	9	42	42	25	42	9	42	42	42	42
GGGGGCACAGGGGT__0.421154307481143__17	42	42	42	42	25	42	4	42	9	42	42	42	4
GGGGCAACAGGGGA__0.420588857652034__12	42	42	42	25	42	5	4	42	9	42	42	42	22
CGGGGGATAGGGGT__0.420132476063441__18	43	42	42	42	42	22	0	14	9	42	42	42	4
CTGGGGATAGGGGG__0.419987210949436__13	9	42	42	42	42	22	0	14	9	42	42	42	42
TTGCGCACAGGGGA__0.419672900070057__10	5	42	25	43	25	42	4	42	9	42	42	42	22
CGGGGGATAGGGTG__0.419344558362548__19	43	42	42	42	42	22	0	14	9	42	42	4	42
CAGGGGATAGGCCG__0.419071071477105__14	42	9	42	42	42	22	0	14	9	42	25	42	43
GGCGGGACGGGTGG__0.418929344740556__25	42	25	43	42	42	22	4	43	42	42	4	42	42
CAGGGGATAGGCTC__0.418410912105498__14	42	9	42	42	42	22	0	14	9	42	25	9	22
TTGTTGGTAGGGGG__0.417983078481169__23	5	42	4	5	42	42	4	14	9	42	42	42	42
AGGGTGGGAGGGTG__0.417333693937632__38	9	42	42	4	42	42	42	22	9	42	42	4	42
GGGGGGGCAGGGCG__0.417206711310794__58	42	42	42	42	42	42	25	42	9	42	42	25	43
AAGGGGATAGGTGA__0.41625210941457__11	5	9	42	42	42	22	0	14	9	42	4	42	22
GGCAGCACAGGGGA__0.415018269082451__10	42	25	42	9	25	42	4	42	9	42	42	42	22
GGGGTCACAGGGGA__0.414779844853265__14	42	42	42	4	22	42	4	42	9	42	42	42	22
CGGGGGATAGGTTA__0.414725274922155__20	43	42	42	42	42	22	0	14	9	42	4	5	14
AAGGGGATAGGATA__0.414443483995805__12	5	9	42	42	42	22	0	14	9	42	22	0	14
ACGGGGATAGGGTT__0.414276038164696__9	4	43	42	42	42	22	0	14	9	42	42	4	5
CGGGGGATAGGGTA__0.414117961475934__19	43	42	42	42	42	22	0	14	9	42	42	4	14
GGTTTTATAGGTGT__0.413741967073435__13	42	4	5	5	5	14	0	14	9	42	4	42	4
GGAGGGAGAGGAGG__0.412724930485956__21	42	22	9	42	42	22	9	22	9	42	22	9	42
AGGGTCACAGGGGA__0.412507970478647__9	9	42	42	4	22	42	4	42	9	42	42	42	22
AGTGTGGTAGTGTT__0.412466301779088__21	9	4	42	4	42	42	4	14	9	4	42	4	5
TGGAGGATAGGGGG__0.412164639517435__12	42	42	22	9	42	22	0	14	9	42	42	42	42
AAGGGGATAGGCGA__0.411038337166221__12	5	9	42	42	42	22	0	14	9	42	25	43	22
GATGTGGTAGTGTG__0.410840377445927__17	22	0	42	4	42	42	4	14	9	4	42	4	42
GTAGGGATAGGGAG__0.410637738694348__13	4	14	9	42	42	22	0	14	9	42	42	22	9
GGGGGGGCAGGGGG__0.410508568626879__54	42	42	42	42	42	42	25	42	9	42	42	42	42
AAGGGGATAGGGAT__0.410430132070344__10	5	9	42	42	42	22	0	14	9	42	42	22	0
GGAAGCACAGGGGA__0.410263946553639__9	42	22	5	9	25	42	4	42	9	42	42	42	22
TGTAGGAGAGGGAG__0.409996249192244__12	42	4	14	9	42	22	9	22	9	42	42	22	9
CAGGGGATAGTGAG__0.409885771690087__11	42	9	42	42	42	22	0	14	9	4	42	22	9
GGGGTGGCGGGTGG__0.409399241233646__63	42	42	42	4	42	42	25	43	42	42	4	42	42
CAGGGGATAGTGTT__0.409336611121651__11	42	9	42	42	42	22	0	14	9	4	42	4	5
GGGTGGGCAGGGAG__0.409124568414077__41	42	42	4	42	42	42	25	42	9	42	42	22	9
CCCCTGAGTGCCCC__0.409021114822393__12	42	42	42	9	42	22	9	4	42	25	42	42	42
CAGGGGATAGCGGG__0.408480817650668__11	42	9	42	42	42	22	0	14	9	25	43	42	42
GGGGTGGTAGTGGG__0.408480014710994__48	42	42	42	4	42	42	4	14	9	4	42	42	42
GGTGTGGTAGTGTT__0.408354535433473__38	42	4	42	4	42	42	4	14	9	4	42	4	5
AAGGGGATAGGCTG__0.40826099331328__11	5	9	42	42	42	22	0	14	9	42	25	9	42
CGGGTGGGAGGGTG__0.408194962805815__34	43	42	42	4	42	42	42	22	9	42	42	4	42
TGGGTGAGGGGGGG__0.408012614831333__47	42	42	42	4	42	22	9	42	42	42	42	42	42
AAGGGGATAGGAGG__0.407505510026092__10	5	9	42	42	42	22	0	14	9	42	22	9	42
TGGAGGAGAGGGGC__0.407471225641875__15	42	42	22	9	42	22	9	22	9	42	42	42	25
AAGGGGATAGGCGG__0.405716801818828__10	5	9	42	42	42	22	0	14	9	42	25	43	42
GTGAGGAGAGGGGG__0.405675067237186__14	4	42	22	9	42	22	9	22	9	42	42	42	42
GTTGTGTTAGGGAG__0.404678750584107__21	4	5	42	4	42	4	5	14	9	42	42	22	9
GTTTTGAAGGCGTT__0.403615453951482__14	4	5	5	5	42	22	5	9	42	25	43	4	5
AGGGGGATAGGGTA__0.403440264962122__18	9	42	42	42	42	22	0	14	9	42	42	4	14
CAGGGGATAGGACC__0.402967158845765__14	42	9	42	42	42	22	0	14	9	42	22	4	42
GGTGGGACTGGGGG__0.402744230708676__23	42	4	42	42	42	22	4	9	42	42	42	42	42
GGGTGGAGAGGAGG__0.402450375418329__27	42	42	4	42	42	22	9	22	9	42	22	9	42
GGGTTGGGAGGGCG__0.402443973312086__45	42	42	4	5	42	42	42	22	9	42	42	25	43
TGGGTGGGAGGGCG__0.402390840931349__49	42	42	42	4	42	42	42	22	9	42	42	25	43
TGGTTGAAGGTTAG__0.400832329889086__17	42	42	4	5	42	22	5	9	42	4	5	14	9
TAGGGGATAGGTTA__0.400755985851156__13	14	9	42	42	42	22	0	14	9	42	4	5	14
TAGGGGATAGGTGG__0.400617074542136__12	14	9	42	42	42	22	0	14	9	42	4	42	42
GGAGGGACGGGCGG__0.400473349469015__22	42	22	9	42	42	22	4	43	42	42	25	43	42
AAGGGGATAGGGCG__0.40013742050486__10	5	9	42	42	42	22	0	14	9	42	42	25	43
TTGGGGAGAGGAGG__0.400135446950076__22	5	42	42	42	42	22	9	22	9	42	22	9	42
TAGTTGTAAGGTTA__0.400021946119184__10	14	9	4	5	42	4	14	5	9	42	4	5	14
CAGGGGACACGGGG__0.399806557015376__9	42	9	42	42	42	22	4	42	4	43	42	42	42
GGGTTGGGAGGGAG__0.399427893357594__43	42	42	4	5	42	42	42	22	9	42	42	22	9
AAGGGGATAGGGTG__0.399395495724299__9	5	9	42	42	42	22	0	14	9	42	42	4	42
CAGGGGATAGCGGT__0.399290409830304__10	42	9	42	42	42	22	0	14	9	25	43	42	4
TGGAGGAGAGGGGT__0.39917430165273__13	42	42	22	9	42	22	9	22	9	42	42	42	4
TTGTAGGCAGGGGG__0.399139352841604__12	5	42	4	14	9	42	25	42	9	42	42	42	42
AAGGGGATAGGGAG__0.398628732528523__9	5	9	42	42	42	22	0	14	9	42	42	22	9
TAGGGGATAGGGGC__0.398459497331698__12	14	9	42	42	42	22	0	14	9	42	42	42	25
TAGGTTAGAGGGGG__0.398452243693968__10	14	9	42	4	5	14	9	22	9	42	42	42	42
CAGGGGATAGTGGT__0.397893608049357__9	42	9	42	42	42	22	0	14	9	4	42	42	4
GGCGGCACAGGGGA__0.39785421519265__10	42	25	43	42	25	42	4	42	9	42	42	42	22
AAGGGGATAGGCTA__0.397517787946379__11	5	9	42	42	42	22	0	14	9	42	25	9	14
CAGGGGATAGATAT__0.397337957349428__11	42	9	42	42	42	22	0	14	9	22	0	14	0
CGGGGGATAGGATT__0.397238007827728__17	43	42	42	42	42	22	0	14	9	42	22	0	5
GGTAGGAGAGGGGG__0.396996850882215__15	42	4	14	9	42	22	9	22	9	42	42	42	42
GGCGTGGCGGGTGG__0.396953302659583__30	42	25	43	4	42	42	25	43	42	42	4	42	42
GGTGGGACGGGAGG__0.396919519796105__32	42	4	42	42	42	22	4	43	42	42	22	9	42
GGGGGGAGAGGTGG__0.396649557005532__41	42	42	42	42	42	22	9	22	9	42	4	42	42
TGGTGGAGAGGGGG__0.396601186208058__20	42	42	4	42	42	22	9	22	9	42	42	42	42
GAGGGGATAGGGGG__0.396598992073909__14	22	9	42	42	42	22	0	14	9	42	42	42	42
AAGGGGATAGGAGA__0.396591743780862__10	5	9	42	42	42	22	0	14	9	42	22	9	22
AGCGTGGTAGTGTG__0.39621093326578__13	9	25	43	4	42	42	4	14	9	4	42	4	42
GAGGTGGTAGTGTG__0.395681838938366__22	22	9	42	4	42	42	4	14	9	4	42	4	42
TTGTAGGCAGGGAG__0.395503812611397__12	5	42	4	14	9	42	25	42	9	42	42	22	9
TGGGGCACAGGGGG__0.395049439385305__12	42	42	42	42	25	42	4	42	9	42	42	42	42
ACCCTAACACTACA__0.394642416297494__20	4	42	42	9	14	5	4	42	4	9	14	4	42
CTGGGGATAGGTGG__0.394500167409462__11	9	42	42	42	42	22	0	14	9	42	4	42	42
AAGTTGTTAGGTTA__0.39404395944916__9	5	9	4	5	42	4	5	14	9	42	4	5	14
GGGGGGGCAGGGAG__0.393986850465369__48	42	42	42	42	42	42	25	42	9	42	42	22	9
GAGGGGATAGGGGT__0.393417466096356__13	22	9	42	42	42	22	0	14	9	42	42	42	4
TGTGTGGTAGTGGG__0.393399235427496__24	42	4	42	4	42	42	4	14	9	4	42	42	42
GTGTGCACAGGGGA__0.393145964554014__12	4	42	4	42	25	42	4	42	9	42	42	42	22
GGGTTGAAGGTTAG__0.393076450894036__21	42	42	4	5	42	22	5	9	42	4	5	14	9
AGGGTGGTAGTGGG__0.392914544216787__22	9	42	42	4	42	42	4	14	9	4	42	42	42
CAGGGGATAGTTTT__0.392793624310669__10	42	9	42	42	42	22	0	14	9	4	5	5	5
TGGAGGAGAGAGGG__0.392434296401151__13	42	42	22	9	42	22	9	22	9	22	9	42	42
GTGCGCACAGGGGA__0.392296568945707__9	4	42	25	43	25	42	4	42	9	42	42	42	22
TAGGGGATAGGTTG__0.39202042908965__12	14	9	42	42	42	22	0	14	9	42	4	5	42
GGTGTGGTAGGGTG__0.391826315915657__34	42	4	42	4	42	42	4	14	9	42	42	4	42
GGTGGGACGGGCGG__0.3917834644347__32	42	4	42	42	42	22	4	43	42	42	25	43	42
CGGAGGAGAGGGGG__0.391487547564521__9	43	42	22	9	42	22	9	22	9	42	42	42	42
GGTGTGGTAGTGTA__0.391472762631362__32	42	4	42	4	42	42	4	14	9	4	42	4	14
GCGGTGGGAGGGTG__0.39127203434241__32	25	43	42	4	42	42	42	22	9	42	42	4	42
GTAGTTGCAGGTTA__0.390279037451451__11	4	14	9	4	5	42	25	42	9	42	4	5	14
AGTTGGAGAGTTAG__0.390013968735241__9	9	4	5	42	42	22	9	22	9	4	5	14	9
CTGGGGATAGGGAA__0.389711385652987__11	9	42	42	42	42	22	0	14	9	42	42	22	5
GTGTTGAAGGTTAG__0.389633987138139__16	4	42	4	5	42	22	5	9	42	4	5	14	9
CGGGGGATAGGTAG__0.389585850984945__16	43	42	42	42	42	22	0	14	9	42	4	14	9
ACCCTGACCTACAA__0.389263889852606__14	4	42	42	9	42	22	4	42	9	14	4	42	5
AGGGTGGGAGGGTT__0.389058167165814__31	9	42	42	4	42	42	42	22	9	42	42	4	5
TAGTTGGCAGGTTA__0.388913362160714__11	14	9	4	5	42	42	25	42	9	42	4	5	14
GTGAGGAGAGGAGG__0.388609043666688__12	4	42	22	9	42	22	9	22	9	42	22	9	42
GATGGGAGAGGAGG__0.388432666545216__13	22	0	42	42	42	22	9	22	9	42	22	9	42
CAGGGGATAGTATT__0.38822999887819__10	42	9	42	42	42	22	0	14	9	4	14	0	5
GTTGTGGTAGTGTG__0.387834713101353__23	4	5	42	4	42	42	4	14	9	4	42	4	42
GGTGTGGGAGGGTG__0.387760471065637__42	42	4	42	4	42	42	42	22	9	42	42	4	42
CAGGGGATAGTGGA__0.38756802681206__9	42	9	42	42	42	22	0	14	9	4	42	42	22
CGGGGGATAGGGTT__0.387317744558678__15	43	42	42	42	42	22	0	14	9	42	42	4	5
CAGGGGATAGTGCA__0.387276849299056__11	42	9	42	42	42	22	0	14	9	4	42	25	42
TGGAGGGCAGGGAG__0.38714314752436__18	42	42	22	9	42	42	25	42	9	42	42	22	9
GGGGGGACGGGAGG__0.386967652085007__38	42	42	42	42	42	22	4	43	42	42	22	9	42
CGGGGGATAGGGAT__0.386649237216945__15	43	42	42	42	42	22	0	14	9	42	42	22	0
GGGAGCACAGGGGA__0.386117241406954__10	42	42	22	9	25	42	4	42	9	42	42	42	22
CTGGGGATAGGGGA__0.384819374258894__10	9	42	42	42	42	22	0	14	9	42	42	42	22
CCCCTAACACTACA__0.384596235748578__18	42	42	42	9	14	5	4	42	4	9	14	4	42
GGTTTGGTAGGTGT__0.384008849148404__22	42	4	5	5	42	42	4	14	9	42	4	42	4
AGGGGGATAGGGAT__0.383538053510708__15	9	42	42	42	42	22	0	14	9	42	42	22	0
CAGGGGATAGTAAT__0.383409357622193__10	42	9	42	42	42	22	0	14	9	4	14	5	0
CACACTACAGCACT__0.383130593954754__9	42	4	42	4	9	14	4	42	9	25	42	4	9
TTGTGGATAGGGAG__0.383117425000601__11	5	42	4	42	42	22	0	14	9	42	42	22	9
AGGGGTACAGGGGA__0.38311515024057__10	9	42	42	42	4	14	4	42	9	42	42	42	22
TAGGGGATAGGTAG__0.3830884326281__11	14	9	42	42	42	22	0	14	9	42	4	14	9
GGGGTGGCGGGGGG__0.382998759584284__55	42	42	42	4	42	42	25	43	42	42	42	42	42
TGGAGGAGAGGGGA__0.38252413363522__12	42	42	22	9	42	22	9	22	9	42	42	42	22
GAGGGCACAGGGGA__0.382379149901478__9	22	9	42	42	25	42	4	42	9	42	42	42	22
AAGGGGATAGGCAA__0.382122845658181__11	5	9	42	42	42	22	0	14	9	42	25	42	5
GGTAGGAGAGGAGG__0.381870902398851__13	42	4	14	9	42	22	9	22	9	42	22	9	42
GTTAGGAGAGGGGG__0.38179389914352__10	4	5	14	9	42	22	9	22	9	42	42	42	42
GGTGTGGCGGGCGG__0.381484322314792__40	42	4	42	4	42	42	25	43	42	42	25	43	42
GGATGGAGAGGGGG__0.381069629848173__12	42	22	0	42	42	22	9	22	9	42	42	42	42
ATGGTGAGAGGGGG__0.380968939221437__9	0	42	42	4	42	22	9	22	9	42	42	42	42
GGAGGGACGGGAGG__0.380914032297858__18	42	22	9	42	42	22	4	43	42	42	22	9	42
TGGGTGGGAGGGTT__0.380867361294935__42	42	42	42	4	42	42	42	22	9	42	42	4	5
CAGGGGATAGTTGG__0.380753849324632__9	42	9	42	42	42	22	0	14	9	4	5	42	42
AAGGGGATAGGCTT__0.380478301251937__9	5	9	42	42	42	22	0	14	9	42	25	9	5
TGGATGAGAGGGGG__0.380461979915789__9	42	42	22	0	42	22	9	22	9	42	42	42	42
CTGGGGATAGGGGC__0.380237995821358__10	9	42	42	42	42	22	0	14	9	42	42	42	25
AGGGTGGGAGGGAT__0.379371519076667__28	9	42	42	4	42	42	42	22	9	42	42	22	0
TGGTGGAGAGGAGG__0.379331833564297__17	42	42	4	42	42	22	9	22	9	42	22	9	42
GTTTTGAAGGTGGG__0.379321419478803__12	4	5	5	5	42	22	5	9	42	4	42	42	42
GGAGTTAGAGGAGG__0.378435088736887__9	42	22	9	4	5	14	9	22	9	42	22	9	42
TAGTTGTGAGGTTA__0.378298901120255__12	14	9	4	5	42	4	42	22	9	42	4	5	14
GGGGTGGGAGGGGT__0.378235224345209__55	42	42	42	4	42	42	42	22	9	42	42	42	4
TAGGGGATAGGGAG__0.37786995453275__10	14	9	42	42	42	22	0	14	9	42	42	22	9
GGGTGGAGAGGGGG__0.377387294301016__23	42	42	4	42	42	22	9	22	9	42	42	42	42
CAGGGGATAGAAGG__0.377168260295548__9	42	9	42	42	42	22	0	14	9	22	5	9	42
CGGGTGGGAGGGTT__0.377128009916612__27	43	42	42	4	42	42	42	22	9	42	42	4	5
TAGGTGAGGGAGGT__0.376986250601293__20	14	9	42	4	42	22	9	42	42	22	9	42	4
GGGTACACAGGGGC__0.376984189344646__9	42	42	4	14	4	42	4	42	9	42	42	42	25
TGGGTGGGAGTGGG__0.376926158867175__36	42	42	42	4	42	42	42	22	9	4	42	42	42
GGGGTGGGAGGGAG__0.376453794893261__53	42	42	42	4	42	42	42	22	9	42	42	22	9
GGTTTTATAGGCGG__0.376415281351544__10	42	4	5	5	5	14	0	14	9	42	25	43	42
CGGGGGATAGGTGT__0.376405852241362__14	43	42	42	42	42	22	0	14	9	42	4	42	4
GGAGTTAGAGGGGG__0.376121078515212__9	42	22	9	4	5	14	9	22	9	42	42	42	42
GTTGTGACAGGTGT__0.376092693467054__9	4	5	42	4	42	22	4	42	9	42	4	42	4
AGGGGGATAGGTTT__0.375769437503243__15	9	42	42	42	42	22	0	14	9	42	4	5	5
CGGGGGATAGGGAA__0.374968656216053__14	43	42	42	42	42	22	0	14	9	42	42	22	5
CAGGGGATAGTTAG__0.374825520310742__9	42	9	42	42	42	22	0	14	9	4	5	14	9
TGTATGTTAGGGGG__0.374778319349413__10	42	4	14	0	42	4	5	14	9	42	42	42	42
GGTTTGGGAGGGGG__0.374530870417446__28	42	4	5	5	42	42	42	22	9	42	42	42	42
AGGGGGATAGGTGG__0.374223482510421__14	9	42	42	42	42	22	0	14	9	42	4	42	42
AAGGGGATAGGCAG__0.374035311092691__9	5	9	42	42	42	22	0	14	9	42	25	42	9
GGGATGGGAGGGCG__0.373977777246197__26	42	42	22	0	42	42	42	22	9	42	42	25	43
CGGGTGGGAGGGGT__0.373575755909206__26	43	42	42	4	42	42	42	22	9	42	42	42	4
ATGGGGATAGGGGT__0.373206733962619__9	0	42	42	42	42	22	0	14	9	42	42	42	4
TAGGGGATAGGAGG__0.373056904325609__10	14	9	42	42	42	22	0	14	9	42	22	9	42
AGTGTGGTAGTGTA__0.372891709207882__15	9	4	42	4	42	42	4	14	9	4	42	4	14
TAGGGGATAGGGTA__0.372406609636634__10	14	9	42	42	42	22	0	14	9	42	42	4	14
GAGGGGAGAGGGGG__0.372353474196268__16	22	9	42	42	42	22	9	22	9	42	42	42	42
GGGGGGACGGGCGG__0.371523370100107__35	42	42	42	42	42	22	4	43	42	42	25	43	42
GAGGGGATAGGCGG__0.371279101980252__12	22	9	42	42	42	22	0	14	9	42	25	43	42
CCCCTAACATACAA__0.371156148642373__14	42	42	42	9	14	5	4	42	0	14	4	42	5
TGTAGGTCAGGGAG__0.370987400117475__9	42	4	14	9	42	4	22	42	9	42	42	22	9
CAGGGGATAGTTAT__0.37071358004654__9	42	9	42	42	42	22	0	14	9	4	5	14	0
TTGGGGAGAGGGGG__0.370273463791328__18	5	42	42	42	42	22	9	22	9	42	42	42	42
GAGGGGATAGGGTA__0.370140467877586__12	22	9	42	42	42	22	0	14	9	42	42	4	14
CTGGGGATAGGGTG__0.370036235396431__9	9	42	42	42	42	22	0	14	9	42	42	4	42
TGGGTGGGAGGGTA__0.370015639862066__39	42	42	42	4	42	42	42	22	9	42	42	4	14
AGGGTGGGAGGGTA__0.369617231089279__27	9	42	42	4	42	42	42	22	9	42	42	4	14
TGTGTGTTAGGGAG__0.368860619434036__16	42	4	42	4	42	4	5	14	9	42	42	22	9
TGGAGGAGAGGAAG__0.368777015863618__11	42	42	22	9	42	22	9	22	9	42	22	5	9
CGGGGGATAGGGGC__0.368527966150504__13	43	42	42	42	42	22	0	14	9	42	42	42	25
AGTGTGGTAGGGGG__0.368507987662975__15	9	4	42	4	42	42	4	14	9	42	42	42	42
GAGGGGAGAGGAGG__0.368017933488138__15	22	9	42	42	42	22	9	22	9	42	22	9	42
CGGGGGATAGGTGG__0.367895034011312__13	43	42	42	42	42	22	0	14	9	42	4	42	42
ATGGGGATAGGTTA__0.367716596903496__10	0	42	42	42	42	22	0	14	9	42	4	5	14
TGGTGCACAGGGGG__0.36764629099295__9	42	42	4	42	25	42	4	42	9	42	42	42	42
CAGGGGATAGTCTT__0.36731261328367__9	42	9	42	42	42	22	0	14	9	4	22	9	5
TGTATGGTAGGGAG__0.367124785759667__12	42	4	14	0	42	42	4	14	9	42	42	22	9
CGGGTGGGAGGGGA__0.366631091461789__25	43	42	42	4	42	42	42	22	9	42	42	42	22
GGGTGGGCAGGGGT__0.366509047913925__28	42	42	4	42	42	42	25	42	9	42	42	42	4
CGGGGGATAGGCGG__0.366436445939753__13	43	42	42	42	42	22	0	14	9	42	25	43	42
AGTGTGGTAGTGGT__0.365903670899626__13	9	4	42	4	42	42	4	14	9	4	42	42	4
AGGGTGGGAGGGAG__0.365511924720699__25	9	42	42	4	42	42	42	22	9	42	42	22	9
TGGAGGAGAGGGAG__0.365474837869431__10	42	42	22	9	42	22	9	22	9	42	42	22	9
GGAGGGAGAGGGGG__0.365264932055438__15	42	22	9	42	42	22	9	22	9	42	42	42	42
GGCGTGGCGGGGGG__0.365173810441329__25	42	25	43	4	42	42	25	43	42	42	42	42	42
CGGGGGATAGGAGG__0.365091853404231__13	43	42	42	42	42	22	0	14	9	42	22	9	42
TAGGGGATAGGGTT__0.365065785461113__9	14	9	42	42	42	22	0	14	9	42	42	4	5
TAGGTGAGGGGGGG__0.365039424784313__18	14	9	42	4	42	22	9	42	42	42	42	42	42
TGTGTGGTAGTGTT__0.3648193491965__21	42	4	42	4	42	42	4	14	9	4	42	4	5
GTTTTGTAAGGGGT__0.363753793920139__9	4	5	5	5	42	4	14	5	9	42	42	42	4
CGGGGGAGAGGGGG__0.363707914323478__17	43	42	42	42	42	22	9	22	9	42	42	42	42
GAGTTGTTAGGTTA__0.363513410047242__10	22	9	4	5	42	4	5	14	9	42	4	5	14
GAGGGGATAGGTGG__0.36324958037442__11	22	9	42	42	42	22	0	14	9	42	4	42	42
GTGTTGGTAGTGTG__0.363185055383154__19	4	42	4	5	42	42	4	14	9	4	42	4	42
GGGATGGGAGGGAG__0.362373141708814__23	42	42	22	0	42	42	42	22	9	42	42	22	9
GGGTTGGGAGGGTT__0.362238182029067__33	42	42	4	5	42	42	42	22	9	42	42	4	5
TGGAGGAGAGGATG__0.361973226200208__10	42	42	22	9	42	22	9	22	9	42	22	0	42
CTGGGGATAGGTTT__0.36168344873894__9	9	42	42	42	42	22	0	14	9	42	4	5	5
AGGGTGGTAGGGTG__0.361299256278444__19	9	42	42	4	42	42	4	14	9	42	42	4	42
AGGGGGATAGGTAG__0.360612359141656__13	9	42	42	42	42	22	0	14	9	42	4	14	9
TGGGTGGTAGTGTG__0.360605114146588__26	42	42	42	4	42	42	4	14	9	4	42	4	42
GTTTTGGTAGGTGT__0.360223394922881__14	4	5	5	5	42	42	4	14	9	42	4	42	4
TGGGTGGGAGGGGT__0.359562497203685__35	42	42	42	4	42	42	42	22	9	42	42	42	4
CTGGGGATAGGTTA__0.359430564346618__9	9	42	42	42	42	22	0	14	9	42	4	5	14
CAGGGGATAGGCCA__0.359276281256275__10	42	9	42	42	42	22	0	14	9	42	25	42	42
AGGGGGATAGGGGA__0.359241377506587__12	9	42	42	42	42	22	0	14	9	42	42	42	22
ACCCTAACCGTACA__0.358823194815607__11	4	42	42	9	14	5	4	42	43	4	14	4	42
TGGGTGGGAGGGAT__0.358582880196785__34	42	42	42	4	42	42	42	22	9	42	42	22	0
CGGGGGATAGGGCT__0.358040420347662__13	43	42	42	42	42	22	0	14	9	42	42	25	9
TGTGTGGTAGGGTG__0.357479613231867__20	42	4	42	4	42	42	4	14	9	42	42	4	42
GTAGTGGTAGTGTG__0.35728083321967__12	4	14	9	4	42	42	4	14	9	4	42	4	42
CAGGGGATAGGCCC__0.357172483928452__11	42	9	42	42	42	22	0	14	9	42	25	42	42
GGTGGGGCAGGGGG__0.35697497151419__28	42	4	42	42	42	42	25	42	9	42	42	42	42
CTGGGGATAGGTTC__0.356971577247142__9	9	42	42	42	42	22	0	14	9	42	4	5	22
CTGGGGATAGGGCT__0.356932545263353__9	9	42	42	42	42	22	0	14	9	42	42	25	9
ATGGGGATAGGGCG__0.356352755862605__9	0	42	42	42	42	22	0	14	9	42	42	25	43
TTGGGGATAGGGGT__0.356284938212428__11	5	42	42	42	42	22	0	14	9	42	42	42	4
GTGGTGGTAGTGTG__0.355918038743678__25	4	42	42	4	42	42	4	14	9	4	42	4	42
AAGGGGATAGGAAC__0.355900276559749__9	5	9	42	42	42	22	0	14	9	42	22	5	4
ATGTTGGTAGGTTA__0.355145567047278__10	0	42	4	5	42	42	4	14	9	42	4	5	14
TAGGGGATAGGTAA__0.354201183823345__9	14	9	42	42	42	22	0	14	9	42	4	14	5
GAGTTGGTAGTGTG__0.353443929894118__10	22	9	4	5	42	42	4	14	9	4	42	4	42
AGGGTGGGAGGGGT__0.353306245024838__23	9	42	42	4	42	42	42	22	9	42	42	42	4
AGGGGGATAGGGAA__0.353204800861989__12	9	42	42	42	42	22	0	14	9	42	42	22	5
GGGAGGGCAGGGGT__0.353194341905349__18	42	42	22	9	42	42	25	42	9	42	42	42	4
GAGGGGATAGGGTG__0.353156258925523__10	22	9	42	42	42	22	0	14	9	42	42	4	42
GGAGTGGCGGGTGG__0.353032170108075__19	42	22	9	4	42	42	25	43	42	42	4	42	42
GGTGGGACAGGGGG__0.352810526628468__13	42	4	42	42	42	22	4	42	9	42	42	42	42
GGTTTGGTAGGGGT__0.352701729998516__17	42	4	5	5	42	42	4	14	9	42	42	42	4
CGGGGGATAGGTGA__0.352479755326362__12	43	42	42	42	42	22	0	14	9	42	4	42	22
CGGGGGATAGGGCA__0.352024970168426__13	43	42	42	42	42	22	0	14	9	42	42	25	42
GTGGAGAGAGGAGG__0.351903705244587__9	4	42	42	22	9	22	9	22	9	42	22	9	42
GTTTTGGTAGGGGT__0.351872640258025__13	4	5	5	5	42	42	4	14	9	42	42	42	4
GAGGTGGGAGGGTG__0.35180502229164__21	22	9	42	4	42	42	42	22	9	42	42	4	42
GGCGGGACAGGGTG__0.351783477699824__9	42	25	43	42	42	22	4	42	9	42	42	4	42
GGGGTGGTAGGGTG__0.3513882888214__34	42	42	42	4	42	42	4	14	9	42	42	4	42
GAGTTGAGGGGGGA__0.35137996428152__13	22	9	4	5	42	22	9	42	42	42	42	42	22
TGGGTGAGGGTGGG__0.351362149275358__30	42	42	42	4	42	22	9	42	42	4	42	42	42
ACCCTAACCGACAA__0.351101721150793__12	4	42	42	9	14	5	4	42	43	22	4	42	5
TGGGTGGGAGGGGA__0.350978818672029__33	42	42	42	4	42	42	42	22	9	42	42	42	22
TTGGGGATAGGGGG__0.350611401911034__11	5	42	42	42	42	22	0	14	9	42	42	42	42
GCGGTGGGAGGGGG__0.350572329081063__24	25	43	42	4	42	42	42	22	9	42	42	42	42
TGGGTGGGAGGGGC__0.350042520407929__33	42	42	42	4	42	42	42	22	9	42	42	42	25
GTGGAGAGAGGGGG__0.349272963702492__9	4	42	42	22	9	22	9	22	9	42	42	42	42
GGTGTGGGAGGGGG__0.349272058110896__32	42	4	42	4	42	42	42	22	9	42	42	42	42
GGGGTGGGAGGGGC__0.349120571637983__44	42	42	42	4	42	42	42	22	9	42	42	42	25
GGGCAGGCAGGGGA__0.3489558807122__10	42	42	25	42	9	42	25	42	9	42	42	42	22
GGTGTGGTAGTGGT__0.348934873675132__21	42	4	42	4	42	42	4	14	9	4	42	42	4
TGGGTGAGGGGGGT__0.34867154355569__30	42	42	42	4	42	22	9	42	42	42	42	42	4
TGGAGGAGAGGAGT__0.348656339575322__9	42	42	22	9	42	22	9	22	9	42	22	9	4
GGGCGGGCAGGGTG__0.348549805899492__17	42	42	25	43	42	42	25	42	9	42	42	4	42
GGGGTGAGGGTGGG__0.347012067741924__39	42	42	42	4	42	22	9	42	42	4	42	42	42
CGTGTGGTAGTGTG__0.345993590379245__12	43	4	42	4	42	42	4	14	9	4	42	4	42
GTTTTGAAGGTGGT__0.345809849326775__9	4	5	5	5	42	22	5	9	42	4	42	42	4
GGGGGCACAGGGGG__0.345630358815486__10	42	42	42	42	25	42	4	42	9	42	42	42	42
GGGTGGGCAGGGTT__0.34561540014596__24	42	42	4	42	42	42	25	42	9	42	42	4	5
GTTTTGAAGGGGTT__0.34514952305889__9	4	5	5	5	42	22	5	9	42	42	42	4	5
GGTGGGAGAGGAGG__0.345064986452092__19	42	4	42	42	42	22	9	22	9	42	22	9	42
AGGAGGGCAGGGGG__0.344924368219355__9	9	42	22	9	42	42	25	42	9	42	42	42	42
GGGTGGGCAGGGCG__0.3447003364444__25	42	42	4	42	42	42	25	42	9	42	42	25	43
GGGGTGGGAGGGTT__0.344587484239128__42	42	42	42	4	42	42	42	22	9	42	42	4	5
CGGGGGAGAGGAGG__0.344469578802724__14	43	42	42	42	42	22	9	22	9	42	22	9	42
GGGGTGGGAGGGGA__0.344442226284641__42	42	42	42	4	42	42	42	22	9	42	42	42	22
CGGGTGGGAGGGAT__0.344270602590021__20	43	42	42	4	42	42	42	22	9	42	42	22	0
GGTGTGGCGGGAGG__0.344178967898487__30	42	4	42	4	42	42	25	43	42	42	22	9	42
TAGGGGATAGGTAC__0.344158127016023__9	14	9	42	42	42	22	0	14	9	42	4	14	4
GCCCTAACCGTACA__0.342821071914634__10	25	42	42	9	14	5	4	42	43	4	14	4	42
TGGATGAGGGGGGG__0.342748256984784__13	42	42	22	0	42	22	9	42	42	42	42	42	42
GTTTTGGAAGGTGT__0.342468015163954__9	4	5	5	5	42	42	22	5	9	42	4	42	4
CGGGGGATAGGGCG__0.342361141651374__11	43	42	42	42	42	22	0	14	9	42	42	25	43
GGGTTGAGGGGGGC__0.34173558814775__26	42	42	4	5	42	22	9	42	42	42	42	42	25
TAGGTGAGGGGGGT__0.341203747021522__15	14	9	42	4	42	22	9	42	42	42	42	42	4
GAGGGGATAGGGTT__0.340888076340272__9	22	9	42	42	42	22	0	14	9	42	42	4	5
TGTGGGGCAGGGAG__0.340794887312813__18	42	4	42	42	42	42	25	42	9	42	42	22	9
GATGGGAGAGGGGG__0.340766960258268__9	22	0	42	42	42	22	9	22	9	42	42	42	42
GGGGTGGGAGGGCG__0.340747429642626__40	42	42	42	4	42	42	42	22	9	42	42	25	43
CGGGGGATAGGCGT__0.340718083439615__11	43	42	42	42	42	22	0	14	9	42	25	43	4
CGGGGGATAGGAAT__0.340297373622548__11	43	42	42	42	42	22	0	14	9	42	22	5	0
GGGTTGGGAGGGGT__0.339862214952013__27	42	42	4	5	42	42	42	22	9	42	42	42	4
GGTGTGGTAGGGGG__0.339841605353794__22	42	4	42	4	42	42	4	14	9	42	42	42	42
GAGGGGATAGGGAT__0.339762655149822__9	22	9	42	42	42	22	0	14	9	42	42	22	0
AGGGGGATAGGGCG__0.339491676355883__11	9	42	42	42	42	22	0	14	9	42	42	25	43
GTTGTGGTAGGGAG__0.339379680712985__16	4	5	42	4	42	42	4	14	9	42	42	22	9
CGGGTGGGAGGGGC__0.339143634788009__20	43	42	42	4	42	42	42	22	9	42	42	42	25
GGTGGGATAGGGGG__0.338892147492167__14	42	4	42	42	42	22	0	14	9	42	42	42	42
GAGGTGAGGGGGGC__0.338805130155239__18	22	9	42	4	42	22	9	42	42	42	42	42	25
CGGGGGATAGGGAG__0.338766923622447__10	43	42	42	42	42	22	0	14	9	42	42	22	9
TCCCTAACATACAA__0.338704079861611__11	22	42	42	9	14	5	4	42	0	14	4	42	5
AGGGGGATAGGGAC__0.338660875100556__11	9	42	42	42	42	22	0	14	9	42	42	22	4
GTTTTGAAGGGGGT__0.338499756368322__9	4	5	5	5	42	22	5	9	42	42	42	42	4
AGGGGGATAGGTTG__0.338319341662706__11	9	42	42	42	42	22	0	14	9	42	4	5	42
GTAGGGACGGGGGG__0.338296736739112__10	4	14	9	42	42	22	4	43	42	42	42	42	42
TGTGTGGTAGTGTA__0.337905786662268__16	42	4	42	4	42	42	4	14	9	4	42	4	14
GGGCTGGGAGGGCG__0.337485630854718__19	42	42	25	9	42	42	42	22	9	42	42	25	43
TAGGTGGGAGGGGG__0.337375970647755__16	14	9	42	4	42	42	42	22	9	42	42	42	42
GAGGTGAGGGGGGG__0.336670851788322__17	22	9	42	4	42	22	9	42	42	42	42	42	42
GAGGGGATAGGGAA__0.336655628346961__9	22	9	42	42	42	22	0	14	9	42	42	22	5
TAGGTGAGGGAGGG__0.336599272158136__15	14	9	42	4	42	22	9	42	42	22	9	42	42
GGGGGGACTGGGTG__0.336428274059542__17	42	42	42	42	42	22	4	9	42	42	42	4	42
AGGGGGATAGGGTG__0.335935019632909__10	9	42	42	42	42	22	0	14	9	42	42	4	42
TTGTTGGTAGGGTG__0.335511515213138__12	5	42	4	5	42	42	4	14	9	42	42	4	42
GGTGGGACCGGGTG__0.335499346553027__9	42	4	42	42	42	22	4	42	43	42	42	4	42
TGGGTGGGAGGGTC__0.335407409872098__28	42	42	42	4	42	42	42	22	9	42	42	4	22
AGGGGGATAGGGGC__0.334830910176334__10	9	42	42	42	42	22	0	14	9	42	42	42	25
GATGGGACGGGGGG__0.334339698141234__9	22	0	42	42	42	22	4	43	42	42	42	42	42
GGTGGGACTGGGTG__0.334264108218199__13	42	4	42	42	42	22	4	9	42	42	42	4	42
GGTGTGGTAGGTGT__0.333829196523402__20	42	4	42	4	42	42	4	14	9	42	4	42	4
GGGAGGAGAGGAGT__0.333775331970102__11	42	42	22	9	42	22	9	22	9	42	22	9	4
GGTTTGGGAGGGTG__0.333764017075542__19	42	4	5	5	42	42	42	22	9	42	42	4	42
GGCGGGACGGGAGG__0.333365375303554__13	42	25	43	42	42	22	4	43	42	42	22	9	42
CGGGGGATAGGATG__0.333194091485432__10	43	42	42	42	42	22	0	14	9	42	22	0	42
CGGGTGAGGGGGGG__0.333023949389831__17	43	42	42	4	42	22	9	42	42	42	42	42	42
AGGGGGATAGGCGG__0.332962110430346__10	9	42	42	42	42	22	0	14	9	42	25	43	42
AGGGTGGGAGGGTC__0.332717666434331__19	9	42	42	4	42	42	42	22	9	42	42	4	22
GGGCTGGGAGGGTG__0.332577832308551__18	42	42	25	9	42	42	42	22	9	42	42	4	42
AGGGGGATAGGCAG__0.332225427155101__11	9	42	42	42	42	22	0	14	9	42	25	42	9
GAGTTGAGGGGGCG__0.331992250170782__11	22	9	4	5	42	22	9	42	42	42	42	25	43
CGGGTGGGAGGGCT__0.331927211721567__19	43	42	42	4	42	42	42	22	9	42	42	25	9
GGGGGGATAGGGGA__0.331845578969899__17	42	42	42	42	42	22	0	14	9	42	42	42	22
AGGGGGATAGGCGA__0.331813437167666__11	9	42	42	42	42	22	0	14	9	42	25	43	22
ATGGGGACGGGGGG__0.331681071504677__9	0	42	42	42	42	22	4	43	42	42	42	42	42
GAGGGGATAGGTTA__0.33133701070528__9	22	9	42	42	42	22	0	14	9	42	4	5	14
AGGGTGGGAGGGCG__0.330928679624715__19	9	42	42	4	42	42	42	22	9	42	42	25	43
CGGGGGATAGGTGC__0.330556620088643__10	43	42	42	42	42	22	0	14	9	42	4	42	25
CGGGGGATAGGAAG__0.330377668707384__10	43	42	42	42	42	22	0	14	9	42	22	5	9
CGGGGGATAGGTTG__0.330305397972756__10	43	42	42	42	42	22	0	14	9	42	4	5	42
GGGGGGATAGGGCG__0.330231260826409__18	42	42	42	42	42	22	0	14	9	42	42	25	43
TGGGGGATAGGGAG__0.32997731214627__13	42	42	42	42	42	22	0	14	9	42	42	22	9
GGGGGGATAGGGGC__0.329944681875092__17	42	42	42	42	42	22	0	14	9	42	42	42	25
GAGGTGGTAGTGGG__0.3297983041901__12	22	9	42	4	42	42	4	14	9	4	42	42	42
GGTGGGATAGGGTG__0.32961325303031__13	42	4	42	42	42	22	0	14	9	42	42	4	42
GCGGGGATAGGGGG__0.329212945889035__9	25	43	42	42	42	22	0	14	9	42	42	42	42
TTGGGGATAGGGGA__0.329167224774896__9	5	42	42	42	42	22	0	14	9	42	42	42	22
CACACTACAGCACC__0.328917451160245__10	42	4	42	4	9	14	4	42	9	25	42	4	42
GGTGGGAGAGGGGG__0.328695910102593__17	42	4	42	42	42	22	9	22	9	42	42	42	42
GGGGGGATAGGGTG__0.328584704817093__17	42	42	42	42	42	22	0	14	9	42	42	4	42
TAGGTGGTAGGTTA__0.328508468284349__11	14	9	42	4	42	42	4	14	9	42	4	5	14
GGTCTGAGGGGGGG__0.328484774151156__10	42	4	22	9	42	22	9	42	42	42	42	42	42
GGGGTGGGAGTGGG__0.327887876689573__32	42	42	42	4	42	42	42	22	9	4	42	42	42
GGCGGGAGAGGTGG__0.327349462365265__11	42	25	43	42	42	22	9	22	9	42	4	42	42
GGGGTGGCGGGCGG__0.326536369901107__33	42	42	42	4	42	42	25	43	42	42	25	43	42
CGGGTGGGAGTGGT__0.32610535969709__15	43	42	42	4	42	42	42	22	9	4	42	42	4
GGAGTGGCGGGGGG__0.325899955760032__16	42	22	9	4	42	42	25	43	42	42	42	42	42
GGGGTAAGAGGAGG__0.325535791940536__10	42	42	42	4	14	5	9	22	9	42	22	9	42
GTTGTGGTAGTGTT__0.325102526157643__14	4	5	42	4	42	42	4	14	9	4	42	4	5
TGCGTGGTAGTGTG__0.324764857024697__10	42	25	43	4	42	42	4	14	9	4	42	4	42
CGGGGGATAGGCAG__0.324734264436772__10	43	42	42	42	42	22	0	14	9	42	25	42	9
GGGTTGGTAGTGTG__0.324489935174888__17	42	42	4	5	42	42	4	14	9	4	42	4	42
TGTGGGATAGGGGG__0.324385547979791__9	42	4	42	42	42	22	0	14	9	42	42	42	42
GGGGGGGCAGGGTT__0.32423429409667__26	42	42	42	42	42	42	25	42	9	42	42	4	5
GGGGTGGTAGTGTA__0.324186193548048__25	42	42	42	4	42	42	4	14	9	4	42	4	14
GGGAGGAGAGGTGG__0.32394858413231__10	42	42	22	9	42	22	9	22	9	42	4	42	42
GTGGTGAGGGGGGG__0.323790297855043__23	4	42	42	4	42	22	9	42	42	42	42	42	42
TGGGTTACGGGAGG__0.323512813204079__10	42	42	42	4	5	14	4	43	42	42	22	9	42
AGTGTGGGAGGGTG__0.323378646610409__13	9	4	42	4	42	42	42	22	9	42	42	4	42
GGGGTGACAGGTGT__0.323222188351193__9	42	42	42	4	42	22	4	42	9	42	4	42	4
GTTTTGTTAGGTGT__0.322856770126205__9	4	5	5	5	42	4	5	14	9	42	4	42	4
GGGCGGGCAGGGAG__0.322564554287752__14	42	42	25	43	42	42	25	42	9	42	42	22	9
GAGTTGAGGGAGGG__0.322501594582984__10	22	9	4	5	42	22	9	42	42	22	9	42	42
CCCCAGACCGACCC__0.322365868171221__9	42	42	42	42	9	22	4	42	43	22	4	42	42
GGGAGGGCAGGGCG__0.322283608263282__15	42	42	22	9	42	42	25	42	9	42	42	25	43
GGGTTGAGGGGGGG__0.322065842526867__21	42	42	4	5	42	22	9	42	42	42	42	42	42
GGGCTGGGAGGGAG__0.321720239165106__16	42	42	25	9	42	42	42	22	9	42	42	22	9
TGGGTGGGAGGGAC__0.321115903461084__25	42	42	42	4	42	42	42	22	9	42	42	22	4
GGTATGGGAGGGGG__0.321056193066654__13	42	4	14	0	42	42	42	22	9	42	42	42	42
GGGGGGATAGGGGT__0.321024669285616__15	42	42	42	42	42	22	0	14	9	42	42	42	4
TGGGGGATAGGTTA__0.320607854505571__13	42	42	42	42	42	22	0	14	9	42	4	5	14
AGGGGGGCAGGGGG__0.320573254595979__14	9	42	42	42	42	42	25	42	9	42	42	42	42
TGGGTGGGAGGGCA__0.3200573755802__26	42	42	42	4	42	42	42	22	9	42	42	25	42
GAGTTGAGGGGGCA__0.319739530711504__10	22	9	4	5	42	22	9	42	42	42	42	25	42
AGGGTGGTAGTGTT__0.319676874261549__13	9	42	42	4	42	42	4	14	9	4	42	4	5
TTGTTGTTAGGTTA__0.319676158213542__9	5	42	4	5	42	4	5	14	9	42	4	5	14
GGGATGGGAGGGGT__0.319434234056076__16	42	42	22	0	42	42	42	22	9	42	42	42	4
AGGGGGATAGGTAC__0.319338593187514__10	9	42	42	42	42	22	0	14	9	42	4	14	4
GGCGGGACGGGCGG__0.319262439130642__12	42	25	43	42	42	22	4	43	42	42	25	43	42
GTGGTGGTAGTGGG__0.319257647378914__17	4	42	42	4	42	42	4	14	9	4	42	42	42
TGGGGGATAGGTGG__0.3191529177868__12	42	42	42	42	42	22	0	14	9	42	4	42	42
TGGGTGGGAGGGAA__0.319005633193221__24	42	42	42	4	42	42	42	22	9	42	42	22	5
GGCGGGAGAGGAGG__0.318737693063915__10	42	25	43	42	42	22	9	22	9	42	22	9	42
AGTGTGGTAGTGGA__0.318672779928166__9	9	4	42	4	42	42	4	14	9	4	42	42	22
GGGGTGGTAGTGTT__0.318626876052419__25	42	42	42	4	42	42	4	14	9	4	42	4	5
AGGGTGGGAGTGGG__0.318222887728924__15	9	42	42	4	42	42	42	22	9	4	42	42	42
GGGGGGGCAGGGTA__0.318014411155849__25	42	42	42	42	42	42	25	42	9	42	42	4	14
TGGGTGGGAGTGGT__0.317995787284533__21	42	42	42	4	42	42	42	22	9	4	42	42	4
GTGTTGGTAGTGGG__0.317882352252682__12	4	42	4	5	42	42	4	14	9	4	42	42	42
TGGGTGGGAGGGCT__0.317594220460719__25	42	42	42	4	42	42	42	22	9	42	42	25	9
TCCCTAACCGCCAA__0.317564201328766__12	22	42	42	9	14	5	4	42	43	25	42	42	5
GTTTTGGTAGGCGT__0.317398602639876__10	4	5	5	5	42	42	4	14	9	42	25	43	4
GTAGGGGCAGGGAG__0.317367988787374__10	4	14	9	42	42	42	25	42	9	42	42	22	9
GTGGTGGGAGGGCG__0.317118764503669__24	4	42	42	4	42	42	42	22	9	42	42	25	43
GTAGTGGTAGGGTA__0.317035579921019__9	4	14	9	4	42	42	4	14	9	42	42	4	14
CGGGGGATAGGCTG__0.316896409592735__9	43	42	42	42	42	22	0	14	9	42	25	9	42
AGGTTGGTAGGTTA__0.316811976897898__9	9	42	4	5	42	42	4	14	9	42	4	5	14
GCGGTGGGAGGGCG__0.316739920581912__17	25	43	42	4	42	42	42	22	9	42	42	25	43
GTTTTGGTAGGGTG__0.316688002224336__10	4	5	5	5	42	42	4	14	9	42	42	4	42
AGGGGGATAGGTAA__0.316681514801909__9	9	42	42	42	42	22	0	14	9	42	4	14	5
CGGGGGATAGGTCT__0.316548263606441__9	43	42	42	42	42	22	0	14	9	42	4	22	9
GGTGGGAGAGGTGG__0.316533219655454__15	42	4	42	42	42	22	9	22	9	42	4	42	42
AGGGGGATAGGTGC__0.316434229815106__9	9	42	42	42	42	22	0	14	9	42	4	42	25
CGGGGGATAGGTTC__0.316251205453307__9	43	42	42	42	42	22	0	14	9	42	4	5	22
GGCGGGAGAGGGGG__0.315404789603408__10	42	25	43	42	42	22	9	22	9	42	42	42	42
AGGGGGATAGGTTA__0.315297953710217__9	9	42	42	42	42	22	0	14	9	42	4	5	14
AGTGTGGTAGTGGC__0.315248268853623__9	9	4	42	4	42	42	4	14	9	4	42	42	25
GGTGTGGTAGGGTA__0.314654699867581__18	42	4	42	4	42	42	4	14	9	42	42	4	14
GGGTTGGGAGGGAT__0.314405456484219__21	42	42	4	5	42	42	42	22	9	42	42	22	0
TGGGGGACGGGTGG__0.314032047715438__15	42	42	42	42	42	22	4	43	42	42	4	42	42
GGAGTGGCGGGCGG__0.313634416539653__14	42	22	9	4	42	42	25	43	42	42	25	43	42
GGGGTGGGAGGGTA__0.31361327981823__32	42	42	42	4	42	42	42	22	9	42	42	4	14
GAGGTGAGGGGGGT__0.313319946809208__14	22	9	42	4	42	22	9	42	42	42	42	42	4
TGGGGGACGGGGGG__0.313174330673726__15	42	42	42	42	42	22	4	43	42	42	42	42	42
AGGGTGGGAGGGCA__0.312819425851883__17	9	42	42	4	42	42	42	22	9	42	42	25	42
TGGGGGGCAGGGGG__0.312680527100389__18	42	42	42	42	42	42	25	42	9	42	42	42	42
CGGGTGAGGGTGGG__0.31259987410126__14	43	42	42	4	42	22	9	42	42	4	42	42	42
GGGGTGGGAGGGCT__0.312400729195267__32	42	42	42	4	42	42	42	22	9	42	42	25	9
TGGGGGAGAGGTGG__0.311956963332673__15	42	42	42	42	42	22	9	22	9	42	4	42	42
GGGTTGAGGGTGGG__0.311683449658269__19	42	42	4	5	42	22	9	42	42	4	42	42	42
GTTTTGGTAGGTGG__0.311146021718105__9	4	5	5	5	42	42	4	14	9	42	4	42	42
GGGAGGAGAGAGGG__0.311115277447838__9	42	42	22	9	42	22	9	22	9	22	9	42	42
GGGGTGGGAGGGTC__0.310782790445294__30	42	42	42	4	42	42	42	22	9	42	42	4	22
AGGGGGATAGGATA__0.310600674401611__9	9	42	42	42	42	22	0	14	9	42	22	0	14
CGGGTGGTAGTGTG__0.310328697445529__11	43	42	42	4	42	42	4	14	9	4	42	4	42
CGGGGGATAGGAAA__0.310288281014809__9	43	42	42	42	42	22	0	14	9	42	22	5	5
GGGCGGAGAGGAGG__0.309763273710513__9	42	42	25	43	42	22	9	22	9	42	22	9	42
GGGTTGAAGGTTGG__0.309532672524852__10	42	42	4	5	42	22	5	9	42	4	5	42	42
GGTTTGGTAGGGGG__0.309439332136202__12	42	4	5	5	42	42	4	14	9	42	42	42	42
GTTGTGGTAGTGGG__0.309407764994998__11	4	5	42	4	42	42	4	14	9	4	42	42	42
TCCCTAACACCACA__0.309389983202134__17	22	42	42	9	14	5	4	42	4	42	42	4	42
GAGGTGAGGGAGGG__0.309267659506794__14	22	9	42	4	42	22	9	42	42	22	9	42	42
GGTTTGGAAGGCGT__0.308979729687633__9	42	4	5	5	42	42	22	5	9	42	25	43	4
AGGGTGGGAGGGCT__0.308738747729989__16	9	42	42	4	42	42	42	22	9	42	42	25	9
AGGGGGATAGGGCA__0.308659614604059__9	9	42	42	42	42	22	0	14	9	42	42	25	42
GGGGGGATAGGGAG__0.308560731973071__14	42	42	42	42	42	22	0	14	9	42	42	22	9
GGTTTGGCAGGTGT__0.307996619520083__9	42	4	5	5	42	42	25	42	9	42	4	42	4
GGGGTGGGAGGGAT__0.307961152286142__29	42	42	42	4	42	42	42	22	9	42	42	22	0
GGTTTGGGAGGGCG__0.30793364353087__15	42	4	5	5	42	42	42	22	9	42	42	25	43
TCCCTAACCGTACC__0.307891969428167__9	22	42	42	9	14	5	4	42	43	4	14	4	42
GGTGGGTCAGGGGG__0.307742191134087__12	42	4	42	42	42	4	22	42	9	42	42	42	42
GGGGGGATAGGGTT__0.307485449620786__14	42	42	42	42	42	22	0	14	9	42	42	4	5
TGGATGAGGGGAGG__0.307003194214845__10	42	42	22	0	42	22	9	42	42	42	22	9	42
GGAGTGAGGGGGGC__0.306901273140996__13	42	22	9	4	42	22	9	42	42	42	42	42	25
TCCCTAACACTACC__0.305953522368345__12	22	42	42	9	14	5	4	42	4	9	14	4	42
ATGGGGGCAGGGGG__0.305876965780166__9	0	42	42	42	42	42	25	42	9	42	42	42	42
GTGGTGGGAGGGAG__0.305406712981867__21	4	42	42	4	42	42	42	22	9	42	42	22	9
GGTGGGACGGTGGG__0.305100152735334__14	42	4	42	42	42	22	4	43	42	4	42	42	42
CGGGTGGGAGGGTC__0.30507423057143__14	43	42	42	4	42	42	42	22	9	42	42	4	22
GGGTTGGGAGGGTA__0.305026168147404__20	42	42	4	5	42	42	42	22	9	42	42	4	14
GGGGTGAGGGGGGT__0.304809266726803__27	42	42	42	4	42	22	9	42	42	42	42	42	4
TGGGGGATAGGGGA__0.304495748263436__10	42	42	42	42	42	22	0	14	9	42	42	42	22
GGGGGTACAGGGGG__0.304314891048508__9	42	42	42	42	4	14	4	42	9	42	42	42	42
GGTTTGGGAGGTGT__0.30424881375435__14	42	4	5	5	42	42	42	22	9	42	4	42	4
TAGGTGAGGGAGGA__0.304173256261712__11	14	9	42	4	42	22	9	42	42	22	9	42	22
GGCGTGGGAGGGGG__0.303911404547968__14	42	25	43	4	42	42	42	22	9	42	42	42	42
GGGGGGATAGGTAG__0.303822225109225__14	42	42	42	42	42	22	0	14	9	42	4	14	9
GGGTTGAGGGGGGT__0.30369114359571__18	42	42	4	5	42	22	9	42	42	42	42	42	4
GGGGTGACGGGGGG__0.303545028800462__12	42	42	42	4	42	22	4	43	42	42	42	42	42
TGGGTGGCGGGTGG__0.303428744275689__19	42	42	42	4	42	42	25	43	42	42	4	42	42
GGGTTGGGAGGGCT__0.303406538395107__20	42	42	4	5	42	42	42	22	9	42	42	25	9
ACACTAACCGCACT__0.303386824910386__9	4	42	4	9	14	5	4	42	43	25	42	4	9
ACCCTCCCAGCCCG__0.302843806814018__13	4	42	42	9	22	42	42	42	9	25	42	42	43
GGGAGGGCAGGGAG__0.302513016619857__12	42	42	22	9	42	42	25	42	9	42	42	22	9
GGAGTGGTAGTGTG__0.302325880169347__9	42	22	9	4	42	42	4	14	9	4	42	4	42
AGGGTGGTAGGGGG__0.301978161193806__11	9	42	42	4	42	42	4	14	9	42	42	42	42
GGGTGGGCAGGGGA__0.301945028390824__16	42	42	4	42	42	42	25	42	9	42	42	42	22
GGTTTGGGAGGGGT__0.30172342528629__14	42	4	5	5	42	42	42	22	9	42	42	42	4
CGGGTGGGAGGGTA__0.301437470484142__14	43	42	42	4	42	42	42	22	9	42	42	4	14
GAGTTGGGAGGGCT__0.301259116891921__9	22	9	4	5	42	42	42	22	9	42	42	25	9
GGCGTGGTAGTGTG__0.30124659090588__10	42	25	43	4	42	42	4	14	9	4	42	4	42
GTGGGGATAGGGCG__0.30055479297582__10	4	42	42	42	42	22	0	14	9	42	42	25	43
GTGGGGAGAGGTGG__0.300504395227113__13	4	42	42	42	42	22	9	22	9	42	4	42	42
TGGGGGATAGGCGG__0.300362456543473__10	42	42	42	42	42	22	0	14	9	42	25	43	42
GGGCTGAGGGGGGG__0.300352457200709__12	42	42	25	9	42	22	9	42	42	42	42	42	42
TCCCTAACCGACAC__0.30034358146715__10	22	42	42	9	14	5	4	42	43	22	4	42	4
GGGGGGATAGGGCT__0.300173050467837__14	42	42	42	42	42	22	0	14	9	42	42	25	9
TGGGGGATAGGGAA__0.299979102926719__10	42	42	42	42	42	22	0	14	9	42	42	22	5
GGTTTGGTAGGGTG__0.299747646950168__11	42	4	5	5	42	42	4	14	9	42	42	4	42
TGGGTGATGGGGGG__0.299716258619734__13	42	42	42	4	42	22	0	42	42	42	42	42	42
GGGGGGATAGGCGG__0.299690628951985__13	42	42	42	42	42	22	0	14	9	42	25	43	42
GGGGTGAGGGGGGG__0.299434411319483__25	42	42	42	4	42	22	9	42	42	42	42	42	42
TCCCTAACCGCAAC__0.299020550741162__11	22	42	42	9	14	5	4	42	43	25	42	5	4
AGGGGGGCAGGGTG__0.298563056724808__11	9	42	42	42	42	42	25	42	9	42	42	4	42
GCCCTAACACTACA__0.298551772633578__9	25	42	42	9	14	5	4	42	4	9	14	4	42
GGGGAGGCAGGGGG__0.298342220405101__11	42	42	42	22	9	42	25	42	9	42	42	42	42
TGGGGGAGAGGAGA__0.29785587482036__13	42	42	42	42	42	22	9	22	9	42	22	9	22
AGGGTGGGAGGGGA__0.297679604456176__14	9	42	42	4	42	42	42	22	9	42	42	42	22
TGGGGGAGAGAGGG__0.297499784659395__13	42	42	42	42	42	22	9	22	9	22	9	42	42
GGGAGGGCAGGGTT__0.29741740038006__11	42	42	22	9	42	42	25	42	9	42	42	4	5
GGGGGGACAGGGGG__0.297281461005968__10	42	42	42	42	42	22	4	42	9	42	42	42	42
GGGATGAGGGTGGG__0.297250804329381__11	42	42	22	0	42	22	9	42	42	4	42	42	42
GGGATGGGAGGGTT__0.297185863651643__13	42	42	22	0	42	42	42	22	9	42	42	4	5
TGGGTGGCGGGGGG__0.296875861022353__19	42	42	42	4	42	42	25	43	42	42	42	42	42
GGGATGAGGGGGGG__0.296721589833514__11	42	42	22	0	42	22	9	42	42	42	42	42	42
GGGGTTAGAGGAGG__0.296318580476943__9	42	42	42	4	5	14	9	22	9	42	22	9	42
GGGTTGTTAGGTTA__0.295738367934718__11	42	42	4	5	42	4	5	14	9	42	4	5	14
TGGGTGAGGGAGGG__0.295702135462403__19	42	42	42	4	42	22	9	42	42	22	9	42	42
GAGGTGGGAGGGGG__0.295675294497394__13	22	9	42	4	42	42	42	22	9	42	42	42	42
GGCGGGGCAGGGGG__0.29531905002764__11	42	25	43	42	42	42	25	42	9	42	42	42	42
GGGTTGGGAGGGGA__0.295256047790805__18	42	42	4	5	42	42	42	22	9	42	42	42	22
GGGGTGGGAGGGAC__0.295019615533034__26	42	42	42	4	42	42	42	22	9	42	42	22	4
TGGGGGATAGGTTT__0.295004183373412__10	42	42	42	42	42	22	0	14	9	42	4	5	5
GTTTTGAGGGGGGT__0.294931380120713__10	4	5	5	5	42	22	9	42	42	42	42	42	4
GTTGTGGTAGTGTA__0.294633868656729__10	4	5	42	4	42	42	4	14	9	4	42	4	14
GTTGTGGTAGGTGT__0.294309448851066__10	4	5	42	4	42	42	4	14	9	42	4	42	4
AGGGGGACGGGGGG__0.294102253174213__9	9	42	42	42	42	22	4	43	42	42	42	42	42
GTGGGGACGGGGGG__0.29395295417853__12	4	42	42	42	42	22	4	43	42	42	42	42	42
GTGGTGGGAGGGGT__0.293353950668043__19	4	42	42	4	42	42	42	22	9	42	42	42	4
CACCTAACAAAACC__0.293144244953512__12	42	4	42	9	14	5	4	42	5	5	5	4	42
CACCTTACAAAACC__0.292860025338607__9	42	4	42	9	5	14	4	42	5	5	5	4	42
CCCCAGACCGCCCC__0.292835144131985__10	42	42	42	42	9	22	4	42	43	25	42	42	42
TAGGTGGGAGGGGT__0.292804019201115__10	14	9	42	4	42	42	42	22	9	42	42	42	4
GGGGGGATAGGTTA__0.292468649703479__13	42	42	42	42	42	22	0	14	9	42	4	5	14
GGGTTGGGAGGGTC__0.292437513959039__17	42	42	4	5	42	42	42	22	9	42	42	4	22
GGGGTGGGAGTGGT__0.29221629923705__22	42	42	42	4	42	42	42	22	9	4	42	42	4
TGGGTGGTAGTGGG__0.291946988403989__13	42	42	42	4	42	42	4	14	9	4	42	42	42
TGTGGGGCAGGGGA__0.291866887590862__11	42	4	42	42	42	42	25	42	9	42	42	42	22
GGGGTGGTAGTGGT__0.291814374341061__17	42	42	42	4	42	42	4	14	9	4	42	42	4
GGTGTGGGAGTGTG__0.291645307402014__16	42	4	42	4	42	42	42	22	9	4	42	4	42
GTGGTGGCGGGGGG__0.291577295944052__18	4	42	42	4	42	42	25	43	42	42	42	42	42
CGGGTGGGAGTGGG__0.291275818317024__11	43	42	42	4	42	42	42	22	9	4	42	42	42
TGGGGGAGAGGAGT__0.290292978675011__12	42	42	42	42	42	22	9	22	9	42	22	9	4
CCCCTGCCCGCCCC__0.290282947459041__19	42	42	42	9	42	25	42	42	43	25	42	42	42
GGGGTGGTAGGGGG__0.290184377436607__19	42	42	42	4	42	42	4	14	9	42	42	42	42
CCCATCCCAGCCCA__0.289990542013476__17	42	42	42	0	22	42	42	42	9	25	42	42	42
AGGGTGGGAGTGGT__0.289721580742111__11	9	42	42	4	42	42	42	22	9	4	42	42	4
GGGTTGGTAGGTGT__0.289329983765279__12	42	42	4	5	42	42	4	14	9	42	4	42	4
GGGGTGGGAGGGAA__0.289096144786562__24	42	42	42	4	42	42	42	22	9	42	42	22	5
GGGGGGGCAGGGAT__0.289027640841648__19	42	42	42	42	42	42	25	42	9	42	42	22	0
GTTTTGAGGGGTGG__0.288595518128981__9	4	5	5	5	42	22	9	42	42	42	4	42	42
GGGTTGAGGGAGGG__0.288301949814221__16	42	42	4	5	42	22	9	42	42	22	9	42	42
GGTGTGGTAGTTTG__0.28827851193812__13	42	4	42	4	42	42	4	14	9	4	5	5	42
CGGGTGGGAGGGCG__0.288266744641802__12	43	42	42	4	42	42	42	22	9	42	42	25	43
GTGTTGGTAGGTTA__0.288263436571272__10	4	42	4	5	42	42	4	14	9	42	4	5	14
GGTGTGGAAGTGTG__0.288236720133457__9	42	4	42	4	42	42	22	5	9	4	42	4	42
TGGGTGAGGGCGGG__0.288005188036729__16	42	42	42	4	42	22	9	42	42	25	43	42	42
GGCGTGGCGGGCGG__0.287698964517253__12	42	25	43	4	42	42	25	43	42	42	25	43	42
TGGGTGGGAGCGGT__0.28700166877282__16	42	42	42	4	42	42	42	22	9	25	43	42	4
AGGGTGGTAGTGTA__0.286855338318335__9	9	42	42	4	42	42	4	14	9	4	42	4	14
GGGTGGGCAGGGTA__0.286841574065915__14	42	42	4	42	42	42	25	42	9	42	42	4	14
ACACTAACCGCACC__0.286546271470029__14	4	42	4	9	14	5	4	42	43	25	42	4	42
GGTTTGGTAGGCGG__0.286330892721235__9	42	4	5	5	42	42	4	14	9	42	25	43	42
GGGTTGGTAGTGGG__0.286299376126582__11	42	42	4	5	42	42	4	14	9	4	42	42	42
GGGGTGAGGGCGGG__0.285856639063604__21	42	42	42	4	42	22	9	42	42	25	43	42	42
GGTGTGGTAGTGGA__0.285802820885006__12	42	4	42	4	42	42	4	14	9	4	42	42	22
TGGTTGAGGGGGGG__0.285381546739671__11	42	42	4	5	42	22	9	42	42	42	42	42	42
GGGTTGGTAGGGGG__0.285332734700357__12	42	42	4	5	42	42	4	14	9	42	42	42	42
GGTTTGGTAGGTGG__0.285242307986625__9	42	4	5	5	42	42	4	14	9	42	4	42	42
GGGGTGGGAGGTGG__0.285072429710894__23	42	42	42	4	42	42	42	22	9	42	4	42	42
TGGGTGGGAGGGCC__0.284804021750861__18	42	42	42	4	42	42	42	22	9	42	42	25	42
TGGGGGAGAGAAGG__0.284536281791899__11	42	42	42	42	42	22	9	22	9	22	5	9	42
TGGGGGAGAGGGGT__0.2843236253987__11	42	42	42	42	42	22	9	22	9	42	42	42	4
GGGTTGGTAGGTTA__0.284079792379457__12	42	42	4	5	42	42	4	14	9	42	4	5	14
CGGGTGGGAGGGCC__0.284073499873631__12	43	42	42	4	42	42	42	22	9	42	42	25	42
GTTTTGGGAGGGGT__0.283992624162773__9	4	5	5	5	42	42	42	22	9	42	42	42	4
GGTGGGAGAGGCGG__0.283971442318911__10	42	4	42	42	42	22	9	22	9	42	25	43	42
TAGGTGAGGGAGGC__0.283969805937738__9	14	9	42	4	42	22	9	42	42	22	9	42	25
GGGGTGAGAGGAGG__0.283809056824665__9	42	42	42	4	42	22	9	22	9	42	22	9	42
GCGGTGGCGGGTGG__0.283757043506083__11	25	43	42	4	42	42	25	43	42	42	4	42	42
CGGGTGGCGGGGGG__0.283677281429019__11	43	42	42	4	42	42	25	43	42	42	42	42	42
GGAGGGGCAGGGTG__0.283604622615718__9	42	22	9	42	42	42	25	42	9	42	42	4	42
GGGCTGAGGGTGGG__0.283219422781987__10	42	42	25	9	42	22	9	42	42	4	42	42	42
AGGGTGGGAGGGAC__0.283216009726658__12	9	42	42	4	42	42	42	22	9	42	42	22	4
GGGGTGGCGGGAGG__0.28300925477686__22	42	42	42	4	42	42	25	43	42	42	22	9	42
GGGGTGGGAGGGCA__0.282645166168885__24	42	42	42	4	42	42	42	22	9	42	42	25	42
TGGGTGGTAGGGGG__0.282559795102758__13	42	42	42	4	42	42	4	14	9	42	42	42	42
GGGGTGAAGGTGGG__0.282546466430259__11	42	42	42	4	42	22	5	9	42	4	42	42	42
CCCCTGCCCGCCCA__0.28201120645375__13	42	42	42	9	42	25	42	42	43	25	42	42	42
TGTTTGAGGGGAGG__0.281972245010405__9	42	4	5	5	42	22	9	42	42	42	22	9	42
TGGGTGGTAGGGTG__0.281800761367652__13	42	42	42	4	42	42	4	14	9	42	42	4	42
ACCCTGACCCACCC__0.281679809056018__17	4	42	42	9	42	22	4	42	42	42	4	42	42
GGGGGGAAAGGGTT__0.281626818224631__9	42	42	42	42	42	22	5	5	9	42	42	4	5
GGTTTGGTAGGCGT__0.281560048958372__9	42	4	5	5	42	42	4	14	9	42	25	43	4
CGGGTGGGAGGGAA__0.281558564730682__11	43	42	42	4	42	42	42	22	9	42	42	22	5
TGGGTGGTAGGTTA__0.281465520340748__13	42	42	42	4	42	42	4	14	9	42	4	5	14
TGGGGGATAGGCGA__0.281201491706773__9	42	42	42	42	42	22	0	14	9	42	25	43	22
GTTGTGGCGGGGGG__0.281125967606835__12	4	5	42	4	42	42	25	43	42	42	42	42	42
TGTGGGGCAGGGGG__0.281065456319355__10	42	4	42	42	42	42	25	42	9	42	42	42	42
GTGGTGAGGGTGGG__0.28087182803311__15	4	42	42	4	42	22	9	42	42	4	42	42	42
GGGGTGAGAGGGGG__0.280769202210863__9	42	42	42	4	42	22	9	22	9	42	42	42	42
GTTGTGGTAGGGGG__0.280258927728405__9	4	5	42	4	42	42	4	14	9	42	42	42	42
GGGGGGATAGGAGT__0.280081042258676__11	42	42	42	42	42	22	0	14	9	42	22	9	4
CCCCTAACAAAACC__0.279977995850513__10	42	42	42	9	14	5	4	42	5	5	5	4	42
GGGGGGGCAGTGGG__0.279959901177753__16	42	42	42	42	42	42	25	42	9	4	42	42	42
AGGGTGGCGGGGGG__0.279454657227819__11	9	42	42	4	42	42	25	43	42	42	42	42	42
GGGGGGGCAGGGCT__0.279120765833165__18	42	42	42	42	42	42	25	42	9	42	42	25	9
GGGGGGAAAGGGAG__0.278945953126897__9	42	42	42	42	42	22	5	5	9	42	42	22	9
GGGGGGATAGGCGT__0.278710883727967__11	42	42	42	42	42	22	0	14	9	42	25	43	4
CCCATGCCCGCCCC__0.278710736226563__16	42	42	42	0	42	25	42	42	43	25	42	42	42
GGTGGGACGGGGTG__0.27854547014498__11	42	4	42	42	42	22	4	43	42	42	42	4	42
GGGGGGACGGGGTG__0.277990399604741__14	42	42	42	42	42	22	4	43	42	42	42	4	42
GGGGGGATAGGTTT__0.277598055998627__11	42	42	42	42	42	22	0	14	9	42	4	5	5
AGGGTGGGAGGGAA__0.277313236157405__11	9	42	42	4	42	42	42	22	9	42	42	22	5
GTGGGGACGGGTGG__0.277301354535343__10	4	42	42	42	42	22	4	43	42	42	4	42	42
GGGTGGAGAGAGGG__0.277262779253403__9	42	42	4	42	42	22	9	22	9	22	9	42	42
GGGGGGATAGGTTG__0.277182074054634__11	42	42	42	42	42	22	0	14	9	42	4	5	42
GTGGGGGCAGGGAG__0.277023531445364__13	4	42	42	42	42	42	25	42	9	42	42	22	9
GGTTTGGGAGGTTT__0.27642142804288__10	42	4	5	5	42	42	42	22	9	42	4	5	5
GGGCTGAGGGGAGG__0.276399709839578__10	42	42	25	9	42	22	9	42	42	42	22	9	42
GGGTGGGCAGGGTC__0.275631233949883__12	42	42	4	42	42	42	25	42	9	42	42	4	22
GTGGTGGTAGGGGG__0.275144433684344__12	4	42	42	4	42	42	4	14	9	42	42	42	42
GGGTTGGGAGGGCC__0.275081294896141__15	42	42	4	5	42	42	42	22	9	42	42	25	42
ACCCTGCCCGCCCC__0.275008270655193__16	4	42	42	9	42	25	42	42	43	25	42	42	42
TGGGTGAGGGGCGG__0.274765468919443__15	42	42	42	4	42	22	9	42	42	42	25	43	42
GTGTTGAGGGGGGG__0.274344174026777__10	4	42	4	5	42	22	9	42	42	42	42	42	42
GGGTGGACGGGGGG__0.274266195555448__9	42	42	4	42	42	22	4	43	42	42	42	42	42
GGGATGGGAGGGAT__0.27423038628034__10	42	42	22	0	42	42	42	22	9	42	42	22	0
GGGTTGGGAGGGAA__0.274196361691277__14	42	42	4	5	42	42	42	22	9	42	42	22	5
TGTGTGGTAGTGTC__0.27413617805752__9	42	4	42	4	42	42	4	14	9	4	42	4	22
ACACTAACAAAACC__0.27371659960498__10	4	42	4	9	14	5	4	42	5	5	5	4	42
AGGGTGGGAGGGGC__0.273681768847523__11	9	42	42	4	42	42	42	22	9	42	42	42	25
TGTGTGGCGGGTGG__0.273657519896537__11	42	4	42	4	42	42	25	43	42	42	4	42	42
GGGGGGATAGGTGG__0.273576772008167__10	42	42	42	42	42	22	0	14	9	42	4	42	42
GGGGTGGGAGGAGG__0.273329026081462__20	42	42	42	4	42	42	42	22	9	42	22	9	42
GGGGGGATAGGTGT__0.273299036494444__10	42	42	42	42	42	22	0	14	9	42	4	42	4
TGGTTGGGAGGGGG__0.27304020844073__11	42	42	4	5	42	42	42	22	9	42	42	42	42
TGGGTGGGAGCGGG__0.272682522052911__14	42	42	42	4	42	42	42	22	9	25	43	42	42
GGCGGGGCAGGGCG__0.272623362196442__9	42	25	43	42	42	42	25	42	9	42	42	25	43
GGGGGGACGGGTTG__0.272530465035576__13	42	42	42	42	42	22	4	43	42	42	4	5	42
GGGGTGAGGGAGGG__0.27249091216115__20	42	42	42	4	42	22	9	42	42	22	9	42	42
GGTGTGGTAGTGAA__0.272412891287793__11	42	4	42	4	42	42	4	14	9	4	42	22	5
TGTGTGGGAGTGGG__0.272083450060017__10	42	4	42	4	42	42	42	22	9	4	42	42	42
GGGGTGGTAGGGGT__0.272076512229842__15	42	42	42	4	42	42	4	14	9	42	42	42	4
GTTGTGGGAGGGGG__0.271848284066142__11	4	5	42	4	42	42	42	22	9	42	42	42	42
GGAGTGGGAGGGTG__0.271452481555143__9	42	22	9	4	42	42	42	22	9	42	42	4	42
GGGGGGATAGGTAA__0.271336287681988__10	42	42	42	42	42	22	0	14	9	42	4	14	5
GGGATGGGAGGGGA__0.271119093953394__10	42	42	22	0	42	42	42	22	9	42	42	42	22
GGGGGGACTGGGGG__0.271113591230294__9	42	42	42	42	42	22	4	9	42	42	42	42	42
GCGGTGGCGGGCGG__0.270786968662232__10	25	43	42	4	42	42	25	43	42	42	25	43	42
GTGGGGGCAGGGGG__0.270376257784314__12	4	42	42	42	42	42	25	42	9	42	42	42	42
GGTGTGGTAGTGTC__0.269486777996891__11	42	4	42	4	42	42	4	14	9	4	42	4	22
GGGGTGGCGGTGGG__0.269394300346247__18	42	42	42	4	42	42	25	43	42	4	42	42	42
GTGGTGATGGTGGG__0.26896204934516__9	4	42	42	4	42	22	0	42	42	4	42	42	42
GAGGTGGCGGGAGG__0.26889668104628__9	22	9	42	4	42	42	25	43	42	42	22	9	42
GGTTTGGGAGGGTT__0.26888762549472__10	42	4	5	5	42	42	42	22	9	42	42	4	5
GGGTTGGTAGGAGG__0.268575207183149__10	42	42	4	5	42	42	4	14	9	42	22	9	42
GAGGTGGCGGGGGG__0.268507667587466__9	22	9	42	4	42	42	25	43	42	42	42	42	42
GGGGGGACGGGGCG__0.268016675112481__13	42	42	42	42	42	22	4	43	42	42	42	25	43
CCCCTCCCAGCCCT__0.267927010466495__10	42	42	42	9	22	42	42	42	9	25	42	42	9
GGGGTGGGAGGGCC__0.267849725008765__20	42	42	42	4	42	42	42	22	9	42	42	25	42
ACCCTGCCCGCCCA__0.267613575821607__11	4	42	42	9	42	25	42	42	43	25	42	42	42
GGGGGGATAGGTCT__0.267435412950205__10	42	42	42	42	42	22	0	14	9	42	4	22	9
TGGGTGAGGGGGGA__0.26732974526212__14	42	42	42	4	42	22	9	42	42	42	42	42	22
CCCCTCCCAGCCCC__0.267176774641566__18	42	42	42	9	22	42	42	42	9	25	42	42	42
GAGGTGAGGGGGGA__0.266964926168999__9	22	9	42	4	42	22	9	42	42	42	42	42	22
GGTGTGGTAGTGGC__0.266740789059068__10	42	4	42	4	42	42	4	14	9	4	42	42	25
TGGGTGAGGGGAGG__0.266628155696471__14	42	42	42	4	42	22	9	42	42	42	22	9	42
TGGGGGACGGTGGG__0.266416130361466__9	42	42	42	42	42	22	4	43	42	4	42	42	42
GGGGGGATAGTGGG__0.266370144586473__9	42	42	42	42	42	22	0	14	9	4	42	42	42
GGGGGGAGAGGGTG__0.266080460423422__12	42	42	42	42	42	22	9	22	9	42	42	4	42
CCCCCGACACCCAC__0.265749194577918__9	42	42	42	42	43	22	4	42	4	42	42	42	4
GAGGTGGGAGGGGT__0.265454868693192__9	22	9	42	4	42	42	42	22	9	42	42	42	4
GGGTGGGCAGGGGC__0.265233778212039__11	42	42	4	42	42	42	25	42	9	42	42	42	25
TGGGGGAGAGGGGA__0.263774670952638__9	42	42	42	42	42	22	9	22	9	42	42	42	22
GGGTGGGCAGGGAT__0.263594607948702__11	42	42	4	42	42	42	25	42	9	42	42	22	0
GGTGTGAGGGGGGG__0.263394866336152__12	42	4	42	4	42	22	9	42	42	42	42	42	42
CGGGTGGCGGGGGT__0.263368888529234__9	43	42	42	4	42	42	25	43	42	42	42	42	4
GGGGGGATAGGGTA__0.26330390719066__9	42	42	42	42	42	22	0	14	9	42	42	4	14
GTGGTGGGAGGGGC__0.262955889428146__14	4	42	42	4	42	42	42	22	9	42	42	42	25
TGTGTGGGAGTGTG__0.262274888700004__9	42	4	42	4	42	42	42	22	9	4	42	4	42
GGTTTGGGAGGGAG__0.261920029013406__9	42	4	5	5	42	42	42	22	9	42	42	22	9
GGTGGGACGGGTTG__0.261846547013645__9	42	4	42	42	42	22	4	43	42	42	4	5	42
GGTGTGGTAGTGCG__0.261778833446373__10	42	4	42	4	42	42	4	14	9	4	42	25	43
TGGGTGGGAGGAGG__0.261534066437129__13	42	42	42	4	42	42	42	22	9	42	22	9	42
GGGTTGGGAGGGCA__0.26107220553618__13	42	42	4	5	42	42	42	22	9	42	42	25	42
GGGGTGAGGGGGGC__0.260738443108033__17	42	42	42	4	42	22	9	42	42	42	42	42	25
GGGGGGACGGGCTG__0.260518620737444__12	42	42	42	42	42	22	4	43	42	42	25	9	42
GGGTTGGTAGGCGT__0.259841512935132__9	42	42	4	5	42	42	4	14	9	42	25	43	4
TGGGTGGTAGTGTT__0.259345752224651__10	42	42	42	4	42	42	4	14	9	4	42	4	5
GTGTTGAGGGGAGG__0.259062873844488__9	4	42	4	5	42	22	9	42	42	42	22	9	42
GGTTTGGGAGGGGA__0.258749830438393__9	42	4	5	5	42	42	42	22	9	42	42	42	22
GGGGGGGCAGGGTC__0.258724721344039__13	42	42	42	42	42	42	25	42	9	42	42	4	22
GCGGTGGGAGGGAG__0.258195748284445__9	25	43	42	4	42	42	42	22	9	42	42	22	9
GGTGTGGGAGTGGG__0.257837732569821__11	42	4	42	4	42	42	42	22	9	4	42	42	42
ACCCTCCCAGCCCA__0.257087843976696__12	4	42	42	9	22	42	42	42	9	25	42	42	42
GGTGTGGTAGGGGT__0.256007774866881__9	42	4	42	4	42	42	4	14	9	42	42	42	4
GGTGGGGCAGGGTG__0.255728152129906__10	42	4	42	42	42	42	25	42	9	42	42	4	42
GTGGTGAGGGAGGG__0.255487801948825__12	4	42	42	4	42	22	9	42	42	22	9	42	42
ACCCTGACCCCCCC__0.255371661579775__17	4	42	42	9	42	22	4	42	42	42	42	42	42
TTGGTGGCGGGGGG__0.255288883864476__9	5	42	42	4	42	42	25	43	42	42	42	42	42
GGTGTGGTAGTTGG__0.255152695679321__9	42	4	42	4	42	42	4	14	9	4	5	42	42
GGGGTGGTAGGTTA__0.254858665866258__13	42	42	42	4	42	42	4	14	9	42	4	5	14
GGGGGGAGAGGCGG__0.254735445746662__10	42	42	42	42	42	22	9	22	9	42	25	43	42
CCCATCCCAGCCCC__0.254312861506741__15	42	42	42	0	22	42	42	42	9	25	42	42	42
TGGGTGGGAGAGGG__0.254021016630758__12	42	42	42	4	42	42	42	22	9	22	9	42	42
GGGTTGAGGGGAGG__0.253999814600113__11	42	42	4	5	42	22	9	42	42	42	22	9	42
TGGGTGGGAGGTGG__0.253721284029416__12	42	42	42	4	42	42	42	22	9	42	4	42	42
GTGGTGGTAGGGGT__0.253654246224304__9	4	42	42	4	42	42	4	14	9	42	42	42	4
TCCCTGCCCGCCCC__0.253019504209086__13	22	42	42	9	42	25	42	42	43	25	42	42	42
TGGGTGGCGGGGGT__0.252745855901943__12	42	42	42	4	42	42	25	43	42	42	42	42	4
GGTGGGGCAGGGAG__0.252739598628425__10	42	4	42	42	42	42	25	42	9	42	42	22	9
GGTGTGGTAGTTGT__0.252722711896267__9	42	4	42	4	42	42	4	14	9	4	5	42	4
TGGGTGGCGGTGGG__0.252579611964475__11	42	42	42	4	42	42	25	43	42	4	42	42	42
CCCCTAACACCACA__0.252578224966736__9	42	42	42	9	14	5	4	42	4	42	42	4	42
GTGGTGGTAGTGCT__0.252559957560593__9	4	42	42	4	42	42	4	14	9	4	42	25	9
GCCCTGCCCGCCCC__0.252469041023472__13	25	42	42	9	42	25	42	42	43	25	42	42	42
GGGGGGGCAGGGGT__0.252394825265924__12	42	42	42	42	42	42	25	42	9	42	42	42	4
TTGGTGGGAGGGTG__0.252191602048231__9	5	42	42	4	42	42	42	22	9	42	42	4	42
GGGGTGAGGGAGGT__0.251743457736343__15	42	42	42	4	42	22	9	42	42	22	9	42	4
TGGGTGGGAGTGGC__0.251629181911309__11	42	42	42	4	42	42	42	22	9	4	42	42	25
GGGTTGGCGGGGGG__0.251608442568615__11	42	42	4	5	42	42	25	43	42	42	42	42	42
GTGGTGAGGGGGGT__0.251326848608257__11	4	42	42	4	42	22	9	42	42	42	42	42	4
GTGGGGGCAGTGGG__0.251315280985205__9	4	42	42	42	42	42	25	42	9	4	42	42	42
GGTGTGGTAGGTTA__0.251182636937099__9	42	4	42	4	42	42	4	14	9	42	4	5	14
GGTGGGGCAGGGCG__0.251097255729523__10	42	4	42	42	42	42	25	42	9	42	42	25	43
GGTGTGGCGGGGGT__0.251041332668864__12	42	4	42	4	42	42	25	43	42	42	42	42	4
GTGGTGGTAGGCGT__0.250852718434018__9	4	42	42	4	42	42	4	14	9	42	25	43	4
GGGGTGGCAGTGGG__0.250692713545077__9	42	42	42	4	42	42	25	42	9	4	42	42	42
GTGGTGGTAGGGTG__0.249308005425273__9	4	42	42	4	42	42	4	14	9	42	42	4	42
GGTGTGGTAGGGCG__0.249233088135992__9	42	4	42	4	42	42	4	14	9	42	42	25	43
GTGGTGGTAGGTTA__0.248981290635981__9	4	42	42	4	42	42	4	14	9	42	4	5	14
GGGGTGATGGGGGG__0.248960999952277__10	42	42	42	4	42	22	0	42	42	42	42	42	42
TTGGTGGGAGGGGG__0.248694626602354__9	5	42	42	4	42	42	42	22	9	42	42	42	42
GGGGTGGGAGTGGA__0.248581679200735__14	42	42	42	4	42	42	42	22	9	4	42	42	22
GGTGTGGGAGGGCG__0.248187811022258__11	42	4	42	4	42	42	42	22	9	42	42	25	43
GGGGTGGTAGGGTT__0.247664517490337__12	42	42	42	4	42	42	4	14	9	42	42	4	5
TGGGGGGCAGGGAG__0.247522761844999__9	42	42	42	42	42	42	25	42	9	42	42	22	9
ACCCTCCCAGCCCC__0.247438576232483__14	4	42	42	9	22	42	42	42	9	25	42	42	42
GGGTTGAGGGGGGA__0.246642560198309__10	42	42	4	5	42	22	9	42	42	42	42	42	22
GGTGTGGGAGTGTT__0.24658209689945__10	42	4	42	4	42	42	42	22	9	4	42	4	5
GCCCTGCCCGCCCA__0.245821798215842__9	25	42	42	9	42	25	42	42	43	25	42	42	42
GGGGTGGCTGGGGG__0.244125618604717__10	42	42	42	4	42	42	25	9	42	42	42	42	42
GTGGTGGGAGGGTT__0.243716503854963__11	4	42	42	4	42	42	42	22	9	42	42	4	5
CCCCTGACCCACCC__0.242870047461608__11	42	42	42	9	42	22	4	42	42	42	4	42	42
GGGGGGGCAGGGGC__0.242476631969165__11	42	42	42	42	42	42	25	42	9	42	42	42	25
GGGTGGGCAGGGCT__0.24232975624913__9	42	42	4	42	42	42	25	42	9	42	42	25	9
GGGGTGGGAGAGGG__0.242031904237357__14	42	42	42	4	42	42	42	22	9	22	9	42	42
GGGGGGAGAGGGGT__0.241965524111409__9	42	42	42	42	42	22	9	22	9	42	42	42	4
GGGGTGGCGGGGTG__0.241622956428303__14	42	42	42	4	42	42	25	43	42	42	42	4	42
TGGGTGAGGGGGGC__0.240852056744025__10	42	42	42	4	42	22	9	42	42	42	42	42	25
GGGTTGGCGGGTGG__0.240603122922635__9	42	42	4	5	42	42	25	43	42	42	4	42	42
GCCCTGACCCACCC__0.240405423163982__11	25	42	42	9	42	22	4	42	42	42	4	42	42
GGGGGGGCAGGGAA__0.240241096327427__11	42	42	42	42	42	42	25	42	9	42	42	22	5
GGGTGGGCAGGGCA__0.240034570324222__9	42	42	4	42	42	42	25	42	9	42	42	25	42
GGGGGGAGAGAGGG__0.239785771568514__9	42	42	42	42	42	22	9	22	9	22	9	42	42
GGGGGGACGGGGAG__0.239764342121427__9	42	42	42	42	42	22	4	43	42	42	42	22	9
GGTGTGGGAGGGTT__0.239744044627536__10	42	4	42	4	42	42	42	22	9	42	42	4	5
GGGGTGGTAGGGTA__0.239702988939071__11	42	42	42	4	42	42	4	14	9	42	42	4	14
GGGGTGGTAGGCGG__0.239588636560701__10	42	42	42	4	42	42	4	14	9	42	25	43	42
GTGGTGAGGGCGGG__0.239392152237408__9	4	42	42	4	42	22	9	42	42	25	43	42	42
GGTGTGGGAGGGGA__0.239311982910984__10	42	4	42	4	42	42	42	22	9	42	42	42	22
GGGTTGAGGGGGCG__0.238209499488795__9	42	42	4	5	42	22	9	42	42	42	42	25	43
GTGGTGAGGGGTGG__0.237934067748116__9	4	42	42	4	42	22	9	42	42	42	4	42	42
GGGTTGGGAGGTGT__0.237572373922379__9	42	42	4	5	42	42	42	22	9	42	4	42	4
GGGGGGGCAGGAGG__0.237022106308442__10	42	42	42	42	42	42	25	42	9	42	22	9	42
GTGGTGGCGGTGGG__0.236248059253346__9	4	42	42	4	42	42	25	43	42	4	42	42	42
TGGGTGAGGGGTGG__0.236243444662027__9	42	42	42	4	42	22	9	42	42	42	4	42	42
GGGGTGAGGGGAGG__0.235678626412745__13	42	42	42	4	42	22	9	42	42	42	22	9	42
GGGGTGGTAGTGCG__0.235672325074537__10	42	42	42	4	42	42	4	14	9	4	42	25	43
GCCCTCCCAGCCCC__0.235362510924413__12	25	42	42	9	22	42	42	42	9	25	42	42	42
GGGGTGGCGGGGGT__0.234913604154426__13	42	42	42	4	42	42	25	43	42	42	42	42	4
GGGGGGGCAGGGCA__0.234788736367824__11	42	42	42	42	42	42	25	42	9	42	42	25	42
GGTGTGGGAGGGAG__0.233780567789562__9	42	4	42	4	42	42	42	22	9	42	42	22	9
TGGGTGGCGGGCGG__0.233559713432147__9	42	42	42	4	42	42	25	43	42	42	25	43	42
GGGTTGGGAGGGGC__0.233540834473495__9	42	42	4	5	42	42	42	22	9	42	42	42	25
GCCCTCCCAGCCCA__0.233536788054053__9	25	42	42	9	22	42	42	42	9	25	42	42	42
GGGGGGGCAGTGGT__0.233292718544804__9	42	42	42	42	42	42	25	42	9	4	42	42	4
GGTGTGGGAGGGGT__0.232206450806054__9	42	4	42	4	42	42	42	22	9	42	42	42	4
CCCCTCCCAGCCCA__0.231895376948475__9	42	42	42	9	22	42	42	42	9	25	42	42	42
GGGGTGAGGGGGTG__0.23081155751504__12	42	42	42	4	42	22	9	42	42	42	42	4	42
GGTGTGGGAGGGTA__0.230422018165142__9	42	4	42	4	42	42	42	22	9	42	42	4	14
GTGGTGGGAGGGTC__0.229740176712587__9	4	42	42	4	42	42	42	22	9	42	42	4	22
GGGGTGGCGGGTTG__0.229248944709705__11	42	42	42	4	42	42	25	43	42	42	4	5	42
GGGGTGGCGGGGCG__0.228707217989575__12	42	42	42	4	42	42	25	43	42	42	42	25	43
GGGGTGGGAGCGGG__0.227891136037149__11	42	42	42	4	42	42	42	22	9	25	43	42	42
GGGGGGGCAGGGGA__0.227776686209815__9	42	42	42	42	42	42	25	42	9	42	42	42	22
GGGGTGGGAGGCGG__0.2267104599422__11	42	42	42	4	42	42	42	22	9	42	25	43	42
GTGGTGGGAGGGCT__0.225886772236657__9	4	42	42	4	42	42	42	22	9	42	42	25	9
GGGGTGGCGGGATG__0.216804333097738__10	42	42	42	4	42	42	25	43	42	42	22	0	42
GGGGTGGGAGTGTG__0.214426561464609__9	42	42	42	4	42	42	42	22	9	4	42	4	42
GGGGTGGGAGGTTG__0.2120265077803__9	42	42	42	4	42	42	42	22	9	42	4	5	42
GGGGTGAGGGGGGA__0.209155530459813__9	42	42	42	4	42	22	9	42	42	42	42	42	22
GGGGTGGGAGAGGA__0.207527996065915__9	42	42	42	4	42	42	42	22	9	22	9	42	22
