CAGGGGATAGGGGG__1__145	2	8	13	13	5	7	13	18	8	13	13	13
CAGGGGATAGGGGT__0.914065143189641__105	2	8	13	13	5	7	13	18	8	13	13	8
CAGGGGATAGGGGA__0.840973861848923__87	2	8	13	13	5	7	13	18	8	13	13	5
CAGGGGATAGGGTA__0.825311358516758__87	2	8	13	13	5	7	13	18	8	13	8	6
CAGGGGATAGGGGC__0.805928859771432__80	2	8	13	13	5	7	13	18	8	13	13	45
TGGAGGAGAGGGGG__0.799878348875026__110	8	5	8	8	5	8	9	8	8	13	13	13
CAGGGGATAGGGTT__0.796315080984785__74	2	8	13	13	5	7	13	18	8	13	8	6
AGGCATACAGGGGG__0.79528630615641__38	8	45	13	18	13	6	6	2	8	13	13	13
GGGCACACAGGGGG__0.782205407038886__50	13	45	13	17	6	17	6	2	8	13	13	13
CAGGGGATAGGGAT__0.779410161421798__71	2	8	13	13	5	7	13	18	8	13	5	7
AGGTACACAGGGGT__0.776050231547873__42	8	8	6	6	6	17	6	2	8	13	13	8
CAGGGGATAGGTTT__0.774340765020243__73	2	8	13	13	5	7	13	18	8	8	6	36
CAGGGGATAGGTAA__0.763884409713611__73	2	8	13	13	5	7	13	18	8	8	6	20
CAGGGGATAGGTTA__0.754291865572384__69	2	8	13	13	5	7	13	18	8	8	6	20
CAGGGGATAGGTGG__0.75302135310287__63	2	8	13	13	5	7	13	18	8	8	17	8
CAGGGGATAGGGAG__0.75296934473938__63	2	8	13	13	5	7	13	18	8	13	5	8
AGGCACACAGGGGT__0.745284435865657__30	8	45	13	17	6	17	6	2	8	13	13	8
CAGGGGATAGGTAG__0.74262271172342__64	2	8	13	13	5	7	13	18	8	8	6	18
AGGCACACAGGGGG__0.741510809241668__33	8	45	13	17	6	17	6	2	8	13	13	13
CAGGGGATAGGGAA__0.731179455569631__61	2	8	13	13	5	7	13	18	8	13	5	12
AGGTACACAGGGGA__0.725863557678259__45	8	8	6	6	6	17	6	2	8	13	13	5
CAGGGGATAGGCGG__0.708387205304157__55	2	8	13	13	5	7	13	18	8	45	25	2
CAGGGGATAGGGTG__0.707312134743415__52	2	8	13	13	5	7	13	18	8	13	8	17
GGGCACACAGGGGA__0.706361329611027__43	13	45	13	17	6	17	6	2	8	13	13	5
TGTAGGATAGGGGG__0.702025098307623__51	6	6	18	8	5	7	13	18	8	13	13	13
CAGGGGATAGGTAT__0.701524473867812__55	2	8	13	13	5	7	13	18	8	8	6	13
AGGTACACAGGGGG__0.699790142871134__34	8	8	6	6	6	17	6	2	8	13	13	13
CAGGGGATAGGGCG__0.698865015072922__55	2	8	13	13	5	7	13	18	8	13	45	25
CAGGGGATAGGAAG__0.698223823379064__56	2	8	13	13	5	7	13	18	8	5	12	6
GGGCACACAGGGGT__0.695590191103551__32	13	45	13	17	6	17	6	2	8	13	13	8
GGGTACACAGGGGA__0.692557840364364__49	13	8	6	6	6	17	6	2	8	13	13	5
CAGGGGATAGGTGT__0.690348040086554__49	2	8	13	13	5	7	13	18	8	8	17	6
AGGCAGACAGGGGG__0.687693640156967__25	8	45	13	2	9	8	6	2	8	13	13	13
CAGGGGATAGGGCT__0.683575554887115__53	2	8	13	13	5	7	13	18	8	13	45	25
CAGGGGATAGGGCA__0.678450316407444__56	2	8	13	13	5	7	13	18	8	13	45	13
CAGGGGATAGGTTG__0.672177153935003__48	2	8	13	13	5	7	13	18	8	8	6	9
CAGGGGATAGGAGG__0.664389428333748__45	2	8	13	13	5	7	13	18	8	5	8	8
CAGGGGATAGGAAT__0.660913155681744__48	2	8	13	13	5	7	13	18	8	5	12	30
AGGCATACAGGGGT__0.659428746797822__20	8	45	13	18	13	6	6	2	8	13	13	8
AGGCACACAGGGGA__0.655301451303803__28	8	45	13	17	6	17	6	2	8	13	13	5
AGGCATACAGGGGA__0.649157212885742__23	8	45	13	18	13	6	6	2	8	13	13	5
CAGGGGATAGGATT__0.648422679866583__43	2	8	13	13	5	7	13	18	8	5	7	30
CAGGGGATAGGAAA__0.647885584229287__50	2	8	13	13	5	7	13	18	8	5	12	36
CAGGGGATAGGCGA__0.647074389722978__48	2	8	13	13	5	7	13	18	8	45	25	31
CAGGGGATAGGTGC__0.64526505635953__44	2	8	13	13	5	7	13	18	8	8	17	13
GGGCATACAGGGGG__0.639115022515747__31	13	45	13	18	13	6	6	2	8	13	13	13
AGGCAGACAGGGGA__0.637767217797619__22	8	45	13	2	9	8	6	2	8	13	13	5
CAGGGGATAGGAGT__0.636416267422505__40	2	8	13	13	5	7	13	18	8	5	8	11
AGGGACACAGGGGA__0.63395901252811__30	8	13	5	8	6	17	6	2	8	13	13	5
GGGCATACAGGGGA__0.633180863076563__32	13	45	13	18	13	6	6	2	8	13	13	5
TGTAGGATAGGGAG__0.633084549407647__38	6	6	18	8	5	7	13	18	8	13	5	8
TGGAGGAGAGGAGG__0.632066181628425__53	8	5	8	8	5	8	9	8	8	5	8	8
AGGCGCACAGGGGT__0.62839303313582__25	8	45	25	25	13	17	6	2	8	13	13	8
GGGTACACAGGGGT__0.628074698402446__30	13	8	6	6	6	17	6	2	8	13	13	8
AGGAGGAGAGGGGG__0.625735439746986__38	8	5	8	8	5	8	9	8	8	13	13	13
AGGAGGAGAGGAGG__0.624082142942712__37	8	5	8	8	5	8	9	8	8	5	8	8
CGGCACACAGGGGT__0.62387090722631__18	2	45	13	17	6	17	6	2	8	13	13	8
AGGCAGACAGGGGT__0.620532779543125__17	8	45	13	2	9	8	6	2	8	13	13	8
AAGGGGATAGGGGG__0.618755060726645__33	6	8	13	13	5	7	13	18	8	13	13	13
GGCATCACAGGGGG__0.618323364328816__21	45	13	18	7	8	17	6	2	8	13	13	13
CAGGGGATAGGTTC__0.618196287543466__39	2	8	13	13	5	7	13	18	8	8	6	12
CAGGGGATAGGATA__0.618094322831211__41	2	8	13	13	5	7	13	18	8	5	7	13
AGGTGCACAGGGGG__0.617993050176937__35	8	8	17	13	13	17	6	2	8	13	13	13
ATGGGGAGAGGGGG__0.613777289083221__58	18	8	13	13	5	8	9	8	8	13	13	13
AGGCAAACAGGGGG__0.611480011901707__17	8	45	13	9	36	6	6	2	8	13	13	13
CAGGGGATAGGTGA__0.610557640195175__36	2	8	13	13	5	7	13	18	8	8	17	8
TGGGGGAGAGGGGG__0.608732947781311__113	8	13	13	13	5	8	9	8	8	13	13	13
CAGGGGATAGGTCT__0.608550396945255__37	2	8	13	13	5	7	13	18	8	8	8	9
AGGCGCACAGGGGA__0.608228807572989__29	8	45	25	25	13	17	6	2	8	13	13	5
CAGGGGATAGGCAA__0.607928395932098__45	2	8	13	13	5	7	13	18	8	45	13	9
AAGGCAACAGGGGA__0.604707721125267__20	6	8	45	13	9	6	6	2	8	13	13	5
TGGCACACAGGGGG__0.604393034389946__21	8	45	13	17	6	17	6	2	8	13	13	13
AGGTGCACAGGGGT__0.603671578441277__30	8	8	17	13	13	17	6	2	8	13	13	8
CAGGGGATAGGGTC__0.602387175295375__33	2	8	13	13	5	7	13	18	8	13	8	8
CAGGGGATAGGTAC__0.601094123283916__39	2	8	13	13	5	7	13	18	8	8	6	6
GGGAGGAGAGGGGG__0.600260367627354__65	13	5	8	8	5	8	9	8	8	13	13	13
AGGAACACAGGGGG__0.59958096181198__17	8	5	12	6	6	17	6	2	8	13	13	13
GGGAACACAGGGGA__0.598586773003667__25	13	5	12	6	6	17	6	2	8	13	13	5
CAGGGGATAGGCTA__0.595874388506715__38	2	8	13	13	5	7	13	18	8	45	25	18
TGGCACACAGGGGT__0.593846520743163__18	8	45	13	17	6	17	6	2	8	13	13	8
AGGTGCACAGGGGA__0.593658364359313__35	8	8	17	13	13	17	6	2	8	13	13	5
AGGAACACAGGGGA__0.590932788275047__20	8	5	12	6	6	17	6	2	8	13	13	5
GGGTACACAGGGGG__0.590000605100186__27	13	8	6	6	6	17	6	2	8	13	13	13
CAGGGGATAGGTCG__0.589484695694108__32	2	8	13	13	5	7	13	18	8	8	8	31
AAGCACACAGGGGT__0.588515464376908__13	6	25	13	17	6	17	6	2	8	13	13	8
GAGCACACAGGGGA__0.588019754506859__20	8	25	13	17	6	17	6	2	8	13	13	5
CAGGGGATAGGAGA__0.584716580939118__33	2	8	13	13	5	7	13	18	8	5	8	9
GGGGACACAGGGGA__0.584191232622588__31	13	13	5	8	6	17	6	2	8	13	13	5
CAGCACACAGGGGG__0.583715806071723__15	2	25	13	17	6	17	6	2	8	13	13	13
AGGAACACAGGGGT__0.583075981752548__14	8	5	12	6	6	17	6	2	8	13	13	8
GGGCATACAGGGGT__0.582878930454629__22	13	45	13	18	13	6	6	2	8	13	13	8
CAGGGGATAGGCGT__0.581192996639162__32	2	8	13	13	5	7	13	18	8	45	25	8
TGGCACACAGGGGA__0.578481212162528__22	8	45	13	17	6	17	6	2	8	13	13	5
GTGCACACAGGGGT__0.577898357988175__17	17	13	13	17	6	17	6	2	8	13	13	8
AGGGACACAGGGGG__0.576339993927292__19	8	13	5	8	6	17	6	2	8	13	13	13
CAGGGGATAGGGAC__0.573465530489698__31	2	8	13	13	5	7	13	18	8	13	5	8
GGTGGGACGGGGGG__0.573356923262011__95	8	17	8	13	5	8	8	2	13	13	13	13
TAGCACACAGGGGG__0.571667804878394__15	18	25	13	17	6	17	6	2	8	13	13	13
GGGCGCACAGGGGT__0.571143361388839__28	13	45	25	25	13	17	6	2	8	13	13	8
CAGGGGATAGGCAT__0.566883698497746__33	2	8	13	13	5	7	13	18	8	45	13	18
CAGGGGATAGGAAC__0.566855792250183__37	2	8	13	13	5	7	13	18	8	5	12	6
GGTGTGGTAGTGTG__0.566217466019378__98	8	17	6	17	8	8	6	18	11	17	6	17
GGGAGGAGAGGAGG__0.565987022782107__53	13	5	8	8	5	8	9	8	8	5	8	8
ATGCACACAGGGGT__0.564659373981092__13	18	13	13	17	6	17	6	2	8	13	13	8
GGGCGCACAGGGGG__0.563406009361394__29	13	45	25	25	13	17	6	2	8	13	13	13
TAGTTGAAGGTTAG__0.562202500029144__28	18	11	6	9	8	12	6	8	8	6	20	18
TTGCACACAGGGGT__0.562029093576185__14	9	13	13	17	6	17	6	2	8	13	13	8
TGTGTGGTAGTGTG__0.561284061707791__74	6	17	6	17	8	8	6	18	11	17	6	17
CGGGGGATAGGGGG__0.561012731249175__45	2	13	13	13	5	7	13	18	8	13	13	13
AAGCACACAGGGGA__0.560837522057552__16	6	25	13	17	6	17	6	2	8	13	13	5
CGGCACACAGGGGA__0.560746816740625__18	2	45	13	17	6	17	6	2	8	13	13	5
GGCACAACAGGGGT__0.558453629772784__12	45	13	17	6	9	6	6	2	8	13	13	8
CAGGGGATAGGCTG__0.558186538728183__29	2	8	13	13	5	7	13	18	8	45	25	2
AAGGTCACAGGGGA__0.555323917448118__18	6	8	8	8	8	17	6	2	8	13	13	5
CGGCACACAGGGGG__0.552845024164496__14	2	45	13	17	6	17	6	2	8	13	13	13
TAGCACACAGGGGT__0.550966373953458__12	18	25	13	17	6	17	6	2	8	13	13	8
GTGCACACAGGGGG__0.548332555819653__16	17	13	13	17	6	17	6	2	8	13	13	13
CAGGGGATAGGCAG__0.547841482266888__29	2	8	13	13	5	7	13	18	8	45	13	2
AGTGTGGTAGTGTG__0.545383045542532__47	11	17	6	17	8	8	6	18	11	17	6	17
CCTATCCCAGTGTG__0.545372954152879__13	8	18	13	7	5	13	8	2	11	17	6	17
GGGTTGGGAGGGGG__0.544427618149519__116	13	8	6	9	8	13	5	8	8	13	13	13
GGCATCACAGGGGT__0.543726526207168__13	45	13	18	7	8	17	6	2	8	13	13	8
CAGGGGATAGGCTT__0.5429527628613__27	2	8	13	13	5	7	13	18	8	45	25	6
ATGGGGAGAGGAGG__0.542791826657292__39	18	8	13	13	5	8	9	8	8	5	8	8
AGGGGCACAGGGGG__0.542569955784462__24	8	13	13	45	13	17	6	2	8	13	13	13
GGGGACACAGGGGG__0.542114921231865__22	13	13	5	8	6	17	6	2	8	13	13	13
CAGGGGATAGGACT__0.541786921373353__29	2	8	13	13	5	7	13	18	8	5	8	11
AGGGGCACAGGGGT__0.540777907792601__22	8	13	13	45	13	17	6	2	8	13	13	8
AAGGCAACAGGGGG__0.540508712613743__12	6	8	45	13	9	6	6	2	8	13	13	13
AGGCTCACAGGGGT__0.540297338133126__13	8	45	25	8	8	17	6	2	8	13	13	8
GTGCACACAGGGGA__0.539967191999484__18	17	13	13	17	6	17	6	2	8	13	13	5
GGGGACACAGGGGT__0.539944294996182__20	13	13	5	8	6	17	6	2	8	13	13	8
AAGGCCACAGGGGT__0.539883623683839__11	6	8	45	45	8	17	6	2	8	13	13	8
GGGCGCACAGGGGA__0.539764793219767__28	13	45	25	25	13	17	6	2	8	13	13	5
GGCGGGACGGGGGG__0.539628200344279__54	45	25	2	13	5	8	8	2	13	13	13	13
AGGGGCACAGGGGA__0.539459311964456__26	8	13	13	45	13	17	6	2	8	13	13	5
GGCAACACAGGGGA__0.5358652530354__17	45	13	9	6	6	17	6	2	8	13	13	5
GGCACTACAGGGGG__0.535757426911509__11	45	13	17	11	18	6	6	2	8	13	13	13
GGGTGCACAGGGGA__0.535150400332673__37	13	8	17	13	13	17	6	2	8	13	13	5
TGGCATACAGGGGA__0.534633859332992__16	8	45	13	18	13	6	6	2	8	13	13	5
GGGGGGAGAGGAGG__0.532776804460841__97	13	13	13	13	5	8	9	8	8	5	8	8
TAGCACACAGGGGA__0.53259471134849__15	18	25	13	17	6	17	6	2	8	13	13	5
CGGGTGGGAGGGGG__0.530899481734404__78	2	13	8	17	8	13	5	8	8	13	13	13
AGGCAAACAGGGGT__0.529876190694417__10	8	45	13	9	36	6	6	2	8	13	13	8
TGGCGCACAGGGGT__0.529564926567553__18	8	45	25	25	13	17	6	2	8	13	13	8
GGGTGGGCAGGGGG__0.526824912078706__87	13	8	17	8	13	45	13	2	8	13	13	13
AGGGACACAGGGGT__0.524915507812444__13	8	13	5	8	6	17	6	2	8	13	13	8
AGGCACACAGGGAT__0.524663282101127__15	8	45	13	17	6	17	6	2	8	13	5	7
ATGGAGAGAGGGGG__0.524249682007386__17	18	8	5	8	9	8	9	8	8	13	13	13
CAGGCCACAGGGGA__0.523975418380907__14	2	8	45	45	8	17	6	2	8	13	13	5
GGCACAACAGGGGA__0.523597960748236__13	45	13	17	6	9	6	6	2	8	13	13	5
CAGGGGATAGGTCA__0.522599493196154__25	2	8	13	13	5	7	13	18	8	8	8	8
GGGTGCACAGGGGG__0.521662960025589__32	13	8	17	13	13	17	6	2	8	13	13	13
CCCCTGACCTACAA__0.52135088804911__34	13	13	8	2	8	8	8	8	18	6	6	9
GGGGGGACGGGTGG__0.519559246250762__90	13	13	13	13	5	8	8	2	13	8	17	8
AAGCACACAGGGGG__0.518201977431867__10	6	25	13	17	6	17	6	2	8	13	13	13
GAGTTGAGGGGGGG__0.518168135618908__39	8	11	6	9	8	8	8	13	13	13	13	13
TGGTACACAGGGGG__0.517410526030181__16	8	8	6	6	6	17	6	2	8	13	13	13
CCCCTAACCGTACA__0.517013482909628__32	13	13	8	18	20	6	8	2	8	6	6	6
TTGCACACAGGGGG__0.515829839743474__12	9	13	13	17	6	17	6	2	8	13	13	13
AGGCACACAGGAGG__0.514601381978203__12	8	45	13	17	6	17	6	2	8	5	8	8
CAGGGGATAGGATC__0.514047672834091__23	2	8	13	13	5	7	13	18	8	5	7	7
CAGGGGATAGGAGC__0.513434804760479__23	2	8	13	13	5	7	13	18	8	5	8	25
AGGCAAACAGGGGA__0.513323000893191__12	8	45	13	9	36	6	6	2	8	13	13	5
AAGGGGATAGGGGA__0.512479275549533__19	6	8	13	13	5	7	13	18	8	13	13	5
GGGGGCACAGGGGA__0.512242803725183__34	13	13	13	45	13	17	6	2	8	13	13	5
CAGCACACAGGGGT__0.512166365252249__9	2	25	13	17	6	17	6	2	8	13	13	8
AAGGGCACAGGGGA__0.511770605861942__17	6	8	13	45	13	17	6	2	8	13	13	5
TGTAGGTCAGGGGG__0.510948308095633__23	6	6	18	8	8	8	8	2	8	13	13	13
AGGCTCACAGGGGG__0.509485041289996__12	8	45	25	8	8	17	6	2	8	13	13	13
TGGGGGAGAGGAGG__0.509268913417462__64	8	13	13	13	5	8	9	8	8	5	8	8
ATGTTGAAGGTTAG__0.508785611602491__20	18	6	6	9	8	12	6	8	8	6	20	18
AGGCTCACAGGGGA__0.508272721936465__14	8	45	25	8	8	17	6	2	8	13	13	5
CCCCTGAGTGCCTT__0.507760592932016__11	13	13	8	2	8	8	11	17	13	45	8	6
CAAGGCACAGGGGA__0.506734025963869__14	9	6	8	45	13	17	6	2	8	13	13	5
GGGGGGAGAGGGGG__0.505853610384836__86	13	13	13	13	5	8	9	8	8	13	13	13
GGGCACACAGGGTA__0.505628341268395__16	13	45	13	17	6	17	6	2	8	13	8	6
CAGGGGATAGGGCC__0.504836505342143__24	2	8	13	13	5	7	13	18	8	13	45	45
GGAGGGACGGGGGG__0.504761012101952__41	5	8	8	13	5	8	8	2	13	13	13	13
AAGGCCACAGGGGG__0.504736549752353__10	6	8	45	45	8	17	6	2	8	13	13	13
TGGCGCACAGGGGA__0.504464793859624__19	8	45	25	25	13	17	6	2	8	13	13	5
TGGTACACAGGGGA__0.50430258570104__17	8	8	6	6	6	17	6	2	8	13	13	5
GTGGGGAGAGGGGG__0.503672026643835__62	17	8	13	13	5	8	9	8	8	13	13	13
AGGCGCACAGGGGG__0.502065244474213__14	8	45	25	25	13	17	6	2	8	13	13	13
CGGTACACAGGGGA__0.501939371654636__15	2	8	6	6	6	17	6	2	8	13	13	5
CCCCTAACCGACAA__0.501489007306087__34	13	13	8	18	20	6	8	2	31	8	6	9
GGGCACACAGGGGC__0.501228387313906__18	13	45	13	17	6	17	6	2	8	13	13	45
AAGGCTACAGGGGA__0.500434289823888__10	6	8	45	25	18	6	6	2	8	13	13	5
GAGCACACAGGGGG__0.500375419371136__10	8	25	13	17	6	17	6	2	8	13	13	13
TAGTTGGTAGGTTA__0.500261504089946__29	18	11	6	9	8	8	6	18	8	8	6	20
CAGGGGATAGGCGC__0.500180388580505__24	2	8	13	13	5	7	13	18	8	45	25	25
TGGGTGGGAGGGGG__0.499479119044757__98	8	13	8	17	8	13	5	8	8	13	13	13
ATGAACACAGGGGA__0.498891172463869__11	18	8	12	6	6	17	6	2	8	13	13	5
GGTGTGGTAGTGGG__0.498491291845409__63	8	17	6	17	8	8	6	18	11	17	8	13
AGGCGTACAGGGGA__0.498465870617379__14	8	45	25	8	6	6	6	2	8	13	13	5
CAAGGCACAGGGGG__0.498176601373814__11	9	6	8	45	13	17	6	2	8	13	13	13
TTGTTGGTAGGGAG__0.498143726703408__39	9	6	6	9	8	8	6	18	8	13	5	8
TGGAACACAGGGGA__0.497685303049058__13	8	5	12	6	6	17	6	2	8	13	13	5
AAGGACACAGGGGA__0.496737717873672__12	6	8	5	8	6	17	6	2	8	13	13	5
CAGGGGATAGGCAC__0.495932889242021__26	2	8	13	13	5	7	13	18	8	45	13	17
GGCAACACAGGGGT__0.495838335936894__10	45	13	9	6	6	17	6	2	8	13	13	8
TGGCGCACAGGGGG__0.495320433268364__16	8	45	25	25	13	17	6	2	8	13	13	13
ATGCACACAGGGGA__0.495053204087567__12	18	13	13	17	6	17	6	2	8	13	13	5
AAGGGGATAGGGGT__0.49498428063966__16	6	8	13	13	5	7	13	18	8	13	13	8
GGGCACACAGGGTT__0.493422244601392__12	13	45	13	17	6	17	6	2	8	13	8	6
GGGGGGGCAGGGTG__0.493281628587528__91	13	13	13	13	13	45	13	2	8	13	8	17
TGGGGCACAGGGGA__0.493059753000852__25	8	13	13	45	13	17	6	2	8	13	13	5
AAGGGGATAGGGAA__0.491985517011416__18	6	8	13	13	5	7	13	18	8	13	5	12
AGGCACACAGGGTT__0.489265042515117__9	8	45	13	17	6	17	6	2	8	13	8	6
AGGGTGGTAGTGTG__0.488924540810811__45	8	13	8	17	8	8	6	18	11	17	6	17
AAAGGCACAGGGGA__0.488563451723524__12	36	6	8	45	13	17	6	2	8	13	13	5
AAGGCCACAGGGGA__0.488315736653136__11	6	8	45	45	8	17	6	2	8	13	13	5
GGGGTGGTAGTGTG__0.488284139656304__87	13	13	8	17	8	8	6	18	11	17	6	17
GCCAAGGCAGGGGG__0.488010197195025__10	45	8	9	6	8	45	13	2	8	13	13	13
GTAGTGTTAGGGAG__0.487721603146848__26	6	18	11	17	6	6	20	18	8	13	5	8
CAGCACACAGGGGA__0.487470575543093__11	2	25	13	17	6	17	6	2	8	13	13	5
AGGCATACAGGGGC__0.48711800234259__11	8	45	13	18	13	6	6	2	8	13	13	45
AAGGCGCCAGGGGA__0.48553376650237__11	6	8	45	25	25	45	8	2	8	13	13	5
GGGCAGACAGGGGT__0.485531298792113__13	13	45	13	2	9	8	6	2	8	13	13	8
TTGCACACAGGGGA__0.485181154694651__12	9	13	13	17	6	17	6	2	8	13	13	5
TGGTACACAGGGGT__0.484235468539361__12	8	8	6	6	6	17	6	2	8	13	13	8
GCGTACACAGGGGA__0.483240329055749__13	25	8	6	6	6	17	6	2	8	13	13	5
CAGGGGATAGGACG__0.482693566275556__20	2	8	13	13	5	7	13	18	8	5	8	8
CAAGGCACAGGGGT__0.482572344173656__9	9	6	8	45	13	17	6	2	8	13	13	8
GAGTTGAAGGTTAG__0.481335342950478__18	8	11	6	9	8	12	6	8	8	6	20	18
TGTAGGGCAGGGAG__0.480611198914738__29	6	6	18	8	13	45	13	2	8	13	5	8
GGTGTGGCGGGTGG__0.480495799122941__77	8	17	6	17	8	45	25	2	13	8	17	8
AGGCACACAGGGAA__0.479537558497584__14	8	45	13	17	6	17	6	2	8	13	5	12
TGTAGGAGAGGGGG__0.478780639332729__20	6	6	18	8	5	8	9	8	8	13	13	13
GGCAACACAGGGGG__0.478656587696434__10	45	13	9	6	6	17	6	2	8	13	13	13
AGGCACACAGGGTA__0.477894049683003__11	8	45	13	17	6	17	6	2	8	13	8	6
ATAGTGGTAGGTTA__0.477590403436575__17	13	18	11	17	8	8	6	18	8	8	6	20
GGGTTGGGAGGGTG__0.477378399979883__75	13	8	6	9	8	13	5	8	8	13	8	17
GGCTACACAGGGGA__0.47574480042846__12	45	25	18	6	6	17	6	2	8	13	13	5
TAGGCCACAGGGGA__0.475118666337523__11	18	8	45	45	8	17	6	2	8	13	13	5
AGGTATACAGGGGG__0.473776523288449__9	8	8	6	13	13	6	6	2	8	13	13	13
TGGGTGGGAGGGTG__0.473320602772005__80	8	13	8	17	8	13	5	8	8	13	8	17
GGGCTCACAGGGGA__0.472078442002909__14	13	45	25	8	8	17	6	2	8	13	13	5
TAGGGGATAGGGGG__0.470146958726897__19	18	8	13	13	5	7	13	18	8	13	13	13
GGTGTGGCGGGGGG__0.470139155517025__77	8	17	6	17	8	45	25	2	13	13	13	13
TGGCATACAGGGGG__0.470096935468066__10	8	45	13	18	13	6	6	2	8	13	13	13
TAGTTGTTAGGTTA__0.470000990324586__21	18	11	6	9	6	6	20	18	8	8	6	20
AAGGGGATAGGGCA__0.468797088874235__18	6	8	13	13	5	7	13	18	8	13	45	13
TTAGTGGTAGGTTA__0.468592258012627__24	20	18	11	17	8	8	6	18	8	8	6	20
CGGGTGGGAGGGAG__0.467484730223639__50	2	13	8	17	8	13	5	8	8	13	5	8
TGGGACACAGGGGT__0.465444193804495__11	8	13	5	8	6	17	6	2	8	13	13	8
GGGAGGGCAGGGTG__0.465380392066617__42	13	5	8	8	13	45	13	2	8	13	8	17
TCCCTAACCGACAA__0.465248721734682__28	5	13	8	18	20	6	8	2	31	8	6	9
TGGCATACAGGGGT__0.46510743033278__9	8	45	13	18	13	6	6	2	8	13	13	8
AAGGTCACAGGGGG__0.46506993796485__9	6	8	8	8	8	17	6	2	8	13	13	13
ACGGGGATAGGTTA__0.464690493007149__14	8	2	13	13	5	7	13	18	8	8	6	20
GGGTGCACAGGGGT__0.463884373936325__21	13	8	17	13	13	17	6	2	8	13	13	8
GGGCTCACAGGGGT__0.463691518314237__11	13	45	25	8	8	17	6	2	8	13	13	8
TCCCTGACCTACAA__0.463519819275372__25	5	13	8	2	8	8	8	8	18	6	6	9
AAGGGGATAGGGTT__0.463382002439217__14	6	8	13	13	5	7	13	18	8	13	8	6
GGGAACACAGGGGT__0.463202241986353__9	13	5	12	6	6	17	6	2	8	13	13	8
AAGGGGATAGGTTT__0.463057244092035__15	6	8	13	13	5	7	13	18	8	8	6	36
AGTGTGGTAGTGGG__0.462562280244503__27	11	17	6	17	8	8	6	18	11	17	8	13
CGGGGGATAGGGGA__0.462557574804865__25	2	13	13	13	5	7	13	18	8	13	13	5
AGGTTCACAGGGGT__0.46191557456501__9	8	8	6	12	8	17	6	2	8	13	13	8
TAGGGGATAGGGGA__0.461681553842167__18	18	8	13	13	5	7	13	18	8	13	13	5
TGTGGGATAGGGAG__0.461067953721389__26	6	17	8	13	5	7	13	18	8	13	5	8
AGGCGCACAGGGAT__0.459219242874281__13	8	45	25	25	13	17	6	2	8	13	5	7
GGCATCACAGGGGA__0.458679305979431__10	45	13	18	7	8	17	6	2	8	13	13	5
GGCGACACAGGGGA__0.457801312291939__11	45	25	31	8	6	17	6	2	8	13	13	5
GGTGGGACGGGTGG__0.457523703345009__48	8	17	8	13	5	8	8	2	13	8	17	8
CAGGGGATAGGATG__0.456740639263467__15	2	8	13	13	5	7	13	18	8	5	7	18
GGGGTGGGAGGGGG__0.456573005004414__101	13	13	8	17	8	13	5	8	8	13	13	13
GAGTTGAGGGGGGC__0.456395225214703__28	8	11	6	9	8	8	8	13	13	13	13	45
GGGCAGACAGGGGA__0.455185179981366__12	13	45	13	2	9	8	6	2	8	13	13	5
AAGTTGAAGGTTAG__0.454653636504331__11	6	11	6	9	8	12	6	8	8	6	20	18
TGGCTCACAGGGGG__0.45461965026153__10	8	45	25	8	8	17	6	2	8	13	13	13
AAGGGGATAGGAAG__0.454537584454342__15	6	8	13	13	5	7	13	18	8	5	12	6
AAGGGGATAGGGTA__0.454297905548629__14	6	8	13	13	5	7	13	18	8	13	8	6
AAGGGGATAGGTAG__0.452896056637957__14	6	8	13	13	5	7	13	18	8	8	6	18
TTGAACACAGGGGA__0.452222217875848__9	9	8	12	6	6	17	6	2	8	13	13	5
ATGGAGTCAGGGGG__0.451807448873971__10	18	8	5	8	11	8	8	2	8	13	13	13
TGGAGGATAGGGAG__0.451488530195315__16	8	5	8	8	5	7	13	18	8	13	5	8
AGGGATACAGGGGA__0.451435724573989__10	8	13	5	7	13	6	6	2	8	13	13	5
TCCCTAACCGTACA__0.451429990383459__22	5	13	8	18	20	6	8	2	8	6	6	6
GGGATGGGAGGGGG__0.450638152749939__47	13	5	7	18	8	13	5	8	8	13	13	13
TGGTGCACAGGGGA__0.450127750468569__18	8	8	17	13	13	17	6	2	8	13	13	5
TGGCTCACAGGGGA__0.449658576632012__11	8	45	25	8	8	17	6	2	8	13	13	5
TGGAGGAGAGGTGG__0.449478991953743__19	8	5	8	8	5	8	9	8	8	8	17	8
CAGGGGATAGGACA__0.449253379091038__18	2	8	13	13	5	7	13	18	8	5	8	6
GTGGTGGGAGGGTG__0.448408775276505__68	17	8	8	17	8	13	5	8	8	13	8	17
TCCCTAACACTACA__0.446182316308268__29	5	13	8	18	20	6	6	17	11	18	6	6
GGAGGGACGGGTGG__0.446132585239063__28	5	8	8	13	5	8	8	2	13	8	17	8
TGTATGTTAGGGAG__0.445957724875716__17	6	6	13	18	6	6	20	18	8	13	5	8
AGGGGGAGAGGAGG__0.445576188574146__31	8	13	13	13	5	8	9	8	8	5	8	8
AAGGGGATAGGGGC__0.44444300242937__13	6	8	13	13	5	7	13	18	8	13	13	45
GAGTTGAGGGGGGT__0.443999879666764__25	8	11	6	9	8	8	8	13	13	13	13	8
GGGCGGGCAGGGGG__0.443436963723111__36	13	45	25	2	13	45	13	2	8	13	13	13
AAGGTAACAGGGGA__0.441376405308748__9	6	8	8	6	20	6	6	2	8	13	13	5
ATGGAGAGAGGAGG__0.440912431278954__10	18	8	5	8	9	8	9	8	8	5	8	8
CAGGGGATAGTGCG__0.440854024816449__15	2	8	13	13	5	7	13	18	11	17	13	25
CAGGGGATAGGCCT__0.440758588478021__16	2	8	13	13	5	7	13	18	8	45	45	8
GGCTAAACAGGGGA__0.440435722723516__9	45	25	18	20	36	6	6	2	8	13	13	5
GGGATGGGAGGGTG__0.440218720223149__42	13	5	7	18	8	13	5	8	8	13	8	17
GGTTTGACAGGTGT__0.439561287561962__14	8	6	36	9	8	8	6	2	8	8	17	6
AAGGGGATAGGTGG__0.439351055862415__12	6	8	13	13	5	7	13	18	8	8	17	8
CAGTTGAAGGTTAG__0.438495425203523__10	2	11	6	9	8	12	6	8	8	6	20	18
GGGCTCACAGGGGG__0.437373316828553__10	13	45	25	8	8	17	6	2	8	13	13	13
ATGGAGGCAGGAGG__0.436823083070673__13	18	8	5	8	8	45	13	2	8	5	8	8
TAGGACACAGGGGA__0.436081811377352__9	18	8	5	8	6	17	6	2	8	13	13	5
GTAGTGGTAGGTTA__0.436063902238952__23	6	18	11	17	8	8	6	18	8	8	6	20
GGGGGGATAGGGGG__0.434720694130201__39	13	13	13	13	5	7	13	18	8	13	13	13
CAGGGGATAGTGGG__0.434442251593562__12	2	8	13	13	5	7	13	18	11	17	8	13
TAGTTGAAGGGTAG__0.43419418323961__14	18	11	6	9	8	12	6	8	13	8	6	18
TGTAGGGCAGGGGG__0.433925626577035__21	6	6	18	8	13	45	13	2	8	13	13	13
ATGGAGACGGGGGG__0.433468236929448__9	18	8	5	8	9	8	8	2	13	13	13	13
ATGGAGGCAGGGGG__0.433411474313201__13	18	8	5	8	8	45	13	2	8	13	13	13
TGTAGGATAGGGGA__0.432662262879497__12	6	6	18	8	5	7	13	18	8	13	13	5
ACGGGGATAGGTAG__0.432420692344078__11	8	2	13	13	5	7	13	18	8	8	6	18
TGGGGGATAGGGGG__0.432073925293928__29	8	13	13	13	5	7	13	18	8	13	13	13
GGGGTGGGAGGGTG__0.431842554087995__82	13	13	8	17	8	13	5	8	8	13	8	17
TTAGTTGCAGGTTA__0.431204856291914__13	20	18	11	6	9	13	13	2	8	8	6	20
GTGGTGGGAGGGGG__0.431114871548578__63	17	8	8	17	8	13	5	8	8	13	13	13
TGGGACACAGGGGA__0.431019746650194__11	8	13	5	8	6	17	6	2	8	13	13	5
GGGGCCACAGGGGA__0.430988454067547__12	13	13	45	45	8	17	6	2	8	13	13	5
CAGGGGATAGGTCC__0.430508540779699__15	2	8	13	13	5	7	13	18	8	8	8	5
AGTGTGGTAGGGTG__0.429694728397443__24	11	17	6	17	8	8	6	18	8	13	8	17
AGGGCCACAGGGGA__0.429624084867038__9	8	13	45	45	8	17	6	2	8	13	13	5
AAGGGGATAGGTTG__0.42910197234791__12	6	8	13	13	5	7	13	18	8	8	6	9
GTGGGGAGAGGAGG__0.428887612583416__37	17	8	13	13	5	8	9	8	8	5	8	8
GTTTTGACAGGTGT__0.428740743530755__11	6	36	36	9	8	8	6	2	8	8	17	6
GGGCACACAGGGAT__0.428510392486632__10	13	45	13	17	6	17	6	2	8	13	5	7
CTGGGGATAGGGGT__0.427186581511144__13	2	8	13	13	5	7	13	18	8	13	13	8
GGGCAAACAGGGGA__0.427001019091849__9	13	45	13	9	36	6	6	2	8	13	13	5
GTTTTGAAGGTGTT__0.426723205736386__16	6	36	36	9	8	12	6	8	8	17	6	6
TAGGTTAGAGGAGG__0.426256474588463__12	18	8	8	6	20	18	9	8	8	5	8	8
GGGGGGACGGGGGG__0.426255126701233__50	13	13	13	13	5	8	8	2	13	13	13	13
TGGGTGGGAGGGAG__0.426028033725739__57	8	13	8	17	8	13	5	8	8	13	5	8
AAGGGGATAGGTGT__0.425315479904843__11	6	8	13	13	5	7	13	18	8	8	17	6
GGTAGGATAGGGAG__0.424905176769742__15	8	6	18	8	5	7	13	18	8	13	5	8
AGGTTGAAGGTTAG__0.424871283331391__15	8	8	6	9	8	12	6	8	8	6	20	18
AGGGGGATAGGGGG__0.424816220802738__20	8	13	13	13	5	7	13	18	8	13	13	13
TGTAGGATAGGGTA__0.42457450375599__12	6	6	18	8	5	7	13	18	8	13	8	6
TTGTTGAAGGTTAG__0.424566842337303__16	9	6	6	9	8	12	6	8	8	6	20	18
AGGGGGATAGGGGT__0.424495426860946__19	8	13	13	13	5	7	13	18	8	13	13	8
GGGGATACAGGGGA__0.424482899769541__13	13	13	5	7	13	6	6	2	8	13	13	5
GGGCTGGGAGGGGG__0.424323105063859__39	13	45	25	2	8	13	5	8	8	13	13	13
GTAGTGTTAGGGGG__0.424181292679608__17	6	18	11	17	6	6	20	18	8	13	13	13
GGGTGGGCAGGGTG__0.423812789591557__44	13	8	17	8	13	45	13	2	8	13	8	17
TAGGTTACGGGAGG__0.42374937901846__13	18	8	8	6	20	6	8	2	13	5	8	8
CGGGGGATAGGTTT__0.423656183790707__21	2	13	13	13	5	7	13	18	8	8	6	36
ACGGGGATAGGGGT__0.423325712402969__9	8	2	13	13	5	7	13	18	8	13	13	8
TTGTTGTTAGGGAG__0.422894300028825__19	9	6	6	9	6	6	20	18	8	13	5	8
AAGGGGATAGGTAA__0.422605915246824__12	6	8	13	13	5	7	13	18	8	8	6	20
AGGGTGGGAGGGGG__0.422101901449812__41	8	13	8	17	8	13	5	8	8	13	13	13
TAGGGGATAGGGGT__0.421400525288462__13	18	8	13	13	5	7	13	18	8	13	13	8
AGGGGGAGAGGGGG__0.421183969412039__27	8	13	13	13	5	8	9	8	8	13	13	13
GGGAGGGCAGGGGG__0.421158468389668__32	13	5	8	8	13	45	13	2	8	13	13	13
GGGGGCACAGGGGT__0.421154307481143__17	13	13	13	45	13	17	6	2	8	13	13	8
GGGGCAACAGGGGA__0.420588857652034__12	13	13	45	13	9	6	6	2	8	13	13	5
CGGGGGATAGGGGT__0.420132476063441__18	2	13	13	13	5	7	13	18	8	13	13	8
CTGGGGATAGGGGG__0.419987210949436__13	2	8	13	13	5	7	13	18	8	13	13	13
TTGCGCACAGGGGA__0.419672900070057__10	9	13	25	25	13	17	6	2	8	13	13	5
CGGGGGATAGGGTG__0.419344558362548__19	2	13	13	13	5	7	13	18	8	13	8	17
CAGGGGATAGGCCG__0.419071071477105__14	2	8	13	13	5	7	13	18	8	45	45	2
GGCGGGACGGGTGG__0.418929344740556__25	45	25	2	13	5	8	8	2	13	8	17	8
CAGGGGATAGGCTC__0.418410912105498__14	2	8	13	13	5	7	13	18	8	45	25	8
TTGTTGGTAGGGGG__0.417983078481169__23	9	6	6	9	8	8	6	18	8	13	13	13
AGGGTGGGAGGGTG__0.417333693937632__38	8	13	8	17	8	13	5	8	8	13	8	17
GGGGGGGCAGGGCG__0.417206711310794__58	13	13	13	13	13	45	13	2	8	13	45	25
AAGGGGATAGGTGA__0.41625210941457__11	6	8	13	13	5	7	13	18	8	8	17	8
GGCAGCACAGGGGA__0.415018269082451__10	45	13	2	25	13	17	6	2	8	13	13	5
GGGGTCACAGGGGA__0.414779844853265__14	13	13	8	8	8	17	6	2	8	13	13	5
CGGGGGATAGGTTA__0.414725274922155__20	2	13	13	13	5	7	13	18	8	8	6	20
AAGGGGATAGGATA__0.414443483995805__12	6	8	13	13	5	7	13	18	8	5	7	13
ACGGGGATAGGGTT__0.414276038164696__9	8	2	13	13	5	7	13	18	8	13	8	6
CGGGGGATAGGGTA__0.414117961475934__19	2	13	13	13	5	7	13	18	8	13	8	6
GGTTTTATAGGTGT__0.413741967073435__13	8	6	36	36	20	13	13	18	8	8	17	6
GGAGGGAGAGGAGG__0.412724930485956__21	5	8	8	13	5	8	9	8	8	5	8	8
AGGGTCACAGGGGA__0.412507970478647__9	8	13	8	8	8	17	6	2	8	13	13	5
AGTGTGGTAGTGTT__0.412466301779088__21	11	17	6	17	8	8	6	18	11	17	6	6
TGGAGGATAGGGGG__0.412164639517435__12	8	5	8	8	5	7	13	18	8	13	13	13
AAGGGGATAGGCGA__0.411038337166221__12	6	8	13	13	5	7	13	18	8	45	25	31
GATGTGGTAGTGTG__0.410840377445927__17	7	18	6	17	8	8	6	18	11	17	6	17
GTAGGGATAGGGAG__0.410637738694348__13	6	18	8	13	5	7	13	18	8	13	5	8
GGGGGGGCAGGGGG__0.410508568626879__54	13	13	13	13	13	45	13	2	8	13	13	13
AAGGGGATAGGGAT__0.410430132070344__10	6	8	13	13	5	7	13	18	8	13	5	7
GGAAGCACAGGGGA__0.410263946553639__9	5	12	6	25	13	17	6	2	8	13	13	5
TGTAGGAGAGGGAG__0.409996249192244__12	6	6	18	8	5	8	9	8	8	13	5	8
CAGGGGATAGTGAG__0.409885771690087__11	2	8	13	13	5	7	13	18	11	17	8	8
GGGGTGGCGGGTGG__0.409399241233646__63	13	13	8	17	8	45	25	2	13	8	17	8
CAGGGGATAGTGTT__0.409336611121651__11	2	8	13	13	5	7	13	18	11	17	6	6
GGGTGGGCAGGGAG__0.409124568414077__41	13	8	17	8	13	45	13	2	8	13	5	8
CCCCTGAGTGCCCC__0.409021114822393__12	13	13	8	2	8	8	11	17	13	45	13	13
CAGGGGATAGCGGG__0.408480817650668__11	2	8	13	13	5	7	13	18	25	25	2	13
GGGGTGGTAGTGGG__0.408480014710994__48	13	13	8	17	8	8	6	18	11	17	8	13
GGTGTGGTAGTGTT__0.408354535433473__38	8	17	6	17	8	8	6	18	11	17	6	6
AAGGGGATAGGCTG__0.40826099331328__11	6	8	13	13	5	7	13	18	8	45	25	2
CGGGTGGGAGGGTG__0.408194962805815__34	2	13	8	17	8	13	5	8	8	13	8	17
TGGGTGAGGGGGGG__0.408012614831333__47	8	13	8	17	8	8	8	13	13	13	13	13
AAGGGGATAGGAGG__0.407505510026092__10	6	8	13	13	5	7	13	18	8	5	8	8
TGGAGGAGAGGGGC__0.407471225641875__15	8	5	8	8	5	8	9	8	8	13	13	45
AAGGGGATAGGCGG__0.405716801818828__10	6	8	13	13	5	7	13	18	8	45	25	2
GTGAGGAGAGGGGG__0.405675067237186__14	17	8	8	8	5	8	9	8	8	13	13	13
GTTGTGTTAGGGAG__0.404678750584107__21	6	9	6	17	6	6	20	18	8	13	5	8
GTTTTGAAGGCGTT__0.403615453951482__14	6	36	36	9	8	12	6	8	45	25	8	6
AGGGGGATAGGGTA__0.403440264962122__18	8	13	13	13	5	7	13	18	8	13	8	6
CAGGGGATAGGACC__0.402967158845765__14	2	8	13	13	5	7	13	18	8	5	8	8
GGTGGGACTGGGGG__0.402744230708676__23	8	17	8	13	5	8	11	2	8	13	13	13
GGGTGGAGAGGAGG__0.402450375418329__27	13	8	17	8	5	8	9	8	8	5	8	8
GGGTTGGGAGGGCG__0.402443973312086__45	13	8	6	9	8	13	5	8	8	13	45	25
TGGGTGGGAGGGCG__0.402390840931349__49	8	13	8	17	8	13	5	8	8	13	45	25
TGGTTGAAGGTTAG__0.400832329889086__17	8	8	6	9	8	12	6	8	8	6	20	18
TAGGGGATAGGTTA__0.400755985851156__13	18	8	13	13	5	7	13	18	8	8	6	20
TAGGGGATAGGTGG__0.400617074542136__12	18	8	13	13	5	7	13	18	8	8	17	8
GGAGGGACGGGCGG__0.400473349469015__22	5	8	8	13	5	8	8	2	13	45	25	2
AAGGGGATAGGGCG__0.40013742050486__10	6	8	13	13	5	7	13	18	8	13	45	25
TTGGGGAGAGGAGG__0.400135446950076__22	9	8	13	13	5	8	9	8	8	5	8	8
TAGTTGTAAGGTTA__0.400021946119184__10	18	11	6	9	6	6	20	6	8	8	6	20
CAGGGGACACGGGG__0.399806557015376__9	2	8	13	13	5	8	6	17	8	2	13	13
GGGTTGGGAGGGAG__0.399427893357594__43	13	8	6	9	8	13	5	8	8	13	5	8
AAGGGGATAGGGTG__0.399395495724299__9	6	8	13	13	5	7	13	18	8	13	8	17
CAGGGGATAGCGGT__0.399290409830304__10	2	8	13	13	5	7	13	18	25	25	2	8
TGGAGGAGAGGGGT__0.39917430165273__13	8	5	8	8	5	8	9	8	8	13	13	8
TTGTAGGCAGGGGG__0.399139352841604__12	9	6	6	18	8	45	13	2	8	13	13	13
AAGGGGATAGGGAG__0.398628732528523__9	6	8	13	13	5	7	13	18	8	13	5	8
TAGGGGATAGGGGC__0.398459497331698__12	18	8	13	13	5	7	13	18	8	13	13	45
TAGGTTAGAGGGGG__0.398452243693968__10	18	8	8	6	20	18	9	8	8	13	13	13
CAGGGGATAGTGGT__0.397893608049357__9	2	8	13	13	5	7	13	18	11	17	8	8
GGCGGCACAGGGGA__0.39785421519265__10	45	25	2	45	13	17	6	2	8	13	13	5
AAGGGGATAGGCTA__0.397517787946379__11	6	8	13	13	5	7	13	18	8	45	25	18
CAGGGGATAGATAT__0.397337957349428__11	2	8	13	13	5	7	13	18	9	7	13	13
CGGGGGATAGGATT__0.397238007827728__17	2	13	13	13	5	7	13	18	8	5	7	30
GGTAGGAGAGGGGG__0.396996850882215__15	8	6	18	8	5	8	9	8	8	13	13	13
GGCGTGGCGGGTGG__0.396953302659583__30	45	25	8	17	8	45	25	2	13	8	17	8
GGTGGGACGGGAGG__0.396919519796105__32	8	17	8	13	5	8	8	2	13	5	8	8
GGGGGGAGAGGTGG__0.396649557005532__41	13	13	13	13	5	8	9	8	8	8	17	8
TGGTGGAGAGGGGG__0.396601186208058__20	8	8	17	8	5	8	9	8	8	13	13	13
GAGGGGATAGGGGG__0.396598992073909__14	8	8	13	13	5	7	13	18	8	13	13	13
AAGGGGATAGGAGA__0.396591743780862__10	6	8	13	13	5	7	13	18	8	5	8	9
AGCGTGGTAGTGTG__0.39621093326578__13	25	25	8	17	8	8	6	18	11	17	6	17
GAGGTGGTAGTGTG__0.395681838938366__22	8	8	8	17	8	8	6	18	11	17	6	17
TTGTAGGCAGGGAG__0.395503812611397__12	9	6	6	18	8	45	13	2	8	13	5	8
TGGGGCACAGGGGG__0.395049439385305__12	8	13	13	45	13	17	6	2	8	13	13	13
ACCCTAACACTACA__0.394642416297494__20	8	13	8	18	20	6	6	17	11	18	6	6
CTGGGGATAGGTGG__0.394500167409462__11	2	8	13	13	5	7	13	18	8	8	17	8
AAGTTGTTAGGTTA__0.39404395944916__9	6	11	6	9	6	6	20	18	8	8	6	20
GGGGGGGCAGGGAG__0.393986850465369__48	13	13	13	13	13	45	13	2	8	13	5	8
GAGGGGATAGGGGT__0.393417466096356__13	8	8	13	13	5	7	13	18	8	13	13	8
TGTGTGGTAGTGGG__0.393399235427496__24	6	17	6	17	8	8	6	18	11	17	8	13
GTGTGCACAGGGGA__0.393145964554014__12	17	6	17	13	13	17	6	2	8	13	13	5
GGGTTGAAGGTTAG__0.393076450894036__21	13	8	6	9	8	12	6	8	8	6	20	18
AGGGTGGTAGTGGG__0.392914544216787__22	8	13	8	17	8	8	6	18	11	17	8	13
CAGGGGATAGTTTT__0.392793624310669__10	2	8	13	13	5	7	13	18	11	6	36	36
TGGAGGAGAGAGGG__0.392434296401151__13	8	5	8	8	5	8	9	8	9	8	8	13
GTGCGCACAGGGGA__0.392296568945707__9	17	13	25	25	13	17	6	2	8	13	13	5
TAGGGGATAGGTTG__0.39202042908965__12	18	8	13	13	5	7	13	18	8	8	6	9
GGTGTGGTAGGGTG__0.391826315915657__34	8	17	6	17	8	8	6	18	8	13	8	17
GGTGGGACGGGCGG__0.3917834644347__32	8	17	8	13	5	8	8	2	13	45	25	2
CGGAGGAGAGGGGG__0.391487547564521__9	2	5	8	8	5	8	9	8	8	13	13	13
GGTGTGGTAGTGTA__0.391472762631362__32	8	17	6	17	8	8	6	18	11	17	6	6
GCGGTGGGAGGGTG__0.39127203434241__32	25	2	8	17	8	13	5	8	8	13	8	17
GTAGTTGCAGGTTA__0.390279037451451__11	6	18	11	6	9	13	13	2	8	8	6	20
AGTTGGAGAGTTAG__0.390013968735241__9	11	6	9	8	5	8	9	8	11	6	20	18
CTGGGGATAGGGAA__0.389711385652987__11	2	8	13	13	5	7	13	18	8	13	5	12
GTGTTGAAGGTTAG__0.389633987138139__16	17	6	6	9	8	12	6	8	8	6	20	18
CGGGGGATAGGTAG__0.389585850984945__16	2	13	13	13	5	7	13	18	8	8	6	18
ACCCTGACCTACAA__0.389263889852606__14	8	13	8	2	8	8	8	8	18	6	6	9
AGGGTGGGAGGGTT__0.389058167165814__31	8	13	8	17	8	13	5	8	8	13	8	6
TAGTTGGCAGGTTA__0.388913362160714__11	18	11	6	9	8	45	13	2	8	8	6	20
GTGAGGAGAGGAGG__0.388609043666688__12	17	8	8	8	5	8	9	8	8	5	8	8
GATGGGAGAGGAGG__0.388432666545216__13	7	18	8	13	5	8	9	8	8	5	8	8
CAGGGGATAGTATT__0.38822999887819__10	2	8	13	13	5	7	13	18	11	6	13	30
GTTGTGGTAGTGTG__0.387834713101353__23	6	9	6	17	8	8	6	18	11	17	6	17
GGTGTGGGAGGGTG__0.387760471065637__42	8	17	6	17	8	13	5	8	8	13	8	17
CAGGGGATAGTGGA__0.38756802681206__9	2	8	13	13	5	7	13	18	11	17	8	5
CGGGGGATAGGGTT__0.387317744558678__15	2	13	13	13	5	7	13	18	8	13	8	6
CAGGGGATAGTGCA__0.387276849299056__11	2	8	13	13	5	7	13	18	11	17	13	13
TGGAGGGCAGGGAG__0.38714314752436__18	8	5	8	8	13	45	13	2	8	13	5	8
GGGGGGACGGGAGG__0.386967652085007__38	13	13	13	13	5	8	8	2	13	5	8	8
CGGGGGATAGGGAT__0.386649237216945__15	2	13	13	13	5	7	13	18	8	13	5	7
GGGAGCACAGGGGA__0.386117241406954__10	13	5	8	25	13	17	6	2	8	13	13	5
CTGGGGATAGGGGA__0.384819374258894__10	2	8	13	13	5	7	13	18	8	13	13	5
CCCCTAACACTACA__0.384596235748578__18	13	13	8	18	20	6	6	17	11	18	6	6
GGTTTGGTAGGTGT__0.384008849148404__22	8	6	36	9	8	8	6	18	8	8	17	6
AGGGGGATAGGGAT__0.383538053510708__15	8	13	13	13	5	7	13	18	8	13	5	7
CAGGGGATAGTAAT__0.383409357622193__10	2	8	13	13	5	7	13	18	11	6	20	30
CACACTACAGCACT__0.383130593954754__9	17	6	17	11	18	6	6	2	25	13	17	11
TTGTGGATAGGGAG__0.383117425000601__11	9	6	17	8	5	7	13	18	8	13	5	8
AGGGGTACAGGGGA__0.38311515024057__10	8	13	13	8	6	6	6	2	8	13	13	5
TAGGGGATAGGTAG__0.3830884326281__11	18	8	13	13	5	7	13	18	8	8	6	18
GGGGTGGCGGGGGG__0.382998759584284__55	13	13	8	17	8	45	25	2	13	13	13	13
TGGAGGAGAGGGGA__0.38252413363522__12	8	5	8	8	5	8	9	8	8	13	13	5
GAGGGCACAGGGGA__0.382379149901478__9	8	8	13	45	13	17	6	2	8	13	13	5
AAGGGGATAGGCAA__0.382122845658181__11	6	8	13	13	5	7	13	18	8	45	13	9
GGTAGGAGAGGAGG__0.381870902398851__13	8	6	18	8	5	8	9	8	8	5	8	8
GTTAGGAGAGGGGG__0.38179389914352__10	6	20	18	8	5	8	9	8	8	13	13	13
GGTGTGGCGGGCGG__0.381484322314792__40	8	17	6	17	8	45	25	2	13	45	25	2
GGATGGAGAGGGGG__0.381069629848173__12	5	7	18	8	5	8	9	8	8	13	13	13
ATGGTGAGAGGGGG__0.380968939221437__9	18	8	8	17	8	8	9	8	8	13	13	13
GGAGGGACGGGAGG__0.380914032297858__18	5	8	8	13	5	8	8	2	13	5	8	8
TGGGTGGGAGGGTT__0.380867361294935__42	8	13	8	17	8	13	5	8	8	13	8	6
CAGGGGATAGTTGG__0.380753849324632__9	2	8	13	13	5	7	13	18	11	6	9	8
AAGGGGATAGGCTT__0.380478301251937__9	6	8	13	13	5	7	13	18	8	45	25	6
TGGATGAGAGGGGG__0.380461979915789__9	8	5	7	18	8	8	9	8	8	13	13	13
CTGGGGATAGGGGC__0.380237995821358__10	2	8	13	13	5	7	13	18	8	13	13	45
AGGGTGGGAGGGAT__0.379371519076667__28	8	13	8	17	8	13	5	8	8	13	5	7
TGGTGGAGAGGAGG__0.379331833564297__17	8	8	17	8	5	8	9	8	8	5	8	8
GTTTTGAAGGTGGG__0.379321419478803__12	6	36	36	9	8	12	6	8	8	17	8	13
GGAGTTAGAGGAGG__0.378435088736887__9	5	8	11	6	20	18	9	8	8	5	8	8
TAGTTGTGAGGTTA__0.378298901120255__12	18	11	6	9	6	17	8	8	8	8	6	20
GGGGTGGGAGGGGT__0.378235224345209__55	13	13	8	17	8	13	5	8	8	13	13	8
TAGGGGATAGGGAG__0.37786995453275__10	18	8	13	13	5	7	13	18	8	13	5	8
GGGTGGAGAGGGGG__0.377387294301016__23	13	8	17	8	5	8	9	8	8	13	13	13
CAGGGGATAGAAGG__0.377168260295548__9	2	8	13	13	5	7	13	18	9	12	6	8
CGGGTGGGAGGGTT__0.377128009916612__27	2	13	8	17	8	13	5	8	8	13	8	6
TAGGTGAGGGAGGT__0.376986250601293__20	18	8	8	17	8	8	8	13	5	8	8	8
GGGTACACAGGGGC__0.376984189344646__9	13	8	6	6	6	17	6	2	8	13	13	45
TGGGTGGGAGTGGG__0.376926158867175__36	8	13	8	17	8	13	5	8	11	17	8	13
GGGGTGGGAGGGAG__0.376453794893261__53	13	13	8	17	8	13	5	8	8	13	5	8
GGTTTTATAGGCGG__0.376415281351544__10	8	6	36	36	20	13	13	18	8	45	25	2
CGGGGGATAGGTGT__0.376405852241362__14	2	13	13	13	5	7	13	18	8	8	17	6
GGAGTTAGAGGGGG__0.376121078515212__9	5	8	11	6	20	18	9	8	8	13	13	13
GTTGTGACAGGTGT__0.376092693467054__9	6	9	6	17	8	8	6	2	8	8	17	6
AGGGGGATAGGTTT__0.375769437503243__15	8	13	13	13	5	7	13	18	8	8	6	36
CGGGGGATAGGGAA__0.374968656216053__14	2	13	13	13	5	7	13	18	8	13	5	12
CAGGGGATAGTTAG__0.374825520310742__9	2	8	13	13	5	7	13	18	11	6	20	18
TGTATGTTAGGGGG__0.374778319349413__10	6	6	13	18	6	6	20	18	8	13	13	13
GGTTTGGGAGGGGG__0.374530870417446__28	8	6	36	9	8	13	5	8	8	13	13	13
AGGGGGATAGGTGG__0.374223482510421__14	8	13	13	13	5	7	13	18	8	8	17	8
AAGGGGATAGGCAG__0.374035311092691__9	6	8	13	13	5	7	13	18	8	45	13	2
GGGATGGGAGGGCG__0.373977777246197__26	13	5	7	18	8	13	5	8	8	13	45	25
CGGGTGGGAGGGGT__0.373575755909206__26	2	13	8	17	8	13	5	8	8	13	13	8
ATGGGGATAGGGGT__0.373206733962619__9	18	8	13	13	5	7	13	18	8	13	13	8
TAGGGGATAGGAGG__0.373056904325609__10	18	8	13	13	5	7	13	18	8	5	8	8
AGTGTGGTAGTGTA__0.372891709207882__15	11	17	6	17	8	8	6	18	11	17	6	6
TAGGGGATAGGGTA__0.372406609636634__10	18	8	13	13	5	7	13	18	8	13	8	6
GAGGGGAGAGGGGG__0.372353474196268__16	8	8	13	13	5	8	9	8	8	13	13	13
GGGGGGACGGGCGG__0.371523370100107__35	13	13	13	13	5	8	8	2	13	45	25	2
GAGGGGATAGGCGG__0.371279101980252__12	8	8	13	13	5	7	13	18	8	45	25	2
CCCCTAACATACAA__0.371156148642373__14	13	13	8	18	20	6	6	18	13	6	6	9
TGTAGGTCAGGGAG__0.370987400117475__9	6	6	18	8	8	8	8	2	8	13	5	8
CAGGGGATAGTTAT__0.37071358004654__9	2	8	13	13	5	7	13	18	11	6	20	13
TTGGGGAGAGGGGG__0.370273463791328__18	9	8	13	13	5	8	9	8	8	13	13	13
GAGGGGATAGGGTA__0.370140467877586__12	8	8	13	13	5	7	13	18	8	13	8	6
CTGGGGATAGGGTG__0.370036235396431__9	2	8	13	13	5	7	13	18	8	13	8	17
TGGGTGGGAGGGTA__0.370015639862066__39	8	13	8	17	8	13	5	8	8	13	8	6
AGGGTGGGAGGGTA__0.369617231089279__27	8	13	8	17	8	13	5	8	8	13	8	6
TGTGTGTTAGGGAG__0.368860619434036__16	6	17	6	17	6	6	20	18	8	13	5	8
TGGAGGAGAGGAAG__0.368777015863618__11	8	5	8	8	5	8	9	8	8	5	12	6
CGGGGGATAGGGGC__0.368527966150504__13	2	13	13	13	5	7	13	18	8	13	13	45
AGTGTGGTAGGGGG__0.368507987662975__15	11	17	6	17	8	8	6	18	8	13	13	13
GAGGGGAGAGGAGG__0.368017933488138__15	8	8	13	13	5	8	9	8	8	5	8	8
CGGGGGATAGGTGG__0.367895034011312__13	2	13	13	13	5	7	13	18	8	8	17	8
ATGGGGATAGGTTA__0.367716596903496__10	18	8	13	13	5	7	13	18	8	8	6	20
TGGTGCACAGGGGG__0.36764629099295__9	8	8	17	13	13	17	6	2	8	13	13	13
CAGGGGATAGTCTT__0.36731261328367__9	2	8	13	13	5	7	13	18	11	8	9	6
TGTATGGTAGGGAG__0.367124785759667__12	6	6	13	18	8	8	6	18	8	13	5	8
CGGGTGGGAGGGGA__0.366631091461789__25	2	13	8	17	8	13	5	8	8	13	13	5
GGGTGGGCAGGGGT__0.366509047913925__28	13	8	17	8	13	45	13	2	8	13	13	8
CGGGGGATAGGCGG__0.366436445939753__13	2	13	13	13	5	7	13	18	8	45	25	2
AGTGTGGTAGTGGT__0.365903670899626__13	11	17	6	17	8	8	6	18	11	17	8	8
AGGGTGGGAGGGAG__0.365511924720699__25	8	13	8	17	8	13	5	8	8	13	5	8
TGGAGGAGAGGGAG__0.365474837869431__10	8	5	8	8	5	8	9	8	8	13	5	8
GGAGGGAGAGGGGG__0.365264932055438__15	5	8	8	13	5	8	9	8	8	13	13	13
GGCGTGGCGGGGGG__0.365173810441329__25	45	25	8	17	8	45	25	2	13	13	13	13
CGGGGGATAGGAGG__0.365091853404231__13	2	13	13	13	5	7	13	18	8	5	8	8
TAGGGGATAGGGTT__0.365065785461113__9	18	8	13	13	5	7	13	18	8	13	8	6
TAGGTGAGGGGGGG__0.365039424784313__18	18	8	8	17	8	8	8	13	13	13	13	13
TGTGTGGTAGTGTT__0.3648193491965__21	6	17	6	17	8	8	6	18	11	17	6	6
GTTTTGTAAGGGGT__0.363753793920139__9	6	36	36	9	6	6	20	6	8	13	13	8
CGGGGGAGAGGGGG__0.363707914323478__17	2	13	13	13	5	8	9	8	8	13	13	13
GAGTTGTTAGGTTA__0.363513410047242__10	8	11	6	9	6	6	20	18	8	8	6	20
GAGGGGATAGGTGG__0.36324958037442__11	8	8	13	13	5	7	13	18	8	8	17	8
GTGTTGGTAGTGTG__0.363185055383154__19	17	6	6	9	8	8	6	18	11	17	6	17
GGGATGGGAGGGAG__0.362373141708814__23	13	5	7	18	8	13	5	8	8	13	5	8
GGGTTGGGAGGGTT__0.362238182029067__33	13	8	6	9	8	13	5	8	8	13	8	6
TGGAGGAGAGGATG__0.361973226200208__10	8	5	8	8	5	8	9	8	8	5	7	18
CTGGGGATAGGTTT__0.36168344873894__9	2	8	13	13	5	7	13	18	8	8	6	36
AGGGTGGTAGGGTG__0.361299256278444__19	8	13	8	17	8	8	6	18	8	13	8	17
AGGGGGATAGGTAG__0.360612359141656__13	8	13	13	13	5	7	13	18	8	8	6	18
TGGGTGGTAGTGTG__0.360605114146588__26	8	13	8	17	8	8	6	18	11	17	6	17
GTTTTGGTAGGTGT__0.360223394922881__14	6	36	36	9	8	8	6	18	8	8	17	6
TGGGTGGGAGGGGT__0.359562497203685__35	8	13	8	17	8	13	5	8	8	13	13	8
CTGGGGATAGGTTA__0.359430564346618__9	2	8	13	13	5	7	13	18	8	8	6	20
CAGGGGATAGGCCA__0.359276281256275__10	2	8	13	13	5	7	13	18	8	45	45	8
AGGGGGATAGGGGA__0.359241377506587__12	8	13	13	13	5	7	13	18	8	13	13	5
ACCCTAACCGTACA__0.358823194815607__11	8	13	8	18	20	6	8	2	8	6	6	6
TGGGTGGGAGGGAT__0.358582880196785__34	8	13	8	17	8	13	5	8	8	13	5	7
CGGGGGATAGGGCT__0.358040420347662__13	2	13	13	13	5	7	13	18	8	13	45	25
TGTGTGGTAGGGTG__0.357479613231867__20	6	17	6	17	8	8	6	18	8	13	8	17
GTAGTGGTAGTGTG__0.35728083321967__12	6	18	11	17	8	8	6	18	11	17	6	17
CAGGGGATAGGCCC__0.357172483928452__11	2	8	13	13	5	7	13	18	8	45	45	13
GGTGGGGCAGGGGG__0.35697497151419__28	8	17	8	13	13	45	13	2	8	13	13	13
CTGGGGATAGGTTC__0.356971577247142__9	2	8	13	13	5	7	13	18	8	8	6	12
CTGGGGATAGGGCT__0.356932545263353__9	2	8	13	13	5	7	13	18	8	13	45	25
ATGGGGATAGGGCG__0.356352755862605__9	18	8	13	13	5	7	13	18	8	13	45	25
TTGGGGATAGGGGT__0.356284938212428__11	9	8	13	13	5	7	13	18	8	13	13	8
GTGGTGGTAGTGTG__0.355918038743678__25	17	8	8	17	8	8	6	18	11	17	6	17
AAGGGGATAGGAAC__0.355900276559749__9	6	8	13	13	5	7	13	18	8	5	12	6
ATGTTGGTAGGTTA__0.355145567047278__10	18	6	6	9	8	8	6	18	8	8	6	20
TAGGGGATAGGTAA__0.354201183823345__9	18	8	13	13	5	7	13	18	8	8	6	20
GAGTTGGTAGTGTG__0.353443929894118__10	8	11	6	9	8	8	6	18	11	17	6	17
AGGGTGGGAGGGGT__0.353306245024838__23	8	13	8	17	8	13	5	8	8	13	13	8
AGGGGGATAGGGAA__0.353204800861989__12	8	13	13	13	5	7	13	18	8	13	5	12
GGGAGGGCAGGGGT__0.353194341905349__18	13	5	8	8	13	45	13	2	8	13	13	8
GAGGGGATAGGGTG__0.353156258925523__10	8	8	13	13	5	7	13	18	8	13	8	17
GGAGTGGCGGGTGG__0.353032170108075__19	5	8	11	17	8	45	25	2	13	8	17	8
GGTGGGACAGGGGG__0.352810526628468__13	8	17	8	13	5	8	6	2	8	13	13	13
GGTTTGGTAGGGGT__0.352701729998516__17	8	6	36	9	8	8	6	18	8	13	13	8
CGGGGGATAGGTGA__0.352479755326362__12	2	13	13	13	5	7	13	18	8	8	17	8
CGGGGGATAGGGCA__0.352024970168426__13	2	13	13	13	5	7	13	18	8	13	45	13
GTGGAGAGAGGAGG__0.351903705244587__9	17	8	5	8	9	8	9	8	8	5	8	8
GTTTTGGTAGGGGT__0.351872640258025__13	6	36	36	9	8	8	6	18	8	13	13	8
GAGGTGGGAGGGTG__0.35180502229164__21	8	8	8	17	8	13	5	8	8	13	8	17
GGCGGGACAGGGTG__0.351783477699824__9	45	25	2	13	5	8	6	2	8	13	8	17
GGGGTGGTAGGGTG__0.3513882888214__34	13	13	8	17	8	8	6	18	8	13	8	17
GAGTTGAGGGGGGA__0.35137996428152__13	8	11	6	9	8	8	8	13	13	13	13	5
TGGGTGAGGGTGGG__0.351362149275358__30	8	13	8	17	8	8	8	13	8	17	8	13
ACCCTAACCGACAA__0.351101721150793__12	8	13	8	18	20	6	8	2	31	8	6	9
TGGGTGGGAGGGGA__0.350978818672029__33	8	13	8	17	8	13	5	8	8	13	13	5
TTGGGGATAGGGGG__0.350611401911034__11	9	8	13	13	5	7	13	18	8	13	13	13
GCGGTGGGAGGGGG__0.350572329081063__24	25	2	8	17	8	13	5	8	8	13	13	13
TGGGTGGGAGGGGC__0.350042520407929__33	8	13	8	17	8	13	5	8	8	13	13	45
GTGGAGAGAGGGGG__0.349272963702492__9	17	8	5	8	9	8	9	8	8	13	13	13
GGTGTGGGAGGGGG__0.349272058110896__32	8	17	6	17	8	13	5	8	8	13	13	13
GGGGTGGGAGGGGC__0.349120571637983__44	13	13	8	17	8	13	5	8	8	13	13	45
GGGCAGGCAGGGGA__0.3489558807122__10	13	45	13	2	8	45	13	2	8	13	13	5
GGTGTGGTAGTGGT__0.348934873675132__21	8	17	6	17	8	8	6	18	11	17	8	8
TGGGTGAGGGGGGT__0.34867154355569__30	8	13	8	17	8	8	8	13	13	13	13	8
TGGAGGAGAGGAGT__0.348656339575322__9	8	5	8	8	5	8	9	8	8	5	8	11
GGGCGGGCAGGGTG__0.348549805899492__17	13	45	25	2	13	45	13	2	8	13	8	17
GGGGTGAGGGTGGG__0.347012067741924__39	13	13	8	17	8	8	8	13	8	17	8	13
CGTGTGGTAGTGTG__0.345993590379245__12	8	17	6	17	8	8	6	18	11	17	6	17
GTTTTGAAGGTGGT__0.345809849326775__9	6	36	36	9	8	12	6	8	8	17	8	8
GGGGGCACAGGGGG__0.345630358815486__10	13	13	13	45	13	17	6	2	8	13	13	13
GGGTGGGCAGGGTT__0.34561540014596__24	13	8	17	8	13	45	13	2	8	13	8	6
GTTTTGAAGGGGTT__0.34514952305889__9	6	36	36	9	8	12	6	8	13	13	8	6
GGTGGGAGAGGAGG__0.345064986452092__19	8	17	8	13	5	8	9	8	8	5	8	8
AGGAGGGCAGGGGG__0.344924368219355__9	8	5	8	8	13	45	13	2	8	13	13	13
GGGTGGGCAGGGCG__0.3447003364444__25	13	8	17	8	13	45	13	2	8	13	45	25
GGGGTGGGAGGGTT__0.344587484239128__42	13	13	8	17	8	13	5	8	8	13	8	6
CGGGGGAGAGGAGG__0.344469578802724__14	2	13	13	13	5	8	9	8	8	5	8	8
GGGGTGGGAGGGGA__0.344442226284641__42	13	13	8	17	8	13	5	8	8	13	13	5
CGGGTGGGAGGGAT__0.344270602590021__20	2	13	8	17	8	13	5	8	8	13	5	7
GGTGTGGCGGGAGG__0.344178967898487__30	8	17	6	17	8	45	25	2	13	5	8	8
TAGGGGATAGGTAC__0.344158127016023__9	18	8	13	13	5	7	13	18	8	8	6	6
GCCCTAACCGTACA__0.342821071914634__10	45	13	8	18	20	6	8	2	8	6	6	6
TGGATGAGGGGGGG__0.342748256984784__13	8	5	7	18	8	8	8	13	13	13	13	13
GTTTTGGAAGGTGT__0.342468015163954__9	6	36	36	9	8	5	12	6	8	8	17	6
CGGGGGATAGGGCG__0.342361141651374__11	2	13	13	13	5	7	13	18	8	13	45	25
GGGTTGAGGGGGGC__0.34173558814775__26	13	8	6	9	8	8	8	13	13	13	13	45
TAGGTGAGGGGGGT__0.341203747021522__15	18	8	8	17	8	8	8	13	13	13	13	8
GAGGGGATAGGGTT__0.340888076340272__9	8	8	13	13	5	7	13	18	8	13	8	6
TGTGGGGCAGGGAG__0.340794887312813__18	6	17	8	13	13	45	13	2	8	13	5	8
GATGGGAGAGGGGG__0.340766960258268__9	7	18	8	13	5	8	9	8	8	13	13	13
GGGGTGGGAGGGCG__0.340747429642626__40	13	13	8	17	8	13	5	8	8	13	45	25
CGGGGGATAGGCGT__0.340718083439615__11	2	13	13	13	5	7	13	18	8	45	25	8
CGGGGGATAGGAAT__0.340297373622548__11	2	13	13	13	5	7	13	18	8	5	12	30
GGGTTGGGAGGGGT__0.339862214952013__27	13	8	6	9	8	13	5	8	8	13	13	8
GGTGTGGTAGGGGG__0.339841605353794__22	8	17	6	17	8	8	6	18	8	13	13	13
GAGGGGATAGGGAT__0.339762655149822__9	8	8	13	13	5	7	13	18	8	13	5	7
AGGGGGATAGGGCG__0.339491676355883__11	8	13	13	13	5	7	13	18	8	13	45	25
GTTGTGGTAGGGAG__0.339379680712985__16	6	9	6	17	8	8	6	18	8	13	5	8
CGGGTGGGAGGGGC__0.339143634788009__20	2	13	8	17	8	13	5	8	8	13	13	45
GGTGGGATAGGGGG__0.338892147492167__14	8	17	8	13	5	7	13	18	8	13	13	13
GAGGTGAGGGGGGC__0.338805130155239__18	8	8	8	17	8	8	8	13	13	13	13	45
CGGGGGATAGGGAG__0.338766923622447__10	2	13	13	13	5	7	13	18	8	13	5	8
TCCCTAACATACAA__0.338704079861611__11	5	13	8	18	20	6	6	18	13	6	6	9
AGGGGGATAGGGAC__0.338660875100556__11	8	13	13	13	5	7	13	18	8	13	5	8
GTTTTGAAGGGGGT__0.338499756368322__9	6	36	36	9	8	12	6	8	13	13	13	8
AGGGGGATAGGTTG__0.338319341662706__11	8	13	13	13	5	7	13	18	8	8	6	9
GTAGGGACGGGGGG__0.338296736739112__10	6	18	8	13	5	8	8	2	13	13	13	13
TGTGTGGTAGTGTA__0.337905786662268__16	6	17	6	17	8	8	6	18	11	17	6	6
GGGCTGGGAGGGCG__0.337485630854718__19	13	45	25	2	8	13	5	8	8	13	45	25
TAGGTGGGAGGGGG__0.337375970647755__16	18	8	8	17	8	13	5	8	8	13	13	13
GAGGTGAGGGGGGG__0.336670851788322__17	8	8	8	17	8	8	8	13	13	13	13	13
GAGGGGATAGGGAA__0.336655628346961__9	8	8	13	13	5	7	13	18	8	13	5	12
TAGGTGAGGGAGGG__0.336599272158136__15	18	8	8	17	8	8	8	13	5	8	8	13
GGGGGGACTGGGTG__0.336428274059542__17	13	13	13	13	5	8	11	2	8	13	8	17
AGGGGGATAGGGTG__0.335935019632909__10	8	13	13	13	5	7	13	18	8	13	8	17
TTGTTGGTAGGGTG__0.335511515213138__12	9	6	6	9	8	8	6	18	8	13	8	17
GGTGGGACCGGGTG__0.335499346553027__9	8	17	8	13	5	8	8	2	2	13	8	17
TGGGTGGGAGGGTC__0.335407409872098__28	8	13	8	17	8	13	5	8	8	13	8	8
AGGGGGATAGGGGC__0.334830910176334__10	8	13	13	13	5	7	13	18	8	13	13	45
GATGGGACGGGGGG__0.334339698141234__9	7	18	8	13	5	8	8	2	13	13	13	13
GGTGGGACTGGGTG__0.334264108218199__13	8	17	8	13	5	8	11	2	8	13	8	17
GGTGTGGTAGGTGT__0.333829196523402__20	8	17	6	17	8	8	6	18	8	8	17	6
GGGAGGAGAGGAGT__0.333775331970102__11	13	5	8	8	5	8	9	8	8	5	8	11
GGTTTGGGAGGGTG__0.333764017075542__19	8	6	36	9	8	13	5	8	8	13	8	17
GGCGGGACGGGAGG__0.333365375303554__13	45	25	2	13	5	8	8	2	13	5	8	8
CGGGGGATAGGATG__0.333194091485432__10	2	13	13	13	5	7	13	18	8	5	7	18
CGGGTGAGGGGGGG__0.333023949389831__17	2	13	8	17	8	8	8	13	13	13	13	13
AGGGGGATAGGCGG__0.332962110430346__10	8	13	13	13	5	7	13	18	8	45	25	2
AGGGTGGGAGGGTC__0.332717666434331__19	8	13	8	17	8	13	5	8	8	13	8	8
GGGCTGGGAGGGTG__0.332577832308551__18	13	45	25	2	8	13	5	8	8	13	8	17
AGGGGGATAGGCAG__0.332225427155101__11	8	13	13	13	5	7	13	18	8	45	13	2
GAGTTGAGGGGGCG__0.331992250170782__11	8	11	6	9	8	8	8	13	13	13	45	25
CGGGTGGGAGGGCT__0.331927211721567__19	2	13	8	17	8	13	5	8	8	13	45	25
GGGGGGATAGGGGA__0.331845578969899__17	13	13	13	13	5	7	13	18	8	13	13	5
AGGGGGATAGGCGA__0.331813437167666__11	8	13	13	13	5	7	13	18	8	45	25	31
ATGGGGACGGGGGG__0.331681071504677__9	18	8	13	13	5	8	8	2	13	13	13	13
GAGGGGATAGGTTA__0.33133701070528__9	8	8	13	13	5	7	13	18	8	8	6	20
AGGGTGGGAGGGCG__0.330928679624715__19	8	13	8	17	8	13	5	8	8	13	45	25
CGGGGGATAGGTGC__0.330556620088643__10	2	13	13	13	5	7	13	18	8	8	17	13
CGGGGGATAGGAAG__0.330377668707384__10	2	13	13	13	5	7	13	18	8	5	12	6
CGGGGGATAGGTTG__0.330305397972756__10	2	13	13	13	5	7	13	18	8	8	6	9
GGGGGGATAGGGCG__0.330231260826409__18	13	13	13	13	5	7	13	18	8	13	45	25
TGGGGGATAGGGAG__0.32997731214627__13	8	13	13	13	5	7	13	18	8	13	5	8
GGGGGGATAGGGGC__0.329944681875092__17	13	13	13	13	5	7	13	18	8	13	13	45
GAGGTGGTAGTGGG__0.3297983041901__12	8	8	8	17	8	8	6	18	11	17	8	13
GGTGGGATAGGGTG__0.32961325303031__13	8	17	8	13	5	7	13	18	8	13	8	17
GCGGGGATAGGGGG__0.329212945889035__9	25	2	13	13	5	7	13	18	8	13	13	13
TTGGGGATAGGGGA__0.329167224774896__9	9	8	13	13	5	7	13	18	8	13	13	5
CACACTACAGCACC__0.328917451160245__10	17	6	17	11	18	6	6	2	25	13	17	8
GGTGGGAGAGGGGG__0.328695910102593__17	8	17	8	13	5	8	9	8	8	13	13	13
GGGGGGATAGGGTG__0.328584704817093__17	13	13	13	13	5	7	13	18	8	13	8	17
TAGGTGGTAGGTTA__0.328508468284349__11	18	8	8	17	8	8	6	18	8	8	6	20
GGTCTGAGGGGGGG__0.328484774151156__10	8	8	9	2	8	8	8	13	13	13	13	13
GGGGTGGGAGTGGG__0.327887876689573__32	13	13	8	17	8	13	5	8	11	17	8	13
GGCGGGAGAGGTGG__0.327349462365265__11	45	25	2	13	5	8	9	8	8	8	17	8
GGGGTGGCGGGCGG__0.326536369901107__33	13	13	8	17	8	45	25	2	13	45	25	2
CGGGTGGGAGTGGT__0.32610535969709__15	2	13	8	17	8	13	5	8	11	17	8	8
GGAGTGGCGGGGGG__0.325899955760032__16	5	8	11	17	8	45	25	2	13	13	13	13
GGGGTAAGAGGAGG__0.325535791940536__10	13	13	8	6	20	6	9	8	8	5	8	8
GTTGTGGTAGTGTT__0.325102526157643__14	6	9	6	17	8	8	6	18	11	17	6	6
TGCGTGGTAGTGTG__0.324764857024697__10	13	25	8	17	8	8	6	18	11	17	6	17
CGGGGGATAGGCAG__0.324734264436772__10	2	13	13	13	5	7	13	18	8	45	13	2
GGGTTGGTAGTGTG__0.324489935174888__17	13	8	6	9	8	8	6	18	11	17	6	17
TGTGGGATAGGGGG__0.324385547979791__9	6	17	8	13	5	7	13	18	8	13	13	13
GGGGGGGCAGGGTT__0.32423429409667__26	13	13	13	13	13	45	13	2	8	13	8	6
GGGGTGGTAGTGTA__0.324186193548048__25	13	13	8	17	8	8	6	18	11	17	6	6
GGGAGGAGAGGTGG__0.32394858413231__10	13	5	8	8	5	8	9	8	8	8	17	8
GTGGTGAGGGGGGG__0.323790297855043__23	17	8	8	17	8	8	8	13	13	13	13	13
TGGGTTACGGGAGG__0.323512813204079__10	8	13	8	6	20	6	8	2	13	5	8	8
AGTGTGGGAGGGTG__0.323378646610409__13	11	17	6	17	8	13	5	8	8	13	8	17
GGGGTGACAGGTGT__0.323222188351193__9	13	13	8	17	8	8	6	2	8	8	17	6
GTTTTGTTAGGTGT__0.322856770126205__9	6	36	36	9	6	6	20	18	8	8	17	6
GGGCGGGCAGGGAG__0.322564554287752__14	13	45	25	2	13	45	13	2	8	13	5	8
GAGTTGAGGGAGGG__0.322501594582984__10	8	11	6	9	8	8	8	13	5	8	8	13
CCCCAGACCGACCC__0.322365868171221__9	13	13	8	2	9	8	8	2	31	8	8	13
GGGAGGGCAGGGCG__0.322283608263282__15	13	5	8	8	13	45	13	2	8	13	45	25
GGGTTGAGGGGGGG__0.322065842526867__21	13	8	6	9	8	8	8	13	13	13	13	13
GGGCTGGGAGGGAG__0.321720239165106__16	13	45	25	2	8	13	5	8	8	13	5	8
TGGGTGGGAGGGAC__0.321115903461084__25	8	13	8	17	8	13	5	8	8	13	5	8
GGTATGGGAGGGGG__0.321056193066654__13	8	6	13	18	8	13	5	8	8	13	13	13
GGGGGGATAGGGGT__0.321024669285616__15	13	13	13	13	5	7	13	18	8	13	13	8
TGGGGGATAGGTTA__0.320607854505571__13	8	13	13	13	5	7	13	18	8	8	6	20
AGGGGGGCAGGGGG__0.320573254595979__14	8	13	13	13	13	45	13	2	8	13	13	13
TGGGTGGGAGGGCA__0.3200573755802__26	8	13	8	17	8	13	5	8	8	13	45	13
GAGTTGAGGGGGCA__0.319739530711504__10	8	11	6	9	8	8	8	13	13	13	45	13
AGGGTGGTAGTGTT__0.319676874261549__13	8	13	8	17	8	8	6	18	11	17	6	6
TTGTTGTTAGGTTA__0.319676158213542__9	9	6	6	9	6	6	20	18	8	8	6	20
GGGATGGGAGGGGT__0.319434234056076__16	13	5	7	18	8	13	5	8	8	13	13	8
AGGGGGATAGGTAC__0.319338593187514__10	8	13	13	13	5	7	13	18	8	8	6	6
GGCGGGACGGGCGG__0.319262439130642__12	45	25	2	13	5	8	8	2	13	45	25	2
GTGGTGGTAGTGGG__0.319257647378914__17	17	8	8	17	8	8	6	18	11	17	8	13
TGGGGGATAGGTGG__0.3191529177868__12	8	13	13	13	5	7	13	18	8	8	17	8
TGGGTGGGAGGGAA__0.319005633193221__24	8	13	8	17	8	13	5	8	8	13	5	12
GGCGGGAGAGGAGG__0.318737693063915__10	45	25	2	13	5	8	9	8	8	5	8	8
AGTGTGGTAGTGGA__0.318672779928166__9	11	17	6	17	8	8	6	18	11	17	8	5
GGGGTGGTAGTGTT__0.318626876052419__25	13	13	8	17	8	8	6	18	11	17	6	6
AGGGTGGGAGTGGG__0.318222887728924__15	8	13	8	17	8	13	5	8	11	17	8	13
GGGGGGGCAGGGTA__0.318014411155849__25	13	13	13	13	13	45	13	2	8	13	8	6
TGGGTGGGAGTGGT__0.317995787284533__21	8	13	8	17	8	13	5	8	11	17	8	8
GTGTTGGTAGTGGG__0.317882352252682__12	17	6	6	9	8	8	6	18	11	17	8	13
TGGGTGGGAGGGCT__0.317594220460719__25	8	13	8	17	8	13	5	8	8	13	45	25
TCCCTAACCGCCAA__0.317564201328766__12	5	13	8	18	20	6	8	2	25	45	8	9
GTTTTGGTAGGCGT__0.317398602639876__10	6	36	36	9	8	8	6	18	8	45	25	8
GTAGGGGCAGGGAG__0.317367988787374__10	6	18	8	13	13	45	13	2	8	13	5	8
GTGGTGGGAGGGCG__0.317118764503669__24	17	8	8	17	8	13	5	8	8	13	45	25
GTAGTGGTAGGGTA__0.317035579921019__9	6	18	11	17	8	8	6	18	8	13	8	6
CGGGGGATAGGCTG__0.316896409592735__9	2	13	13	13	5	7	13	18	8	45	25	2
AGGTTGGTAGGTTA__0.316811976897898__9	8	8	6	9	8	8	6	18	8	8	6	20
GCGGTGGGAGGGCG__0.316739920581912__17	25	2	8	17	8	13	5	8	8	13	45	25
GTTTTGGTAGGGTG__0.316688002224336__10	6	36	36	9	8	8	6	18	8	13	8	17
AGGGGGATAGGTAA__0.316681514801909__9	8	13	13	13	5	7	13	18	8	8	6	20
CGGGGGATAGGTCT__0.316548263606441__9	2	13	13	13	5	7	13	18	8	8	8	9
GGTGGGAGAGGTGG__0.316533219655454__15	8	17	8	13	5	8	9	8	8	8	17	8
AGGGGGATAGGTGC__0.316434229815106__9	8	13	13	13	5	7	13	18	8	8	17	13
CGGGGGATAGGTTC__0.316251205453307__9	2	13	13	13	5	7	13	18	8	8	6	12
GGCGGGAGAGGGGG__0.315404789603408__10	45	25	2	13	5	8	9	8	8	13	13	13
AGGGGGATAGGTTA__0.315297953710217__9	8	13	13	13	5	7	13	18	8	8	6	20
AGTGTGGTAGTGGC__0.315248268853623__9	11	17	6	17	8	8	6	18	11	17	8	45
GGTGTGGTAGGGTA__0.314654699867581__18	8	17	6	17	8	8	6	18	8	13	8	6
GGGTTGGGAGGGAT__0.314405456484219__21	13	8	6	9	8	13	5	8	8	13	5	7
TGGGGGACGGGTGG__0.314032047715438__15	8	13	13	13	5	8	8	2	13	8	17	8
GGAGTGGCGGGCGG__0.313634416539653__14	5	8	11	17	8	45	25	2	13	45	25	2
GGGGTGGGAGGGTA__0.31361327981823__32	13	13	8	17	8	13	5	8	8	13	8	6
GAGGTGAGGGGGGT__0.313319946809208__14	8	8	8	17	8	8	8	13	13	13	13	8
TGGGGGACGGGGGG__0.313174330673726__15	8	13	13	13	5	8	8	2	13	13	13	13
AGGGTGGGAGGGCA__0.312819425851883__17	8	13	8	17	8	13	5	8	8	13	45	13
TGGGGGGCAGGGGG__0.312680527100389__18	8	13	13	13	13	45	13	2	8	13	13	13
CGGGTGAGGGTGGG__0.31259987410126__14	2	13	8	17	8	8	8	13	8	17	8	13
GGGGTGGGAGGGCT__0.312400729195267__32	13	13	8	17	8	13	5	8	8	13	45	25
TGGGGGAGAGGTGG__0.311956963332673__15	8	13	13	13	5	8	9	8	8	8	17	8
GGGTTGAGGGTGGG__0.311683449658269__19	13	8	6	9	8	8	8	13	8	17	8	13
GTTTTGGTAGGTGG__0.311146021718105__9	6	36	36	9	8	8	6	18	8	8	17	8
GGGAGGAGAGAGGG__0.311115277447838__9	13	5	8	8	5	8	9	8	9	8	8	13
GGGGTGGGAGGGTC__0.310782790445294__30	13	13	8	17	8	13	5	8	8	13	8	8
AGGGGGATAGGATA__0.310600674401611__9	8	13	13	13	5	7	13	18	8	5	7	13
CGGGTGGTAGTGTG__0.310328697445529__11	2	13	8	17	8	8	6	18	11	17	6	17
CGGGGGATAGGAAA__0.310288281014809__9	2	13	13	13	5	7	13	18	8	5	12	36
GGGCGGAGAGGAGG__0.309763273710513__9	13	45	25	2	5	8	9	8	8	5	8	8
GGGTTGAAGGTTGG__0.309532672524852__10	13	8	6	9	8	12	6	8	8	6	9	8
GGTTTGGTAGGGGG__0.309439332136202__12	8	6	36	9	8	8	6	18	8	13	13	13
GTTGTGGTAGTGGG__0.309407764994998__11	6	9	6	17	8	8	6	18	11	17	8	13
TCCCTAACACCACA__0.309389983202134__17	5	13	8	18	20	6	6	17	8	8	17	6
GAGGTGAGGGAGGG__0.309267659506794__14	8	8	8	17	8	8	8	13	5	8	8	13
GGTTTGGAAGGCGT__0.308979729687633__9	8	6	36	9	8	5	12	6	8	45	25	8
AGGGTGGGAGGGCT__0.308738747729989__16	8	13	8	17	8	13	5	8	8	13	45	25
AGGGGGATAGGGCA__0.308659614604059__9	8	13	13	13	5	7	13	18	8	13	45	13
GGGGGGATAGGGAG__0.308560731973071__14	13	13	13	13	5	7	13	18	8	13	5	8
GGTTTGGCAGGTGT__0.307996619520083__9	8	6	36	9	8	45	13	2	8	8	17	6
GGGGTGGGAGGGAT__0.307961152286142__29	13	13	8	17	8	13	5	8	8	13	5	7
GGTTTGGGAGGGCG__0.30793364353087__15	8	6	36	9	8	13	5	8	8	13	45	25
TCCCTAACCGTACC__0.307891969428167__9	5	13	8	18	20	6	8	2	8	6	6	8
GGTGGGTCAGGGGG__0.307742191134087__12	8	17	8	13	8	8	8	2	8	13	13	13
GGGGGGATAGGGTT__0.307485449620786__14	13	13	13	13	5	7	13	18	8	13	8	6
TGGATGAGGGGAGG__0.307003194214845__10	8	5	7	18	8	8	8	13	13	5	8	8
GGAGTGAGGGGGGC__0.306901273140996__13	5	8	11	17	8	8	8	13	13	13	13	45
TCCCTAACACTACC__0.305953522368345__12	5	13	8	18	20	6	6	17	11	18	6	8
ATGGGGGCAGGGGG__0.305876965780166__9	18	8	13	13	13	45	13	2	8	13	13	13
GTGGTGGGAGGGAG__0.305406712981867__21	17	8	8	17	8	13	5	8	8	13	5	8
GGTGGGACGGTGGG__0.305100152735334__14	8	17	8	13	5	8	8	2	8	17	8	13
CGGGTGGGAGGGTC__0.30507423057143__14	2	13	8	17	8	13	5	8	8	13	8	8
GGGTTGGGAGGGTA__0.305026168147404__20	13	8	6	9	8	13	5	8	8	13	8	6
GGGGTGAGGGGGGT__0.304809266726803__27	13	13	8	17	8	8	8	13	13	13	13	8
TGGGGGATAGGGGA__0.304495748263436__10	8	13	13	13	5	7	13	18	8	13	13	5
GGGGGTACAGGGGG__0.304314891048508__9	13	13	13	8	6	6	6	2	8	13	13	13
GGTTTGGGAGGTGT__0.30424881375435__14	8	6	36	9	8	13	5	8	8	8	17	6
TAGGTGAGGGAGGA__0.304173256261712__11	18	8	8	17	8	8	8	13	5	8	8	5
GGCGTGGGAGGGGG__0.303911404547968__14	45	25	8	17	8	13	5	8	8	13	13	13
GGGGGGATAGGTAG__0.303822225109225__14	13	13	13	13	5	7	13	18	8	8	6	18
GGGTTGAGGGGGGT__0.30369114359571__18	13	8	6	9	8	8	8	13	13	13	13	8
GGGGTGACGGGGGG__0.303545028800462__12	13	13	8	17	8	8	8	2	13	13	13	13
TGGGTGGCGGGTGG__0.303428744275689__19	8	13	8	17	8	45	25	2	13	8	17	8
GGGTTGGGAGGGCT__0.303406538395107__20	13	8	6	9	8	13	5	8	8	13	45	25
ACACTAACCGCACT__0.303386824910386__9	6	17	11	18	20	6	8	2	25	13	17	11
ACCCTCCCAGCCCG__0.302843806814018__13	8	13	8	8	5	13	8	2	25	45	13	2
GGGAGGGCAGGGAG__0.302513016619857__12	13	5	8	8	13	45	13	2	8	13	5	8
GGAGTGGTAGTGTG__0.302325880169347__9	5	8	11	17	8	8	6	18	11	17	6	17
AGGGTGGTAGGGGG__0.301978161193806__11	8	13	8	17	8	8	6	18	8	13	13	13
GGGTGGGCAGGGGA__0.301945028390824__16	13	8	17	8	13	45	13	2	8	13	13	5
GGTTTGGGAGGGGT__0.30172342528629__14	8	6	36	9	8	13	5	8	8	13	13	8
CGGGTGGGAGGGTA__0.301437470484142__14	2	13	8	17	8	13	5	8	8	13	8	6
GAGTTGGGAGGGCT__0.301259116891921__9	8	11	6	9	8	13	5	8	8	13	45	25
GGCGTGGTAGTGTG__0.30124659090588__10	45	25	8	17	8	8	6	18	11	17	6	17
GTGGGGATAGGGCG__0.30055479297582__10	17	8	13	13	5	7	13	18	8	13	45	25
GTGGGGAGAGGTGG__0.300504395227113__13	17	8	13	13	5	8	9	8	8	8	17	8
TGGGGGATAGGCGG__0.300362456543473__10	8	13	13	13	5	7	13	18	8	45	25	2
GGGCTGAGGGGGGG__0.300352457200709__12	13	45	25	2	8	8	8	13	13	13	13	13
TCCCTAACCGACAC__0.30034358146715__10	5	13	8	18	20	6	8	2	31	8	6	17
GGGGGGATAGGGCT__0.300173050467837__14	13	13	13	13	5	7	13	18	8	13	45	25
TGGGGGATAGGGAA__0.299979102926719__10	8	13	13	13	5	7	13	18	8	13	5	12
GGTTTGGTAGGGTG__0.299747646950168__11	8	6	36	9	8	8	6	18	8	13	8	17
TGGGTGATGGGGGG__0.299716258619734__13	8	13	8	17	8	7	18	8	13	13	13	13
GGGGGGATAGGCGG__0.299690628951985__13	13	13	13	13	5	7	13	18	8	45	25	2
GGGGTGAGGGGGGG__0.299434411319483__25	13	13	8	17	8	8	8	13	13	13	13	13
TCCCTAACCGCAAC__0.299020550741162__11	5	13	8	18	20	6	8	2	25	13	9	6
AGGGGGGCAGGGTG__0.298563056724808__11	8	13	13	13	13	45	13	2	8	13	8	17
GCCCTAACACTACA__0.298551772633578__9	45	13	8	18	20	6	6	17	11	18	6	6
GGGGAGGCAGGGGG__0.298342220405101__11	13	13	5	8	8	45	13	2	8	13	13	13
TGGGGGAGAGGAGA__0.29785587482036__13	8	13	13	13	5	8	9	8	8	5	8	9
AGGGTGGGAGGGGA__0.297679604456176__14	8	13	8	17	8	13	5	8	8	13	13	5
TGGGGGAGAGAGGG__0.297499784659395__13	8	13	13	13	5	8	9	8	9	8	8	13
GGGAGGGCAGGGTT__0.29741740038006__11	13	5	8	8	13	45	13	2	8	13	8	6
GGGGGGACAGGGGG__0.297281461005968__10	13	13	13	13	5	8	6	2	8	13	13	13
GGGATGAGGGTGGG__0.297250804329381__11	13	5	7	18	8	8	8	13	8	17	8	13
GGGATGGGAGGGTT__0.297185863651643__13	13	5	7	18	8	13	5	8	8	13	8	6
TGGGTGGCGGGGGG__0.296875861022353__19	8	13	8	17	8	45	25	2	13	13	13	13
GGGATGAGGGGGGG__0.296721589833514__11	13	5	7	18	8	8	8	13	13	13	13	13
GGGGTTAGAGGAGG__0.296318580476943__9	13	13	8	6	20	18	9	8	8	5	8	8
GGGTTGTTAGGTTA__0.295738367934718__11	13	8	6	9	6	6	20	18	8	8	6	20
TGGGTGAGGGAGGG__0.295702135462403__19	8	13	8	17	8	8	8	13	5	8	8	13
GAGGTGGGAGGGGG__0.295675294497394__13	8	8	8	17	8	13	5	8	8	13	13	13
GGCGGGGCAGGGGG__0.29531905002764__11	45	25	2	13	13	45	13	2	8	13	13	13
GGGTTGGGAGGGGA__0.295256047790805__18	13	8	6	9	8	13	5	8	8	13	13	5
GGGGTGGGAGGGAC__0.295019615533034__26	13	13	8	17	8	13	5	8	8	13	5	8
TGGGGGATAGGTTT__0.295004183373412__10	8	13	13	13	5	7	13	18	8	8	6	36
GTTTTGAGGGGGGT__0.294931380120713__10	6	36	36	9	8	8	8	13	13	13	13	8
GTTGTGGTAGTGTA__0.294633868656729__10	6	9	6	17	8	8	6	18	11	17	6	6
GTTGTGGTAGGTGT__0.294309448851066__10	6	9	6	17	8	8	6	18	8	8	17	6
AGGGGGACGGGGGG__0.294102253174213__9	8	13	13	13	5	8	8	2	13	13	13	13
GTGGGGACGGGGGG__0.29395295417853__12	17	8	13	13	5	8	8	2	13	13	13	13
GTGGTGGGAGGGGT__0.293353950668043__19	17	8	8	17	8	13	5	8	8	13	13	8
CACCTAACAAAACC__0.293144244953512__12	17	8	8	18	20	6	6	9	36	36	6	8
CACCTTACAAAACC__0.292860025338607__9	17	8	8	6	20	6	6	9	36	36	6	8
CCCCAGACCGCCCC__0.292835144131985__10	13	13	8	2	9	8	8	2	25	45	13	13
TAGGTGGGAGGGGT__0.292804019201115__10	18	8	8	17	8	13	5	8	8	13	13	8
GGGGGGATAGGTTA__0.292468649703479__13	13	13	13	13	5	7	13	18	8	8	6	20
GGGTTGGGAGGGTC__0.292437513959039__17	13	8	6	9	8	13	5	8	8	13	8	8
GGGGTGGGAGTGGT__0.29221629923705__22	13	13	8	17	8	13	5	8	11	17	8	8
TGGGTGGTAGTGGG__0.291946988403989__13	8	13	8	17	8	8	6	18	11	17	8	13
TGTGGGGCAGGGGA__0.291866887590862__11	6	17	8	13	13	45	13	2	8	13	13	5
GGGGTGGTAGTGGT__0.291814374341061__17	13	13	8	17	8	8	6	18	11	17	8	8
GGTGTGGGAGTGTG__0.291645307402014__16	8	17	6	17	8	13	5	8	11	17	6	17
GTGGTGGCGGGGGG__0.291577295944052__18	17	8	8	17	8	45	25	2	13	13	13	13
CGGGTGGGAGTGGG__0.291275818317024__11	2	13	8	17	8	13	5	8	11	17	8	13
TGGGGGAGAGGAGT__0.290292978675011__12	8	13	13	13	5	8	9	8	8	5	8	11
CCCCTGCCCGCCCC__0.290282947459041__19	13	13	8	2	13	45	13	2	25	45	13	13
GGGGTGGTAGGGGG__0.290184377436607__19	13	13	8	17	8	8	6	18	8	13	13	13
CCCATCCCAGCCCA__0.289990542013476__17	13	8	18	7	5	13	8	2	25	45	13	8
AGGGTGGGAGTGGT__0.289721580742111__11	8	13	8	17	8	13	5	8	11	17	8	8
GGGTTGGTAGGTGT__0.289329983765279__12	13	8	6	9	8	8	6	18	8	8	17	6
GGGGTGGGAGGGAA__0.289096144786562__24	13	13	8	17	8	13	5	8	8	13	5	12
GGGGGGGCAGGGAT__0.289027640841648__19	13	13	13	13	13	45	13	2	8	13	5	7
GTTTTGAGGGGTGG__0.288595518128981__9	6	36	36	9	8	8	8	13	13	8	17	8
GGGTTGAGGGAGGG__0.288301949814221__16	13	8	6	9	8	8	8	13	5	8	8	13
GGTGTGGTAGTTTG__0.28827851193812__13	8	17	6	17	8	8	6	18	11	6	36	9
CGGGTGGGAGGGCG__0.288266744641802__12	2	13	8	17	8	13	5	8	8	13	45	25
GTGTTGGTAGGTTA__0.288263436571272__10	17	6	6	9	8	8	6	18	8	8	6	20
GGTGTGGAAGTGTG__0.288236720133457__9	8	17	6	17	8	5	12	6	11	17	6	17
TGGGTGAGGGCGGG__0.288005188036729__16	8	13	8	17	8	8	8	13	45	25	2	13
GGCGTGGCGGGCGG__0.287698964517253__12	45	25	8	17	8	45	25	2	13	45	25	2
TGGGTGGGAGCGGT__0.28700166877282__16	8	13	8	17	8	13	5	8	25	25	2	8
AGGGTGGTAGTGTA__0.286855338318335__9	8	13	8	17	8	8	6	18	11	17	6	6
GGGTGGGCAGGGTA__0.286841574065915__14	13	8	17	8	13	45	13	2	8	13	8	6
ACACTAACCGCACC__0.286546271470029__14	6	17	11	18	20	6	8	2	25	13	17	8
GGTTTGGTAGGCGG__0.286330892721235__9	8	6	36	9	8	8	6	18	8	45	25	2
GGGTTGGTAGTGGG__0.286299376126582__11	13	8	6	9	8	8	6	18	11	17	8	13
GGGGTGAGGGCGGG__0.285856639063604__21	13	13	8	17	8	8	8	13	45	25	2	13
GGTGTGGTAGTGGA__0.285802820885006__12	8	17	6	17	8	8	6	18	11	17	8	5
TGGTTGAGGGGGGG__0.285381546739671__11	8	8	6	9	8	8	8	13	13	13	13	13
GGGTTGGTAGGGGG__0.285332734700357__12	13	8	6	9	8	8	6	18	8	13	13	13
GGTTTGGTAGGTGG__0.285242307986625__9	8	6	36	9	8	8	6	18	8	8	17	8
GGGGTGGGAGGTGG__0.285072429710894__23	13	13	8	17	8	13	5	8	8	8	17	8
TGGGTGGGAGGGCC__0.284804021750861__18	8	13	8	17	8	13	5	8	8	13	45	45
TGGGGGAGAGAAGG__0.284536281791899__11	8	13	13	13	5	8	9	8	9	12	6	8
TGGGGGAGAGGGGT__0.2843236253987__11	8	13	13	13	5	8	9	8	8	13	13	8
GGGTTGGTAGGTTA__0.284079792379457__12	13	8	6	9	8	8	6	18	8	8	6	20
CGGGTGGGAGGGCC__0.284073499873631__12	2	13	8	17	8	13	5	8	8	13	45	45
GTTTTGGGAGGGGT__0.283992624162773__9	6	36	36	9	8	13	5	8	8	13	13	8
GGTGGGAGAGGCGG__0.283971442318911__10	8	17	8	13	5	8	9	8	8	45	25	2
TAGGTGAGGGAGGC__0.283969805937738__9	18	8	8	17	8	8	8	13	5	8	8	45
GGGGTGAGAGGAGG__0.283809056824665__9	13	13	8	17	8	8	9	8	8	5	8	8
GCGGTGGCGGGTGG__0.283757043506083__11	25	2	8	17	8	45	25	2	13	8	17	8
CGGGTGGCGGGGGG__0.283677281429019__11	2	13	8	17	8	45	25	2	13	13	13	13
GGAGGGGCAGGGTG__0.283604622615718__9	5	8	8	13	13	45	13	2	8	13	8	17
GGGCTGAGGGTGGG__0.283219422781987__10	13	45	25	2	8	8	8	13	8	17	8	13
AGGGTGGGAGGGAC__0.283216009726658__12	8	13	8	17	8	13	5	8	8	13	5	8
GGGGTGGCGGGAGG__0.28300925477686__22	13	13	8	17	8	45	25	2	13	5	8	8
GGGGTGGGAGGGCA__0.282645166168885__24	13	13	8	17	8	13	5	8	8	13	45	13
TGGGTGGTAGGGGG__0.282559795102758__13	8	13	8	17	8	8	6	18	8	13	13	13
GGGGTGAAGGTGGG__0.282546466430259__11	13	13	8	17	8	12	6	8	8	17	8	13
CCCCTGCCCGCCCA__0.28201120645375__13	13	13	8	2	13	45	13	2	25	45	13	8
TGTTTGAGGGGAGG__0.281972245010405__9	6	6	36	9	8	8	8	13	13	5	8	8
TGGGTGGTAGGGTG__0.281800761367652__13	8	13	8	17	8	8	6	18	8	13	8	17
ACCCTGACCCACCC__0.281679809056018__17	8	13	8	2	8	8	8	13	8	17	8	13
GGGGGGAAAGGGTT__0.281626818224631__9	13	13	13	13	5	12	36	6	8	13	8	6
GGTTTGGTAGGCGT__0.281560048958372__9	8	6	36	9	8	8	6	18	8	45	25	8
CGGGTGGGAGGGAA__0.281558564730682__11	2	13	8	17	8	13	5	8	8	13	5	12
TGGGTGGTAGGTTA__0.281465520340748__13	8	13	8	17	8	8	6	18	8	8	6	20
TGGGGGATAGGCGA__0.281201491706773__9	8	13	13	13	5	7	13	18	8	45	25	31
GTTGTGGCGGGGGG__0.281125967606835__12	6	9	6	17	8	45	25	2	13	13	13	13
TGTGGGGCAGGGGG__0.281065456319355__10	6	17	8	13	13	45	13	2	8	13	13	13
GTGGTGAGGGTGGG__0.28087182803311__15	17	8	8	17	8	8	8	13	8	17	8	13
GGGGTGAGAGGGGG__0.280769202210863__9	13	13	8	17	8	8	9	8	8	13	13	13
GTTGTGGTAGGGGG__0.280258927728405__9	6	9	6	17	8	8	6	18	8	13	13	13
GGGGGGATAGGAGT__0.280081042258676__11	13	13	13	13	5	7	13	18	8	5	8	11
CCCCTAACAAAACC__0.279977995850513__10	13	13	8	18	20	6	6	9	36	36	6	8
GGGGGGGCAGTGGG__0.279959901177753__16	13	13	13	13	13	45	13	2	11	17	8	13
AGGGTGGCGGGGGG__0.279454657227819__11	8	13	8	17	8	45	25	2	13	13	13	13
GGGGGGGCAGGGCT__0.279120765833165__18	13	13	13	13	13	45	13	2	8	13	45	25
GGGGGGAAAGGGAG__0.278945953126897__9	13	13	13	13	5	12	36	6	8	13	5	8
GGGGGGATAGGCGT__0.278710883727967__11	13	13	13	13	5	7	13	18	8	45	25	8
CCCATGCCCGCCCC__0.278710736226563__16	13	8	18	18	13	45	13	2	25	45	13	13
GGTGGGACGGGGTG__0.27854547014498__11	8	17	8	13	5	8	8	2	13	13	8	17
GGGGGGACGGGGTG__0.277990399604741__14	13	13	13	13	5	8	8	2	13	13	8	17
GGGGGGATAGGTTT__0.277598055998627__11	13	13	13	13	5	7	13	18	8	8	6	36
AGGGTGGGAGGGAA__0.277313236157405__11	8	13	8	17	8	13	5	8	8	13	5	12
GTGGGGACGGGTGG__0.277301354535343__10	17	8	13	13	5	8	8	2	13	8	17	8
GGGTGGAGAGAGGG__0.277262779253403__9	13	8	17	8	5	8	9	8	9	8	8	13
GGGGGGATAGGTTG__0.277182074054634__11	13	13	13	13	5	7	13	18	8	8	6	9
GTGGGGGCAGGGAG__0.277023531445364__13	17	8	13	13	13	45	13	2	8	13	5	8
GGTTTGGGAGGTTT__0.27642142804288__10	8	6	36	9	8	13	5	8	8	8	6	36
GGGCTGAGGGGAGG__0.276399709839578__10	13	45	25	2	8	8	8	13	13	5	8	8
GGGTGGGCAGGGTC__0.275631233949883__12	13	8	17	8	13	45	13	2	8	13	8	8
GTGGTGGTAGGGGG__0.275144433684344__12	17	8	8	17	8	8	6	18	8	13	13	13
GGGTTGGGAGGGCC__0.275081294896141__15	13	8	6	9	8	13	5	8	8	13	45	45
ACCCTGCCCGCCCC__0.275008270655193__16	8	13	8	2	13	45	13	2	25	45	13	13
TGGGTGAGGGGCGG__0.274765468919443__15	8	13	8	17	8	8	8	13	13	45	25	2
GTGTTGAGGGGGGG__0.274344174026777__10	17	6	6	9	8	8	8	13	13	13	13	13
GGGTGGACGGGGGG__0.274266195555448__9	13	8	17	8	5	8	8	2	13	13	13	13
GGGATGGGAGGGAT__0.27423038628034__10	13	5	7	18	8	13	5	8	8	13	5	7
GGGTTGGGAGGGAA__0.274196361691277__14	13	8	6	9	8	13	5	8	8	13	5	12
TGTGTGGTAGTGTC__0.27413617805752__9	6	17	6	17	8	8	6	18	11	17	6	8
ACACTAACAAAACC__0.27371659960498__10	6	17	11	18	20	6	6	9	36	36	6	8
AGGGTGGGAGGGGC__0.273681768847523__11	8	13	8	17	8	13	5	8	8	13	13	45
TGTGTGGCGGGTGG__0.273657519896537__11	6	17	6	17	8	45	25	2	13	8	17	8
GGGGGGATAGGTGG__0.273576772008167__10	13	13	13	13	5	7	13	18	8	8	17	8
GGGGTGGGAGGAGG__0.273329026081462__20	13	13	8	17	8	13	5	8	8	5	8	8
GGGGGGATAGGTGT__0.273299036494444__10	13	13	13	13	5	7	13	18	8	8	17	6
TGGTTGGGAGGGGG__0.27304020844073__11	8	8	6	9	8	13	5	8	8	13	13	13
TGGGTGGGAGCGGG__0.272682522052911__14	8	13	8	17	8	13	5	8	25	25	2	13
GGCGGGGCAGGGCG__0.272623362196442__9	45	25	2	13	13	45	13	2	8	13	45	25
GGGGGGACGGGTTG__0.272530465035576__13	13	13	13	13	5	8	8	2	13	8	6	9
GGGGTGAGGGAGGG__0.27249091216115__20	13	13	8	17	8	8	8	13	5	8	8	13
GGTGTGGTAGTGAA__0.272412891287793__11	8	17	6	17	8	8	6	18	11	17	8	12
TGTGTGGGAGTGGG__0.272083450060017__10	6	17	6	17	8	13	5	8	11	17	8	13
GGGGTGGTAGGGGT__0.272076512229842__15	13	13	8	17	8	8	6	18	8	13	13	8
GTTGTGGGAGGGGG__0.271848284066142__11	6	9	6	17	8	13	5	8	8	13	13	13
GGAGTGGGAGGGTG__0.271452481555143__9	5	8	11	17	8	13	5	8	8	13	8	17
GGGGGGATAGGTAA__0.271336287681988__10	13	13	13	13	5	7	13	18	8	8	6	20
GGGATGGGAGGGGA__0.271119093953394__10	13	5	7	18	8	13	5	8	8	13	13	5
GGGGGGACTGGGGG__0.271113591230294__9	13	13	13	13	5	8	11	2	8	13	13	13
GCGGTGGCGGGCGG__0.270786968662232__10	25	2	8	17	8	45	25	2	13	45	25	2
GTGGGGGCAGGGGG__0.270376257784314__12	17	8	13	13	13	45	13	2	8	13	13	13
GGTGTGGTAGTGTC__0.269486777996891__11	8	17	6	17	8	8	6	18	11	17	6	8
GGGGTGGCGGTGGG__0.269394300346247__18	13	13	8	17	8	45	25	2	8	17	8	13
GTGGTGATGGTGGG__0.26896204934516__9	17	8	8	17	8	7	18	8	8	17	8	13
GAGGTGGCGGGAGG__0.26889668104628__9	8	8	8	17	8	45	25	2	13	5	8	8
GGTTTGGGAGGGTT__0.26888762549472__10	8	6	36	9	8	13	5	8	8	13	8	6
GGGTTGGTAGGAGG__0.268575207183149__10	13	8	6	9	8	8	6	18	8	5	8	8
GAGGTGGCGGGGGG__0.268507667587466__9	8	8	8	17	8	45	25	2	13	13	13	13
GGGGGGACGGGGCG__0.268016675112481__13	13	13	13	13	5	8	8	2	13	13	45	25
CCCCTCCCAGCCCT__0.267927010466495__10	13	13	8	8	5	13	8	2	25	45	13	8
GGGGTGGGAGGGCC__0.267849725008765__20	13	13	8	17	8	13	5	8	8	13	45	45
ACCCTGCCCGCCCA__0.267613575821607__11	8	13	8	2	13	45	13	2	25	45	13	8
GGGGGGATAGGTCT__0.267435412950205__10	13	13	13	13	5	7	13	18	8	8	8	9
TGGGTGAGGGGGGA__0.26732974526212__14	8	13	8	17	8	8	8	13	13	13	13	5
CCCCTCCCAGCCCC__0.267176774641566__18	13	13	8	8	5	13	8	2	25	45	13	13
GAGGTGAGGGGGGA__0.266964926168999__9	8	8	8	17	8	8	8	13	13	13	13	5
GGTGTGGTAGTGGC__0.266740789059068__10	8	17	6	17	8	8	6	18	11	17	8	45
TGGGTGAGGGGAGG__0.266628155696471__14	8	13	8	17	8	8	8	13	13	5	8	8
TGGGGGACGGTGGG__0.266416130361466__9	8	13	13	13	5	8	8	2	8	17	8	13
GGGGGGATAGTGGG__0.266370144586473__9	13	13	13	13	5	7	13	18	11	17	8	13
GGGGGGAGAGGGTG__0.266080460423422__12	13	13	13	13	5	8	9	8	8	13	8	17
CCCCCGACACCCAC__0.265749194577918__9	13	13	13	2	31	8	6	17	8	13	8	17
GAGGTGGGAGGGGT__0.265454868693192__9	8	8	8	17	8	13	5	8	8	13	13	8
GGGTGGGCAGGGGC__0.265233778212039__11	13	8	17	8	13	45	13	2	8	13	13	45
TGGGGGAGAGGGGA__0.263774670952638__9	8	13	13	13	5	8	9	8	8	13	13	5
GGGTGGGCAGGGAT__0.263594607948702__11	13	8	17	8	13	45	13	2	8	13	5	7
GGTGTGAGGGGGGG__0.263394866336152__12	8	17	6	17	8	8	8	13	13	13	13	13
CGGGTGGCGGGGGT__0.263368888529234__9	2	13	8	17	8	45	25	2	13	13	13	8
GGGGGGATAGGGTA__0.26330390719066__9	13	13	13	13	5	7	13	18	8	13	8	6
GTGGTGGGAGGGGC__0.262955889428146__14	17	8	8	17	8	13	5	8	8	13	13	45
TGTGTGGGAGTGTG__0.262274888700004__9	6	17	6	17	8	13	5	8	11	17	6	17
GGTTTGGGAGGGAG__0.261920029013406__9	8	6	36	9	8	13	5	8	8	13	5	8
GGTGGGACGGGTTG__0.261846547013645__9	8	17	8	13	5	8	8	2	13	8	6	9
GGTGTGGTAGTGCG__0.261778833446373__10	8	17	6	17	8	8	6	18	11	17	13	25
TGGGTGGGAGGAGG__0.261534066437129__13	8	13	8	17	8	13	5	8	8	5	8	8
GGGTTGGGAGGGCA__0.26107220553618__13	13	8	6	9	8	13	5	8	8	13	45	13
GGGGTGAGGGGGGC__0.260738443108033__17	13	13	8	17	8	8	8	13	13	13	13	45
GGGGGGACGGGCTG__0.260518620737444__12	13	13	13	13	5	8	8	2	13	45	25	2
GGGTTGGTAGGCGT__0.259841512935132__9	13	8	6	9	8	8	6	18	8	45	25	8
TGGGTGGTAGTGTT__0.259345752224651__10	8	13	8	17	8	8	6	18	11	17	6	6
GTGTTGAGGGGAGG__0.259062873844488__9	17	6	6	9	8	8	8	13	13	5	8	8
GGTTTGGGAGGGGA__0.258749830438393__9	8	6	36	9	8	13	5	8	8	13	13	5
GGGGGGGCAGGGTC__0.258724721344039__13	13	13	13	13	13	45	13	2	8	13	8	8
GCGGTGGGAGGGAG__0.258195748284445__9	25	2	8	17	8	13	5	8	8	13	5	8
GGTGTGGGAGTGGG__0.257837732569821__11	8	17	6	17	8	13	5	8	11	17	8	13
ACCCTCCCAGCCCA__0.257087843976696__12	8	13	8	8	5	13	8	2	25	45	13	8
GGTGTGGTAGGGGT__0.256007774866881__9	8	17	6	17	8	8	6	18	8	13	13	8
GGTGGGGCAGGGTG__0.255728152129906__10	8	17	8	13	13	45	13	2	8	13	8	17
GTGGTGAGGGAGGG__0.255487801948825__12	17	8	8	17	8	8	8	13	5	8	8	13
ACCCTGACCCCCCC__0.255371661579775__17	8	13	8	2	8	8	8	13	13	13	13	13
TTGGTGGCGGGGGG__0.255288883864476__9	9	8	8	17	8	45	25	2	13	13	13	13
GGTGTGGTAGTTGG__0.255152695679321__9	8	17	6	17	8	8	6	18	11	6	9	8
GGGGTGGTAGGTTA__0.254858665866258__13	13	13	8	17	8	8	6	18	8	8	6	20
GGGGGGAGAGGCGG__0.254735445746662__10	13	13	13	13	5	8	9	8	8	45	25	2
CCCATCCCAGCCCC__0.254312861506741__15	13	8	18	7	5	13	8	2	25	45	13	13
TGGGTGGGAGAGGG__0.254021016630758__12	8	13	8	17	8	13	5	8	9	8	8	13
GGGTTGAGGGGAGG__0.253999814600113__11	13	8	6	9	8	8	8	13	13	5	8	8
TGGGTGGGAGGTGG__0.253721284029416__12	8	13	8	17	8	13	5	8	8	8	17	8
GTGGTGGTAGGGGT__0.253654246224304__9	17	8	8	17	8	8	6	18	8	13	13	8
TCCCTGCCCGCCCC__0.253019504209086__13	5	13	8	2	13	45	13	2	25	45	13	13
TGGGTGGCGGGGGT__0.252745855901943__12	8	13	8	17	8	45	25	2	13	13	13	8
GGTGGGGCAGGGAG__0.252739598628425__10	8	17	8	13	13	45	13	2	8	13	5	8
GGTGTGGTAGTTGT__0.252722711896267__9	8	17	6	17	8	8	6	18	11	6	9	6
TGGGTGGCGGTGGG__0.252579611964475__11	8	13	8	17	8	45	25	2	8	17	8	13
CCCCTAACACCACA__0.252578224966736__9	13	13	8	18	20	6	6	17	8	8	17	6
GTGGTGGTAGTGCT__0.252559957560593__9	17	8	8	17	8	8	6	18	11	17	13	25
GCCCTGCCCGCCCC__0.252469041023472__13	45	13	8	2	13	45	13	2	25	45	13	13
GGGGGGGCAGGGGT__0.252394825265924__12	13	13	13	13	13	45	13	2	8	13	13	8
TTGGTGGGAGGGTG__0.252191602048231__9	9	8	8	17	8	13	5	8	8	13	8	17
GGGGTGAGGGAGGT__0.251743457736343__15	13	13	8	17	8	8	8	13	5	8	8	8
TGGGTGGGAGTGGC__0.251629181911309__11	8	13	8	17	8	13	5	8	11	17	8	45
GGGTTGGCGGGGGG__0.251608442568615__11	13	8	6	9	8	45	25	2	13	13	13	13
GTGGTGAGGGGGGT__0.251326848608257__11	17	8	8	17	8	8	8	13	13	13	13	8
GTGGGGGCAGTGGG__0.251315280985205__9	17	8	13	13	13	45	13	2	11	17	8	13
GGTGTGGTAGGTTA__0.251182636937099__9	8	17	6	17	8	8	6	18	8	8	6	20
GGTGGGGCAGGGCG__0.251097255729523__10	8	17	8	13	13	45	13	2	8	13	45	25
GGTGTGGCGGGGGT__0.251041332668864__12	8	17	6	17	8	45	25	2	13	13	13	8
GTGGTGGTAGGCGT__0.250852718434018__9	17	8	8	17	8	8	6	18	8	45	25	8
GGGGTGGCAGTGGG__0.250692713545077__9	13	13	8	17	8	45	13	2	11	17	8	13
GTGGTGGTAGGGTG__0.249308005425273__9	17	8	8	17	8	8	6	18	8	13	8	17
GGTGTGGTAGGGCG__0.249233088135992__9	8	17	6	17	8	8	6	18	8	13	45	25
GTGGTGGTAGGTTA__0.248981290635981__9	17	8	8	17	8	8	6	18	8	8	6	20
GGGGTGATGGGGGG__0.248960999952277__10	13	13	8	17	8	7	18	8	13	13	13	13
TTGGTGGGAGGGGG__0.248694626602354__9	9	8	8	17	8	13	5	8	8	13	13	13
GGGGTGGGAGTGGA__0.248581679200735__14	13	13	8	17	8	13	5	8	11	17	8	5
GGTGTGGGAGGGCG__0.248187811022258__11	8	17	6	17	8	13	5	8	8	13	45	25
GGGGTGGTAGGGTT__0.247664517490337__12	13	13	8	17	8	8	6	18	8	13	8	6
TGGGGGGCAGGGAG__0.247522761844999__9	8	13	13	13	13	45	13	2	8	13	5	8
ACCCTCCCAGCCCC__0.247438576232483__14	8	13	8	8	5	13	8	2	25	45	13	13
GGGTTGAGGGGGGA__0.246642560198309__10	13	8	6	9	8	8	8	13	13	13	13	5
GGTGTGGGAGTGTT__0.24658209689945__10	8	17	6	17	8	13	5	8	11	17	6	6
GCCCTGCCCGCCCA__0.245821798215842__9	45	13	8	2	13	45	13	2	25	45	13	8
GGGGTGGCTGGGGG__0.244125618604717__10	13	13	8	17	8	45	25	2	8	13	13	13
GTGGTGGGAGGGTT__0.243716503854963__11	17	8	8	17	8	13	5	8	8	13	8	6
CCCCTGACCCACCC__0.242870047461608__11	13	13	8	2	8	8	8	13	8	17	8	13
GGGGGGGCAGGGGC__0.242476631969165__11	13	13	13	13	13	45	13	2	8	13	13	45
GGGTGGGCAGGGCT__0.24232975624913__9	13	8	17	8	13	45	13	2	8	13	45	25
GGGGTGGGAGAGGG__0.242031904237357__14	13	13	8	17	8	13	5	8	9	8	8	13
GGGGGGAGAGGGGT__0.241965524111409__9	13	13	13	13	5	8	9	8	8	13	13	8
GGGGTGGCGGGGTG__0.241622956428303__14	13	13	8	17	8	45	25	2	13	13	8	17
TGGGTGAGGGGGGC__0.240852056744025__10	8	13	8	17	8	8	8	13	13	13	13	45
GGGTTGGCGGGTGG__0.240603122922635__9	13	8	6	9	8	45	25	2	13	8	17	8
GCCCTGACCCACCC__0.240405423163982__11	45	13	8	2	8	8	8	13	8	17	8	13
GGGGGGGCAGGGAA__0.240241096327427__11	13	13	13	13	13	45	13	2	8	13	5	12
GGGTGGGCAGGGCA__0.240034570324222__9	13	8	17	8	13	45	13	2	8	13	45	13
GGGGGGAGAGAGGG__0.239785771568514__9	13	13	13	13	5	8	9	8	9	8	8	13
GGGGGGACGGGGAG__0.239764342121427__9	13	13	13	13	5	8	8	2	13	13	5	8
GGTGTGGGAGGGTT__0.239744044627536__10	8	17	6	17	8	13	5	8	8	13	8	6
GGGGTGGTAGGGTA__0.239702988939071__11	13	13	8	17	8	8	6	18	8	13	8	6
GGGGTGGTAGGCGG__0.239588636560701__10	13	13	8	17	8	8	6	18	8	45	25	2
GTGGTGAGGGCGGG__0.239392152237408__9	17	8	8	17	8	8	8	13	45	25	2	13
GGTGTGGGAGGGGA__0.239311982910984__10	8	17	6	17	8	13	5	8	8	13	13	5
GGGTTGAGGGGGCG__0.238209499488795__9	13	8	6	9	8	8	8	13	13	13	45	25
GTGGTGAGGGGTGG__0.237934067748116__9	17	8	8	17	8	8	8	13	13	8	17	8
GGGTTGGGAGGTGT__0.237572373922379__9	13	8	6	9	8	13	5	8	8	8	17	6
GGGGGGGCAGGAGG__0.237022106308442__10	13	13	13	13	13	45	13	2	8	5	8	8
GTGGTGGCGGTGGG__0.236248059253346__9	17	8	8	17	8	45	25	2	8	17	8	13
TGGGTGAGGGGTGG__0.236243444662027__9	8	13	8	17	8	8	8	13	13	8	17	8
GGGGTGAGGGGAGG__0.235678626412745__13	13	13	8	17	8	8	8	13	13	5	8	8
GGGGTGGTAGTGCG__0.235672325074537__10	13	13	8	17	8	8	6	18	11	17	13	25
GCCCTCCCAGCCCC__0.235362510924413__12	45	13	8	8	5	13	8	2	25	45	13	13
GGGGTGGCGGGGGT__0.234913604154426__13	13	13	8	17	8	45	25	2	13	13	13	8
GGGGGGGCAGGGCA__0.234788736367824__11	13	13	13	13	13	45	13	2	8	13	45	13
GGTGTGGGAGGGAG__0.233780567789562__9	8	17	6	17	8	13	5	8	8	13	5	8
TGGGTGGCGGGCGG__0.233559713432147__9	8	13	8	17	8	45	25	2	13	45	25	2
GGGTTGGGAGGGGC__0.233540834473495__9	13	8	6	9	8	13	5	8	8	13	13	45
GCCCTCCCAGCCCA__0.233536788054053__9	45	13	8	8	5	13	8	2	25	45	13	8
GGGGGGGCAGTGGT__0.233292718544804__9	13	13	13	13	13	45	13	2	11	17	8	8
GGTGTGGGAGGGGT__0.232206450806054__9	8	17	6	17	8	13	5	8	8	13	13	8
CCCCTCCCAGCCCA__0.231895376948475__9	13	13	8	8	5	13	8	2	25	45	13	8
GGGGTGAGGGGGTG__0.23081155751504__12	13	13	8	17	8	8	8	13	13	13	8	17
GGTGTGGGAGGGTA__0.230422018165142__9	8	17	6	17	8	13	5	8	8	13	8	6
GTGGTGGGAGGGTC__0.229740176712587__9	17	8	8	17	8	13	5	8	8	13	8	8
GGGGTGGCGGGTTG__0.229248944709705__11	13	13	8	17	8	45	25	2	13	8	6	9
GGGGTGGCGGGGCG__0.228707217989575__12	13	13	8	17	8	45	25	2	13	13	45	25
GGGGTGGGAGCGGG__0.227891136037149__11	13	13	8	17	8	13	5	8	25	25	2	13
GGGGGGGCAGGGGA__0.227776686209815__9	13	13	13	13	13	45	13	2	8	13	13	5
GGGGTGGGAGGCGG__0.2267104599422__11	13	13	8	17	8	13	5	8	8	45	25	2
GTGGTGGGAGGGCT__0.225886772236657__9	17	8	8	17	8	13	5	8	8	13	45	25
GGGGTGGCGGGATG__0.216804333097738__10	13	13	8	17	8	45	25	2	13	5	7	18
GGGGTGGGAGTGTG__0.214426561464609__9	13	13	8	17	8	13	5	8	11	17	6	17
GGGGTGGGAGGTTG__0.2120265077803__9	13	13	8	17	8	13	5	8	8	8	6	9
GGGGTGAGGGGGGA__0.209155530459813__9	13	13	8	17	8	8	8	13	13	13	13	5
GGGGTGGGAGAGGA__0.207527996065915__9	13	13	8	17	8	13	5	8	9	8	8	5
