AATGACAGCT__1__119	30	18	8	8	6	2	25	25
CCTGACAGCT__0.968543686455392__79	8	2	8	8	6	2	25	25
CTTGACAGCT__0.951710700700548__107	6	9	8	8	6	2	25	25
ACTGACAGCT__0.946635610932154__78	11	2	8	8	6	2	25	25
CCTGACAGAT__0.931908532156961__60	8	2	8	8	6	2	9	7
CATGACAGCT__0.915342116746494__101	18	18	8	8	6	2	25	25
GTTGACAGCT__0.913298799428029__118	6	9	8	8	6	2	25	25
TTTGACAGGT__0.910474233662958__147	36	9	8	8	6	2	8	8
ACTGACAGGT__0.893309720800441__78	11	2	8	8	6	2	8	8
TCTGACAGCT__0.89136904302959__66	9	2	8	8	6	2	25	25
AATGACAGGC__0.889942879259837__97	30	18	8	8	6	2	8	45
ATTGACAGCT__0.885734095072521__85	30	9	8	8	6	2	25	25
CCTGACAGTT__0.881573381471166__42	8	2	8	8	6	2	11	6
ACTGACAGAC__0.878716680623369__73	11	2	8	8	6	2	9	8
AATGACAGCC__0.878385856608927__100	30	18	8	8	6	2	25	45
CTTGACAGGT__0.873521590700351__93	6	9	8	8	6	2	8	8
TTTGACAGCT__0.872981905662737__87	36	9	8	8	6	2	25	25
TCTGACAGGT__0.872332132452295__80	9	2	8	8	6	2	8	8
GATGACAGCT__0.87002241374377__98	7	18	8	8	6	2	25	25
ACTGACATGT__0.869570776950768__65	11	2	8	8	6	18	18	6
AATGACAGGT__0.867613108236968__78	30	18	8	8	6	2	8	8
AATGACAGAC__0.865363614273102__78	30	18	8	8	6	2	9	8
ATTGACAGGT__0.863518699981956__103	30	9	8	8	6	2	8	8
CCTGACAGAC__0.862252647901234__56	8	2	8	8	6	2	9	8
CCTGACAGGT__0.858071613295548__56	8	2	8	8	6	2	8	8
AATGACATGT__0.85629177969227__70	30	18	8	8	6	18	18	6
TGTGACAGCT__0.855717368906363__76	6	17	8	8	6	2	25	25
AATGACAGCA__0.853573284487852__67	30	18	8	8	6	2	25	13
TGTGACAGGT__0.844885191712324__99	6	17	8	8	6	2	8	8
GCTGACAGCT__0.842031439825588__64	25	2	8	8	6	2	25	25
CATGACAGGT__0.840797587051537__90	18	18	8	8	6	2	8	8
GTTGACAGGT__0.837345085066764__103	6	9	8	8	6	2	8	8
ACTGACAGCC__0.834454970801323__66	11	2	8	8	6	2	25	45
ATTGACATGT__0.833607681122205__77	30	9	8	8	6	18	18	6
ACTGACAACT__0.833115321829644__62	11	2	8	8	6	9	6	11
TTTGACATGT__0.833051480582681__85	36	9	8	8	6	18	18	6
CTTGACAGAC__0.832151965407012__74	6	9	8	8	6	2	9	8
ACTGACAGAT__0.83199908206087__49	11	2	8	8	6	2	9	7
CCTGACAGCC__0.83045537200104__66	8	2	8	8	6	2	25	45
AATGACAGAT__0.829700724909076__55	30	18	8	8	6	2	9	7
AATGACAGTT__0.828239635110269__51	30	18	8	8	6	2	11	6
TATGACAGCT__0.826261449315611__82	13	18	8	8	6	2	25	25
ACTGACAGCG__0.82549848342818__40	11	2	8	8	6	2	25	25
AATGACAACT__0.825497244390852__69	30	18	8	8	6	9	6	11
CTTGACAGTT__0.825039617379579__58	6	9	8	8	6	2	11	6
TTTGACAGGC__0.824466389663631__93	36	9	8	8	6	2	8	45
GGTGACAGCT__0.823388955509452__67	8	17	8	8	6	2	25	25
ACTGACAACA__0.821981752158192__54	11	2	8	8	6	9	6	6
GCTGACAGGT__0.820456834130539__76	25	2	8	8	6	2	8	8
AATGACAGGA__0.818996644800554__45	30	18	8	8	6	2	8	5
TCTGACATGT__0.817961354266348__54	9	2	8	8	6	18	18	6
CCTGACAGCA__0.817664229930968__41	8	2	8	8	6	2	25	13
CATGACAGCA__0.813209094936757__71	18	18	8	8	6	2	25	13
GGTGACAGGT__0.812364813157487__88	8	17	8	8	6	2	8	8
CCTGACAGGA__0.811616681679359__32	8	2	8	8	6	2	8	5
CCTGACAACT__0.811605886395003__52	8	2	8	8	6	9	6	11
CTTGACAGCG__0.811539600330076__49	6	9	8	8	6	2	25	25
GTTGACAGTT__0.810412736850718__78	6	9	8	8	6	2	11	6
CATGACAGAC__0.810196918923422__78	18	18	8	8	6	2	9	8
TCTGACAGTT__0.810037714313926__50	9	2	8	8	6	2	11	6
GTTGACATGT__0.808725826647023__81	6	9	8	8	6	18	18	6
AATGACAACA__0.808633423381017__58	30	18	8	8	6	9	6	6
CTTGACATGT__0.807336422311727__60	6	9	8	8	6	18	18	6
ATTGACAGCA__0.805951408372754__68	30	9	8	8	6	2	25	13
CCTGACAACA__0.805925163831341__47	8	2	8	8	6	9	6	6
AATGACAAGT__0.805649253061185__59	30	18	8	8	6	9	6	11
CTTGACAGAT__0.805552266219633__55	6	9	8	8	6	2	9	7
CCTGACAGCG__0.804165542491432__31	8	2	8	8	6	2	25	25
AATGACAAGG__0.802811974645963__62	30	18	8	8	6	9	6	8
AATGACAGCG__0.801674645889281__40	30	18	8	8	6	2	25	25
ACTGACAGGA__0.801650648804074__35	11	2	8	8	6	2	8	5
ACTGACAGCA__0.800480028951627__42	11	2	8	8	6	2	25	13
ATTGACAGAT__0.799743720166772__76	30	9	8	8	6	2	9	7
ATTGACAGGC__0.799248663107798__72	30	9	8	8	6	2	8	45
ATTGACAGGG__0.798070932016037__55	30	9	8	8	6	2	8	13
CGTGACAGCT__0.797032004268758__45	8	17	8	8	6	2	25	25
ATTGACAGCC__0.793584823249936__67	30	9	8	8	6	2	25	45
TCTGACAGAT__0.79348376191701__48	9	2	8	8	6	2	9	7
CTTGACAGCC__0.793436842933261__69	6	9	8	8	6	2	25	45
CATGACAGCC__0.793011784604163__71	18	18	8	8	6	2	25	45
CGTGACAGGT__0.791708568417974__58	8	17	8	8	6	2	8	8
CCTGACATCT__0.790236484262474__40	8	2	8	8	6	18	7	9
CATGACAGCG__0.790164170321432__50	18	18	8	8	6	2	25	25
ATTGACAGGA__0.790119387941965__52	30	9	8	8	6	2	8	5
CATGACAGAT__0.789204344781694__67	18	18	8	8	6	2	9	7
TTTGACAGGG__0.787736100996042__56	36	9	8	8	6	2	8	13
ACTGACATTT__0.787616442210407__45	11	2	8	8	6	18	30	36
AATGACACAT__0.786985759392988__77	30	18	8	8	6	17	6	18
AGTGACAGCT__0.786695675675924__61	11	17	8	8	6	2	25	25
TCTGACAGAC__0.786103146920472__49	9	2	8	8	6	2	9	8
ATTGACAGAC__0.7860454998258__68	30	9	8	8	6	2	9	8
CATGACAACT__0.785791406230301__68	18	18	8	8	6	9	6	11
TTTGACAGCC__0.785548533993007__72	36	9	8	8	6	2	25	45
CCTGACATTG__0.785114227832226__29	8	2	8	8	6	18	30	9
ACTGACATTG__0.784465676556927__33	11	2	8	8	6	18	30	9
ACTGACAGTT__0.783610760375525__34	11	2	8	8	6	2	11	6
GATGACAGGT__0.782774160127246__80	7	18	8	8	6	2	8	8
GTTGACAGGG__0.782043965673922__56	6	9	8	8	6	2	8	13
ACTGACAATA__0.781739884388816__42	11	2	8	8	6	9	30	13
TCTGACAGCA__0.781393444663797__43	9	2	8	8	6	2	25	13
ACTGACAGGG__0.780719578253815__30	11	2	8	8	6	2	8	13
ACTGACAAGC__0.780139963528162__56	11	2	8	8	6	9	6	25
TGTGACATGT__0.780110792121258__58	6	17	8	8	6	18	18	6
ACTGACAGGC__0.779404269900562__43	11	2	8	8	6	2	8	45
ACTGACAAGT__0.778658377599435__43	11	2	8	8	6	9	6	11
ACTGACACAT__0.77801197818299__62	11	2	8	8	6	17	6	18
CTTGACAGGA__0.777449163201004__40	6	9	8	8	6	2	8	5
TTTGACAGAC__0.77732755236941__70	36	9	8	8	6	2	9	8
TCTGACAACT__0.777240539793474__49	9	2	8	8	6	9	6	11
CTTGACAGGG__0.777146145442217__39	6	9	8	8	6	2	8	13
TTTGACAGTT__0.776879958605967__66	36	9	8	8	6	2	11	6
CATGACATGT__0.776110297253028__55	18	18	8	8	6	18	18	6
CCTGACAGAA__0.775884621263873__36	8	2	8	8	6	2	9	12
ACTGACAACC__0.775839389161596__78	11	2	8	8	6	9	6	8
CATGACAGGA__0.7755976399414__47	18	18	8	8	6	2	8	5
TTTGACAGCA__0.774417813003405__61	36	9	8	8	6	2	25	13
ATTGACAGCG__0.773754037297368__45	30	9	8	8	6	2	25	25
AATGACAGGG__0.773464914784633__33	30	18	8	8	6	2	8	13
TTTGACAGCG__0.772702168925311__49	36	9	8	8	6	2	25	25
AATGACACGT__0.772143374488394__60	30	18	8	8	6	17	8	8
GCTGACAGGG__0.771503100053602__43	25	2	8	8	6	2	8	13
CCTGACAAGT__0.771249469480672__36	8	2	8	8	6	9	6	11
ACTGACAATT__0.769190137459975__29	11	2	8	8	6	9	30	30
GGTGACAGTT__0.76903844629159__77	8	17	8	8	6	2	11	6
CGTGACAGTT__0.768074411743796__41	8	17	8	8	6	2	11	6
AATGACACGA__0.767893364756547__53	30	18	8	8	6	17	8	31
CCTGACAGGC__0.767789888793163__37	8	2	8	8	6	2	8	45
TCTGACAGCC__0.766913949564198__47	9	2	8	8	6	2	25	45
AATGACACGG__0.76685850668749__51	30	18	8	8	6	17	8	2
ACTGACACCT__0.766854627913258__57	11	2	8	8	6	17	8	8
CCTGACAATT__0.76553748269378__26	8	2	8	8	6	9	30	30
GATGACAGCA__0.763883090588193__66	7	18	8	8	6	2	25	13
CTTGACAGGC__0.763854175565161__52	6	9	8	8	6	2	8	45
ATTGACAGTT__0.763740367058533__57	30	9	8	8	6	2	11	6
CTTGACAAGT__0.763566262906964__52	6	9	8	8	6	9	6	11
CCTGACAATG__0.763129202633792__33	8	2	8	8	6	9	30	18
AATGACATTG__0.761938568806595__33	30	18	8	8	6	18	30	9
GGTGACATGT__0.76140265083514__54	8	17	8	8	6	18	18	6
TTTGACAGGA__0.760855872915813__47	36	9	8	8	6	2	8	5
CCTGACAACC__0.76070521337109__67	8	2	8	8	6	9	6	8
CCTGACATGT__0.760012089926957__31	8	2	8	8	6	18	18	6
CCTGACAAGG__0.759844947888865__31	8	2	8	8	6	9	6	8
TATGACAGCC__0.759732802168407__74	13	18	8	8	6	2	25	45
CCTGACACAT__0.758095668352672__56	8	2	8	8	6	17	6	18
TCTGACATTG__0.757324420025889__32	9	2	8	8	6	18	30	9
CTTGACAACA__0.757188339923007__48	6	9	8	8	6	9	6	6
GTTGACAGAT__0.756795670716628__59	6	9	8	8	6	2	9	7
GCTGACAGTT__0.755612400103476__46	25	2	8	8	6	2	11	6
TGTGACAGTT__0.7554680000079__61	6	17	8	8	6	2	11	6
CTTGACACAT__0.75544490777527__72	6	9	8	8	6	17	6	18
GTTGACAGGC__0.755339417240883__66	6	9	8	8	6	2	8	45
CATGACAGGC__0.75465241856591__55	18	18	8	8	6	2	8	45
CCTGACATGA__0.754138032901703__44	8	2	8	8	6	18	18	8
ACTGACACGT__0.754004783633864__46	11	2	8	8	6	17	8	8
CCTGACACCT__0.753906442271462__51	8	2	8	8	6	17	8	8
AGTGACAGGT__0.753800239072027__67	11	17	8	8	6	2	8	8
CCTGACAGTG__0.753541975440281__28	8	2	8	8	6	2	11	17
TATGACAGGT__0.75331851174872__71	13	18	8	8	6	2	8	8
ATTGACAAGT__0.753305257557515__57	30	9	8	8	6	9	6	11
ACTGACATGC__0.751985768816752__47	11	2	8	8	6	18	18	13
ACTGACAGTA__0.751290939069998__33	11	2	8	8	6	2	11	6
ATAGACAGCT__0.75120518723004__36	13	18	9	8	6	2	25	25
AATGACACCT__0.751182392220007__60	30	18	8	8	6	17	8	8
ACTGACAATG__0.750578561325366__35	11	2	8	8	6	9	30	18
TGTGACAGGC__0.749607550494397__55	6	17	8	8	6	2	8	45
CGTGACATGT__0.748440672647271__42	8	17	8	8	6	18	18	6
AATGACATCT__0.748111322951098__37	30	18	8	8	6	18	7	9
ACTGACAAGA__0.747489961720439__51	11	2	8	8	6	9	6	9
TTTGACATGG__0.746966412158597__48	36	9	8	8	6	18	18	8
GTTGACGTTT__0.74663605497446__49	6	9	8	8	8	8	6	36
GATGACAGCC__0.746617373857877__60	7	18	8	8	6	2	25	45
ATTGACAACT__0.746273695975612__51	30	9	8	8	6	9	6	11
CCTGACAGTC__0.745943978382672__30	8	2	8	8	6	2	11	8
CATGACAAGT__0.745429115920853__54	18	18	8	8	6	9	6	11
CCTGACAATA__0.744947388293102__32	8	2	8	8	6	9	30	13
CCTGACAAGC__0.744928730820709__42	8	2	8	8	6	9	6	25
AATGACAACC__0.744698140626024__74	30	18	8	8	6	9	6	8
ACTGACATCT__0.744553527257501__31	11	2	8	8	6	18	7	9
TATGACAGGC__0.74444382747649__69	13	18	8	8	6	2	8	45
AATGACAGAA__0.743958815798822__42	30	18	8	8	6	2	9	12
CATGACAACA__0.743946801196752__48	18	18	8	8	6	9	6	6
GTTGACAGCA__0.743541969621373__53	6	9	8	8	6	2	25	13
ATTGACACAT__0.743184952750179__64	30	9	8	8	6	17	6	18
AAAGACAGCT__0.742942429355113__28	36	6	9	8	6	2	25	25
CATGACACAT__0.742743798920835__68	18	18	8	8	6	17	6	18
TCTGACACGT__0.742510283772991__49	9	2	8	8	6	17	8	8
TTTGACATTG__0.742256116717882__43	36	9	8	8	6	18	30	9
CCTGACAAAT__0.741886149466149__34	8	2	8	8	6	9	36	30
TCTGACAGGC__0.741792884319097__38	9	2	8	8	6	2	8	45
TCTGACAGCG__0.741737132435343__27	9	2	8	8	6	2	25	25
AATGACAAAT__0.741298823044098__41	30	18	8	8	6	9	36	30
AATGACATGA__0.741256483147544__49	30	18	8	8	6	18	18	8
CTTGACATTG__0.740597571879027__33	6	9	8	8	6	18	30	9
TCTGACAGGG__0.740082173222763__27	9	2	8	8	6	2	8	13
TGTGACAGGG__0.740037479391457__41	6	17	8	8	6	2	8	13
TTTGACAAGT__0.739720015454576__57	36	9	8	8	6	9	6	11
TCTGACAGGA__0.73836711978222__27	9	2	8	8	6	2	8	5
GCTGACAGAC__0.737340648884712__46	25	2	8	8	6	2	9	8
GATGACATGT__0.737012230475183__52	7	18	8	8	6	18	18	6
AATGACAGAG__0.735937871513907__24	30	18	8	8	6	2	9	8
TGTGACAGAC__0.735827452915103__53	6	17	8	8	6	2	9	8
ATTGACAACA__0.735767579333415__44	30	9	8	8	6	9	6	6
ACTGACAAGG__0.735609221714929__35	11	2	8	8	6	9	6	8
TTTGACAGAT__0.73487852788906__53	36	9	8	8	6	2	9	7
CATGACAGTT__0.734276117985231__44	18	18	8	8	6	2	11	6
CATGACATTG__0.733812107976664__37	18	18	8	8	6	18	30	9
ATTGACATCT__0.73378973853119__41	30	9	8	8	6	18	7	9
CTTGACAACT__0.733691518089089__44	6	9	8	8	6	9	6	11
ACTGACACGA__0.733395960333849__36	11	2	8	8	6	17	8	31
TTTGACAACT__0.733370421539648__52	36	9	8	8	6	9	6	11
GGTGACAGGC__0.73327602709067__52	8	17	8	8	6	2	8	45
GTTGACAGCC__0.733010414600657__60	6	9	8	8	6	2	25	45
AATGACAAAC__0.732911649497691__43	30	18	8	8	6	9	36	6
CTTGACAGCA__0.7327499933427__36	6	9	8	8	6	2	25	13
CCTGACAAAA__0.732575864644676__37	8	2	8	8	6	9	36	36
AGTGACAGCC__0.732124535837774__62	11	17	8	8	6	2	25	45
CCTGACAGTA__0.731127532346072__23	8	2	8	8	6	2	11	6
TATGACAGTT__0.730808275244676__62	13	18	8	8	6	2	11	6
AATGACATGC__0.730779451894187__48	30	18	8	8	6	18	18	13
AATGACAATT__0.730399430035066__26	30	18	8	8	6	9	30	30
CCTGACAGAG__0.729656529005809__15	8	2	8	8	6	2	9	8
CCTGACAAAG__0.729506356207374__27	8	2	8	8	6	9	36	6
GTTGACAGAC__0.729150875269194__53	6	9	8	8	6	2	9	8
ACTGACAGAA__0.728875309740212__33	11	2	8	8	6	2	9	12
ACTGACAACG__0.72846751986248__38	11	2	8	8	6	9	6	8
CCTGACATGC__0.727162780078092__43	8	2	8	8	6	18	18	13
ATTGACGGGT__0.727153666707635__24	30	9	8	8	8	2	13	8
TATGACAGGG__0.727028875614846__47	13	18	8	8	6	2	8	13
TCTGACAAGC__0.726290035395171__44	9	2	8	8	6	9	6	25
CATGACAAGC__0.726144483342177__58	18	18	8	8	6	9	6	25
TCTGACAAGT__0.726031371689222__35	9	2	8	8	6	9	6	11
GCTGACAGAT__0.725726112638758__40	25	2	8	8	6	2	9	7
TCTGACATGG__0.725689258246584__28	9	2	8	8	6	18	18	8
CTTGACACCT__0.725648658188058__58	6	9	8	8	6	17	8	8
CGTGACAGGG__0.724759917917955__28	8	17	8	8	6	2	8	13
GTTGACATTT__0.723930158198869__53	6	9	8	8	6	18	30	36
AATGACACCC__0.723597307634562__74	30	18	8	8	6	17	8	13
TCTGACATCT__0.72346334942398__30	9	2	8	8	6	18	7	9
TTTGACGTGT__0.723431736316278__35	36	9	8	8	8	8	17	6
CATGACAAGG__0.723223014938539__55	18	18	8	8	6	9	6	8
ACTGACACTT__0.722966026571583__38	11	2	8	8	6	17	11	6
ACTGACAAAT__0.722845249951448__31	11	2	8	8	6	9	36	30
TTTGACACAT__0.722716987447245__63	36	9	8	8	6	17	6	18
CCTGACAAGA__0.721854151158302__41	8	2	8	8	6	9	6	9
TGTGACAGCC__0.721752810315566__42	6	17	8	8	6	2	25	45
CGTGACAGCC__0.721402750060276__44	8	17	8	8	6	2	25	45
CCTGACACTT__0.721342614126859__34	8	2	8	8	6	17	11	6
GTTGACATCT__0.721252424378306__47	6	9	8	8	6	18	7	9
GTTGACGGGT__0.721030837212455__23	6	9	8	8	8	2	13	8
CATGACACGT__0.720992163613604__57	18	18	8	8	6	17	8	8
GATGACAGCG__0.720777770282637__40	7	18	8	8	6	2	25	25
ACTGACACGG__0.720712356061234__32	11	2	8	8	6	17	8	2
AGTGACATGT__0.720577398708571__49	11	17	8	8	6	18	18	6
GCTGACAGCC__0.720350775411113__44	25	2	8	8	6	2	25	45
AATGACACTG__0.720029491642216__39	30	18	8	8	6	17	11	2
AGTGACAGGC__0.719711874124673__56	11	17	8	8	6	2	8	45
AATGACAAGA__0.719183400155568__49	30	18	8	8	6	9	6	9
AGTGACAGTT__0.718319405927494__50	11	17	8	8	6	2	11	6
AATGACATTT__0.718310832788542__33	30	18	8	8	6	18	30	36
ACTGACAAAC__0.718148192708357__33	11	2	8	8	6	9	36	6
ACTGACATGG__0.718106555820478__23	11	2	8	8	6	18	18	8
TCTGACACAT__0.718013850322077__45	9	2	8	8	6	17	6	18
TCTGACATGA__0.717973851354078__40	9	2	8	8	6	18	18	8
AATGACAAGC__0.717849461906508__43	30	18	8	8	6	9	6	25
CATGACATGC__0.717429351213101__49	18	18	8	8	6	18	18	13
CATGACACCT__0.717115890115543__59	18	18	8	8	6	17	8	8
CTTGACATGC__0.717034286673824__50	6	9	8	8	6	18	18	13
TATGACATCT__0.717028798697612__50	13	18	8	8	6	18	7	9
CTTGACGGGT__0.716509770211953__15	6	9	8	8	8	2	13	8
AATGACATAT__0.716269848827158__50	30	18	8	8	6	18	13	13
TCTGACAATT__0.715841502741895__23	9	2	8	8	6	9	30	30
AATGACAGTC__0.715676062468949__35	30	18	8	8	6	2	11	8
TCTGACAATA__0.715531715199068__30	9	2	8	8	6	9	30	13
TATGACATGT__0.715353531777572__49	13	18	8	8	6	18	18	6
ATTGACACCT__0.715055755465688__56	30	9	8	8	6	17	8	8
CTAGACAGTT__0.714955977349858__15	18	18	9	8	6	2	11	6
GTTGACGTGT__0.714774750796644__31	6	9	8	8	8	8	17	6
ACTGACATGA__0.714592046726156__35	11	2	8	8	6	18	18	8
TTTGACAATT__0.714257107964148__33	36	9	8	8	6	9	30	30
GATGACAGGA__0.714230089127323__40	7	18	8	8	6	2	8	5
ATTGACAAGC__0.714009999519054__52	30	9	8	8	6	9	6	25
CCTGACAGGG__0.713930233576589__16	8	2	8	8	6	2	8	13
AATGACAATC__0.713303460636182__45	30	18	8	8	6	9	30	7
TGTGACAGCG__0.713048884251208__32	6	17	8	8	6	2	25	25
CCTGACAAAC__0.712844979761957__34	8	2	8	8	6	9	36	6
CCTGACAATC__0.712729186934008__34	8	2	8	8	6	9	30	7
CATGACAGTA__0.712700041608391__42	18	18	8	8	6	2	11	6
GCTGACAGGC__0.712513535601582__40	25	2	8	8	6	2	8	45
TTTGACAGTG__0.712340160133412__51	36	9	8	8	6	2	11	17
CTTGACAGTG__0.71222098395595__36	6	9	8	8	6	2	11	17
AATGACAGTA__0.712082602464154__29	30	18	8	8	6	2	11	6
TGTGACAAGT__0.711738545622002__46	6	17	8	8	6	9	6	11
ATTGACAGTG__0.711273144444513__47	30	9	8	8	6	2	11	17
ACTGACATCC__0.710944277401819__43	11	2	8	8	6	18	7	5
CGTGACAAGT__0.710539546091149__37	8	17	8	8	6	9	6	11
TTTGACAGTC__0.710433351280676__54	36	9	8	8	6	2	11	8
CATGACAGAA__0.710109012798901__48	18	18	8	8	6	2	9	12
TCTGACAACA__0.710108699890738__29	9	2	8	8	6	9	6	6
AATGACACGC__0.710071474715069__63	30	18	8	8	6	17	8	25
AATGACATGG__0.709179972898241__25	30	18	8	8	6	18	18	8
GTTGACAGCG__0.708772578138314__34	6	9	8	8	6	2	25	25
AATGACAATA__0.708679498777614__30	30	18	8	8	6	9	30	13
GATGACAATT__0.708255682752836__36	7	18	8	8	6	9	30	30
TTAGACAGGT__0.708170073744898__33	20	18	9	8	6	2	8	8
CTTGACAAGC__0.707520600925312__46	6	9	8	8	6	9	6	25
TTAGACAGCT__0.707483188945025__25	20	18	9	8	6	2	25	25
TTTGACATCT__0.707406407303055__38	36	9	8	8	6	18	7	9
GGTGACAGGG__0.707195756710824__36	8	17	8	8	6	2	8	13
ACTGACATTC__0.707025425761514__30	11	2	8	8	6	18	30	12
GGTGACAGGA__0.706669962609664__35	8	17	8	8	6	2	8	5
GCTGACAGGA__0.706608060205026__28	25	2	8	8	6	2	8	5
TATGACAGCG__0.706606689627484__39	13	18	8	8	6	2	25	25
TCTGACAATG__0.706526163665456__30	9	2	8	8	6	9	30	18
GTTGACAGTG__0.706082757471141__49	6	9	8	8	6	2	11	17
TTTGACACGT__0.705537908938466__56	36	9	8	8	6	17	8	8
AATGACACTT__0.705487022260489__39	30	18	8	8	6	17	11	6
CGTGACAGGA__0.705053485492271__25	8	17	8	8	6	2	8	5
ATTGACGTGT__0.704715044793267__29	30	9	8	8	8	8	17	6
CATGACAGGG__0.70461055968042__29	18	18	8	8	6	2	8	13
GATGACAGGC__0.704515797868992__48	7	18	8	8	6	2	8	45
AATGACAACG__0.703721252001558__37	30	18	8	8	6	9	6	8
TCTGACACCT__0.703168706676189__41	9	2	8	8	6	17	8	8
TATGACAGAC__0.702968758891602__53	13	18	8	8	6	2	9	8
AGTGACAGCA__0.702814108818811__44	11	17	8	8	6	2	25	13
AATGACATTA__0.702758784168808__28	30	18	8	8	6	18	30	20
CGTGACAGGC__0.702644455838405__35	8	17	8	8	6	2	8	45
GCAGACAGCT__0.702617857588253__33	13	2	9	8	6	2	25	25
CATGACATCT__0.70250662634753__34	18	18	8	8	6	18	7	9
ACTGACAATC__0.702371253651721__36	11	2	8	8	6	9	30	7
TTTGACATGC__0.701891899105339__46	36	9	8	8	6	18	18	13
ATTGACATGC__0.701766626602707__40	30	9	8	8	6	18	18	13
GATGACAGAT__0.701718748167246__52	7	18	8	8	6	2	9	7
ATTGACAGTA__0.70168761849609__40	30	9	8	8	6	2	11	6
GGTGACAGCC__0.701174227153061__36	8	17	8	8	6	2	25	45
TCTGACATGC__0.700880271997012__35	9	2	8	8	6	18	18	13
GATGACAGAC__0.700805915464037__49	7	18	8	8	6	2	9	8
ATTGACATTT__0.700611020547722__37	30	9	8	8	6	18	30	36
CTTGACATGG__0.700020419855903__27	6	9	8	8	6	18	18	8
TTTGACGGGT__0.69985714374496__21	36	9	8	8	8	2	13	8
CCTGACACGT__0.699134522307066__28	8	2	8	8	6	17	8	8
TTCGACAGCT__0.698638010281317__18	12	31	31	8	6	2	25	25
ATTGACATTG__0.698545481128024__29	30	9	8	8	6	18	30	9
TGTGACAACT__0.698060235870132__38	6	17	8	8	6	9	6	11
TGTGACATTG__0.698023546694133__31	6	17	8	8	6	18	30	9
GCTGACACAT__0.697960621084025__50	25	2	8	8	6	17	6	18
TATGACAGGA__0.697480609696146__38	13	18	8	8	6	2	8	5
TATGACAGAT__0.697464787183472__52	13	18	8	8	6	2	9	7
ACTGACAGAG__0.697049649562132__16	11	2	8	8	6	2	9	8
ATTGACACGT__0.696940037107749__48	30	9	8	8	6	17	8	8
GCTGACACGT__0.696769868970954__46	25	2	8	8	6	17	8	8
GTTGACAAGT__0.696716106410579__45	6	9	8	8	6	9	6	11
AGTGACAGAC__0.696661274979315__47	11	17	8	8	6	2	9	8
GCTGACATGT__0.696012442280637__31	25	2	8	8	6	18	18	6
ATAGACAGAT__0.695870916447031__22	13	18	9	8	6	2	9	7
ACTGACACCC__0.695801224326417__52	11	2	8	8	6	17	8	13
TCTGACAGTG__0.695540620116822__29	9	2	8	8	6	2	11	17
ATTGACAATT__0.694575475828886__26	30	9	8	8	6	9	30	30
TGTGACAAGC__0.69354165138701__47	6	17	8	8	6	9	6	25
ACTGACAGTC__0.69337645873369__26	11	2	8	8	6	2	11	8
GGTGACAGCG__0.693284693510939__30	8	17	8	8	6	2	25	25
CTTGACATCT__0.692928388535617__29	6	9	8	8	6	18	7	9
CCTGACATTT__0.692904846613545__22	8	2	8	8	6	18	30	36
CCTGACACCC__0.692882450461222__51	8	2	8	8	6	17	8	13
CATGACAATT__0.692643300364049__26	18	18	8	8	6	9	30	30
AATGACAATG__0.692242834138839__27	30	18	8	8	6	9	30	18
CGTGACATTG__0.692205928480697__24	8	17	8	8	6	18	30	9
AATGACAGTG__0.692193168563757__27	30	18	8	8	6	2	11	17
TTTGACGTAT__0.69217840214694__25	36	9	8	8	8	8	6	13
TTTGACACTT__0.692054842869883__51	36	9	8	8	6	17	11	6
ACTGACACGC__0.691185918694562__47	11	2	8	8	6	17	8	25
ATCGACAGCT__0.691152467933994__20	7	31	31	8	6	2	25	25
GCTGACAGCA__0.690921650566602__30	25	2	8	8	6	2	25	13
CATGACAGTC__0.690098096851633__42	18	18	8	8	6	2	11	8
TCTGACATAT__0.690068519222203__39	9	2	8	8	6	18	13	13
TTCGACAGGT__0.689839193819582__22	12	31	31	8	6	2	8	8
CCCGACAGCT__0.689809717074455__17	13	2	31	8	6	2	25	25
CATGACAACC__0.689613285863292__64	18	18	8	8	6	9	6	8
GCTGACAACA__0.688789863328882__32	25	2	8	8	6	9	6	6
CGTGACAGCG__0.6887107306295__22	8	17	8	8	6	2	25	25
TCTGACACGG__0.688090509912642__28	9	2	8	8	6	17	8	2
CTTGACAACG__0.687690168781056__38	6	9	8	8	6	9	6	8
ACTGACAAAA__0.687643877196402__27	11	2	8	8	6	9	36	36
AGTGACAGGA__0.687452595164034__33	11	17	8	8	6	2	8	5
GCTGACACCT__0.687384649554513__47	25	2	8	8	6	17	8	8
CCTGACAACG__0.687268109837766__25	8	2	8	8	6	9	6	8
CATGACAAAG__0.687214227965001__30	18	18	8	8	6	9	36	6
CATGACAATA__0.687052295465976__32	18	18	8	8	6	9	30	13
GTTGACATTG__0.686780353197786__31	6	9	8	8	6	18	30	9
TCTGACAAGG__0.686153051289724__30	9	2	8	8	6	9	6	8
CCTGACACTG__0.686125160356704__25	8	2	8	8	6	17	11	2
TCTGACATTC__0.686038956119114__29	9	2	8	8	6	18	30	12
CCTGACATGG__0.685462927767898__16	8	2	8	8	6	18	18	8
TGTGACAACA__0.685183744830194__32	6	17	8	8	6	9	6	6
CCTGACGTGC__0.684660908312294__15	8	2	8	8	8	8	17	13
CCTGACATAT__0.684630432406173__34	8	2	8	8	6	18	13	13
TGTGACATCT__0.684024001031263__30	6	17	8	8	6	18	7	9
TGTGACAGAT__0.683211583847116__39	6	17	8	8	6	2	9	7
TCTGACATTT__0.683161489010171__25	9	2	8	8	6	18	30	36
CATGACAGTG__0.682891463590007__37	18	18	8	8	6	2	11	17
ACTGACAGTG__0.682858361742283__22	11	2	8	8	6	2	11	17
GCTGACAGCG__0.682615580812097__23	25	2	8	8	6	2	25	25
CTTGACAATG__0.682508409016908__29	6	9	8	8	6	9	30	18
CCTGACATCA__0.68233998928684__33	8	2	8	8	6	18	7	8
CGTGACGGGT__0.681882235179373__13	8	17	8	8	8	2	13	8
GCTGACAAGT__0.681827776967628__33	25	2	8	8	6	9	6	11
GGTGACAAGT__0.681354959975255__40	8	17	8	8	6	9	6	11
AATGACATTC__0.681240911716426__29	30	18	8	8	6	18	30	12
ACTGACGTGT__0.681173931531565__17	11	2	8	8	8	8	17	6
CATGACAAGA__0.681051386951978__47	18	18	8	8	6	9	6	9
TTTGACACCT__0.68096314696199__49	36	9	8	8	6	17	8	8
CGTGACAACT__0.680924966356574__31	8	17	8	8	6	9	6	11
CGTGACAGAT__0.680901949176786__24	8	17	8	8	6	2	9	7
GATGACATCT__0.68079653014439__35	7	18	8	8	6	18	7	9
AATGACACCG__0.680577771431532__32	30	18	8	8	6	17	8	2
CCTGACACAC__0.680489705206635__61	8	2	8	8	6	17	6	17
CGTGACATCT__0.679950389986697__27	8	17	8	8	6	18	7	9
ATTGACGTGG__0.679815263538927__22	30	9	8	8	8	8	17	8
TGTGACAGTC__0.679767311123193__44	6	17	8	8	6	2	11	8
AATGACGGGT__0.679754413448151__13	30	18	8	8	8	2	13	8
TTTGACATAT__0.679652989929398__50	36	9	8	8	6	18	13	13
TTTGACGTGG__0.679644912560598__23	36	9	8	8	8	8	17	8
ACAGACAGCT__0.679582950930702__22	6	2	9	8	6	2	25	25
TGTGACAGCA__0.679268250406173__31	6	17	8	8	6	2	25	13
ATTGACACGA__0.679201226021173__33	30	9	8	8	6	17	8	31
ACTGACACCA__0.679074684549903__38	11	2	8	8	6	17	8	8
GCTGACAACT__0.678789674795371__32	25	2	8	8	6	9	6	11
ACTGACATCA__0.678701581896808__30	11	2	8	8	6	18	7	8
AATGACATCC__0.678674553185094__40	30	18	8	8	6	18	7	5
TGTGACATGG__0.678254164156004__29	6	17	8	8	6	18	18	8
ACAGACAGAT__0.678119145630265__18	6	2	9	8	6	2	9	7
CGTGACAGAC__0.67774493825917__27	8	17	8	8	6	2	9	8
CGTGACAATT__0.677539882977873__21	8	17	8	8	6	9	30	30
GGTGACAGCA__0.677095327086646__33	8	17	8	8	6	2	25	13
GTTGACACCT__0.676911077395212__54	6	9	8	8	6	17	8	8
TCTGACAAAC__0.676159430091879__26	9	2	8	8	6	9	36	6
TGTGACAATT__0.676078052802138__24	6	17	8	8	6	9	30	30
ACTGACAAAG__0.675849887652555__19	11	2	8	8	6	9	36	6
CGTGACATGG__0.675284460586013__23	8	17	8	8	6	18	18	8
TCTGACGGGT__0.675271400502977__14	9	2	8	8	8	2	13	8
GTTGACGTGG__0.675221120835616__20	6	9	8	8	8	8	17	8
AGTGACAGGG__0.675123867842345__30	11	17	8	8	6	2	8	13
CTTGACAATA__0.674856882973294__27	6	9	8	8	6	9	30	13
CTTGACAACC__0.674824048921703__52	6	9	8	8	6	9	6	8
TATGACAGCA__0.674197231574397__38	13	18	8	8	6	2	25	13
CATGACATTT__0.673847823582516__31	18	18	8	8	6	18	30	36
CGTGACACCT__0.673801044442872__41	8	17	8	8	6	17	8	8
GCTGACATCT__0.673696646429752__27	25	2	8	8	6	18	7	9
TATGACATTG__0.673674283421225__33	13	18	8	8	6	18	30	9
CCTGACATCC__0.673650513559472__34	8	2	8	8	6	18	7	5
TGTGACATTT__0.673625461726392__32	6	17	8	8	6	18	30	36
AATGACATCA__0.673571025332462__34	30	18	8	8	6	18	7	8
GATGACAGTT__0.673335777309432__40	7	18	8	8	6	2	11	6
ATTGACATGG__0.672891986886904__26	30	9	8	8	6	18	18	8
ATTGACAGTC__0.672594080094178__38	30	9	8	8	6	2	11	8
ATTGACATCA__0.672430893816884__35	30	9	8	8	6	18	7	8
GCTGACAGAA__0.672084771666119__34	25	2	8	8	6	2	9	12
CCTGACGGGT__0.671495109263132__9	8	2	8	8	8	2	13	8
AGTGACAAGT__0.670936203539663__41	11	17	8	8	6	9	6	11
ACTGACATAC__0.670694583233342__39	11	2	8	8	6	18	13	6
CGTGACAGTG__0.670377667626677__27	8	17	8	8	6	2	11	17
GATGACAACT__0.670127122345149__37	7	18	8	8	6	9	6	11
GTTGACATGC__0.670112117621904__45	6	9	8	8	6	18	18	13
CTTGACACGT__0.669977829045311__34	6	9	8	8	6	17	8	8
TCTGACAACC__0.669883497092858__42	9	2	8	8	6	9	6	8
CTTGACGTGT__0.669444907962095__15	6	9	8	8	8	8	17	6
CTAGACAGGT__0.669321784687144__19	18	18	9	8	6	2	8	8
CCTGACGTGA__0.66917139813579__15	8	2	8	8	8	8	17	8
GCTGACATTT__0.669069073575079__29	25	2	8	8	6	18	30	36
GTTGACAGGA__0.668960286481882__26	6	9	8	8	6	2	8	5
TTTGACAGTA__0.668814236709012__34	36	9	8	8	6	2	11	6
AATGACAAAG__0.668581435919082__21	30	18	8	8	6	9	36	6
AAAGACAGAT__0.668503073881349__17	36	6	9	8	6	2	9	7
CTTGACGTTT__0.668429131169206__19	6	9	8	8	8	8	6	36
AATGACATAC__0.668252979745393__45	30	18	8	8	6	18	13	6
TTAGACAGTT__0.668223228968454__18	20	18	9	8	6	2	11	6
TATGACAACT__0.667624942479303__40	13	18	8	8	6	9	6	11
CCTGACGTGT__0.667410232024072__12	8	2	8	8	8	8	17	6
CGTGACAGCA__0.6673353940769__23	8	17	8	8	6	2	25	13
CCTGACACGC__0.667186178198807__40	8	2	8	8	6	17	8	25
AGTGACAGTG__0.667112247649305__42	11	17	8	8	6	2	11	17
TTTGACAACA__0.666995855373827__30	36	9	8	8	6	9	6	6
GCTGACAATG__0.666757102400084__29	25	2	8	8	6	9	30	18
TATGACACAT__0.666487539393929__51	13	18	8	8	6	17	6	18
GGTGACATTT__0.666395369786072__32	8	17	8	8	6	18	30	36
ATTGACAAAT__0.665561811176144__29	30	9	8	8	6	9	36	30
AATGACACAC__0.665010917063497__59	30	18	8	8	6	17	6	17
TAAGACAGCT__0.66500519792116__22	20	6	9	8	6	2	25	25
CACGACAGAT__0.6647914827363__16	17	8	31	8	6	2	9	7
CCTGACACGA__0.664419111013216__22	8	2	8	8	6	17	8	31
AGTGACAGCG__0.664289291790077__27	11	17	8	8	6	2	25	25
TCTGACGTGT__0.664285339470142__18	9	2	8	8	8	8	17	6
TCTGACAGTC__0.664268526503633__25	9	2	8	8	6	2	11	8
CATGACACGA__0.664036648181839__31	18	18	8	8	6	17	8	31
TCTGACATCC__0.663878256912094__33	9	2	8	8	6	18	7	5
TCTGACACTG__0.663805759471702__25	9	2	8	8	6	17	11	2
GGTGACGGGT__0.663535990501125__19	8	17	8	8	8	2	13	8
TTTGACAACC__0.663305455773024__57	36	9	8	8	6	9	6	8
AGTGACATCT__0.663245342391332__33	11	17	8	8	6	18	7	9
ATAGACAGGT__0.66314061032066__25	13	18	9	8	6	2	8	8
ACTGACACAG__0.663138028388292__27	11	2	8	8	6	17	6	2
ACTGACACCG__0.663077910755072__24	11	2	8	8	6	17	8	2
CATGACAACG__0.662979201318462__37	18	18	8	8	6	9	6	8
TTTGACATCG__0.66291735968165__34	36	9	8	8	6	18	7	31
TTTGACATTT__0.662776076594086__31	36	9	8	8	6	18	30	36
TCTGACAGTA__0.662607304098407__21	9	2	8	8	6	2	11	6
TCTGACACTT__0.662265030592892__28	9	2	8	8	6	17	11	6
ACTGACACAC__0.662188314099107__49	11	2	8	8	6	17	6	17
CTTGACATGA__0.661985021731985__32	6	9	8	8	6	18	18	8
TTCGACAGAT__0.661921143675088__13	12	31	31	8	6	2	9	7
CTAGACAGCT__0.661707254446268__14	18	18	9	8	6	2	25	25
TGTGACATGC__0.661496113380305__29	6	17	8	8	6	18	18	13
CTTGACGTCT__0.661484548827929__18	6	9	8	8	8	8	8	9
TTTGATAGGT__0.660748988152351__21	36	9	8	7	13	18	8	8
CTTGACATTT__0.660693586377234__25	6	9	8	8	6	18	30	36
ATTGACAGAG__0.660576419309735__22	30	9	8	8	6	2	9	8
ACTGACACTC__0.660474306219283__30	11	2	8	8	6	17	11	8
CATGACAGAG__0.660407176891411__21	18	18	8	8	6	2	9	8
TCTGACGTGG__0.660406045730392__13	9	2	8	8	8	8	17	8
CTTGACAATT__0.659777155921254__18	6	9	8	8	6	9	30	30
CATGACACGC__0.659567266224161__52	18	18	8	8	6	17	8	25
TATGACAAGT__0.659523019290043__40	13	18	8	8	6	9	6	11
CTTGACATAT__0.659514465545722__38	6	9	8	8	6	18	13	13
AATGACGTCT__0.659392645590826__20	30	18	8	8	8	8	8	9
ATTGACACGG__0.659001551208564__28	30	9	8	8	6	17	8	2
GATGACAAGT__0.658802396563251__37	7	18	8	8	6	9	6	11
AATGACACAA__0.65847945701683__53	30	18	8	8	6	17	6	9
GGTGACATGG__0.658209344172874__27	8	17	8	8	6	18	18	8
CAAGACAGCG__0.658161591550304__15	9	6	9	8	6	2	25	25
AATGACGTGA__0.658083789000128__19	30	18	8	8	8	8	17	8
AATGACACCA__0.658017560620548__38	30	18	8	8	6	17	8	8
TGTGACACAT__0.657985562888182__35	6	17	8	8	6	17	6	18
CATGACACGG__0.657803881716411__29	18	18	8	8	6	17	8	2
AGTGACAGAT__0.657017294824661__34	11	17	8	8	6	2	9	7
GCTGACAACC__0.656960855130304__49	25	2	8	8	6	9	6	8
GTTGACACGT__0.656920210157092__42	6	9	8	8	6	17	8	8
CATGACATGG__0.656809507651592__23	18	18	8	8	6	18	18	8
TCTGACACCG__0.65658023121332__25	9	2	8	8	6	17	8	2
TTTGACAATG__0.656512513105379__31	36	9	8	8	6	9	30	18
GATGACATTG__0.656512318652635__27	7	18	8	8	6	18	30	9
CCTGACATTA__0.655978891949274__16	8	2	8	8	6	18	30	20
ACTGACACTG__0.6558699252638__21	11	2	8	8	6	17	11	2
TTTGACATGA__0.655838288710475__36	36	9	8	8	6	18	18	8
GTTGACAACA__0.655803104841143__31	6	9	8	8	6	9	6	6
CATGACAATG__0.655547966371759__28	18	18	8	8	6	9	30	18
ATTGACGTGA__0.655065589544372__25	30	9	8	8	8	8	17	8
GCTGACATTG__0.655050145605931__20	25	2	8	8	6	18	30	9
GCTGACAATT__0.654988349828695__19	25	2	8	8	6	9	30	30
CATGACATGA__0.654393232046025__33	18	18	8	8	6	18	18	8
GCTGACAGTC__0.654146976967294__30	25	2	8	8	6	2	11	8
GATGACACAT__0.654083231955494__41	7	18	8	8	6	17	6	18
AGTGACGTGT__0.653968580246232__24	11	17	8	8	8	8	17	6
TTTGACGCGT__0.653845856036483__18	36	9	8	8	8	25	25	8
GATGACAGGG__0.65373416320546__26	7	18	8	8	6	2	8	13
CTTGACATCC__0.653569719881897__38	6	9	8	8	6	18	7	5
ATTGACAATA__0.653286017845376__24	30	9	8	8	6	9	30	13
GTTGACAATT__0.652821868077038__23	6	9	8	8	6	9	30	30
GTTGACATGG__0.652511140391567__26	6	9	8	8	6	18	18	8
TCTGACAGAG__0.652504913121577__14	9	2	8	8	6	2	9	8
AAAGACAGTT__0.652501844243758__14	36	6	9	8	6	2	11	6
GCTGACAAGA__0.652023458444569__37	25	2	8	8	6	9	6	9
TCAGACAGCT__0.651844450083607__20	8	2	9	8	6	2	25	25
CATGACACTG__0.651588183347624__30	18	18	8	8	6	17	11	2
CTTGACATCA__0.651582485596438__33	6	9	8	8	6	18	7	8
CATGACAAAC__0.651222882877947__27	18	18	8	8	6	9	36	6
AACGACAGCT__0.651086249406108__14	6	8	31	8	6	2	25	25
TCTGACAACG__0.651029297740263__25	9	2	8	8	6	9	6	8
CCTGACACCA__0.650993185982514__31	8	2	8	8	6	17	8	8
TATGACACGG__0.650603500527324__36	13	18	8	8	6	17	8	2
TTCGACAGTT__0.650174428797809__11	12	31	31	8	6	2	11	6
TGCGACAGCT__0.650131269103657__14	13	25	31	8	6	2	25	25
CTTGACGTGA__0.64955591271572__16	6	9	8	8	8	8	17	8
ACTGACATAA__0.649531505567103__31	11	2	8	8	6	18	13	20
TGTGACAGGA__0.649179355311911__21	6	17	8	8	6	2	8	5
GGTGACAGAC__0.64876970667697__31	8	17	8	8	6	2	9	8
ATGGACAGCT__0.648677034397331__22	18	8	5	8	6	2	25	25
CATGACATAT__0.648670979304484__37	18	18	8	8	6	18	13	13
GTTGACGTAT__0.648501898073939__18	6	9	8	8	8	8	6	13
ACTGACATAT__0.648446291763116__26	11	2	8	8	6	18	13	13
GATGACAACA__0.648313201266784__29	7	18	8	8	6	9	6	6
GATGACAAGC__0.648285321019471__40	7	18	8	8	6	9	6	25
TCTGACACCC__0.648151913028967__40	9	2	8	8	6	17	8	13
ATTGACAACG__0.647880819418207__33	30	9	8	8	6	9	6	8
CTTGACGTCA__0.64760439743535__14	6	9	8	8	8	8	8	8
CATGACACCG__0.647426141303661__30	18	18	8	8	6	17	8	2
CATGACATCC__0.647335759962926__37	18	18	8	8	6	18	7	5
GGTGACATAT__0.647157313307522__36	8	17	8	8	6	18	13	13
TATGACATTT__0.647110505145798__34	13	18	8	8	6	18	30	36
GATGACACCT__0.647101458382011__42	7	18	8	8	6	17	8	8
GTTGACAAGG__0.647065301460235__35	6	9	8	8	6	9	6	8
CATGACAAAT__0.646923216822593__26	18	18	8	8	6	9	36	30
ATTGACAGAA__0.646863604730653__31	30	9	8	8	6	2	9	12
CGTGACACAT__0.64678790110034__34	8	17	8	8	6	17	6	18
GTTGACAACT__0.646369137874175__31	6	9	8	8	6	9	6	11
AACGACAGAC__0.646149014201756__17	6	8	31	8	6	2	9	8
ATTGACATGA__0.646110268173846__30	30	9	8	8	6	18	18	8
ATTGACAACC__0.646087829197347__45	30	9	8	8	6	9	6	8
GCTGACAGTG__0.646008400253381__26	25	2	8	8	6	2	11	17
AATGACGTGT__0.645990350644286__14	30	18	8	8	8	8	17	6
ATTGACAAGA__0.645952910449121__35	30	9	8	8	6	9	6	9
TATGACAAGC__0.645621123050637__43	13	18	8	8	6	9	6	25
TTTGACAGAG__0.645425075082125__21	36	9	8	8	6	2	9	8
CCTGACACTC__0.645270535944371__26	8	2	8	8	6	17	11	8
ATTGACAATG__0.645214654855092__26	30	9	8	8	6	9	30	18
TTTGACGTCT__0.645147130505635__25	36	9	8	8	8	8	8	9
AAAGACAGAC__0.645046356745524__18	36	6	9	8	6	2	9	8
GATGACAATG__0.644934328359083__33	7	18	8	8	6	9	30	18
ACTGACGTGA__0.644915190757061__16	11	2	8	8	8	8	17	8
CTTGACAGTC__0.644773196513139__24	6	9	8	8	6	2	11	8
AGTGACATTT__0.644413824166719__32	11	17	8	8	6	18	30	36
CGTGACAACG__0.644409420683754__28	8	17	8	8	6	9	6	8
TATGACAACA__0.644228436627838__31	13	18	8	8	6	9	6	6
TCTGACACGC__0.64407843556611__36	9	2	8	8	6	17	8	25
AAAGACAGGT__0.64401232466585__18	36	6	9	8	6	2	8	8
ATTGACATAT__0.643969633851579__34	30	9	8	8	6	18	13	13
GCTGACAAAC__0.64388572832386__26	25	2	8	8	6	9	36	6
CCTGACATAA__0.643877408915929__30	8	2	8	8	6	18	13	20
TATGACAGAA__0.64322926699542__41	13	18	8	8	6	2	9	12
CATGACATTA__0.642983831523851__23	18	18	8	8	6	18	30	20
ATTGACATTC__0.642947602809622__27	30	9	8	8	6	18	30	12
GGTGACAGAT__0.642317234484685__33	8	17	8	8	6	2	9	7
GGTGACAACT__0.64214899135116__26	8	17	8	8	6	9	6	11
GTTGACGTCT__0.641850721737011__23	6	9	8	8	8	8	8	9
CTTGACAGAG__0.641708112116393__14	6	9	8	8	6	2	9	8
CCTGACATCG__0.641632828359609__21	8	2	8	8	6	18	7	31
GTTGACAGTC__0.641617526404684__33	6	9	8	8	6	2	11	8
CATGACACCC__0.641476979980721__49	18	18	8	8	6	17	8	13
TATGACAATA__0.641454477021322__30	13	18	8	8	6	9	30	13
CTTGACGTGC__0.641238280277458__14	6	9	8	8	8	8	17	13
CATGACAAAA__0.641212497031581__27	18	18	8	8	6	9	36	36
CATGACATCA__0.640859289712549__30	18	18	8	8	6	18	7	8
ACTGACGGGT__0.640705643414657__9	11	2	8	8	8	2	13	8
ATTGACACCG__0.640683411359801__27	30	9	8	8	6	17	8	2
CCCGACAGAT__0.640606408119542__9	13	2	31	8	6	2	9	7
CATGACGGGT__0.640518019125389__14	18	18	8	8	8	2	13	8
GCTGACATGA__0.640304378462376__29	25	2	8	8	6	18	18	8
GATGACATGC__0.640176135147654__30	7	18	8	8	6	18	18	13
TCTGACATTA__0.640101037087635__17	9	2	8	8	6	18	30	20
GCTGACAAGC__0.639705559949715__30	25	2	8	8	6	9	6	25
GCTGACAATA__0.639652338239629__22	25	2	8	8	6	9	30	13
GGTGACACAT__0.639634669489161__30	8	17	8	8	6	17	6	18
CAAGACAGCT__0.639129688823354__13	9	6	9	8	6	2	25	25
GATGACAGTC__0.639121657947493__38	7	18	8	8	6	2	11	8
TGTGACACTT__0.638953788728902__33	6	17	8	8	6	17	11	6
CGTGACAACA__0.638830415170843__21	8	17	8	8	6	9	6	6
TTTGACGTTG__0.638543610837123__20	36	9	8	8	8	8	6	9
ATTGACGGGG__0.638518710258143__13	30	9	8	8	8	2	13	13
TTTGACAAGC__0.638488407288483__33	36	9	8	8	6	9	6	25
GGTGACATCT__0.638189641209998__22	8	17	8	8	6	18	7	9
TGTGACGTGG__0.638079076755486__17	6	17	8	8	8	8	17	8
TTTGACAAAT__0.637242293118475__26	36	9	8	8	6	9	36	30
ATTGACGTTT__0.636499377636623__22	30	9	8	8	8	8	6	36
CAAGACAGAT__0.636222650915077__12	9	6	9	8	6	2	9	7
CTTGACACGG__0.636076322052195__23	6	9	8	8	6	17	8	2
TCCGACAGCT__0.635921655913083__13	5	2	31	8	6	2	25	25
TGTGACAATG__0.635875361248334__26	6	17	8	8	6	9	30	18
GCTGACATCC__0.635716418823322__34	25	2	8	8	6	18	7	5
CTTGACGGGG__0.635676967598326__9	6	9	8	8	8	2	13	13
TCTGACATCA__0.635641005830487__23	9	2	8	8	6	18	7	8
GGTGACATTG__0.635500020314376__21	8	17	8	8	6	18	30	9
GTTGACGGGC__0.635466827165197__15	6	9	8	8	8	2	13	45
GATGACATAT__0.635384493275053__39	7	18	8	8	6	18	13	13
CTAGACAGAC__0.635244885375226__14	18	18	9	8	6	2	9	8
CACGACATGT__0.635239897825289__15	17	8	31	8	6	18	18	6
CTCGACAGAT__0.63498758789467__10	8	31	31	8	6	2	9	7
CATGACATTC__0.634976698948076__26	18	18	8	8	6	18	30	12
GATGACAAGG__0.634909594964286__39	7	18	8	8	6	9	6	8
AGTGACATTG__0.634611149732415__23	11	17	8	8	6	18	30	9
TTTGACATCA__0.634570145669752__30	36	9	8	8	6	18	7	8
AGTGACAACA__0.634340465892156__28	11	17	8	8	6	9	6	6
TGTGACACGT__0.634233895552649__32	6	17	8	8	6	17	8	8
CTTGACAAGA__0.634023321026837__30	6	9	8	8	6	9	6	9
CTTGACAAGG__0.633800917723938__22	6	9	8	8	6	9	6	8
AATGACAAAA__0.633758617249264__21	30	18	8	8	6	9	36	36
GATGACATTT__0.63343116835873__28	7	18	8	8	6	18	30	36
CATGACACTT__0.63334860115154__30	18	18	8	8	6	17	11	6
ACTGACGGGG__0.633338990541097__10	11	2	8	8	8	2	13	13
CTTGACGGTT__0.63311913794994__12	6	9	8	8	8	2	8	6
AATGACATCG__0.632848609842342__22	30	18	8	8	6	18	7	31
GCTGACAACG__0.632824291897838__28	25	2	8	8	6	9	6	8
TTTGACGTGC__0.632786080713206__21	36	9	8	8	8	8	17	13
TTTGACATTA__0.632690311443815__23	36	9	8	8	6	18	30	20
AATGACACAG__0.632555092166822__25	30	18	8	8	6	17	6	2
TGTGACATGA__0.632456988970398__28	6	17	8	8	6	18	18	8
TATGACAGTC__0.632432843370334__38	13	18	8	8	6	2	11	8
CTTGACATTC__0.632430226044154__23	6	9	8	8	6	18	30	12
CATGACACAC__0.632025126973346__51	18	18	8	8	6	17	6	17
CCTGACACCG__0.631943123670174__19	8	2	8	8	6	17	8	2
TCTGACATCG__0.631941660139024__20	9	2	8	8	6	18	7	31
TTCGACATGT__0.631688839539395__12	12	31	31	8	6	18	18	6
CTGGACAGCT__0.631323062063042__16	2	8	5	8	6	2	25	25
TGTGACACCT__0.631282490989397__31	6	17	8	8	6	17	8	8
GCTGACATGG__0.631251044967141__18	25	2	8	8	6	18	18	8
CGTGACAATG__0.631213518864876__20	8	17	8	8	6	9	30	18
CTCGACAGTT__0.63121043454315__9	8	31	31	8	6	2	11	6
GCTGACATAT__0.631098760672603__32	25	2	8	8	6	18	13	13
CCTGACATTC__0.630711705638254__16	8	2	8	8	6	18	30	12
GGTGACAGTG__0.630667141637967__32	8	17	8	8	6	2	11	17
CCAGACAGAT__0.630659889665273__11	8	2	9	8	6	2	9	7
TATGACAGTG__0.630602198792607__35	13	18	8	8	6	2	11	17
CCTGACATAG__0.630362633186465__18	8	2	8	8	6	18	13	18
ATTGACACTT__0.630158657664587__29	30	9	8	8	6	17	11	6
CCTGACATAC__0.630113819054054__30	8	2	8	8	6	18	13	6
ATTGACACGC__0.629859208792027__39	30	9	8	8	6	17	8	25
TTTGACACGC__0.629858547585085__44	36	9	8	8	6	17	8	25
TGTGACATAT__0.629506087564222__31	6	17	8	8	6	18	13	13
AGTGACAACT__0.629388077289635__29	11	17	8	8	6	9	6	11
CTAGACAGCA__0.629234093855922__13	18	18	9	8	6	2	25	13
TTTGACGCAT__0.628889170283092__15	36	9	8	8	8	25	13	18
CATGACATAA__0.628802552131819__37	18	18	8	8	6	18	13	20
GGTGACACGT__0.628796348182633__33	8	17	8	8	6	17	8	8
ATTGACACCC__0.62831373518813__42	30	9	8	8	6	17	8	13
TTTGACAATA__0.628087244991553__22	36	9	8	8	6	9	30	13
GGTGACAGTC__0.627883922948336__33	8	17	8	8	6	2	11	8
GCTGACAGAG__0.627838933874307__15	25	2	8	8	6	2	9	8
CTTGACGTGG__0.627824831713765__9	6	9	8	8	8	8	17	8
CATGACAATC__0.627455352038366__32	18	18	8	8	6	9	30	7
CGTGACATGA__0.627181495478838__25	8	17	8	8	6	18	18	8
ATTGACACCA__0.626884570545484__34	30	9	8	8	6	17	8	8
AGTGACACCT__0.626790217995202__39	11	17	8	8	6	17	8	8
CTTGATAGCT__0.62660564989339__12	6	9	8	7	13	18	25	25
CTTGACACGA__0.626509055306159__22	6	9	8	8	6	17	8	31
CCTGATAGGT__0.62626537009091__9	8	2	8	7	13	18	8	8
CGTGACAAGG__0.626183041685047__21	8	17	8	8	6	9	6	8
CATGACGGGG__0.625903358222188__14	18	18	8	8	8	2	13	13
TGTGACAAGG__0.625887753208716__31	6	17	8	8	6	9	6	8
AATGACGTCC__0.625817755668002__16	30	18	8	8	8	8	8	5
GATGACAGTG__0.625297353725818__32	7	18	8	8	6	2	11	17
GTTGACATTA__0.625213838360272__24	6	9	8	8	6	18	30	20
TTTGACATTC__0.624967501182924__26	36	9	8	8	6	18	30	12
ATTGACATCC__0.624882781030052__29	30	9	8	8	6	18	7	5
ATTGACGGGC__0.624812195440239__13	30	9	8	8	8	2	13	45
CAGGACAGCT__0.624443134162012__13	2	8	5	8	6	2	25	25
CAAGACATCA__0.624299607160852__22	9	6	9	8	6	18	7	8
ATTGATAGGT__0.624195214024984__13	30	9	8	7	13	18	8	8
GGTGACAAGC__0.624126524947216__29	8	17	8	8	6	9	6	25
CAAGACAGCA__0.624076142875762__14	9	6	9	8	6	2	25	13
AATGACACTA__0.623906363910661__32	30	18	8	8	6	17	11	18
TCTGACGTGC__0.623863043082772__15	9	2	8	8	8	8	17	13
AGTGACACAT__0.623766828603008__37	11	17	8	8	6	17	6	18
GATGACGTGT__0.623762595111145__23	7	18	8	8	8	8	17	6
GGTGACAATT__0.623616867462752__17	8	17	8	8	6	9	30	30
CGAGACAGCT__0.623498464131887__13	31	8	9	8	6	2	25	25
TCTGACAGAA__0.623301340249303__18	9	2	8	8	6	2	9	12
ATAGACAGCA__0.622645835233061__17	13	18	9	8	6	2	25	13
TCTGACAAAG__0.622484034089835__14	9	2	8	8	6	9	36	6
CTTGACACCC__0.622386600619723__40	6	9	8	8	6	17	8	13
TATGACATGG__0.622323316857528__24	13	18	8	8	6	18	18	8
AATGACACTC__0.622311415292517__26	30	18	8	8	6	17	11	8
GGTGACATGC__0.621895943726355__20	8	17	8	8	6	18	18	13
GTTGACAATG__0.621782394657645__25	6	9	8	8	6	9	30	18
ATTGACATTA__0.621622096240795__19	30	9	8	8	6	18	30	20
AAAGACAGGC__0.621603020539493__17	36	6	9	8	6	2	8	45
TATGACAAAG__0.621587287515481__24	13	18	8	8	6	9	36	6
TATGACATGC__0.621357208007571__30	13	18	8	8	6	18	18	13
TATGACAGAG__0.621343617951031__22	13	18	8	8	6	2	9	8
ACTGACATTA__0.621307628318151__13	11	2	8	8	6	18	30	20
AATGACGTGC__0.621256335755086__13	30	18	8	8	8	8	17	13
CTTGATAGGT__0.621185888882922__11	6	9	8	7	13	18	8	8
AAAGACAGCA__0.621143140290793__14	36	6	9	8	6	2	25	13
TGTGACAGAG__0.621014311487428__18	6	17	8	8	6	2	9	8
CCTGACACGG__0.620839136096083__15	8	2	8	8	6	17	8	2
ACAGACAGGT__0.620811671013817__18	6	2	9	8	6	2	8	8
GATGACAATA__0.620726580712648__23	7	18	8	8	6	9	30	13
GTTGACACTT__0.620449976207587__32	6	9	8	8	6	17	11	6
GCTGACATCA__0.620340535512177__26	25	2	8	8	6	18	7	8
CATGACACCA__0.620230058316029__34	18	18	8	8	6	17	8	8
GCTGACACTT__0.620219392989383__26	25	2	8	8	6	17	11	6
TCTGACGTAT__0.620215539599133__14	9	2	8	8	8	8	6	13
CGTGACAGTA__0.619737552591425__17	8	17	8	8	6	2	11	6
TCTGACACGA__0.619640923452732__17	9	2	8	8	6	17	8	31
CTCGACAGCT__0.619385480308439__9	8	31	31	8	6	2	25	25
CTTGACGTAT__0.619144775854634__10	6	9	8	8	8	8	6	13
TCTGACATAC__0.618853009640471__28	9	2	8	8	6	18	13	6
CTTGACACTG__0.618647367485148__21	6	9	8	8	6	17	11	2
TTTGACACTG__0.618511216857564__25	36	9	8	8	6	17	11	2
GATGACAACC__0.618328675391356__45	7	18	8	8	6	9	6	8
AACGACAGTC__0.618142067999499__15	6	8	31	8	6	2	11	8
CTTGACAAAC__0.617982474959719__21	6	9	8	8	6	9	36	6
GTTGACACAT__0.617883880691881__34	6	9	8	8	6	17	6	18
ATTGACGTCT__0.617797646310066__19	30	9	8	8	8	8	8	9
GCTGACAAGG__0.617508868366415__23	25	2	8	8	6	9	6	8
TTTGACGTTT__0.617229581076692__20	36	9	8	8	8	8	6	36
CGTGACACGT__0.617126027879937__23	8	17	8	8	6	17	8	8
TGTGACATTC__0.617123416598636__23	6	17	8	8	6	18	30	12
TTAGACAGAT__0.617046326284906__13	20	18	9	8	6	2	9	7
ATGGACAGGT__0.616954720402665__23	18	8	5	8	6	2	8	8
TTCGACATCT__0.616850687425983__11	12	31	31	8	6	18	7	9
CTTGACAGAA__0.61674360911184__19	6	9	8	8	6	2	9	12
TTTGACACCC__0.616655178659167__43	36	9	8	8	6	17	8	13
ATTGACACAC__0.61663299404644__41	30	9	8	8	6	17	6	17
GTTGACAGTA__0.616581476867596__23	6	9	8	8	6	2	11	6
TGTGACAGTA__0.616449920396024__23	6	17	8	8	6	2	11	6
AATGACGTAT__0.616315125581406__13	30	18	8	8	8	8	6	13
TTTGACGGGA__0.616273550892235__14	36	9	8	8	8	2	13	5
ATTGACGGGA__0.616260595799952__13	30	9	8	8	8	2	13	5
TTTGACACCG__0.616124506306127__25	36	9	8	8	6	17	8	2
GTTGACGTTG__0.616077596041925__17	6	9	8	8	8	8	6	9
TGTGACACTG__0.616026590182388__23	6	17	8	8	6	17	11	2
GCTGACGTGT__0.615943710854026__16	25	2	8	8	8	8	17	6
CTTGACATCG__0.615765255426453__22	6	9	8	8	6	18	7	31
TCTGACACAC__0.615750459361141__36	9	2	8	8	6	17	6	17
ATAGACAGTT__0.615641437222605__11	13	18	9	8	6	2	11	6
GAAGACAGGT__0.61548500194472__18	12	6	9	8	6	2	8	8
GCTGACACTG__0.615317340141328__22	25	2	8	8	6	17	11	2
CGTGACAAAT__0.615261896087465__19	8	17	8	8	6	9	36	30
CTTGACGTCC__0.615232915736243__12	6	9	8	8	8	8	8	5
AGCGACAGGT__0.615230405375359__11	25	25	31	8	6	2	8	8
ACAGACAGCA__0.614988342061484__16	6	2	9	8	6	2	25	13
GATGACATGG__0.614760249284054__21	7	18	8	8	6	18	18	8
TATGACACCT__0.614644088523657__36	13	18	8	8	6	17	8	8
ATTGACACAG__0.614388163978287__24	30	9	8	8	6	17	6	2
TTTGACATAC__0.61429165763324__36	36	9	8	8	6	18	13	6
CTTGACACGC__0.614160402993783__35	6	9	8	8	6	17	8	25
GCTGACATGC__0.61376802577832__23	25	2	8	8	6	18	18	13
GTTGACGGGG__0.613624592005218__11	6	9	8	8	8	2	13	13
GTTGACATGA__0.613527693687302__29	6	9	8	8	6	18	18	8
TCTGACATAG__0.61350262296976__17	9	2	8	8	6	18	13	18
TCTGACACCA__0.613413169719692__25	9	2	8	8	6	17	8	8
ACTGACATCG__0.613223733366855__16	11	2	8	8	6	18	7	31
GATGACACGT__0.613066158553424__32	7	18	8	8	6	17	8	8
GATGACACGG__0.613063810925976__24	7	18	8	8	6	17	8	2
CGTGACATAT__0.612899266968165__27	8	17	8	8	6	18	13	13
TATGACAAGG__0.612551576985871__34	13	18	8	8	6	9	6	8
ATTGACGTTG__0.612273637455263__15	30	9	8	8	8	8	6	9
GCTGACAATC__0.612182474611817__27	25	2	8	8	6	9	30	7
TATGACAACC__0.612120594214459__47	13	18	8	8	6	9	6	8
AATGACATAG__0.612035018629249__18	30	18	8	8	6	18	13	18
TTGGACAGGT__0.611735779072014__28	9	8	5	8	6	2	8	8
GTAGACAGCA__0.611643564311335__19	6	18	9	8	6	2	25	13
AGTGACAATT__0.611624400219894__18	11	17	8	8	6	9	30	30
TCTGACATAA__0.611290198842989__25	9	2	8	8	6	18	13	20
CTCGACAGGT__0.611138689087699__11	8	31	31	8	6	2	8	8
CTTGACATAC__0.611122162915421__33	6	9	8	8	6	18	13	6
ACAGACAGAC__0.611100114509613__16	6	2	9	8	6	2	9	8
CTTGACATTA__0.610982477346205__16	6	9	8	8	6	18	30	20
CAGGACAGAT__0.610973832080182__13	2	8	5	8	6	2	9	7
ACCGACAGAC__0.610840140943159__12	8	2	31	8	6	2	9	8
ACTGACACAA__0.610833212224988__31	11	2	8	8	6	17	6	9
GTTGACATCG__0.610541346551601__27	6	9	8	8	6	18	7	31
GCTGACAAAT__0.609957695559306__19	25	2	8	8	6	9	36	30
ATAGACAGAC__0.609940954342074__16	13	18	9	8	6	2	9	8
ATTGATAGGC__0.609859883091878__13	30	9	8	7	13	18	8	45
TGTGACGGGT__0.609857466533104__11	6	17	8	8	8	2	13	8
TTTGACATCC__0.609369276782668__29	36	9	8	8	6	18	7	5
GGAGACAGGA__0.608597461828486__11	5	8	9	8	6	2	8	5
AGTGACAAGC__0.608593880052381__31	11	17	8	8	6	9	6	25
CTTGACACCG__0.608559587372404__21	6	9	8	8	6	17	8	2
TCTGACACTC__0.607939198431526__22	9	2	8	8	6	17	11	8
TCTGACAAAA__0.607831445661341__16	9	2	8	8	6	9	36	36
AGTGACATGC__0.607759281281285__28	11	17	8	8	6	18	18	13
CACGACAGCT__0.607713971724967__11	17	8	31	8	6	2	25	25
TGTGACAAAT__0.607126796614017__19	6	17	8	8	6	9	36	30
GTTGACGTGA__0.607061112582924__17	6	9	8	8	8	8	17	8
CTAGACAGTC__0.607014156583162__12	18	18	9	8	6	2	11	8
GTTGACGGGA__0.606787456811198__13	6	9	8	8	8	2	13	5
TATGACGTGT__0.606603414060689__21	13	18	8	8	8	8	17	6
TTTGACGTGA__0.606482135199915__18	36	9	8	8	8	8	17	8
ATCGACAGAC__0.606438581706029__14	7	31	31	8	6	2	9	8
ATTGACGTAT__0.606387479246728__12	30	9	8	8	8	8	6	13
TTTGACGGGC__0.606345188758281__12	36	9	8	8	8	2	13	45
TCTGACAAGA__0.60622486028024__20	9	2	8	8	6	9	6	9
CGTGACATTC__0.605991744217649__19	8	17	8	8	6	18	30	12
TGTGACGTGT__0.605820859787024__15	6	17	8	8	8	8	17	6
GTTGACATCA__0.60550011215771__29	6	9	8	8	6	18	7	8
CGTGACGTGT__0.605489889632724__10	8	17	8	8	8	8	17	6
ATTGACATCG__0.605476500080932__19	30	9	8	8	6	18	7	31
GCTGACGTGG__0.605424234184764__11	25	2	8	8	8	8	17	8
TCTGACGTGA__0.605283517114276__14	9	2	8	8	8	8	17	8
CGTGACATAA__0.605150219187179__30	8	17	8	8	6	18	13	20
CCTGACGTAT__0.604916950311046__10	8	2	8	8	8	8	6	13
GTTGATAGGT__0.60450478903567__19	6	9	8	7	13	18	8	8
GTAGACAGCC__0.604430273431361__25	6	18	9	8	6	2	25	45
ACAGACAACA__0.604167826271595__18	6	2	9	8	6	9	6	6
GTTGACATCC__0.604161443883895__33	6	9	8	8	6	18	7	5
GTTGACATAT__0.604063524321192__32	6	9	8	8	6	18	13	13
CGTGACAATC__0.603879370409574__23	8	17	8	8	6	9	30	7
ATTGACATAC__0.603783672991012__29	30	9	8	8	6	18	13	6
GTTGACAACG__0.603312659642331__27	6	9	8	8	6	9	6	8
GTTGACAGAA__0.603283044736627__24	6	9	8	8	6	2	9	12
TATGACAAGA__0.603134715226562__34	13	18	8	8	6	9	6	9
ACTGACGTTT__0.602938819623134__12	11	2	8	8	8	8	6	36
CATGACATAG__0.602727280267878__20	18	18	8	8	6	18	13	18
TTTGATACTT__0.602661813153043__9	36	9	8	7	13	6	11	6
TCAGACAGAC__0.602211702752997__18	8	2	9	8	6	2	9	8
GTTGACATTC__0.602134655414791__24	6	9	8	8	6	18	30	12
ATAGACAGGG__0.602102346645111__11	13	18	9	8	6	2	8	13
GGTGACGTGG__0.602042666654801__15	8	17	8	8	8	8	17	8
GATGACATCA__0.601943441090698__24	7	18	8	8	6	18	7	8
CGTGACAACC__0.601795066857113__30	8	17	8	8	6	9	6	8
AGTGACATAT__0.601722341557725__33	11	17	8	8	6	18	13	13
CATGACACAG__0.601627081727203__23	18	18	8	8	6	17	6	2
CCTGACACAA__0.601589128235477__30	8	2	8	8	6	17	6	9
TGTGACATCC__0.6014862468606__24	6	17	8	8	6	18	7	5
CCTGACACAG__0.601452990234135__17	8	2	8	8	6	17	6	2
GATGACATGA__0.601347147321647__26	7	18	8	8	6	18	18	8
ATTGACGACT__0.601316093871601__12	30	9	8	8	8	31	8	11
TACGACAGCT__0.601220806562804__12	6	8	31	8	6	2	25	25
TCTGACGTCT__0.601019689884679__14	9	2	8	8	8	8	8	9
CCAGACAACA__0.600970566852185__16	8	2	9	8	6	9	6	6
TTTGACATAG__0.60081791877613__21	36	9	8	8	6	18	13	18
GATGACATCG__0.60068754279991__22	7	18	8	8	6	18	7	31
CATGACACTC__0.600544412219556__27	18	18	8	8	6	17	11	8
GCTGACAAAG__0.60031211234757__15	25	2	8	8	6	9	36	6
TCTGACGTTT__0.600268970790196__14	9	2	8	8	8	8	6	36
CTTGACACTT__0.600100136584457__20	6	9	8	8	6	17	11	6
TCAGACAGAT__0.60007759394039__15	8	2	9	8	6	2	9	7
CGTGACAGTC__0.599870252361303__17	8	17	8	8	6	2	11	8
CTTGACACAG__0.599868698223404__22	6	9	8	8	6	17	6	2
GCTGACGTGC__0.599825443028059__16	25	2	8	8	8	8	17	13
AACGACATGT__0.599774065135546__10	6	8	31	8	6	18	18	6
GATGACAAGA__0.599759964261763__30	7	18	8	8	6	9	6	9
AGTGACAATA__0.599695550915941__21	11	17	8	8	6	9	30	13
TGTGACAACG__0.599607311109655__24	6	17	8	8	6	9	6	8
GGTGACAACA__0.599541204690895__17	8	17	8	8	6	9	6	6
AGTGACAAAT__0.599489588140689__23	11	17	8	8	6	9	36	30
GCTGACATTC__0.599449797475929__19	25	2	8	8	6	18	30	12
CGTGACATGC__0.599401463514122__21	8	17	8	8	6	18	18	13
AACGACAGGT__0.599396114149153__12	6	8	31	8	6	2	8	8
GCTGACGGGT__0.599386731535298__10	25	2	8	8	8	2	13	8
AGTGACAACC__0.599267846913868__41	11	17	8	8	6	9	6	8
CAAGACAGAC__0.599126361039154__12	9	6	9	8	6	2	9	8
GATGACACGC__0.599082976300867__37	7	18	8	8	6	17	8	25
GATGACAAAG__0.598875732823589__18	7	18	8	8	6	9	36	6
ATCGACAGGT__0.59882632673028__13	7	31	31	8	6	2	8	8
AGTGACGGGT__0.598627927120529__11	11	17	8	8	8	2	13	8
GGTGACAGAG__0.598542450586612__17	8	17	8	8	6	2	9	8
GTTGACAACC__0.598493569442721__38	6	9	8	8	6	9	6	8
TATGACATGA__0.598456404455523__28	13	18	8	8	6	18	18	8
TTTGACGGGG__0.598130159659706__10	36	9	8	8	8	2	13	13
CCAGACATGT__0.598016156350245__12	8	2	9	8	6	18	18	6
GATGACAACG__0.597839664836068__28	7	18	8	8	6	9	6	8
AGTGACAAAC__0.597698986811849__23	11	17	8	8	6	9	36	6
ATTGACTTGA__0.597135605386096__18	30	9	8	8	11	6	9	8
GCTGACACCA__0.597088466466696__28	25	2	8	8	6	17	8	8
GCTGACACCC__0.596997696252927__34	25	2	8	8	6	17	8	13
TTTGACAACG__0.596896404016834__24	36	9	8	8	6	9	6	8
CGTGACGTCA__0.596747830811445__12	8	17	8	8	8	8	8	8
GTTGACAGAG__0.596718530806366__14	6	9	8	8	6	2	9	8
TTTGACACAC__0.59663829884441__40	36	9	8	8	6	17	6	17
GGTGACACCT__0.596611141089454__24	8	17	8	8	6	17	8	8
ATTGACAAAC__0.59660972445569__16	30	9	8	8	6	9	36	6
ATTGACGGCT__0.596569255993819__15	30	9	8	8	8	2	45	25
CGTGACGTTT__0.596371485840939__12	8	17	8	8	8	8	6	36
CGTGACAAGC__0.596265542402026__20	8	17	8	8	6	9	6	25
TATGACACTT__0.596107137047996__30	13	18	8	8	6	17	11	6
TATGACAGTA__0.595719158052782__24	13	18	8	8	6	2	11	6
CTTGACACTC__0.595634042813562__24	6	9	8	8	6	17	11	8
ATAGACAGGA__0.595532812046263__11	13	18	9	8	6	2	8	5
GCTGACATCG__0.595473548140539__19	25	2	8	8	6	18	7	31
CTCGACAGCA__0.595441025670951__9	8	31	31	8	6	2	25	13
CGAGACAGAT__0.595394563261478__9	31	8	9	8	6	2	9	7
CTTGACATAG__0.595383283523506__18	6	9	8	8	6	18	13	18
TTTGATATGT__0.594785830894452__13	36	9	8	7	13	13	18	6
CATGACATAC__0.594749760571107__29	18	18	8	8	6	18	13	6
TCTGACAAAT__0.59444854386154__13	9	2	8	8	6	9	36	30
GGTGACAAGG__0.593808813454287__27	8	17	8	8	6	9	6	8
TGTGACAGTG__0.593451664625404__21	6	17	8	8	6	2	11	17
GATGACACTT__0.593120230734676__27	7	18	8	8	6	17	11	6
GGTGACATGA__0.592899863211559__21	8	17	8	8	6	18	18	8
GCTGACACAC__0.592859675283337__38	25	2	8	8	6	17	6	17
TGTGACATCG__0.592718646243923__17	6	17	8	8	6	18	7	31
AGTGACATGA__0.592556700038011__26	11	17	8	8	6	18	18	8
TGCGACAGAC__0.592550175205747__12	13	25	31	8	6	2	9	8
AAGGACAGCT__0.592375595737751__11	6	8	5	8	6	2	25	25
ATTGACAATC__0.592174886073434__24	30	9	8	8	6	9	30	7
ACTGACATAG__0.591849175750194__13	11	2	8	8	6	18	13	18
AAAGACAGCG__0.591680880848904__9	36	6	9	8	6	2	25	25
AACGACAGGC__0.591635373899509__13	6	8	31	8	6	2	8	45
TCTGACGTCC__0.591517308264156__13	9	2	8	8	8	8	8	5
ATTGACACTG__0.591516536721262__18	30	9	8	8	6	17	11	2
GTTGACGTGC__0.591504009363213__14	6	9	8	8	8	8	17	13
CGTGACGTAT__0.591481209390094__10	8	17	8	8	8	8	6	13
AGTGACGTGA__0.591426051988444__18	11	17	8	8	8	8	17	8
GTTGACAAGC__0.591267860683847__25	6	9	8	8	6	9	6	25
GTGGACAGGT__0.590689362841324__21	17	8	5	8	6	2	8	8
TGTGACAATA__0.590673306986475__15	6	17	8	8	6	9	30	13
GGTGACGTGT__0.590582027365037__15	8	17	8	8	8	8	17	6
GTAGACAGGA__0.590244011489487__13	6	18	9	8	6	2	8	5
GGTGACAAGA__0.589930630375062__24	8	17	8	8	6	9	6	9
TCAGACAGCA__0.589735548495334__15	8	2	9	8	6	2	25	13
CTTGACACAC__0.58954559741256__37	6	9	8	8	6	17	6	17
CTTGACAATC__0.58953170076303__20	6	9	8	8	6	9	30	7
CACGACAGAC__0.589510426789278__12	17	8	31	8	6	2	9	8
CTTGACAGTA__0.589244370543661__13	6	9	8	8	6	2	11	6
GAAGACAGCT__0.589223827397511__11	12	6	9	8	6	2	25	25
TTTGACAGAA__0.589206705616409__21	36	9	8	8	6	2	9	12
TATGACAACG__0.589168050252907__28	13	18	8	8	6	9	6	8
ATAGACATGT__0.589164368863126__13	13	18	9	8	6	18	18	6
AACGACAACA__0.589144944682435__15	6	8	31	8	6	9	6	6
TCAGACAGGT__0.589036529603365__16	8	2	9	8	6	2	8	8
GGTGACAAAC__0.588804778898534__14	8	17	8	8	6	9	36	6
TCCGACATGT__0.588788991250987__11	5	2	31	8	6	18	18	6
TAAGACAGGT__0.588734266601873__16	20	6	9	8	6	2	8	8
CTTGACACCA__0.588683860107949__25	6	9	8	8	6	17	8	8
GGTGACATTC__0.58868284219246__19	8	17	8	8	6	18	30	12
CGTGACACGC__0.588471677509966__29	8	17	8	8	6	17	8	25
AATGACGCAT__0.588269125758499__18	30	18	8	8	8	25	13	18
GCTGACAGTA__0.588189150186361__15	25	2	8	8	6	2	11	6
GATGACATTA__0.588185425135188__18	7	18	8	8	6	18	30	20
ACAGACAGCC__0.587983289723867__20	6	2	9	8	6	2	25	45
GGTGACATCC__0.587800779940671__21	8	17	8	8	6	18	7	5
TCTGACACAG__0.587553225038158__16	9	2	8	8	6	17	6	2
ATTGACGTAG__0.587410490863646__10	30	9	8	8	8	8	6	18
TGTGACATTA__0.587362101378158__15	6	17	8	8	6	18	30	20
CAAGACATCT__0.587236437194901__11	9	6	9	8	6	18	7	9
ATTGACGGTT__0.587049135262014__12	30	9	8	8	8	2	8	6
AGTGACACTG__0.586910523588942__23	11	17	8	8	6	17	11	2
GGTGACAAAA__0.586745797187108__17	8	17	8	8	6	9	36	36
TTTGACGTAC__0.586579798949637__11	36	9	8	8	8	8	6	6
GATGACAATC__0.586404531226561__29	7	18	8	8	6	9	30	7
CAAGACAGGT__0.586353462646145__11	9	6	9	8	6	2	8	8
TTTGACAAGA__0.586332158926375__24	36	9	8	8	6	9	6	9
ATAGACAGCC__0.586325330516839__19	13	18	9	8	6	2	25	45
GATGACAGTA__0.58609559963774__21	7	18	8	8	6	2	11	6
AACGACAAGT__0.585985231829609__14	6	8	31	8	6	9	6	11
GGTGACATAC__0.585972590487814__24	8	17	8	8	6	18	13	6
ACTGACGCGT__0.585939000486259__9	11	2	8	8	8	25	25	8
ACTGACTTGT__0.585931666067018__10	11	2	8	8	11	6	9	6
CGTGACAGAG__0.585838823150123__9	8	17	8	8	6	2	9	8
CAAGACAGCC__0.585736935681156__15	9	6	9	8	6	2	25	45
ATTGACAAGG__0.585683164140521__20	30	9	8	8	6	9	6	8
TATGACATAT__0.58561555556506__29	13	18	8	8	6	18	13	13
CCAGACAACT__0.585598182166526__15	8	2	9	8	6	9	6	11
AGTGACGTAT__0.585524483964807__14	11	17	8	8	8	8	6	13
GCTGACATTA__0.585449005195029__14	25	2	8	8	6	18	30	20
TAAGACAGAT__0.585270830886582__14	20	6	9	8	6	2	9	7
AATGACGTTG__0.585179867485245__13	30	18	8	8	8	8	6	9
GCTGACACCG__0.585049619717971__18	25	2	8	8	6	17	8	2
TATGACACCA__0.584936987416396__33	13	18	8	8	6	17	8	8
CACGACAGCA__0.58486404567664__11	17	8	31	8	6	2	25	13
ACAGACAGGA__0.5847913150872__10	6	2	9	8	6	2	8	5
CTTGACTTGT__0.583788398892941__12	6	9	8	8	11	6	9	6
CATGACATCG__0.583568904231345__17	18	18	8	8	6	18	7	31
AGTGACATTC__0.583405993325756__22	11	17	8	8	6	18	30	12
GGCGACATGT__0.583276113998283__11	45	25	31	8	6	18	18	6
AGTGACAATG__0.582969941913853__20	11	17	8	8	6	9	30	18
GTTGACACGA__0.582898565458199__20	6	9	8	8	6	17	8	31
AACGACATCT__0.582892794203901__9	6	8	31	8	6	18	7	9
AGTGACAGTC__0.582513222421836__23	11	17	8	8	6	2	11	8
ACTGACGTAT__0.582391080076442__9	11	2	8	8	8	8	6	13
TACGACAGGT__0.582272503762865__14	6	8	31	8	6	2	8	8
ATTGACGCAT__0.58220429174451__9	30	9	8	8	8	25	13	18
TGTGACACCG__0.582166785663174__17	6	17	8	8	6	17	8	2
AAAGACAACT__0.582086982317474__13	36	6	9	8	6	9	6	11
CTTGATATGT__0.581943945539925__9	6	9	8	7	13	13	18	6
CTCGACACAT__0.581746673361465__12	8	31	31	8	6	17	6	18
CTTGACATAA__0.581682765738621__24	6	9	8	8	6	18	13	20
GATGATAGGT__0.581676795259017__14	7	18	8	7	13	18	8	8
CCAGACAGCA__0.581552267285861__11	8	2	9	8	6	2	25	13
CTTGACAAAT__0.58151143589442__14	6	9	8	8	6	9	36	30
TGTGACAGAA__0.581509624948265__20	6	17	8	8	6	2	9	12
TATGACAATG__0.581044967944283__21	13	18	8	8	6	9	30	18
AGTGACGTTT__0.580973697840646__17	11	17	8	8	8	8	6	36
GCTGACGTAT__0.580927004701005__13	25	2	8	8	8	8	6	13
GATGACACAC__0.580744743481301__36	7	18	8	8	6	17	6	17
AAAGACACCT__0.580509000118781__15	36	6	9	8	6	17	8	8
TTTGACGGTT__0.58003075953026__12	36	9	8	8	8	2	8	6
TATGACATCA__0.579932443539075__23	13	18	8	8	6	18	7	8
GTTGACGTCC__0.579736608572794__13	6	9	8	8	8	8	8	5
GATGACAAAT__0.579540082607489__18	7	18	8	8	6	9	36	30
GATGACAAAA__0.579493284164243__19	7	18	8	8	6	9	36	36
TGTGACACAG__0.579277820569898__18	6	17	8	8	6	17	6	2
GATGACATCC__0.579161899636096__24	7	18	8	8	6	18	7	5
AGTGACAGTA__0.579055424023535__19	11	17	8	8	6	2	11	6
TTTGACGTAG__0.579028885618679__10	36	9	8	8	8	8	6	18
TGTGACACGG__0.578733654128021__15	6	17	8	8	6	17	8	2
ACTGACGTCC__0.578684690693269__10	11	2	8	8	8	8	8	5
TATGACACGC__0.578524562166509__35	13	18	8	8	6	17	8	25
CGTGACACTT__0.57850452887191__17	8	17	8	8	6	17	11	6
AGTGACAGAA__0.578463917337348__22	11	17	8	8	6	2	9	12
GATGACACCC__0.57838651445579__34	7	18	8	8	6	17	8	13
CGTGACAGAA__0.578352186514775__14	8	17	8	8	6	2	9	12
GCTGACAAAA__0.578336105420555__16	25	2	8	8	6	9	36	36
AAAGACAAGT__0.578266662147664__12	36	6	9	8	6	9	6	11
CAAGACAGAA__0.578176472105413__11	9	6	9	8	6	2	9	12
TATGACAAAA__0.57808164187688__21	13	18	8	8	6	9	36	36
CATGACACAA__0.577730591063035__32	18	18	8	8	6	17	6	9
TCCGACAGCA__0.57770839984213__10	5	2	31	8	6	2	25	13
TTTGACGCCT__0.577538008688099__11	36	9	8	8	8	25	45	8
TATGACGTTT__0.577511834462729__21	13	18	8	8	8	8	6	36
GAGGACAGCA__0.57730035973292__12	8	8	5	8	6	2	25	13
TGTGACATCA__0.577192569121134__16	6	17	8	8	6	18	7	8
CGTGACATTT__0.577181397935494__13	8	17	8	8	6	18	30	36
TTTGACGTCA__0.577035774150664__11	36	9	8	8	8	8	8	8
TTAGACAGGA__0.576728471074978__9	20	18	9	8	6	2	8	5
AGTGACACGT__0.57666868829024__24	11	17	8	8	6	17	8	8
CGAGACAGAC__0.576546320282886__11	31	8	9	8	6	2	9	8
AGAGACAGCT__0.576110970716771__9	9	8	9	8	6	2	25	25
GGTGACACTT__0.576099980701829__21	8	17	8	8	6	17	11	6
TTTGACACCA__0.575670823386767__25	36	9	8	8	6	17	8	8
GCTGACACGA__0.575015506779755__15	25	2	8	8	6	17	8	31
ATTGACGTCA__0.574825247153139__10	30	9	8	8	8	8	8	8
CGTGACATCG__0.574666256241106__16	8	17	8	8	6	18	7	31
TAGGACAGCT__0.574371892414582__9	18	8	5	8	6	2	25	25
GCTGACACGC__0.574321325308659__26	25	2	8	8	6	17	8	25
TTTGACACGA__0.574045334511838__16	36	9	8	8	6	17	8	31
CATGACGTGC__0.573984804552596__13	18	18	8	8	8	8	17	13
AACGACAGCA__0.573930788203005__9	6	8	31	8	6	2	25	13
TCTGACTAGT__0.573668583600419__9	9	2	8	8	11	18	18	11
ACTGACACTA__0.57347564332439__18	11	2	8	8	6	17	11	18
TGTGACAAAA__0.57338085126828__15	6	17	8	8	6	9	36	36
TTCGACAGGC__0.573338571486053__10	12	31	31	8	6	2	8	45
TCTGACGTTG__0.572974231184875__12	9	2	8	8	8	8	6	9
GTCGACAGTT__0.57297317447428__12	8	31	31	8	6	2	11	6
AATGACGTTT__0.57296685371589__10	30	18	8	8	8	8	6	36
CTTGACGGAC__0.572965436664323__14	6	9	8	8	8	2	5	8
TCTGACAATC__0.572793572663406__15	9	2	8	8	6	9	30	7
ATTGACGTCG__0.572690308881888__12	30	9	8	8	8	8	8	31
GTTGACGCTT__0.572585725354461__11	6	9	8	8	8	25	25	6
GTTGACGGCG__0.572476729901542__10	6	9	8	8	8	2	45	25
GATGACAGAG__0.57225942796624__14	7	18	8	8	6	2	9	8
ATTGACGTGC__0.572066868623412__12	30	9	8	8	8	8	17	13
TATGACACCC__0.571911626101452__36	13	18	8	8	6	17	8	13
AAAGACAGCC__0.571788701188194__13	36	6	9	8	6	2	25	45
TTTGACAAGG__0.571584205399404__19	36	9	8	8	6	9	6	8
TCCGACAGAT__0.571579842966167__9	5	2	31	8	6	2	9	7
AAGGACAGGT__0.571369851517441__12	6	8	5	8	6	2	8	8
GTTGACATAG__0.571140943442376__19	6	9	8	8	6	18	13	18
CGTGACAATA__0.571119589751991__12	8	17	8	8	6	9	30	13
CGAGACATGT__0.570756794470778__10	31	8	9	8	6	18	18	6
GGTGACGTCT__0.570754711566165__16	8	17	8	8	8	8	8	9
ATTGACGGAT__0.570389855377969__16	30	9	8	8	8	2	5	7
TATGACGGGT__0.570376506649883__11	13	18	8	8	8	2	13	8
ACTGACGTCT__0.570217415781767__9	11	2	8	8	8	8	8	9
TATGACACGT__0.5701350281763__24	13	18	8	8	6	17	8	8
GATGACGGGC__0.569825724369561__13	7	18	8	8	8	2	13	45
TTTGACGGAC__0.569800453943233__20	36	9	8	8	8	2	5	8
CACGACATCT__0.569657369341879__9	17	8	31	8	6	18	7	9
TCCGACAGGT__0.569626594203604__10	5	2	31	8	6	2	8	8
CATGACGTTT__0.569626233100928__14	18	18	8	8	8	8	6	36
CCTGACTTGA__0.569583957243808__9	8	2	8	8	11	6	9	8
TTTGACGTAA__0.569533509304328__13	36	9	8	8	8	8	6	20
TCTGACGGCT__0.56933881636208__10	9	2	8	8	8	2	45	25
GGTGACAACG__0.569247853326348__20	8	17	8	8	6	9	6	8
TATGACATCC__0.569233303328465__25	13	18	8	8	6	18	7	5
AACGACATTC__0.569138438101803__10	6	8	31	8	6	18	30	12
CAAGACATGA__0.568876321032674__13	9	6	9	8	6	18	18	8
CAAGACACAT__0.568715091944035__14	9	6	9	8	6	17	6	18
TTTGACACGG__0.568556434459431__15	36	9	8	8	6	17	8	2
GCGGACAGCT__0.568400257218048__11	25	2	5	8	6	2	25	25
TTTGACTGGG__0.568172150597671__14	36	9	8	8	11	2	8	13
CTTGACACTA__0.567992919757062__23	6	9	8	8	6	17	11	18
AATGACGTAC__0.567973139310448__10	30	18	8	8	8	8	6	6
CTAGACAAGT__0.567916676225328__9	18	18	9	8	6	9	6	11
AGTGACATCC__0.567625784045191__25	11	17	8	8	6	18	7	5
AGTGACACGG__0.567610022861918__18	11	17	8	8	6	17	8	2
GGTGACAATG__0.567537070492476__16	8	17	8	8	6	9	30	18
CACGACAGCC__0.567204855410137__14	17	8	31	8	6	2	25	45
TGTGACAAGA__0.567201665752568__19	6	17	8	8	6	9	6	9
GTTGACAAAG__0.567168852284786__14	6	9	8	8	6	9	36	6
GCTGACATAA__0.567026020552045__22	25	2	8	8	6	18	13	20
TTTGACGTCC__0.566830551053905__12	36	9	8	8	8	8	8	5
GATGACATAG__0.566769278198722__17	7	18	8	8	6	18	13	18
CAAGACACGT__0.566741437472609__11	9	6	9	8	6	17	8	8
CGTGACAAAC__0.566675019663403__14	8	17	8	8	6	9	36	6
TACGACACAT__0.566555299766961__12	6	8	31	8	6	17	6	18
CAAGACAACC__0.566527626428456__20	9	6	9	8	6	9	6	8
GATGACACTC__0.566475209583322__24	7	18	8	8	6	17	11	8
GCTGACATAC__0.566454679989083__23	25	2	8	8	6	18	13	6
TATGACAAAC__0.566452609259129__17	13	18	8	8	6	9	36	6
GATGACACCA__0.566309422127864__25	7	18	8	8	6	17	8	8
ACTGACGTAC__0.56626060532246__9	11	2	8	8	8	8	6	6
TAGGACAGAC__0.566234473162287__11	18	8	5	8	6	2	9	8
TTTGACAATC__0.566180215079386__21	36	9	8	8	6	9	30	7
TAAGACAGCG__0.56601795495146__10	20	6	9	8	6	2	25	25
ACTGACGTCA__0.565917495103329__9	11	2	8	8	8	8	8	8
TCAGACAGAA__0.565841654008945__15	8	2	9	8	6	2	9	12
AGCGACACCT__0.565719012861671__9	25	25	31	8	6	17	8	8
ATGGACAGTT__0.565633550929086__13	18	8	5	8	6	2	11	6
GCTGACACAA__0.565397878371506__29	25	2	8	8	6	17	6	9
GTAGACATTT__0.56534625270414__16	6	18	9	8	6	18	30	36
GGTGACATTA__0.56530956672944__13	8	17	8	8	6	18	30	20
TGTGACAAAC__0.565288906843253__12	6	17	8	8	6	9	36	6
ACTGACGTTG__0.565116021804516__10	11	2	8	8	8	8	6	9
ATAGACAGGC__0.565054061501398__13	13	18	9	8	6	2	8	45
CGTGACACGG__0.564720352041274__13	8	17	8	8	6	17	8	2
CCAGACACAT__0.564653974301186__16	8	2	9	8	6	17	6	18
TGGGACAGGT__0.564464660787638__20	8	13	5	8	6	2	8	8
TTTGACATAA__0.564441226208482__23	36	9	8	8	6	18	13	20
GATGACACGA__0.564298681551922__16	7	18	8	8	6	17	8	31
TCGGACATTG__0.564040004919496__9	31	2	5	8	6	18	30	9
ATTGACACTC__0.564006968514602__19	30	9	8	8	6	17	11	8
CCAGACAGCC__0.563996849038424__15	8	2	9	8	6	2	25	45
TTTGACAAAG__0.563748521824966__12	36	9	8	8	6	9	36	6
TTTGACGGAT__0.563677420441046__16	36	9	8	8	8	2	5	7
AGTGACGGGG__0.56361747294501__9	11	17	8	8	8	2	13	13
TATGACACAC__0.563434249724958__36	13	18	8	8	6	17	6	17
GTTGACAAGA__0.563111606663512__22	6	9	8	8	6	9	6	9
GATGACAGAA__0.563030767559857__20	7	18	8	8	6	2	9	12
AGTGACAACG__0.56297180939772__21	11	17	8	8	6	9	6	8
TAAGACAGAC__0.562855483064535__13	20	6	9	8	6	2	9	8
AGTGACAAGG__0.562842990782515__20	11	17	8	8	6	9	6	8
AGTGACAGAG__0.562635767310091__12	11	17	8	8	6	2	9	8
TACGACATGT__0.56208984976598__12	6	8	31	8	6	18	18	6
CGAGACAGGT__0.562063026783206__10	31	8	9	8	6	2	8	8
AAAGACACGT__0.562045162247657__11	36	6	9	8	6	17	8	8
ACTGACTAGA__0.561834183042879__10	11	2	8	8	11	18	18	9
CGTGACTTGT__0.561827987310943__9	8	17	8	8	11	6	9	6
TGTGACGTGC__0.561751815086721__12	6	17	8	8	8	8	17	13
CACGACATAT__0.561682424643596__14	17	8	31	8	6	18	13	13
TCGGACAGCT__0.56157911685172__10	31	2	5	8	6	2	25	25
CAAGACAACA__0.5615260772961__10	9	6	9	8	6	9	6	6
AAAGACATCA__0.561430986100334__13	36	6	9	8	6	18	7	8
GTTGACGCAT__0.560457491546954__10	6	9	8	8	8	25	13	18
GTTGACACGG__0.560374979263786__16	6	9	8	8	6	17	8	2
CTTGACAAAA__0.560090809749836__13	6	9	8	8	6	9	36	36
CAGGACAGGT__0.560085512377735__10	2	8	5	8	6	2	8	8
GTAGACAGAC__0.559713938324488__13	6	18	9	8	6	2	9	8
AAAGACAGTC__0.559706345629432__10	36	6	9	8	6	2	11	8
TTTGACACAG__0.5594785501337__17	36	9	8	8	6	17	6	2
GGTGACGTAC__0.559439925410721__10	8	17	8	8	8	8	6	6
CAAGACAACG__0.559297165215002__12	9	6	9	8	6	9	6	8
TCGGACATGT__0.559235570397561__9	31	2	5	8	6	18	18	6
CGTGACACCC__0.55914049091927__24	8	17	8	8	6	17	8	13
ATTGACATAG__0.559050074804796__13	30	9	8	8	6	18	13	18
GTAGACAGGT__0.55899837490854__13	6	18	9	8	6	2	8	8
GGTGACAAAT__0.558986670527367__13	8	17	8	8	6	9	36	30
CTGGACAGAT__0.558847343154277__9	2	8	5	8	6	2	9	7
CCCGACAGGC__0.558779036003544__9	13	2	31	8	6	2	8	45
CATGACGCGT__0.558677021811422__10	18	18	8	8	8	25	25	8
TTAGACAGAC__0.55862196352073__10	20	18	9	8	6	2	9	8
GTGGACAGCT__0.558586747101206__12	17	8	5	8	6	2	25	25
GAAGACAGAC__0.558363900909862__11	12	6	9	8	6	2	9	8
CGTGACACCG__0.558335680628375__14	8	17	8	8	6	17	8	2
AATGACATAA__0.558099275158123__17	30	18	8	8	6	18	13	20
GTTGACAAAC__0.558035289845579__16	6	9	8	8	6	9	36	6
AATGACTGAC__0.557762762329747__14	30	18	8	8	11	2	8	8
TGTGACAATC__0.557338274035157__19	6	17	8	8	6	9	30	7
TTTGATAGGA__0.557168860310011__10	36	9	8	7	13	18	8	5
ATTGATATGT__0.557095470759753__9	30	9	8	7	13	13	18	6
TATGACATTC__0.556852994369688__18	13	18	8	8	6	18	30	12
GCAGACAGAT__0.556846799101647__9	13	2	9	8	6	2	9	7
TTGGACAGCT__0.556807901702613__13	9	8	5	8	6	2	25	25
ACCGACACCC__0.55671062124669__14	8	2	31	8	6	17	8	13
AAAGACAAGC__0.556585110306557__13	36	6	9	8	6	9	6	25
TTTGACTTGA__0.556325882225308__14	36	9	8	8	11	6	9	8
CATGACGTGA__0.556309199532791__12	18	18	8	8	8	8	17	8
CCAGACAGAC__0.555683052380143__9	8	2	9	8	6	2	9	8
ATTGACAAAG__0.55562352712546__10	30	9	8	8	6	9	36	6
TAGGACAGGT__0.555132765015551__10	18	8	5	8	6	2	8	8
GAAGACAGCA__0.554994211353151__10	12	6	9	8	6	2	25	13
AACGACACAT__0.554878100931474__12	6	8	31	8	6	17	6	18
CACGACACCG__0.554848725299139__11	17	8	31	8	6	17	8	2
GGAGACAGGT__0.554429937792232__9	5	8	9	8	6	2	8	8
GATGACACCG__0.554303019943086__16	7	18	8	8	6	17	8	2
GATGACATTC__0.554063261103561__16	7	18	8	8	6	18	30	12
CAAGACAGTC__0.553862536686064__9	9	6	9	8	6	2	11	8
TAAGACATGT__0.553691617635644__13	20	6	9	8	6	18	18	6
GGTGACAGTA__0.553619534752855__15	8	17	8	8	6	2	11	6
ATTGACGGCA__0.553589765303573__9	30	9	8	8	8	2	45	13
TCAGACAGGA__0.553561764999898__9	8	2	9	8	6	2	8	5
TTAGACAAGT__0.553533351892756__11	20	18	9	8	6	9	6	11
CGTGACATCC__0.553514237224494__17	8	17	8	8	6	18	7	5
GTTGACACAC__0.553451226499801__34	6	9	8	8	6	17	6	17
ATTGACACAA__0.553329835758517__24	30	9	8	8	6	17	6	9
AGTGACGTGC__0.553318236178502__12	11	17	8	8	8	8	17	13
TCTGATAGGC__0.553269586705785__9	9	2	8	7	13	18	8	45
CTAGACAACT__0.553257592685652__9	18	18	9	8	6	9	6	11
TGTGATAGGT__0.553108275366696__12	6	17	8	7	13	18	8	8
ATTGACTGGG__0.553090625883618__11	30	9	8	8	11	2	8	13
TGTGACACGA__0.552693380319763__12	6	17	8	8	6	17	8	31
AAAGACACAT__0.552583329565741__12	36	6	9	8	6	17	6	18
GCTGACACGG__0.552581098745497__12	25	2	8	8	6	17	8	2
TGTGACACAC__0.552479561131046__23	6	17	8	8	6	17	6	17
CGTGACACGA__0.552217714427117__12	8	17	8	8	6	17	8	31
AACGACATGC__0.552212463512026__10	6	8	31	8	6	18	18	13
AGTGACGTTG__0.55200801929629__13	11	17	8	8	8	8	6	9
GCAGACAAGT__0.551799650875943__14	13	2	9	8	6	9	6	11
GGTGACACGG__0.551570686019826__12	8	17	8	8	6	17	8	2
CATGACGTCA__0.55155690641013__11	18	18	8	8	8	8	8	8
GTTGACAATA__0.551543472727767__13	6	9	8	8	6	9	30	13
GATGACGTAT__0.551421220248461__12	7	18	8	8	8	8	6	13
AATGACGGAA__0.551412899835187__12	30	18	8	8	8	2	5	12
TTTGACTGTT__0.551361889805439__18	36	9	8	8	11	2	6	6
ATAGACACAT__0.551280032283352__15	13	18	9	8	6	17	6	18
CCAGACAGGT__0.550832401280394__9	8	2	9	8	6	2	8	8
CGTGACACTG__0.550631967042511__12	8	17	8	8	6	17	11	2
GGTGACATCA__0.550553268244763__12	8	17	8	8	6	18	7	8
ATTGACATAA__0.550435467304941__18	30	9	8	8	6	18	13	20
ACCGACAGCC__0.550340055894859__9	8	2	31	8	6	2	25	45
ACCGACATGA__0.550328956834855__9	8	2	31	8	6	18	18	8
CATGACTTGA__0.550323663189056__10	18	18	8	8	11	6	9	8
ACAGACAGTG__0.550277456598062__9	6	2	9	8	6	2	11	17
TACGACACCG__0.549938901900604__9	6	8	31	8	6	17	8	2
GTTGACAAAT__0.549778858869166__14	6	9	8	8	6	9	36	30
ACAGACATTT__0.549669974562897__10	6	2	9	8	6	18	30	36
GTTGACACCC__0.549580599189106__28	6	9	8	8	6	17	8	13
AATGACTGGT__0.549472801218454__10	30	18	8	8	11	2	8	8
TATGACAATT__0.549395309287283__11	13	18	8	8	6	9	30	30
TATGACATTA__0.549297679264158__14	13	18	8	8	6	18	30	20
TCAGACAGTT__0.549250752233887__9	8	2	9	8	6	2	11	6
GATGACTTGT__0.549025325898345__10	7	18	8	8	11	6	9	6
CCTGACACTA__0.548974111459772__14	8	2	8	8	6	17	11	18
TATGACATCG__0.548904687371631__16	13	18	8	8	6	18	7	31
AGTGACACGC__0.548888709100937__27	11	17	8	8	6	17	8	25
AATGATAGGC__0.548782081892614__12	30	18	8	7	13	18	8	45
ATAGACAACA__0.548597056066435__11	13	18	9	8	6	9	6	6
CGTGACAAAA__0.548463623380994__12	8	17	8	8	6	9	36	36
TTTGATAGGC__0.548463553017094__9	36	9	8	7	13	18	8	45
AGTGACATGG__0.548440384682814__12	11	17	8	8	6	18	18	8
TTAGACAACT__0.548381112270431__11	20	18	9	8	6	9	6	11
AGTGACATCA__0.548348357690934__18	11	17	8	8	6	18	7	8
TCAGACAGTA__0.548151934948901__11	8	2	9	8	6	2	11	6
AATGACTGGC__0.548151611531126__16	30	18	8	8	11	2	8	45
AGTGACAAAA__0.548084360789342__16	11	17	8	8	6	9	36	36
GTTGACAATC__0.548031103952064__19	6	9	8	8	6	9	30	7
CACGACAACC__0.547999975084241__22	17	8	31	8	6	9	6	8
ATGGACAGAC__0.547869091688737__13	18	8	5	8	6	2	9	8
TTTGACGGTG__0.547845417092359__10	36	9	8	8	8	2	8	17
TATGACAAAT__0.54781560226234__15	13	18	8	8	6	9	36	30
GTGGACAGGC__0.547756494544788__16	17	8	5	8	6	2	8	45
TTCGACAACT__0.547664080418535__10	12	31	31	8	6	9	6	11
CCAGACAGTC__0.547571593525661__9	8	2	9	8	6	2	11	8
GCAGACAATG__0.547234778997637__13	13	2	9	8	6	9	30	18
CCCGACATGC__0.547232201982059__9	13	2	31	8	6	18	18	13
CGGGACAGGT__0.547162937547507__12	2	13	5	8	6	2	8	8
ATTGACACTA__0.547131397525133__20	30	9	8	8	6	17	11	18
TCTGACTTGA__0.546809818440211__10	9	2	8	8	11	6	9	8
CGTGACACTC__0.546635089330633__16	8	17	8	8	6	17	11	8
ACAGACACGT__0.546608505687749__11	6	2	9	8	6	17	8	8
AACGACAACT__0.546425173483547__11	6	8	31	8	6	9	6	11
CGTGACACAC__0.546240823477363__26	8	17	8	8	6	17	6	17
TCTGATAGGA__0.54613319485665__9	9	2	8	7	13	18	8	5
CTAGACACCT__0.545953290881096__10	18	18	9	8	6	17	8	8
GTTGACATAC__0.545925222546845__24	6	9	8	8	6	18	13	6
ATTGACTTGG__0.545698759399564__12	30	9	8	8	11	6	9	8
GATGACGTTT__0.545593063435814__15	7	18	8	8	8	8	6	36
TATGACATAC__0.545441073693049__24	13	18	8	8	6	18	13	6
AATGACGGAT__0.545404265282291__10	30	18	8	8	8	2	5	7
AGTGACAAGA__0.545242715291819__20	11	17	8	8	6	9	6	9
GCAGACAGGT__0.545239606923131__12	13	2	9	8	6	2	8	8
CACGACACAT__0.545097314129936__12	17	8	31	8	6	17	6	18
CACGACAACT__0.544983966732154__12	17	8	31	8	6	9	6	11
CATGACGTCC__0.544969192186379__11	18	18	8	8	8	8	8	5
TCAGACATGC__0.544890836109521__14	8	2	9	8	6	18	18	13
TATGACGTGG__0.544885964643812__10	13	18	8	8	8	8	17	8
ACAGACAGGC__0.544852552176584__11	6	2	9	8	6	2	8	45
TTAGACATGT__0.544771885858697__9	20	18	9	8	6	18	18	6
TGTGACAACC__0.544646378170834__20	6	17	8	8	6	9	6	8
TATGACACGA__0.544573645367365__15	13	18	8	8	6	17	8	31
GGTGACACGC__0.544472409274639__19	8	17	8	8	6	17	8	25
CTAGACAGCC__0.544122155074359__10	18	18	9	8	6	2	25	45
CTGGACAGGT__0.544118428794463__10	2	8	5	8	6	2	8	8
GGTGACACCC__0.544070016274458__21	8	17	8	8	6	17	8	13
TTTGACGGCT__0.543801561615772__10	36	9	8	8	8	2	45	25
ATAGACATCT__0.543735203931173__9	13	18	9	8	6	18	7	9
CTTGACTGAC__0.543725291237079__17	6	9	8	8	11	2	8	8
GATGACAAAC__0.543646707249413__12	7	18	8	8	6	9	36	6
AGTGACACTT__0.54360562855749__18	11	17	8	8	6	17	11	6
CATGACACTA__0.543336700817482__20	18	18	8	8	6	17	11	18
CATGACGTAT__0.543205615475232__9	18	18	8	8	8	8	6	13
AGTGACATAC__0.542928381796269__24	11	17	8	8	6	18	13	6
ACAGACAATC__0.542804980611989__14	6	2	9	8	6	9	30	7
ACAGACACTT__0.542383294984833__11	6	2	9	8	6	17	11	6
ATTGACTGTG__0.542352408957792__15	30	9	8	8	11	2	6	17
CGTGACATTA__0.542156948253017__9	8	17	8	8	6	18	30	20
TATGACGTAT__0.542133285503086__12	13	18	8	8	8	8	6	13
ATTGACGTCC__0.54207036569171__9	30	9	8	8	8	8	8	5
CCGGACAGCT__0.542019662427104__9	2	2	5	8	6	2	25	25
CGTGACAAGA__0.541883169608376__14	8	17	8	8	6	9	6	9
TTTGACTCGT__0.541268873152348__10	36	9	8	8	11	8	31	8
ATTGACAAAA__0.541088928563751__11	30	9	8	8	6	9	36	36
GGTGACGTTC__0.541074333690775__12	8	17	8	8	8	8	6	12
AATGACGCGC__0.541066316937042__9	30	18	8	8	8	25	25	25
ACAGACAACG__0.539692064225733__12	6	2	9	8	6	9	6	8
AGTGACATCG__0.53964165754667__15	11	17	8	8	6	18	7	31
ACGGACAGCT__0.539612363714766__10	8	2	5	8	6	2	25	25
TACGACAGAC__0.539114599299938__10	6	8	31	8	6	2	9	8
GGTGACGTTT__0.539114393152643__12	8	17	8	8	8	8	6	36
GTTGACACTG__0.538784001834153__14	6	9	8	8	6	17	11	2
TTTGACAAAC__0.538779329539317__11	36	9	8	8	6	9	36	6
GCTGACTTGA__0.538768528762581__12	25	2	8	8	11	6	9	8
CCGGACAGAC__0.537816426141574__11	2	2	5	8	6	2	9	8
CGTGACATCA__0.537804932353818__13	8	17	8	8	6	18	7	8
CTAGACACAT__0.537792877331362__10	18	18	9	8	6	17	6	18
TACGACATGG__0.537692563020679__10	6	8	31	8	6	18	18	8
TATGATAGGT__0.537664801355975__10	13	18	8	7	13	18	8	8
CAGGACAGGC__0.537236878705033__9	2	8	5	8	6	2	8	45
AGTGACACAG__0.537201023120628__17	11	17	8	8	6	17	6	2
ATTGACTGAT__0.536616274348577__15	30	9	8	8	11	2	8	7
ACAGACATCA__0.536364063793087__13	6	2	9	8	6	18	7	8
CATGACTTCT__0.536347979291839__9	18	18	8	8	11	6	12	9
CAAGACACCT__0.536260088307253__10	9	6	9	8	6	17	8	8
TCAGACATCA__0.53609642288127__14	8	2	9	8	6	18	7	8
GGTGACATCG__0.536065317411056__10	8	17	8	8	6	18	7	31
TCAGACAACA__0.535982808832519__11	8	2	9	8	6	9	6	6
CCAGACACGT__0.535949258398998__9	8	2	9	8	6	17	8	8
CCTGACTGAT__0.535537412740545__10	8	2	8	8	11	2	8	7
CATGATAGGT__0.535396103781992__9	18	18	8	7	13	18	8	8
ACAGACAAGC__0.535279475050582__13	6	2	9	8	6	9	6	25
GATGACGTGG__0.535232485487386__9	7	18	8	8	8	8	17	8
TATGACACCG__0.534695774416736__15	13	18	8	8	6	17	8	2
GGTGACAACC__0.534506966604052__19	8	17	8	8	6	9	6	8
CTTGACTTTG__0.534024062607143__9	6	9	8	8	11	6	36	9
TTGGACATGT__0.53398296108984__12	9	8	5	8	6	18	18	6
GAAGACATGT__0.533581810911649__9	12	6	9	8	6	18	18	6
TTAGACAGGC__0.53319386022451__9	20	18	9	8	6	2	8	45
AGAGACAACA__0.533015116065112__9	9	8	9	8	6	9	6	6
AGTGACGTCT__0.53285014446165__11	11	17	8	8	8	8	8	9
TTTGACTTCA__0.532808317311828__11	36	9	8	8	11	6	12	8
TACGACATCT__0.532516931506776__9	6	8	31	8	6	18	7	9
TTTGACTTTT__0.532453481252059__10	36	9	8	8	11	6	36	36
TAAGACAGCA__0.532182934113288__9	20	6	9	8	6	2	25	13
ATTGACTTTT__0.531678832473141__9	30	9	8	8	11	6	36	36
ATAGACAACT__0.531071090581484__10	13	18	9	8	6	9	6	11
ATTGACTGGC__0.530231153366071__18	30	9	8	8	11	2	8	45
ACAGACAACT__0.530153510198468__10	6	2	9	8	6	9	6	11
GGTGACAGAA__0.529669723509354__14	8	17	8	8	6	2	9	12
TCAGACAAGC__0.529618263848827__14	8	2	9	8	6	9	6	25
CCTGCCAATC__0.529581258064291__15	8	2	13	45	8	9	30	7
GGTGACGTCC__0.529360992112196__10	8	17	8	8	8	8	8	5
TGTGACATAG__0.528926875659435__10	6	17	8	8	6	18	13	18
ATTGACTGTT__0.528900021470595__13	30	9	8	8	11	2	6	6
TAAGACAACT__0.528837806872542__11	20	6	9	8	6	9	6	11
CATGCCATCA__0.528807126657833__9	18	18	13	45	8	18	7	8
TTTGACTTGT__0.528745511260701__9	36	9	8	8	11	6	9	6
CATGACGGCT__0.528706316644135__9	18	18	8	8	8	2	45	25
GCTGACACTC__0.528294366707071__14	25	2	8	8	6	17	11	8
TAAGACAGCC__0.528028300145909__11	20	6	9	8	6	2	25	45
TCAGACACCG__0.527923568191162__11	8	2	9	8	6	17	8	2
GATGACGTCC__0.52730677559139__12	7	18	8	8	8	8	8	5
GCGGACAGGT__0.527295819939686__10	25	2	5	8	6	2	8	8
TTTGACGTTC__0.527166947460867__9	36	9	8	8	8	8	6	12
ACGGACAGTT__0.526883202047868__9	8	2	5	8	6	2	11	6
CATGCCAGAC__0.526840474838306__9	18	18	13	45	8	2	9	8
TTTGACACTC__0.526193207103103__15	36	9	8	8	6	17	11	8
AGAGACAACT__0.526187591211348__9	9	8	9	8	6	9	6	11
GGTGACACAG__0.526074449994071__11	8	17	8	8	6	17	6	2
CAAGACAAAA__0.525939744758389__9	9	6	9	8	6	9	36	36
TATGACAATC__0.525394563991822__18	13	18	8	8	6	9	30	7
TATGACGTAC__0.525035547890136__11	13	18	8	8	8	8	6	6
TATGACGTCT__0.52495883257989__13	13	18	8	8	8	8	8	9
GTCGACAGCA__0.524712960391319__9	8	31	31	8	6	2	25	13
CAGGACAGCC__0.524660068020314__9	2	8	5	8	6	2	25	45
TCAGACAAGA__0.524488926726702__15	8	2	9	8	6	9	6	9
GTGGACAGTT__0.524393231053685__9	17	8	5	8	6	2	11	6
GAAGACAACA__0.524343658144194__9	12	6	9	8	6	9	6	6
TTTGACACTA__0.524148462229452__18	36	9	8	8	6	17	11	18
CCAGACATGC__0.524088201086041__10	8	2	9	8	6	18	18	13
CATCACATGC__0.523977028439368__9	18	7	8	17	6	18	18	13
AGTGACACCA__0.523874918209092__19	11	17	8	8	6	17	8	8
AGTGACAAAG__0.523832871080245__10	11	17	8	8	6	9	36	6
TGTGACGTGA__0.523832764887308__9	6	17	8	8	8	8	17	8
GATGACACAA__0.523807416888655__22	7	18	8	8	6	17	6	9
ACTGACTGAT__0.523673899295818__10	11	2	8	8	11	2	8	7
AGTGACGTCA__0.523520423373203__9	11	17	8	8	8	8	8	8
GGTGACAATC__0.52331416860242__15	8	17	8	8	6	9	30	7
GGTGACGGAT__0.523202105873917__13	8	17	8	8	8	2	5	7
CACGACACCT__0.522752967527746__9	17	8	31	8	6	17	8	8
TGTGACATAC__0.522705940779557__14	6	17	8	8	6	18	13	6
TCAGACACTT__0.522476011137281__11	8	2	9	8	6	17	11	6
GCTGACGTCT__0.522359392062049__9	25	2	8	8	8	8	8	9
TATGACATAA__0.522277715733842__19	13	18	8	8	6	18	13	20
GCTGACGTCC__0.522111543868518__9	25	2	8	8	8	8	8	5
GCAGACAGCA__0.522077095306933__9	13	2	9	8	6	2	25	13
GATGACACTG__0.522076192579273__12	7	18	8	8	6	17	11	2
TGTGACATAA__0.521966774553012__14	6	17	8	8	6	18	13	20
CATGACGTCT__0.52189977555102__9	18	18	8	8	8	8	8	9
CTTGACACAA__0.521852230668525__19	6	9	8	8	6	17	6	9
TGTGACGTCT__0.521541547198123__9	6	17	8	8	8	8	8	9
ATTGACGGAC__0.521534607931323__12	30	9	8	8	8	2	5	8
GTTGACACGC__0.521324037022465__20	6	9	8	8	6	17	8	25
GTTGACATAA__0.521163560637531__18	6	9	8	8	6	18	13	20
CATGATAGAC__0.520794764995523__13	18	18	8	7	13	18	9	8
TATGACTTTT__0.520723844420553__9	13	18	8	8	11	6	36	36
GTTGACACAG__0.520701680210982__14	6	9	8	8	6	17	6	2
TCTGACACAA__0.520550848225102__15	9	2	8	8	6	17	6	9
GATGACGTCA__0.520360337331063__10	7	18	8	8	8	8	8	8
TTGGACAGTT__0.520212281035059__11	9	8	5	8	6	2	11	6
ATAGACATGA__0.520210080138068__10	13	18	9	8	6	18	18	8
TTTGACACAA__0.520014279343972__20	36	9	8	8	6	17	6	9
GATGACGTTG__0.519993956867029__11	7	18	8	8	8	8	6	9
GGTGATAGGT__0.519969414543887__9	8	17	8	7	13	18	8	8
ACTGACGACA__0.519639081882507__12	11	2	8	8	8	31	8	6
GCCGACAGCC__0.519580279190101__9	45	2	31	8	6	2	25	45
ACGGACAGAT__0.519529674712314__9	8	2	5	8	6	2	9	7
TGTGACACTC__0.519457007282886__13	6	17	8	8	6	17	11	8
GATGACGGCT__0.519420357984569__11	7	18	8	8	8	2	45	25
GTTGACTTGT__0.51932244905221__9	6	9	8	8	11	6	9	6
TTTGACTGAC__0.519302895969851__15	36	9	8	8	11	2	8	8
TATGACTGAC__0.519297824361931__15	13	18	8	8	11	2	8	8
AAGGACAGCC__0.519197675976378__10	6	8	5	8	6	2	25	45
GTTGATAGAT__0.519088174754196__10	6	9	8	7	13	18	9	7
CAAGACAAGC__0.519050268599055__9	9	6	9	8	6	9	6	25
AACGACATAA__0.518921898421442__10	6	8	31	8	6	18	13	20
ATGGACAGCA__0.518646021496345__9	18	8	5	8	6	2	25	13
CAAGACATCC__0.518312158991102__10	9	6	9	8	6	18	7	5
GTAGACAGTG__0.51819099976591__9	6	18	9	8	6	2	11	17
AACGACAACC__0.517953619514866__15	6	8	31	8	6	9	6	8
GGTGACATAG__0.517752644449302__9	8	17	8	8	6	18	13	18
TTTGACTGGT__0.517607487804055__12	36	9	8	8	11	2	8	8
TTAGACAGCC__0.517536534713493__9	20	18	9	8	6	2	25	45
GGTGACACTG__0.517204971740392__10	8	17	8	8	6	17	11	2
AGTGACATTA__0.517157260155744__10	11	17	8	8	6	18	30	20
CGTGACTGAC__0.517018155858623__11	8	17	8	8	11	2	8	8
GTCGACAGAC__0.516574266421686__9	8	31	31	8	6	2	9	8
CTAGACAAGA__0.516002783939164__9	18	18	9	8	6	9	6	9
GTTGAAAGAC__0.515981764430904__9	6	9	8	12	36	6	9	8
AAAGACATCC__0.515942185226881__10	36	6	9	8	6	18	7	5
TTTGATAGAC__0.515909083003607__9	36	9	8	7	13	18	9	8
TAAGACAGGC__0.515888339861006__9	20	6	9	8	6	2	8	45
GAAGACACGT__0.515645161767589__9	12	6	9	8	6	17	8	8
ACAGACATGC__0.515113726495779__10	6	2	9	8	6	18	18	13
CATGACGCAT__0.515054187058578__10	18	18	8	8	8	25	13	18
CGTGACGGAC__0.51489574168843__10	8	17	8	8	8	2	5	8
GCTGACGTTG__0.51442211470332__9	25	2	8	8	8	8	6	9
GGTGACACAC__0.514095371853063__15	8	17	8	8	6	17	6	17
GCTGACATAG__0.514079762970176__9	25	2	8	8	6	18	13	18
CTTGGCAGTT__0.51374697558606__11	6	9	8	45	13	2	11	6
CATGACTGAC__0.513735808657931__11	18	18	8	8	11	2	8	8
CGTGACACAA__0.513476311174074__18	8	17	8	8	6	17	6	9
ATTGACTTTG__0.51254374089825__9	30	9	8	8	11	6	36	9
TCAGACAACC__0.512508086525707__17	8	2	9	8	6	9	6	8
ACAGACAACC__0.512303363786344__15	6	2	9	8	6	9	6	8
TATGACACTG__0.512280767663638__12	13	18	8	8	6	17	11	2
ATTGGCAGGT__0.512174912116613__16	30	9	8	45	13	2	8	8
TGTGACACGC__0.511943935470877__14	6	17	8	8	6	17	8	25
AGTGACACCG__0.511479278201575__12	11	17	8	8	6	17	8	2
CATCACAAAG__0.511042169205824__9	18	7	8	17	6	9	36	6
CCAGACACCT__0.510876604599323__9	8	2	9	8	6	17	8	8
TGTGACACAA__0.510591403840435__16	6	17	8	8	6	17	6	9
TATGACGTGA__0.510571378561033__11	13	18	8	8	8	8	17	8
ACTGACCATC__0.510494739316326__9	11	2	8	8	8	8	18	7
ACGGACAGGT__0.510357500461262__10	8	2	5	8	6	2	8	8
GTTGACTAGG__0.510306289031543__9	6	9	8	8	11	18	18	8
TATGACACAA__0.510227183632814__22	13	18	8	8	6	17	6	9
TATGACGTTG__0.510124472104747__11	13	18	8	8	8	8	6	9
TTTGACTGAT__0.510100194837243__13	36	9	8	8	11	2	8	7
AATGACGGAC__0.51006189800878__10	30	18	8	8	8	2	5	8
GATGACATAA__0.509972430598506__15	7	18	8	8	6	18	13	20
CAAGACACGC__0.50961000247688__11	9	6	9	8	6	17	8	25
GGGGACAGTT__0.509477295672912__11	13	13	5	8	6	2	11	6
TCTGACTGAT__0.509463427686375__10	9	2	8	8	11	2	8	7
TGTGATAGCT__0.509404958985574__9	6	17	8	7	13	18	25	25
TATGATAGAC__0.5092676823191__11	13	18	8	7	13	18	9	8
TACGACAGAA__0.509060209822456__9	6	8	31	8	6	2	9	12
TCAGACAAGT__0.508750291417496__9	8	2	9	8	6	9	6	11
CATGCCAAGC__0.508703481229479__10	18	18	13	45	8	9	6	25
TCTGACACTA__0.508693563175485__11	9	2	8	8	6	17	11	18
GAAGACAGCC__0.508684543541146__9	12	6	9	8	6	2	25	45
ATTGAAAGAC__0.508059649049423__9	30	9	8	12	36	6	9	8
TCAGACATAT__0.507963692309851__13	8	2	9	8	6	18	13	13
TTTGACAAAA__0.507836382237558__9	36	9	8	8	6	9	36	36
GTTGACGGAT__0.507710029311993__9	6	9	8	8	8	2	5	7
CATGACGGAT__0.507644835846078__10	18	18	8	8	8	2	5	7
AGTGACATAG__0.507447330368687__11	11	17	8	8	6	18	13	18
GTTGACGGAC__0.507381885367219__11	6	9	8	8	8	2	5	8
CATGACGGAC__0.50731689314781__13	18	18	8	8	8	2	5	8
GTTGACACCG__0.507307536390633__11	6	9	8	8	6	17	8	2
GTAGACAGTC__0.507303406058007__9	6	18	9	8	6	2	11	8
TGTGGCAGGT__0.507100912683158__19	6	17	8	45	13	2	8	8
CCAGACAAGC__0.50669803168947__9	8	2	9	8	6	9	6	25
AATGATAGAC__0.506456082761948__12	30	18	8	7	13	18	9	8
TAAGACACAT__0.505880511563771__10	20	6	9	8	6	17	6	18
TCTGACTGTT__0.505776552637547__9	9	2	8	8	11	2	6	6
CGTGACACCA__0.505752687563947__12	8	17	8	8	6	17	8	8
ACAGACACAT__0.505496343613083__10	6	2	9	8	6	17	6	18
TCTGCCACGA__0.505474794713255__9	9	2	13	45	8	17	8	31
ACTGATAGAC__0.505269199768055__9	11	2	8	7	13	18	9	8
GGTGACTGAC__0.505215720124055__12	8	17	8	8	11	2	8	8
CTTGGCAGGT__0.504944342927574__13	6	9	8	45	13	2	8	8
CATGCCAATC__0.504740567860654__9	18	18	13	45	8	9	30	7
TTTGACTTGG__0.504482961329018__9	36	9	8	8	11	6	9	8
GTTGACACCA__0.504278684955547__15	6	9	8	8	6	17	8	8
TAAGACACCT__0.50400508084985__10	20	6	9	8	6	17	8	8
AGTGACACCC__0.50368855694139__19	11	17	8	8	6	17	8	13
ATGGACAGGC__0.50365685021413__9	18	8	5	8	6	2	8	45
GATGACATAC__0.503031644200869__14	7	18	8	8	6	18	13	6
CGTGACTGAT__0.502758734731717__9	8	17	8	8	11	2	8	7
GATGACTGCT__0.50212826017517__13	7	18	8	8	11	2	13	25
TTAGACAAGA__0.501928419080677__10	20	18	9	8	6	9	6	9
GATGACTGTT__0.501810071918135__10	7	18	8	8	11	2	6	6
AACGACAATC__0.501420074673337__9	6	8	31	8	6	9	30	7
CTAGACACCC__0.501266471618099__10	18	18	9	8	6	17	8	13
AATGACGACA__0.501105206724931__11	30	18	8	8	8	31	8	6
GTTGACTTTG__0.500066544706707__9	6	9	8	8	11	6	36	9
ATTGACTGAC__0.499944258552143__11	30	9	8	8	11	2	8	8
TTGGACATTT__0.499903784848262__10	9	8	5	8	6	18	30	36
GACGACAACA__0.499562332017649__9	8	8	31	8	6	9	6	6
CGTGACACAG__0.499067145212791__9	8	17	8	8	6	17	6	2
TGTGACACCA__0.498641160958776__11	6	17	8	8	6	17	8	8
GTTGACACTC__0.498561528172133__13	6	9	8	8	6	17	11	8
TTTGACTCAG__0.498371276813019__9	36	9	8	8	11	8	8	2
GTGGACAGAC__0.49834786169986__9	17	8	5	8	6	2	9	8
AGTGACATAA__0.49806233237263__15	11	17	8	8	6	18	13	20
TATGACATAG__0.497925384378574__10	13	18	8	8	6	18	13	18
TGTGACGGAT__0.497917506569354__9	6	17	8	8	8	2	5	7
GGGGACAGGT__0.496549837861933__10	13	13	5	8	6	2	8	8
GATGACACAG__0.496066229067407__10	7	18	8	8	6	17	6	2
ATAGACACGC__0.496014505535944__12	13	18	9	8	6	17	8	25
TCAGACACAG__0.495855467756801__9	8	2	9	8	6	17	6	2
TTGGACAGAC__0.495350245787679__10	9	8	5	8	6	2	9	8
TGTGACACCC__0.49508159374189__13	6	17	8	8	6	17	8	13
CATGACGCAC__0.494522343260326__12	18	18	8	8	8	25	13	17
TCTGACTGAC__0.494267914003825__9	9	2	8	8	11	2	8	8
GATGACTGAT__0.494152274359364__10	7	18	8	8	11	2	8	7
TATGACGGCT__0.494013677629635__9	13	18	8	8	8	2	45	25
TCTGACGGAC__0.493692453041608__9	9	2	8	8	8	2	5	8
CACGACAAAC__0.493539377875665__9	17	8	31	8	6	9	36	6
TATGACACAG__0.493296183008905__11	13	18	8	8	6	17	6	2
GCTGGCAGGT__0.493248254292531__10	25	2	8	45	13	2	8	8
ACCGACACAA__0.492903702577321__9	8	2	31	8	6	17	6	9
GATGACGTCT__0.49271306462555__9	7	18	8	8	8	8	8	9
TCAGACACAT__0.492700494790936__9	8	2	9	8	6	17	6	18
GGTGACACAA__0.49241647125683__13	8	17	8	8	6	17	6	9
CTGGACACCA__0.492228186417222__10	2	8	5	8	6	17	8	8
AGTGACACGA__0.492084269009207__9	11	17	8	8	6	17	8	31
TAAGACATCA__0.492056224281425__9	20	6	9	8	6	18	7	8
TATGACTGGC__0.491992973637435__14	13	18	8	8	11	2	8	45
TCTGACGCCC__0.491226655660559__9	9	2	8	8	8	25	45	13
TTGGACAGGC__0.490684279062252__10	9	8	5	8	6	2	8	45
ATAGACAACC__0.490555085219137__12	13	18	9	8	6	9	6	8
AAAGACACGC__0.490130413686706__9	36	6	9	8	6	17	8	25
AACGACAAGA__0.489614881679166__9	6	8	31	8	6	9	6	9
TTTGACTGTG__0.489512433838286__10	36	9	8	8	11	2	6	17
GATGACGTTC__0.489330228340891__9	7	18	8	8	8	8	6	12
AGTGACTGGT__0.488876575331918__10	11	17	8	8	11	2	8	8
GTTGGCAGCA__0.488784488190329__13	6	9	8	45	13	2	25	13
CATGCCAACG__0.488761157288834__9	18	18	13	45	8	9	6	8
AGTGACACAA__0.488262837223894__18	11	17	8	8	6	17	6	9
TTAGACAACC__0.487950434102813__11	20	18	9	8	6	9	6	8
CGTGACATAC__0.487919641827648__11	8	17	8	8	6	18	13	6
CAAGACACAA__0.487872072719288__11	9	6	9	8	6	17	6	9
AGTGACGGAT__0.4878336024489__9	11	17	8	8	8	2	5	7
GTTGGCATGT__0.487767636200124__13	6	9	8	45	13	18	18	6
GCAGACATGA__0.486034546287843__9	13	2	9	8	6	18	18	8
TCAGACACAA__0.485789757459625__14	8	2	9	8	6	17	6	9
AGTGGCAGGT__0.485206633782729__10	11	17	8	45	13	2	8	8
GTTGACTGTT__0.48510669307226__11	6	9	8	8	11	2	6	6
ATAGACAAGA__0.485036478273786__9	13	18	9	8	6	9	6	9
TAAGACAAGC__0.484960434328434__9	20	6	9	8	6	9	6	25
AGTGACACTC__0.484845550315558__12	11	17	8	8	6	17	11	8
CGTGACTGCT__0.484782064018072__9	8	17	8	8	11	2	13	25
TTTGACTGGC__0.484664629915912__13	36	9	8	8	11	2	8	45
CCTGCCACAT__0.484179187919801__9	8	2	13	45	8	17	6	18
ACAGACAAGA__0.484161582574073__9	6	2	9	8	6	9	6	9
CAAGACACCC__0.48373252417449__9	9	6	9	8	6	17	8	13
GTAGACACAT__0.483701239862879__9	6	18	9	8	6	17	6	18
GTAGACATGA__0.483486489859436__9	6	18	9	8	6	18	18	8
GTTGACTGAC__0.481393328920631__12	6	9	8	8	11	2	8	8
AAAGACAACC__0.481220499201443__9	36	6	9	8	6	9	6	8
GCTGACTGTT__0.480863944778118__9	25	2	8	8	11	2	6	6
AACGACACAC__0.479706128675483__11	6	8	31	8	6	17	6	17
GCAGACATAT__0.477868145999479__10	13	2	9	8	6	18	13	13
ATTGGCAGCT__0.476766493977397__9	30	9	8	45	13	2	25	25
CGTGACTGGC__0.476760533019939__9	8	17	8	8	11	2	8	45
CCAGACATAC__0.476561925230814__9	8	2	9	8	6	18	13	6
ATTGGCATGT__0.4761521380194__9	30	9	8	45	13	18	18	6
ACAGACATAA__0.475610058922174__9	6	2	9	8	6	18	13	20
TCAGACAATC__0.475499585887282__9	8	2	9	8	6	9	30	7
GTTGGCATGG__0.475323382424461__11	6	9	8	45	13	18	18	8
ATCGACAACC__0.474408346189483__10	7	31	31	8	6	9	6	8
AGTGACTGAT__0.47429046602269__10	11	17	8	8	11	2	8	7
TAAGACAAGA__0.474039344407911__9	20	6	9	8	6	9	6	9
CCAGACACGC__0.473951457179231__9	8	2	9	8	6	17	8	25
TAAGACAATC__0.473744469214112__9	20	6	9	8	6	9	30	7
TCAGACATCC__0.473140214480285__9	8	2	9	8	6	18	7	5
TAAGACATCC__0.472941998337439__9	20	6	9	8	6	18	7	5
AGTGACAATC__0.472881749398485__10	11	17	8	8	6	9	30	7
GGTGGCAGGT__0.47177355678426__14	8	17	8	45	13	2	8	8
TATGACACTA__0.471371405805494__13	13	18	8	8	6	17	11	18
TGGGACAAGT__0.470500443524542__10	8	13	5	8	6	9	6	11
GCTGACTGAC__0.46998938153652__9	25	2	8	8	11	2	8	8
TACGACAACC__0.468401738110203__11	6	8	31	8	6	9	6	8
TTTGGCAGTT__0.468206160942719__10	36	9	8	45	13	2	11	6
TTTGACTGCT__0.466710574297456__10	36	9	8	8	11	2	13	25
GTCGACAATC__0.466130359895551__10	8	31	31	8	6	9	30	7
TATGACACTC__0.465797359710307__10	13	18	8	8	6	17	11	8
GTTGGCAGGT__0.46519131677929__13	6	9	8	45	13	2	8	8
GCTGACACTA__0.464805417145088__9	25	2	8	8	6	17	11	18
TTTGGCATGT__0.464444645482943__10	36	9	8	45	13	18	18	6
CTAGACACAC__0.463817557642412__9	18	18	9	8	6	17	6	17
TGTGGCAGTT__0.463227642959294__9	6	17	8	45	13	2	11	6
TGTGACACTA__0.463152518978212__9	6	17	8	8	6	17	11	18
GTTGGCAGCT__0.461946062476957__10	6	9	8	45	13	2	25	25
TTAGACACAC__0.46194478649008__10	20	18	9	8	6	17	6	17
TGTGGCATGT__0.45922328052422__9	6	17	8	45	13	18	18	6
GCAGACAACC__0.458898049064145__11	13	2	9	8	6	9	6	8
TTGGACACCT__0.457792904402485__10	9	8	5	8	6	17	8	8
TTTGGCAGTC__0.457079255879566__9	36	9	8	45	13	2	11	8
GATGACACTA__0.45637801194679__10	7	18	8	8	6	17	11	18
TCAGACACCC__0.455817649128713__9	8	2	9	8	6	17	8	13
AGTGACACAC__0.455543211550634__13	11	17	8	8	6	17	6	17
TTTGGCAGCT__0.454324463571414__9	36	9	8	45	13	2	25	25
GGTGGCAGCT__0.453091244674274__9	8	17	8	45	13	2	25	25
CCAGACACAC__0.4527637467893__10	8	2	9	8	6	17	6	17
TTTGACTGCC__0.450720869444763__9	36	9	8	8	11	2	13	45
CCTGCCAACC__0.447539873463546__10	8	2	13	45	8	9	6	8
GCAGACACGC__0.445185578260807__9	13	2	9	8	6	17	8	25
TAAGACACAC__0.444898434337397__9	20	6	9	8	6	17	6	17
TTTGGCAGGT__0.443641035406403__10	36	9	8	45	13	2	8	8
TCAGACACAC__0.440825077182181__9	8	2	9	8	6	17	6	17
ATAGACACAC__0.440272466239525__9	13	18	9	8	6	17	6	17
AGTGACACTA__0.439799432707002__9	11	17	8	8	6	17	11	18
GTTGACACAA__0.427643954836589__9	6	9	8	8	6	17	6	9
GTGGACAACC__0.42562396134709__9	17	8	5	8	6	9	6	8
GTTGGCAGGC__0.422286764213904__10	6	9	8	45	13	2	8	45
GGTGGCAGGC__0.41864006603861__9	8	17	8	45	13	2	8	45
TTTGGCAGGC__0.414286469350012__9	36	9	8	45	13	2	8	45
