GGTGGGAGGG__1__1052	5.2	4.2	6.5	5.2	5.2	4.4	4.5	5.2	5.2
TTTGACAGGT__0.979581219118544__437	3.9	3.9	6.5	4.4	4.2	6.5	4.5	5.2	4.2
AATGACAGGT__0.950270458413313__251	3.9	4.5	6.5	4.4	4.2	6.5	4.5	5.2	4.2
GTTGACAGGT__0.9481476704832__358	4.2	3.9	6.5	4.4	4.2	6.5	4.5	5.2	4.2
ATTGACAGGT__0.944811367148375__288	4.5	3.9	6.5	4.4	4.2	6.5	4.5	5.2	4.2
CTTGACAGGT__0.937689578971316__263	4.5	3.9	6.5	4.4	4.2	6.5	4.5	5.2	4.2
TTTGACAGCT__0.92395218869543__388	3.9	3.9	6.5	4.4	4.2	6.5	4.5	4.7	4.5
AATGACAGCT__0.91552419902667__270	3.9	4.5	6.5	4.4	4.2	6.5	4.5	4.7	4.5
GATGACAGCT__0.904032192739616__280	4.4	4.5	6.5	4.4	4.2	6.5	4.5	4.7	4.5
ATTGACAGCT__0.901230888018005__283	4.5	3.9	6.5	4.4	4.2	6.5	4.5	4.7	4.5
GATGACAGGT__0.897948290397013__215	4.4	4.5	6.5	4.4	4.2	6.5	4.5	5.2	4.2
TATGACAGGT__0.887654415382952__220	5.5	4.5	6.5	4.4	4.2	6.5	4.5	5.2	4.2
GTTGACAGCT__0.885170807915521__304	4.2	3.9	6.5	4.4	4.2	6.5	4.5	4.7	4.5
AGTGACAGCT__0.877583370276174__254	4.5	4.2	6.5	4.4	4.2	6.5	4.5	4.7	4.5
CTTGACAGCT__0.874576394647357__233	4.5	3.9	6.5	4.4	4.2	6.5	4.5	4.7	4.5
CATGACAGGT__0.86778199644449__169	6.5	4.5	6.5	4.4	4.2	6.5	4.5	5.2	4.2
AGTGACAGGT__0.866152779159505__195	4.5	4.2	6.5	4.4	4.2	6.5	4.5	5.2	4.2
GGTGACAGGT__0.864722568514556__248	5.2	4.2	6.5	4.4	4.2	6.5	4.5	5.2	4.2
CATGACAGCT__0.861058371053015__211	6.5	4.5	6.5	4.4	4.2	6.5	4.5	4.7	4.5
TATGACAGCT__0.853821023949907__226	5.5	4.5	6.5	4.4	4.2	6.5	4.5	4.7	4.5
TGTGACAGGT__0.844539325998725__217	6.5	4.2	6.5	4.4	4.2	6.5	4.5	5.2	4.2
AATGACAGGC__0.829475160928214__164	3.9	4.5	6.5	4.4	4.2	6.5	4.5	5.2	4.7
AATGACAAGG__0.828768051078156__155	3.9	4.5	6.5	4.4	4.2	6.5	3.9	4.5	5.2
CGTGACAGGT__0.827715908256975__156	5.5	4.2	6.5	4.4	4.2	6.5	4.5	5.2	4.2
TGTGACAGCT__0.819111340923201__219	6.5	4.2	6.5	4.4	4.2	6.5	4.5	4.7	4.5
TTTGACAGTT__0.814685663986923__175	3.9	3.9	6.5	4.4	4.2	6.5	4.5	4.2	3.9
GTTGACAGTT__0.808861770652981__163	4.2	3.9	6.5	4.4	4.2	6.5	4.5	4.2	3.9
AATGACAGCA__0.806193663691554__184	3.9	4.5	6.5	4.4	4.2	6.5	4.5	4.7	6.5
GATGACAGCA__0.800461906730553__192	4.4	4.5	6.5	4.4	4.2	6.5	4.5	4.7	6.5
AATGACAGCC__0.798073953461583__177	3.9	4.5	6.5	4.4	4.2	6.5	4.5	4.7	5.2
GGTGACAGCT__0.794621152941967__191	5.2	4.2	6.5	4.4	4.2	6.5	4.5	4.7	4.5
CTTGACAGTT__0.788003503419014__112	4.5	3.9	6.5	4.4	4.2	6.5	4.5	4.2	3.9
TTTGACATGT__0.780907722272647__145	3.9	3.9	6.5	4.4	4.2	6.5	4.5	6.5	4.2
ATTGACAGTT__0.775716956146165__109	4.5	3.9	6.5	4.4	4.2	6.5	4.5	4.2	3.9
TTTGACAGGC__0.774369763907954__160	3.9	3.9	6.5	4.4	4.2	6.5	4.5	5.2	4.7
CGTGACAGCT__0.77330962096362__137	5.5	4.2	6.5	4.4	4.2	6.5	4.5	4.7	4.5
ACTGACAGCT__0.767176069863712__109	4.2	4.5	6.5	4.4	4.2	6.5	4.5	4.7	4.5
TATGACAGTT__0.766208774108841__107	5.5	4.5	6.5	4.4	4.2	6.5	4.5	4.2	3.9
GATGGGAGGG__0.764857155528423__144	4.4	4.5	6.5	5.2	5.2	4.4	4.5	5.2	5.2
GATGACAGTT__0.761703530485936__96	4.4	4.5	6.5	4.4	4.2	6.5	4.5	4.2	3.9
GTTGACAGGG__0.758950384227593__112	4.2	3.9	6.5	4.4	4.2	6.5	4.5	5.2	5.2
GTTGACATGT__0.758138980490272__121	4.2	3.9	6.5	4.4	4.2	6.5	4.5	6.5	4.2
AATGACAGTT__0.754608383133477__81	3.9	4.5	6.5	4.4	4.2	6.5	4.5	4.2	3.9
GATGACAGCC__0.753190428721414__143	4.4	4.5	6.5	4.4	4.2	6.5	4.5	4.7	5.2
AATGACAGGG__0.75260709337072__74	3.9	4.5	6.5	4.4	4.2	6.5	4.5	5.2	5.2
GTTGGGAGGG__0.752123370361795__195	4.2	3.9	6.5	5.2	5.2	4.4	4.5	5.2	5.2
CTTGACATGT__0.751392809297735__92	4.5	3.9	6.5	4.4	4.2	6.5	4.5	6.5	4.2
AGTGACAGCA__0.749628034852602__142	4.5	4.2	6.5	4.4	4.2	6.5	4.5	4.7	6.5
ATTGACAGGC__0.749323018381687__112	4.5	3.9	6.5	4.4	4.2	6.5	4.5	5.2	4.7
AATGACAGAT__0.747062468163791__91	3.9	4.5	6.5	4.4	4.2	6.5	4.5	4.4	4.5
ATTGACATGT__0.742501761013142__91	4.5	3.9	6.5	4.4	4.2	6.5	4.5	6.5	4.2
TTTGACAGGA__0.738999425802055__116	3.9	3.9	6.5	4.4	4.2	6.5	4.5	5.2	4.4
AGTGACAGTT__0.73879054078942__89	4.5	4.2	6.5	4.4	4.2	6.5	4.5	4.2	3.9
CATGACAGGC__0.737855920887365__97	6.5	4.5	6.5	4.4	4.2	6.5	4.5	5.2	4.7
GATGACAGAT__0.737314871685305__95	4.4	4.5	6.5	4.4	4.2	6.5	4.5	4.4	4.5
ACTGACAGGT__0.735515544737139__67	4.2	4.5	6.5	4.4	4.2	6.5	4.5	5.2	4.2
GCTGACAGGT__0.735514710027538__83	4.7	4.5	6.5	4.4	4.2	6.5	4.5	5.2	4.2
CTTGACAGAT__0.735111816689638__92	4.5	3.9	6.5	4.4	4.2	6.5	4.5	4.4	4.5
CTTGACAGGC__0.734593891691005__97	4.5	3.9	6.5	4.4	4.2	6.5	4.5	5.2	4.7
ATTGACAGCA__0.734430761168072__127	4.5	3.9	6.5	4.4	4.2	6.5	4.5	4.7	6.5
GTTGACAGGC__0.73296972606687__118	4.2	3.9	6.5	4.4	4.2	6.5	4.5	5.2	4.7
CTTGACAGGG__0.731342218084638__72	4.5	3.9	6.5	4.4	4.2	6.5	4.5	5.2	5.2
TATGACAGCA__0.730921127954084__130	5.5	4.5	6.5	4.4	4.2	6.5	4.5	4.7	6.5
TTTGACAGGG__0.730507889226826__96	3.9	3.9	6.5	4.4	4.2	6.5	4.5	5.2	5.2
CATGACAGTT__0.730438852346333__73	6.5	4.5	6.5	4.4	4.2	6.5	4.5	4.2	3.9
TTTGACAGAT__0.728174692392102__113	3.9	3.9	6.5	4.4	4.2	6.5	4.5	4.4	4.5
CATGACAGCA__0.727428037534269__117	6.5	4.5	6.5	4.4	4.2	6.5	4.5	4.7	6.5
AATGACAGCG__0.726346185145214__83	3.9	4.5	6.5	4.4	4.2	6.5	4.5	4.7	5.5
AATGACAAGT__0.726171602226529__80	3.9	4.5	6.5	4.4	4.2	6.5	3.9	4.5	4.2
GATGACAGGC__0.725808917196536__93	4.4	4.5	6.5	4.4	4.2	6.5	4.5	5.2	4.7
AATGACATGT__0.725365181834859__70	3.9	4.5	6.5	4.4	4.2	6.5	4.5	6.5	4.2
CATGACAGGA__0.722532092104728__78	6.5	4.5	6.5	4.4	4.2	6.5	4.5	5.2	4.4
ATTGACAGAT__0.72012668959029__87	4.5	3.9	6.5	4.4	4.2	6.5	4.5	4.4	4.5
TCTGACAGGT__0.719749932899679__70	4.4	4.5	6.5	4.4	4.2	6.5	4.5	5.2	4.2
TTTGACAGCG__0.717823352522945__108	3.9	3.9	6.5	4.4	4.2	6.5	4.5	4.7	5.5
TGTGACAGTT__0.716785432681386__96	6.5	4.2	6.5	4.4	4.2	6.5	4.5	4.2	3.9
GGTGACAGTT__0.716068775500971__97	5.2	4.2	6.5	4.4	4.2	6.5	4.5	4.2	3.9
TTTGACAGCA__0.715395105036827__130	3.9	3.9	6.5	4.4	4.2	6.5	4.5	4.7	6.5
CCTGACAGGT__0.71303995390267__56	5.2	4.5	6.5	4.4	4.2	6.5	4.5	5.2	4.2
GTTGACAGCC__0.712416225042948__125	4.2	3.9	6.5	4.4	4.2	6.5	4.5	4.7	5.2
CTTGACAGCC__0.712358747143966__106	4.5	3.9	6.5	4.4	4.2	6.5	4.5	4.7	5.2
CATGACAGCC__0.711502870591434__106	6.5	4.5	6.5	4.4	4.2	6.5	4.5	4.7	5.2
GGTGAGGGGG__0.711298819439426__87	5.2	4.2	6.5	4.4	4.5	5.2	5.2	5.2	5.2
TATGACAGGC__0.710798145770379__90	5.5	4.5	6.5	4.4	4.2	6.5	4.5	5.2	4.7
TTTGACAGCC__0.710226687471047__126	3.9	3.9	6.5	4.4	4.2	6.5	4.5	4.7	5.2
CATGACAGAT__0.710206265543096__75	6.5	4.5	6.5	4.4	4.2	6.5	4.5	4.4	4.5
AATGACAGGA__0.709301370514047__67	3.9	4.5	6.5	4.4	4.2	6.5	4.5	5.2	4.4
ATTGACAGGG__0.70888560398331__65	4.5	3.9	6.5	4.4	4.2	6.5	4.5	5.2	5.2
CTTGACAGCA__0.706844662151996__101	4.5	3.9	6.5	4.4	4.2	6.5	4.5	4.7	6.5
TATGACATGT__0.706177712343996__74	5.5	4.5	6.5	4.4	4.2	6.5	4.5	6.5	4.2
GTTGACAGAT__0.7048239011463__93	4.2	3.9	6.5	4.4	4.2	6.5	4.5	4.4	4.5
GATGACAGCG__0.70477630237523__79	4.4	4.5	6.5	4.4	4.2	6.5	4.5	4.7	5.5
TTTGACATTT__0.703192927483894__92	3.9	3.9	6.5	4.4	4.2	6.5	4.5	3.9	3.9
CGTGACAGGG__0.70195317188475__65	5.5	4.2	6.5	4.4	4.2	6.5	4.5	5.2	5.2
ATTGACAGCC__0.701692370359947__102	4.5	3.9	6.5	4.4	4.2	6.5	4.5	4.7	5.2
CCTGACAGCT__0.700915705118681__68	5.2	4.5	6.5	4.4	4.2	6.5	4.5	4.7	4.5
CTTGACAGCG__0.69999539237363__75	4.5	3.9	6.5	4.4	4.2	6.5	4.5	4.7	5.5
CTTGACATTT__0.699778852755966__69	4.5	3.9	6.5	4.4	4.2	6.5	4.5	3.9	3.9
AGTGACAGCC__0.699243394395837__101	4.5	4.2	6.5	4.4	4.2	6.5	4.5	4.7	5.2
ATTGACAAGT__0.699195447733591__75	4.5	3.9	6.5	4.4	4.2	6.5	3.9	4.5	4.2
CATGACATGT__0.697350088587358__61	6.5	4.5	6.5	4.4	4.2	6.5	4.5	6.5	4.2
AGTGACAGAT__0.694703573984515__75	4.5	4.2	6.5	4.4	4.2	6.5	4.5	4.4	4.5
GATGACATGT__0.694282712022828__63	4.4	4.5	6.5	4.4	4.2	6.5	4.5	6.5	4.2
CTTGACACAC__0.69268227220992__126	4.5	3.9	6.5	4.4	4.2	6.5	4.2	6.5	4.2
GTTGACAGCA__0.692664062569976__108	4.2	3.9	6.5	4.4	4.2	6.5	4.5	4.7	6.5
GGTGACAGGG__0.690931276466096__77	5.2	4.2	6.5	4.4	4.2	6.5	4.5	5.2	5.2
TATGACAGCC__0.690919907490348__99	5.5	4.5	6.5	4.4	4.2	6.5	4.5	4.7	5.2
CATGACAGGG__0.690507546714024__51	6.5	4.5	6.5	4.4	4.2	6.5	4.5	5.2	5.2
TTTGACAAGT__0.690194467689504__85	3.9	3.9	6.5	4.4	4.2	6.5	3.9	4.5	4.2
TATGACAGAT__0.689142699909181__73	5.5	4.5	6.5	4.4	4.2	6.5	4.5	4.4	4.5
AATGACAGTG__0.687656980258977__51	3.9	4.5	6.5	4.4	4.2	6.5	4.5	4.2	6.5
TTTGACACAT__0.687199469817422__105	3.9	3.9	6.5	4.4	4.2	6.5	4.2	6.5	4.5
TATGACAGGG__0.687052020283493__58	5.5	4.5	6.5	4.4	4.2	6.5	4.5	5.2	5.2
CTTGACATAC__0.686667339119626__90	4.5	3.9	6.5	4.4	4.2	6.5	4.5	5.5	4.2
AAAGACAGCT__0.685018211115415__60	3.9	3.9	4.5	4.4	4.2	6.5	4.5	4.7	4.5
GCTGACAGCT__0.683418675346721__72	4.7	4.5	6.5	4.4	4.2	6.5	4.5	4.7	4.5
AATGACAGAC__0.681544037447228__75	3.9	4.5	6.5	4.4	4.2	6.5	4.5	4.4	4.2
AATGATAGGC__0.679646809306335__51	3.9	4.5	6.5	4.4	4.5	5.5	4.5	5.2	4.7
ATTGACAGGA__0.679330783574009__62	4.5	3.9	6.5	4.4	4.2	6.5	4.5	5.2	4.4
AATGACAGTC__0.677960648318732__54	3.9	4.5	6.5	4.4	4.2	6.5	4.5	4.2	4.4
GATGACAGGG__0.677899377239071__50	4.4	4.5	6.5	4.4	4.2	6.5	4.5	5.2	5.2
TTTGACAGTA__0.67668791930984__76	3.9	3.9	6.5	4.4	4.2	6.5	4.5	4.2	5.5
AGTGACAGGC__0.674721335729029__68	4.5	4.2	6.5	4.4	4.2	6.5	4.5	5.2	4.7
AATGACAGTA__0.67293122474403__54	3.9	4.5	6.5	4.4	4.2	6.5	4.5	4.2	5.5
TGTGACAGCC__0.672767980624852__98	6.5	4.2	6.5	4.4	4.2	6.5	4.5	4.7	5.2
GTTGACAGGA__0.670318564538396__69	4.2	3.9	6.5	4.4	4.2	6.5	4.5	5.2	4.4
CGTGACATGT__0.670234774482477__57	5.5	4.2	6.5	4.4	4.2	6.5	4.5	6.5	4.2
CTTGACATAT__0.669598188508423__63	4.5	3.9	6.5	4.4	4.2	6.5	4.5	5.5	4.5
TTTGACATGG__0.669234466916171__67	3.9	3.9	6.5	4.4	4.2	6.5	4.5	6.5	5.2
GTGGGCAGGG__0.666442294927192__131	4.2	6.5	5.2	5.2	4.7	6.5	4.5	5.2	5.2
AATGACACGT__0.665602093448486__53	3.9	4.5	6.5	4.4	4.2	6.5	4.2	5.5	4.2
CTTGACAGTG__0.665361750726282__48	4.5	3.9	6.5	4.4	4.2	6.5	4.5	4.2	6.5
CTTGACAAGT__0.665355313923329__56	4.5	3.9	6.5	4.4	4.2	6.5	3.9	4.5	4.2
GGTGACAGCC__0.665248233411749__94	5.2	4.2	6.5	4.4	4.2	6.5	4.5	4.7	5.2
GAAGACAGCT__0.664162671320703__53	4.4	3.9	4.5	4.4	4.2	6.5	4.5	4.7	4.5
TATGACAGCG__0.66395073102918__63	5.5	4.5	6.5	4.4	4.2	6.5	4.5	4.7	5.5
TTTGACATAT__0.663948856684533__76	3.9	3.9	6.5	4.4	4.2	6.5	4.5	5.5	4.5
AATGACATTT__0.663621823954595__48	3.9	4.5	6.5	4.4	4.2	6.5	4.5	3.9	3.9
TGTGACAGGA__0.663470345582605__70	6.5	4.2	6.5	4.4	4.2	6.5	4.5	5.2	4.4
GTTGACATTT__0.66237312531264__66	4.2	3.9	6.5	4.4	4.2	6.5	4.5	3.9	3.9
TATGACAGGA__0.662087632101425__57	5.5	4.5	6.5	4.4	4.2	6.5	4.5	5.2	4.4
AGTGACATGT__0.661804909061128__53	4.5	4.2	6.5	4.4	4.2	6.5	4.5	6.5	4.2
AGTGACAGGG__0.661042205291572__48	4.5	4.2	6.5	4.4	4.2	6.5	4.5	5.2	5.2
CGTGACAGTT__0.660166281212091__51	5.5	4.2	6.5	4.4	4.2	6.5	4.5	4.2	3.9
TAAGACAGCT__0.659611591086209__54	5.5	3.9	4.5	4.4	4.2	6.5	4.5	4.7	4.5
AATGACATAT__0.659523346169831__54	3.9	4.5	6.5	4.4	4.2	6.5	4.5	5.5	4.5
TGTGACAGGG__0.65934305887441__60	6.5	4.2	6.5	4.4	4.2	6.5	4.5	5.2	5.2
CGTGACAGCA__0.65835549467733__76	5.5	4.2	6.5	4.4	4.2	6.5	4.5	4.7	6.5
TGTGACATGT__0.65831155374059__64	6.5	4.2	6.5	4.4	4.2	6.5	4.5	6.5	4.2
TGTGACAGCA__0.657459598242755__87	6.5	4.2	6.5	4.4	4.2	6.5	4.5	4.7	6.5
GGTGACAGGC__0.655889799836257__73	5.2	4.2	6.5	4.4	4.2	6.5	4.5	5.2	4.7
CTTGACACAT__0.655003221595413__69	4.5	3.9	6.5	4.4	4.2	6.5	4.2	6.5	4.5
ATAGACAGCT__0.654655151651544__52	4.5	5.5	4.5	4.4	4.2	6.5	4.5	4.7	4.5
GAGGGCAGGG__0.65438251442028__78	4.4	4.5	5.2	5.2	4.7	6.5	4.5	5.2	5.2
CGTGACAGGC__0.653893246701994__59	5.5	4.2	6.5	4.4	4.2	6.5	4.5	5.2	4.7
AGTGACAGCG__0.653269970444657__57	4.5	4.2	6.5	4.4	4.2	6.5	4.5	4.7	5.5
GATGACAAGT__0.653184649184075__52	4.4	4.5	6.5	4.4	4.2	6.5	3.9	4.5	4.2
TTTGACAGTG__0.65187393972123__57	3.9	3.9	6.5	4.4	4.2	6.5	4.5	4.2	6.5
AGTGACAGGA__0.651779957844992__52	4.5	4.2	6.5	4.4	4.2	6.5	4.5	5.2	4.4
TTTGACACTT__0.651238691059956__65	3.9	3.9	6.5	4.4	4.2	6.5	4.2	4.5	3.9
AATGACAGAA__0.650111446525387__56	3.9	4.5	6.5	4.4	4.2	6.5	4.5	4.4	3.9
GGTGACAGCA__0.64940427961037__83	5.2	4.2	6.5	4.4	4.2	6.5	4.5	4.7	6.5
CATGACAGTA__0.649403614086087__48	6.5	4.5	6.5	4.4	4.2	6.5	4.5	4.2	5.5
TCTGACAGCT__0.648832299758306__53	4.4	4.5	6.5	4.4	4.2	6.5	4.5	4.7	4.5
TTTGACACGT__0.647957785069927__62	3.9	3.9	6.5	4.4	4.2	6.5	4.2	5.5	4.2
ATTGACATTT__0.647135674465487__49	4.5	3.9	6.5	4.4	4.2	6.5	4.5	3.9	3.9
ATTGACATAT__0.646017945755366__55	4.5	3.9	6.5	4.4	4.2	6.5	4.5	5.5	4.5
CATGACATTT__0.644486007531996__44	6.5	4.5	6.5	4.4	4.2	6.5	4.5	3.9	3.9
CATGACAGTG__0.644095647533294__39	6.5	4.5	6.5	4.4	4.2	6.5	4.5	4.2	6.5
GATGACAGGA__0.643796755752732__46	4.4	4.5	6.5	4.4	4.2	6.5	4.5	5.2	4.4
AATGACACAT__0.643509622960225__60	3.9	4.5	6.5	4.4	4.2	6.5	4.2	6.5	4.5
GTTGACAGTA__0.642613153889321__57	4.2	3.9	6.5	4.4	4.2	6.5	4.5	4.2	5.5
GTTGACAGCG__0.642053981167515__60	4.2	3.9	6.5	4.4	4.2	6.5	4.5	4.7	5.5
TGTGACAGAT__0.641414573730231__62	6.5	4.2	6.5	4.4	4.2	6.5	4.5	4.4	4.5
GTTGACATAT__0.641149315349641__62	4.2	3.9	6.5	4.4	4.2	6.5	4.5	5.5	4.5
GTTGACAAGT__0.64093961313438__57	4.2	3.9	6.5	4.4	4.2	6.5	3.9	4.5	4.2
ACTGACAGGC__0.64058118903445__44	4.2	4.5	6.5	4.4	4.2	6.5	4.5	5.2	4.7
TATGACAGTA__0.640532247954093__50	5.5	4.5	6.5	4.4	4.2	6.5	4.5	4.2	5.5
TTTGACAAGG__0.640363228555387__59	3.9	3.9	6.5	4.4	4.2	6.5	3.9	4.5	5.2
CTTGACAGGA__0.640291412356772__44	4.5	3.9	6.5	4.4	4.2	6.5	4.5	5.2	4.4
CTTGACACCT__0.640282409304572__62	4.5	3.9	6.5	4.4	4.2	6.5	4.2	5.2	4.5
CATGACAAGT__0.63949847724995__45	6.5	4.5	6.5	4.4	4.2	6.5	3.9	4.5	4.2
CATGACATAT__0.639081660782893__49	6.5	4.5	6.5	4.4	4.2	6.5	4.5	5.5	4.5
TGTGACAGGC__0.638757798151643__63	6.5	4.2	6.5	4.4	4.2	6.5	4.5	5.2	4.7
GTTGACACAT__0.638312852766855__71	4.2	3.9	6.5	4.4	4.2	6.5	4.2	6.5	4.5
CATGACACGT__0.636416016612041__45	6.5	4.5	6.5	4.4	4.2	6.5	4.2	5.5	4.2
TGTGACAGCG__0.636360304264745__61	6.5	4.2	6.5	4.4	4.2	6.5	4.5	4.7	5.5
TTTGACATCT__0.635621999688652__58	3.9	3.9	6.5	4.4	4.2	6.5	4.5	4.4	4.5
CCTGACAGTT__0.63428514999137__32	5.2	4.5	6.5	4.4	4.2	6.5	4.5	4.2	3.9
TATGACAAGT__0.63371721849188__48	5.5	4.5	6.5	4.4	4.2	6.5	3.9	4.5	4.2
GCTGACAGTT__0.633632867156952__40	4.7	4.5	6.5	4.4	4.2	6.5	4.5	4.2	3.9
CATGACAGCG__0.632129980316331__44	6.5	4.5	6.5	4.4	4.2	6.5	4.5	4.7	5.5
ATTGACACAT__0.630284349047346__59	4.5	3.9	6.5	4.4	4.2	6.5	4.2	6.5	4.5
TTTGACAAGC__0.629822070401845__68	3.9	3.9	6.5	4.4	4.2	6.5	3.9	4.5	4.7
TATGACAGTG__0.629596495094452__40	5.5	4.5	6.5	4.4	4.2	6.5	4.5	4.2	6.5
ATTGACAGCG__0.629127066580432__46	4.5	3.9	6.5	4.4	4.2	6.5	4.5	4.7	5.5
GTTGACAGTG__0.628832636516406__46	4.2	3.9	6.5	4.4	4.2	6.5	4.5	4.2	6.5
CTTGACACTT__0.628308429095231__44	4.5	3.9	6.5	4.4	4.2	6.5	4.2	4.5	3.9
CATGACAAGG__0.627643967358764__41	6.5	4.5	6.5	4.4	4.2	6.5	3.9	4.5	5.2
GCTGGGAGGG__0.627189930932021__59	4.7	4.5	6.5	5.2	5.2	4.4	4.5	5.2	5.2
GGTGACATGT__0.627174015062118__51	5.2	4.2	6.5	4.4	4.2	6.5	4.5	6.5	4.2
CATGACAACT__0.626464909224783__53	6.5	4.5	6.5	4.4	4.2	6.5	3.9	4.2	4.5
CTTGGGAGGG__0.625942240580412__51	4.5	3.9	6.5	5.2	5.2	4.4	4.5	5.2	5.2
GGTGACAGTG__0.625676106600053__49	5.2	4.2	6.5	4.4	4.2	6.5	4.5	4.2	6.5
GATGACAAGG__0.625426828231215__42	4.4	4.5	6.5	4.4	4.2	6.5	3.9	4.5	5.2
TGGGACGGGT__0.625416245597999__52	6.5	5.2	5.2	4.4	4.2	5.5	5.2	5.2	4.2
AGTGACACAT__0.625351965647225__57	4.5	4.2	6.5	4.4	4.2	6.5	4.2	6.5	4.5
ATTGACAGTG__0.625261646530654__37	4.5	3.9	6.5	4.4	4.2	6.5	4.5	4.2	6.5
GGTGACAGAT__0.624336386319889__55	5.2	4.2	6.5	4.4	4.2	6.5	4.5	4.4	4.5
AATGACAAGC__0.623586952223119__51	3.9	4.5	6.5	4.4	4.2	6.5	3.9	4.5	4.7
CTTGACAGAC__0.622410096396884__51	4.5	3.9	6.5	4.4	4.2	6.5	4.5	4.4	4.2
CATGACACAT__0.622376224382669__54	6.5	4.5	6.5	4.4	4.2	6.5	4.2	6.5	4.5
ATTGACAGTA__0.621219223500622__41	4.5	3.9	6.5	4.4	4.2	6.5	4.5	4.2	5.5
CGTGACAGCC__0.620537982282861__57	5.5	4.2	6.5	4.4	4.2	6.5	4.5	4.7	5.2
ACTGACAGCA__0.620150211704327__49	4.2	4.5	6.5	4.4	4.2	6.5	4.5	4.7	6.5
AATGACATCT__0.619772827095441__37	3.9	4.5	6.5	4.4	4.2	6.5	4.5	4.4	4.5
TATGACAAGG__0.619369711435896__43	5.5	4.5	6.5	4.4	4.2	6.5	3.9	4.5	5.2
TTTGACACCT__0.618898968295648__62	3.9	3.9	6.5	4.4	4.2	6.5	4.2	5.2	4.5
AGTGACAAGG__0.618765048122856__42	4.5	4.2	6.5	4.4	4.2	6.5	3.9	4.5	5.2
TTTGGGAGGG__0.618384458963495__68	3.9	3.9	6.5	5.2	5.2	4.4	4.5	5.2	5.2
TTTGACAGAC__0.618373771086815__61	3.9	3.9	6.5	4.4	4.2	6.5	4.5	4.4	4.2
CATGACAGAC__0.618361504338703__49	6.5	4.5	6.5	4.4	4.2	6.5	4.5	4.4	4.2
GATGACAGTA__0.618216843490086__39	4.4	4.5	6.5	4.4	4.2	6.5	4.5	4.2	5.5
TATGACATAT__0.617686030144192__46	5.5	4.5	6.5	4.4	4.2	6.5	4.5	5.5	4.5
GGTGAGGGTG__0.617526240694497__43	5.2	4.2	6.5	4.4	4.5	5.2	5.2	4.2	6.5
AATGACAACT__0.616485976289977__46	3.9	4.5	6.5	4.4	4.2	6.5	3.9	4.2	4.5
CTTGACATGG__0.616388473697907__34	4.5	3.9	6.5	4.4	4.2	6.5	4.5	6.5	5.2
TGTGGGAGGG__0.616029936749899__79	6.5	4.2	6.5	5.2	5.2	4.4	4.5	5.2	5.2
ATTGACAAGG__0.616004430079917__40	4.5	3.9	6.5	4.4	4.2	6.5	3.9	4.5	5.2
TATGACATTT__0.615957810614118__40	5.5	4.5	6.5	4.4	4.2	6.5	4.5	3.9	3.9
GGTGACAGGA__0.615923979136214__49	5.2	4.2	6.5	4.4	4.2	6.5	4.5	5.2	4.4
ATTGACAACT__0.615271151163701__50	4.5	3.9	6.5	4.4	4.2	6.5	3.9	4.2	4.5
CCTCCCAGCC__0.615158380542496__49	5.2	4.5	4.4	5.2	5.2	6.5	4.5	4.7	5.2
CGTGGGAGGG__0.61449788591579__55	5.5	4.2	6.5	5.2	5.2	4.4	4.5	5.2	5.2
ATAGACAGCA__0.614458660665711__49	4.5	5.5	4.5	4.4	4.2	6.5	4.5	4.7	6.5
CATGACAGTC__0.614292131759895__35	6.5	4.5	6.5	4.4	4.2	6.5	4.5	4.2	4.4
ACTGACAGAT__0.613363887844999__33	4.2	4.5	6.5	4.4	4.2	6.5	4.5	4.4	4.5
GGTGACAAGT__0.612665376955484__49	5.2	4.2	6.5	4.4	4.2	6.5	3.9	4.5	4.2
TATGACAGTC__0.612003048686989__39	5.5	4.5	6.5	4.4	4.2	6.5	4.5	4.2	4.4
GGTGACAAGG__0.611335259651705__49	5.2	4.2	6.5	4.4	4.2	6.5	3.9	4.5	5.2
ATTGACATCT__0.610414795252806__39	4.5	3.9	6.5	4.4	4.2	6.5	4.5	4.4	4.5
CTTGACAGTC__0.610029160277056__35	4.5	3.9	6.5	4.4	4.2	6.5	4.5	4.2	4.4
AAAGACAGGT__0.60984474302848__25	3.9	3.9	4.5	4.4	4.2	6.5	4.5	5.2	4.2
CTTGACATCT__0.609476558671602__37	4.5	3.9	6.5	4.4	4.2	6.5	4.5	4.4	4.5
AGAGACAGCT__0.609164648927118__33	4.5	4.4	4.5	4.4	4.2	6.5	4.5	4.7	4.5
TGTGGCGGGT__0.609033346847323__65	6.5	4.2	6.5	5.2	4.7	5.5	5.2	5.2	4.2
TTTGACATTG__0.608419814557121__45	3.9	3.9	6.5	4.4	4.2	6.5	4.5	3.9	6.5
ATTGACATGC__0.608408137201412__44	4.5	3.9	6.5	4.4	4.2	6.5	4.5	6.5	4.7
AATGACACTT__0.608395833781331__35	3.9	4.5	6.5	4.4	4.2	6.5	4.2	4.5	3.9
GGGGATAGGG__0.607364052625251__47	5.2	5.2	5.2	4.4	4.5	5.5	4.5	5.2	5.2
TTTGACAACC__0.606768064973058__71	3.9	3.9	6.5	4.4	4.2	6.5	3.9	4.2	5.2
TTTGACAGTC__0.606525238436662__44	3.9	3.9	6.5	4.4	4.2	6.5	4.5	4.2	4.4
ACTGGGAGGG__0.606030670107007__32	4.2	4.5	6.5	5.2	5.2	4.4	4.5	5.2	5.2
ACTGACAGTT__0.605639802803904__26	4.2	4.5	6.5	4.4	4.2	6.5	4.5	4.2	3.9
TGTGACAGTG__0.605616297197866__41	6.5	4.2	6.5	4.4	4.2	6.5	4.5	4.2	6.5
GTTGACACGT__0.605546361573255__43	4.2	3.9	6.5	4.4	4.2	6.5	4.2	5.5	4.2
TCTGACAGTT__0.605336068488268__30	4.4	4.5	6.5	4.4	4.2	6.5	4.5	4.2	3.9
ATTGACACTT__0.605231198675381__38	4.5	3.9	6.5	4.4	4.2	6.5	4.2	4.5	3.9
CTTGACAACT__0.604214541236653__44	4.5	3.9	6.5	4.4	4.2	6.5	3.9	4.2	4.5
CGTGACAGGA__0.604171475146897__36	5.5	4.2	6.5	4.4	4.2	6.5	4.5	5.2	4.4
TATGACACAT__0.603952446617976__50	5.5	4.5	6.5	4.4	4.2	6.5	4.2	6.5	4.5
AATGACATGC__0.603852593314964__38	3.9	4.5	6.5	4.4	4.2	6.5	4.5	6.5	4.7
TGGGACGGGG__0.603227815967972__42	6.5	5.2	5.2	4.4	4.2	5.5	5.2	5.2	5.2
TTAGACAGCT__0.602749512406926__40	3.9	5.5	4.5	4.4	4.2	6.5	4.5	4.7	4.5
ACTGACAGCC__0.602591588419668__43	4.2	4.5	6.5	4.4	4.2	6.5	4.5	4.7	5.2
GGGGGCAGGG__0.602519711323308__90	5.2	5.2	5.2	5.2	4.7	6.5	4.5	5.2	5.2
TGTGACAGTC__0.602287470295755__44	6.5	4.2	6.5	4.4	4.2	6.5	4.5	4.2	4.4
ATTGACACGT__0.602175055128704__36	4.5	3.9	6.5	4.4	4.2	6.5	4.2	5.5	4.2
ATTGACAGAC__0.60211467268828__45	4.5	3.9	6.5	4.4	4.2	6.5	4.5	4.4	4.2
AATGACACGC__0.600865353281648__46	3.9	4.5	6.5	4.4	4.2	6.5	4.2	5.5	4.7
GATGACAGTC__0.600862725127567__33	4.4	4.5	6.5	4.4	4.2	6.5	4.5	4.2	4.4
AGTGACAAGT__0.600802417733847__36	4.5	4.2	6.5	4.4	4.2	6.5	3.9	4.5	4.2
ATTGACAGTC__0.600727532078644__34	4.5	3.9	6.5	4.4	4.2	6.5	4.5	4.2	4.4
AATGACATGG__0.600487731757513__27	3.9	4.5	6.5	4.4	4.2	6.5	4.5	6.5	5.2
CTTGACACGT__0.600320537396677__34	4.5	3.9	6.5	4.4	4.2	6.5	4.2	5.5	4.2
TGTGACAGTA__0.600239871300658__43	6.5	4.2	6.5	4.4	4.2	6.5	4.5	4.2	5.5
CATGGGAGGG__0.599982450519452__34	6.5	4.5	6.5	5.2	5.2	4.4	4.5	5.2	5.2
GATGACAGTG__0.599664275073625__29	4.4	4.5	6.5	4.4	4.2	6.5	4.5	4.2	6.5
TTAGACAGGT__0.599475622313769__31	3.9	5.5	4.5	4.4	4.2	6.5	4.5	5.2	4.2
CCTGGGAGGG__0.599195993096491__30	5.2	4.5	6.5	5.2	5.2	4.4	4.5	5.2	5.2
ATTGACATGG__0.599162107260795__31	4.5	3.9	6.5	4.4	4.2	6.5	4.5	6.5	5.2
AGTGACAGTA__0.598966087483995__35	4.5	4.2	6.5	4.4	4.2	6.5	4.5	4.2	5.5
CCTGACAGCC__0.598930268032644__41	5.2	4.5	6.5	4.4	4.2	6.5	4.5	4.7	5.2
AGTGACAGTG__0.598820891372642__31	4.5	4.2	6.5	4.4	4.2	6.5	4.5	4.2	6.5
AATGACAACC__0.598515227027004__56	3.9	4.5	6.5	4.4	4.2	6.5	3.9	4.2	5.2
AATGACAACA__0.598512008244557__55	3.9	4.5	6.5	4.4	4.2	6.5	3.9	4.2	6.5
GTTGACATGG__0.598302472412431__37	4.2	3.9	6.5	4.4	4.2	6.5	4.5	6.5	5.2
AATGACAGAG__0.59826498999106__29	3.9	4.5	6.5	4.4	4.2	6.5	4.5	4.4	4.5
TTTGACATGC__0.598234211195702__48	3.9	3.9	6.5	4.4	4.2	6.5	4.5	6.5	4.7
CATGACACTT__0.597569657724334__34	6.5	4.5	6.5	4.4	4.2	6.5	4.2	4.5	3.9
CAAGACAGGG__0.597567192856462__21	6.5	3.9	4.5	4.4	4.2	6.5	4.5	5.2	5.2
GTAGACAGCT__0.596785860549247__38	4.2	5.5	4.5	4.4	4.2	6.5	4.5	4.7	4.5
ATAGACAGGT__0.596384038761699__25	4.5	5.5	4.5	4.4	4.2	6.5	4.5	5.2	4.2
GTTGACAGTC__0.59591748517659__39	4.2	3.9	6.5	4.4	4.2	6.5	4.5	4.2	4.4
ATTGGGAGGG__0.595839543219079__41	4.5	3.9	6.5	5.2	5.2	4.4	4.5	5.2	5.2
CTTGACATCC__0.595608717311074__43	4.5	3.9	6.5	4.4	4.2	6.5	4.5	4.4	5.2
AATGACAAGA__0.595528000765791__39	3.9	4.5	6.5	4.4	4.2	6.5	3.9	4.5	4.4
AATGACACCT__0.594905063376985__41	3.9	4.5	6.5	4.4	4.2	6.5	4.2	5.2	4.5
CTTGACATTG__0.594870207277691__31	4.5	3.9	6.5	4.4	4.2	6.5	4.5	3.9	6.5
ACAGACAGCT__0.594837295025192__29	4.2	6.5	4.5	4.4	4.2	6.5	4.5	4.7	4.5
ATTGACAAGC__0.594641571122564__44	4.5	3.9	6.5	4.4	4.2	6.5	3.9	4.5	4.7
GATGACAGAA__0.594608064495263__39	4.4	4.5	6.5	4.4	4.2	6.5	4.5	4.4	3.9
AATGACACGG__0.594598001570898__30	3.9	4.5	6.5	4.4	4.2	6.5	4.2	5.5	5.2
GATGACACGT__0.594479348980589__33	4.4	4.5	6.5	4.4	4.2	6.5	4.2	5.5	4.2
TGTGACATAT__0.594412506168872__45	6.5	4.2	6.5	4.4	4.2	6.5	4.5	5.5	4.5
GATGACATTT__0.594329574277705__31	4.4	4.5	6.5	4.4	4.2	6.5	4.5	3.9	3.9
GGTGGCGGGT__0.594273134984665__65	5.2	4.2	6.5	5.2	4.7	5.5	5.2	5.2	4.2
GGGGACGGGT__0.594141131844773__44	5.2	5.2	5.2	4.4	4.2	5.5	5.2	5.2	4.2
ATTGACACCT__0.593755143673587__44	4.5	3.9	6.5	4.4	4.2	6.5	4.2	5.2	4.5
GATGACAGAC__0.59351366823002__41	4.4	4.5	6.5	4.4	4.2	6.5	4.5	4.4	4.2
GATGACACAT__0.593377236205767__43	4.4	4.5	6.5	4.4	4.2	6.5	4.2	6.5	4.5
TATGACACGT__0.593301020907301__35	5.5	4.5	6.5	4.4	4.2	6.5	4.2	5.5	4.2
GATGACAACT__0.593285150331651__41	4.4	4.5	6.5	4.4	4.2	6.5	3.9	4.2	4.5
GATGACATAT__0.593142806534401__35	4.4	4.5	6.5	4.4	4.2	6.5	4.5	5.5	4.5
CTTGACATGC__0.592483360282052__37	4.5	3.9	6.5	4.4	4.2	6.5	4.5	6.5	4.7
ATTGACAGAA__0.592257603214172__39	4.5	3.9	6.5	4.4	4.2	6.5	4.5	4.4	3.9
CGTGACAGAT__0.591685729141301__34	5.5	4.2	6.5	4.4	4.2	6.5	4.5	4.4	4.5
GGTGACAGCG__0.591598911029215__43	5.2	4.2	6.5	4.4	4.2	6.5	4.5	4.7	5.5
CGTGGCGGGT__0.591406287961118__41	5.5	4.2	6.5	5.2	4.7	5.5	5.2	5.2	4.2
CATGACATCT__0.591090349548727__31	6.5	4.5	6.5	4.4	4.2	6.5	4.5	4.4	4.5
CATGACAACC__0.591067583156649__56	6.5	4.5	6.5	4.4	4.2	6.5	3.9	4.2	5.2
TCTGACAGGC__0.590712369501427__33	4.4	4.5	6.5	4.4	4.2	6.5	4.5	5.2	4.7
CTTGACAAGC__0.590591233737196__41	4.5	3.9	6.5	4.4	4.2	6.5	3.9	4.5	4.7
GCGGGCAGGG__0.590557641538455__52	4.7	5.5	5.2	5.2	4.7	6.5	4.5	5.2	5.2
GTTGACACCT__0.590484063184431__48	4.2	3.9	6.5	4.4	4.2	6.5	4.2	5.2	4.5
TGTGACAAGT__0.590059414972595__40	6.5	4.2	6.5	4.4	4.2	6.5	3.9	4.5	4.2
GTTGACAAGG__0.589970845373102__38	4.2	3.9	6.5	4.4	4.2	6.5	3.9	4.5	5.2
AATGACAATT__0.589921129245226__29	3.9	4.5	6.5	4.4	4.2	6.5	3.9	4.5	3.9
GGTGACAGTA__0.589853164825442__40	5.2	4.2	6.5	4.4	4.2	6.5	4.5	4.2	5.5
AGTGACAGTC__0.589584608914652__32	4.5	4.2	6.5	4.4	4.2	6.5	4.5	4.2	4.4
TTTGACAACT__0.589510676079773__47	3.9	3.9	6.5	4.4	4.2	6.5	3.9	4.2	4.5
CAAGACAGCT__0.589384682104644__28	6.5	3.9	4.5	4.4	4.2	6.5	4.5	4.7	4.5
CGTGACAAGT__0.588623501582087__33	5.5	4.2	6.5	4.4	4.2	6.5	3.9	4.5	4.2
CTTGATTGGC__0.588388945182918__25	4.5	3.9	6.5	4.4	4.5	3.9	6.5	5.2	4.7
GTTGACATGC__0.588332665321108__43	4.2	3.9	6.5	4.4	4.2	6.5	4.5	6.5	4.7
AATGATACGG__0.588223399545391__24	3.9	4.5	6.5	4.4	4.5	5.5	4.2	5.5	5.2
TATGACACCT__0.588044564765033__44	5.5	4.5	6.5	4.4	4.2	6.5	4.2	5.2	4.5
GTTGACACTT__0.588042886637652__38	4.2	3.9	6.5	4.4	4.2	6.5	4.2	4.5	3.9
CATGACAGAA__0.587918501983519__36	6.5	4.5	6.5	4.4	4.2	6.5	4.5	4.4	3.9
TTTGACATCG__0.587719582158224__37	3.9	3.9	6.5	4.4	4.2	6.5	4.5	4.4	5.5
GTTGACATCT__0.587604758298565__38	4.2	3.9	6.5	4.4	4.2	6.5	4.5	4.4	4.5
CATGACACCT__0.587590937423772__41	6.5	4.5	6.5	4.4	4.2	6.5	4.2	5.2	4.5
AGTGACAACT__0.587463705829924__40	4.5	4.2	6.5	4.4	4.2	6.5	3.9	4.2	4.5
CGTGACAGCG__0.587442284478587__34	5.5	4.2	6.5	4.4	4.2	6.5	4.5	4.7	5.5
CATGACATTG__0.587132505795755__28	6.5	4.5	6.5	4.4	4.2	6.5	4.5	3.9	6.5
GAAGACAGCA__0.586621446074717__37	4.4	3.9	4.5	4.4	4.2	6.5	4.5	4.7	6.5
TTTGACAACA__0.586253492729605__59	3.9	3.9	6.5	4.4	4.2	6.5	3.9	4.2	6.5
CTTGACAGTA__0.584777482519722__29	4.5	3.9	6.5	4.4	4.2	6.5	4.5	4.2	5.5
GTTGACAGAA__0.584520164938644__42	4.2	3.9	6.5	4.4	4.2	6.5	4.5	4.4	3.9
TTTGACAGAA__0.584272495047746__43	3.9	3.9	6.5	4.4	4.2	6.5	4.5	4.4	3.9
ACTGACAGGG__0.584133790849812__20	4.2	4.5	6.5	4.4	4.2	6.5	4.5	5.2	5.2
AGTGACATAT__0.584092580954358__34	4.5	4.2	6.5	4.4	4.2	6.5	4.5	5.5	4.5
GGGGACGGGG__0.583953706370422__39	5.2	5.2	5.2	4.4	4.2	5.5	5.2	5.2	5.2
CCTGACAGGC__0.583336585620185__27	5.2	4.5	6.5	4.4	4.2	6.5	4.5	5.2	4.7
TATGACAGAC__0.582663684574101__40	5.5	4.5	6.5	4.4	4.2	6.5	4.5	4.4	4.2
AATGGGAGGG__0.581811513795009__29	3.9	4.5	6.5	5.2	5.2	4.4	4.5	5.2	5.2
CTTGACAACC__0.581563805464001__50	4.5	3.9	6.5	4.4	4.2	6.5	3.9	4.2	5.2
CTTGACAATT__0.580787812578243__29	4.5	3.9	6.5	4.4	4.2	6.5	3.9	4.5	3.9
ATTGACAATT__0.579690319109465__30	4.5	3.9	6.5	4.4	4.2	6.5	3.9	4.5	3.9
TATGGGAGGG__0.578974636908666__35	5.5	4.5	6.5	5.2	5.2	4.4	4.5	5.2	5.2
CTTGACATTA__0.578906930317449__31	4.5	3.9	6.5	4.4	4.2	6.5	4.5	3.9	5.5
CTTGACAAGG__0.578776877648159__28	4.5	3.9	6.5	4.4	4.2	6.5	3.9	4.5	5.2
AAAGACAGCA__0.578519703567427__34	3.9	3.9	4.5	4.4	4.2	6.5	4.5	4.7	6.5
GTAGACAGGT__0.578453053947874__26	4.2	5.5	4.5	4.4	4.2	6.5	4.5	5.2	4.2
AGTGACACCT__0.576461770977461__38	4.5	4.2	6.5	4.4	4.2	6.5	4.2	5.2	4.5
GATGACAAGC__0.576175212479068__37	4.4	4.5	6.5	4.4	4.2	6.5	3.9	4.5	4.7
ATTGACATGA__0.575572988898175__32	4.5	3.9	6.5	4.4	4.2	6.5	4.5	6.5	4.4
AGTGACAGAA__0.574632756362525__34	4.5	4.2	6.5	4.4	4.2	6.5	4.5	4.4	3.9
TTTGACAACG__0.574625595869265__42	3.9	3.9	6.5	4.4	4.2	6.5	3.9	4.2	5.5
TCTGACAGCC__0.574488600918083__37	4.4	4.5	6.5	4.4	4.2	6.5	4.5	4.7	5.2
TTTGACAAGA__0.574415535829938__42	3.9	3.9	6.5	4.4	4.2	6.5	3.9	4.5	4.4
GATGACATCT__0.574373256845633__28	4.4	4.5	6.5	4.4	4.2	6.5	4.5	4.4	4.5
GTTGACATTC__0.574285811862175__35	4.2	3.9	6.5	4.4	4.2	6.5	4.5	3.9	4.4
AATCACCGCT__0.574279535879766__28	3.9	4.5	4.4	6.5	4.2	5.2	5.5	4.7	4.5
GGTGGGAGTG__0.5740826883947__60	5.2	4.2	6.5	5.2	5.2	4.4	4.5	4.2	6.5
TATGACATGG__0.573409769029477__26	5.5	4.5	6.5	4.4	4.2	6.5	4.5	6.5	5.2
TAAGACAGCC__0.573045141573261__35	5.5	3.9	4.5	4.4	4.2	6.5	4.5	4.7	5.2
AATGACAATG__0.572828435923269__27	3.9	4.5	6.5	4.4	4.2	6.5	3.9	4.5	6.5
TGTGACACAT__0.572789545788664__43	6.5	4.2	6.5	4.4	4.2	6.5	4.2	6.5	4.5
TATGACATGC__0.57249428152806__34	5.5	4.5	6.5	4.4	4.2	6.5	4.5	6.5	4.7
AGTGACATCT__0.572272929734692__29	4.5	4.2	6.5	4.4	4.2	6.5	4.5	4.4	4.5
GTTGACATTG__0.572047545609549__32	4.2	3.9	6.5	4.4	4.2	6.5	4.5	3.9	6.5
GATGACACCT__0.571835600381171__36	4.4	4.5	6.5	4.4	4.2	6.5	4.2	5.2	4.5
TTTGACATCC__0.5717768947311__42	3.9	3.9	6.5	4.4	4.2	6.5	4.5	4.4	5.2
CGTGACATAT__0.571541815114186__31	5.5	4.2	6.5	4.4	4.2	6.5	4.5	5.5	4.5
CCTGACAGCA__0.57148019771589__32	5.2	4.5	6.5	4.4	4.2	6.5	4.5	4.7	6.5
CATGACAAGC__0.57128900635075__35	6.5	4.5	6.5	4.4	4.2	6.5	3.9	4.5	4.7
TCTGGGAGGG__0.570688242941332__31	4.4	4.5	6.5	5.2	5.2	4.4	4.5	5.2	5.2
TGTGACAAGG__0.569954403631167__34	6.5	4.2	6.5	4.4	4.2	6.5	3.9	4.5	5.2
AAAGACAGCC__0.569925378335588__32	3.9	3.9	4.5	4.4	4.2	6.5	4.5	4.7	5.2
CAAGACAAGG__0.569718584085624__22	6.5	3.9	4.5	4.4	4.2	6.5	3.9	4.5	5.2
CTTGACAGAG__0.569679397945041__25	4.5	3.9	6.5	4.4	4.2	6.5	4.5	4.4	4.5
CATGACAGAG__0.56924754484121__24	6.5	4.5	6.5	4.4	4.2	6.5	4.5	4.4	4.5
TTTGACATGA__0.569099664896787__36	3.9	3.9	6.5	4.4	4.2	6.5	4.5	6.5	4.4
GTTGACAATT__0.569045730675563__32	4.2	3.9	6.5	4.4	4.2	6.5	3.9	4.5	3.9
AATGACATGA__0.568892435968889__27	3.9	4.5	6.5	4.4	4.2	6.5	4.5	6.5	4.4
AATGACAACG__0.568784980992118__31	3.9	4.5	6.5	4.4	4.2	6.5	3.9	4.2	5.5
ATTGACAGAG__0.568633165829854__26	4.5	3.9	6.5	4.4	4.2	6.5	4.5	4.4	4.5
CTTGACAATG__0.56833253421187__28	4.5	3.9	6.5	4.4	4.2	6.5	3.9	4.5	6.5
GTTGACAGAG__0.56817237377478__31	4.2	3.9	6.5	4.4	4.2	6.5	4.5	4.4	4.5
CTTGACATTC__0.568100266392361__27	4.5	3.9	6.5	4.4	4.2	6.5	4.5	3.9	4.4
TATGACACTT__0.568081933652829__29	5.5	4.5	6.5	4.4	4.2	6.5	4.2	4.5	3.9
TATGACAACT__0.567499289966289__35	5.5	4.5	6.5	4.4	4.2	6.5	3.9	4.2	4.5
AGTGACAGAC__0.567448041418602__34	4.5	4.2	6.5	4.4	4.2	6.5	4.5	4.4	4.2
GATGACGGCA__0.567256862275119__24	4.4	4.5	6.5	4.4	4.2	5.5	5.2	4.7	6.5
AATGACAAAT__0.56658140341221__32	3.9	4.5	6.5	4.4	4.2	6.5	3.9	3.9	4.5
ATAGACAGCC__0.566351326120021__33	4.5	5.5	4.5	4.4	4.2	6.5	4.5	4.7	5.2
AGTGACATTT__0.566112853700114__26	4.5	4.2	6.5	4.4	4.2	6.5	4.5	3.9	3.9
TATGACAAGC__0.56582930035051__36	5.5	4.5	6.5	4.4	4.2	6.5	3.9	4.5	4.7
ACTGACAGGA__0.565605954825123__21	4.2	4.5	6.5	4.4	4.2	6.5	4.5	5.2	4.4
CCAGACAGCT__0.565167217297586__22	5.2	6.5	4.5	4.4	4.2	6.5	4.5	4.7	4.5
AGGGACGGGT__0.564591798636116__23	4.5	5.2	5.2	4.4	4.2	5.5	5.2	5.2	4.2
TAAGACAGGT__0.5645382755066__19	5.5	3.9	4.5	4.4	4.2	6.5	4.5	5.2	4.2
TTTGACATTC__0.564226411630256__33	3.9	3.9	6.5	4.4	4.2	6.5	4.5	3.9	4.4
TTTGACATTA__0.563661529014271__34	3.9	3.9	6.5	4.4	4.2	6.5	4.5	3.9	5.5
GGTGACATTT__0.563475348064562__32	5.2	4.2	6.5	4.4	4.2	6.5	4.5	3.9	3.9
AATGACAAAG__0.562298724852912__29	3.9	4.5	6.5	4.4	4.2	6.5	3.9	3.9	4.5
TATGACAACA__0.562272630192119__45	5.5	4.5	6.5	4.4	4.2	6.5	3.9	4.2	6.5
TATGACATCT__0.562041462413459__27	5.5	4.5	6.5	4.4	4.2	6.5	4.5	4.4	4.5
TGTGACATTT__0.561616055470741__31	6.5	4.2	6.5	4.4	4.2	6.5	4.5	3.9	3.9
CATGACATGC__0.561213797663175__28	6.5	4.5	6.5	4.4	4.2	6.5	4.5	6.5	4.7
CATGACAATT__0.561204151607452__24	6.5	4.5	6.5	4.4	4.2	6.5	3.9	4.5	3.9
GGTGACAACT__0.561095431408107__38	5.2	4.2	6.5	4.4	4.2	6.5	3.9	4.2	4.5
GCTGACAGCC__0.56102651993503__34	4.7	4.5	6.5	4.4	4.2	6.5	4.5	4.7	5.2
ATTGACAACC__0.560944920241696__43	4.5	3.9	6.5	4.4	4.2	6.5	3.9	4.2	5.2
TTAGACAGCA__0.560591541962765__35	3.9	5.5	4.5	4.4	4.2	6.5	4.5	4.7	6.5
GATGACGGCT__0.560585704979438__18	4.4	4.5	6.5	4.4	4.2	5.5	5.2	4.7	4.5
AATGACAATA__0.559970052730613__29	3.9	4.5	6.5	4.4	4.2	6.5	3.9	4.5	5.5
GCTGACAGAT__0.559780516404007__25	4.7	4.5	6.5	4.4	4.2	6.5	4.5	4.4	4.5
CTTGTCAGTT__0.55954697942313__28	4.5	3.9	6.5	4.2	4.4	6.5	4.5	4.2	3.9
GTTGACAGAC__0.559431924250627__36	4.2	3.9	6.5	4.4	4.2	6.5	4.5	4.4	4.2
AACGACAGGT__0.559419945381143__15	3.9	4.2	5.5	4.4	4.2	6.5	4.5	5.2	4.2
GGGGAGAGGG__0.559347690449529__33	5.2	5.2	5.2	4.4	4.5	4.4	4.5	5.2	5.2
AGTGGCGGGT__0.558986998572789__31	4.5	4.2	6.5	5.2	4.7	5.5	5.2	5.2	4.2
AGAGACAGCA__0.558885579228659__28	4.5	4.4	4.5	4.4	4.2	6.5	4.5	4.7	6.5
CTTGACAGAA__0.558687228589185__28	4.5	3.9	6.5	4.4	4.2	6.5	4.5	4.4	3.9
CAAGACATGG__0.558601214576173__16	6.5	3.9	4.5	4.4	4.2	6.5	4.5	6.5	5.2
TGTGACAAGC__0.558521117912979__38	6.5	4.2	6.5	4.4	4.2	6.5	3.9	4.5	4.7
AATGACACGA__0.558278005927945__28	3.9	4.5	6.5	4.4	4.2	6.5	4.2	5.5	4.4
GATGACATGG__0.5579370218682__21	4.4	4.5	6.5	4.4	4.2	6.5	4.5	6.5	5.2
TTTGACAGAG__0.556972329598177__29	3.9	3.9	6.5	4.4	4.2	6.5	4.5	4.4	4.5
CTTGACATGA__0.556729377559753__26	4.5	3.9	6.5	4.4	4.2	6.5	4.5	6.5	4.4
ACTGACATGT__0.556295660028769__18	4.2	4.5	6.5	4.4	4.2	6.5	4.5	6.5	4.2
CGTGACATTT__0.556092181577063__24	5.5	4.2	6.5	4.4	4.2	6.5	4.5	3.9	3.9
GGTGACATCT__0.555615658166168__31	5.2	4.2	6.5	4.4	4.2	6.5	4.5	4.4	4.5
GTTGACAACT__0.555152121173922__34	4.2	3.9	6.5	4.4	4.2	6.5	3.9	4.2	4.5
TTTGACAATT__0.554746321204322__29	3.9	3.9	6.5	4.4	4.2	6.5	3.9	4.5	3.9
ATTGATTGGC__0.554597910089194__19	4.5	3.9	6.5	4.4	4.5	3.9	6.5	5.2	4.7
TGTGCCAAGC__0.554454462753729__41	6.5	4.2	6.5	4.7	5.2	6.5	3.9	4.5	4.7
CGTGACACAT__0.554200516429044__32	5.5	4.2	6.5	4.4	4.2	6.5	4.2	6.5	4.5
TGTGACAGAC__0.553698436713617__36	6.5	4.2	6.5	4.4	4.2	6.5	4.5	4.4	4.2
TGTGACATCT__0.553643629775085__30	6.5	4.2	6.5	4.4	4.2	6.5	4.5	4.4	4.5
AATGACATAC__0.553535275491__29	3.9	4.5	6.5	4.4	4.2	6.5	4.5	5.5	4.2
ACAGACAGGT__0.553221099733392__15	4.2	6.5	4.5	4.4	4.2	6.5	4.5	5.2	4.2
AGTGACACGT__0.553178899274978__24	4.5	4.2	6.5	4.4	4.2	6.5	4.2	5.5	4.2
TATGACAGAA__0.552994017183159__29	5.5	4.5	6.5	4.4	4.2	6.5	4.5	4.4	3.9
CTTGACATAA__0.552960082493884__31	4.5	3.9	6.5	4.4	4.2	6.5	4.5	5.5	3.9
CATGACACGG__0.552100608254396__22	6.5	4.5	6.5	4.4	4.2	6.5	4.2	5.5	5.2
TGTGACACTT__0.551412550311486__29	6.5	4.2	6.5	4.4	4.2	6.5	4.2	4.5	3.9
TCTGACAGGA__0.551363143358109__21	4.4	4.5	6.5	4.4	4.2	6.5	4.5	5.2	4.4
GATGACAATA__0.551341324139874__29	4.4	4.5	6.5	4.4	4.2	6.5	3.9	4.5	5.5
TCTGACAGAT__0.551311530272508__22	4.4	4.5	6.5	4.4	4.2	6.5	4.5	4.4	4.5
CGTGACACGT__0.551132895702234__24	5.5	4.2	6.5	4.4	4.2	6.5	4.2	5.5	4.2
AATGACATAA__0.551132770238923__29	3.9	4.5	6.5	4.4	4.2	6.5	4.5	5.5	3.9
CTAGACAGCT__0.550831704103442__21	4.5	5.5	4.5	4.4	4.2	6.5	4.5	4.7	4.5
CTTGACACCC__0.550438073835526__42	4.5	3.9	6.5	4.4	4.2	6.5	4.2	5.2	5.2
AGTGACACTT__0.55032534119264__24	4.5	4.2	6.5	4.4	4.2	6.5	4.2	4.5	3.9
TATGACATTG__0.550142888423103__23	5.5	4.5	6.5	4.4	4.2	6.5	4.5	3.9	6.5
ATTGACATTG__0.550104769625143__22	4.5	3.9	6.5	4.4	4.2	6.5	4.5	3.9	6.5
AGTGACATGC__0.549994133711457__27	4.5	4.2	6.5	4.4	4.2	6.5	4.5	6.5	4.7
AGTGACAACA__0.549959161331764__38	4.5	4.2	6.5	4.4	4.2	6.5	3.9	4.2	6.5
GGTGACAGAA__0.549923787523498__33	5.2	4.2	6.5	4.4	4.2	6.5	4.5	4.4	3.9
TAAGACAGCA__0.549386071533848__28	5.5	3.9	4.5	4.4	4.2	6.5	4.5	4.7	6.5
AGTGGGAGGG__0.549026397224591__31	4.5	4.2	6.5	5.2	5.2	4.4	4.5	5.2	5.2
TATGACAAGA__0.548978394257371__30	5.5	4.5	6.5	4.4	4.2	6.5	3.9	4.5	4.4
GTTGACAAGC__0.547529583928899__33	4.2	3.9	6.5	4.4	4.2	6.5	3.9	4.5	4.7
GGTGACAGAG__0.547462499075426__28	5.2	4.2	6.5	4.4	4.2	6.5	4.5	4.4	4.5
TATGACAACC__0.547419090961857__40	5.5	4.5	6.5	4.4	4.2	6.5	3.9	4.2	5.2
TTTGACAATA__0.546806321864647__33	3.9	3.9	6.5	4.4	4.2	6.5	3.9	4.5	5.5
TATGACACGG__0.54620701310688__23	5.5	4.5	6.5	4.4	4.2	6.5	4.2	5.5	5.2
TGTGACACGT__0.54578999805709__27	6.5	4.2	6.5	4.4	4.2	6.5	4.2	5.5	4.2
AGTGACAAGA__0.545461933976448__28	4.5	4.2	6.5	4.4	4.2	6.5	3.9	4.5	4.4
ATTGACATTA__0.545331915485456__24	4.5	3.9	6.5	4.4	4.2	6.5	4.5	3.9	5.5
ATTGACATTC__0.545326494099133__23	4.5	3.9	6.5	4.4	4.2	6.5	4.5	3.9	4.4
GTTGACATCA__0.544988919896603__30	4.2	3.9	6.5	4.4	4.2	6.5	4.5	4.4	6.5
AAAGACAGGC__0.544923687135386__19	3.9	3.9	4.5	4.4	4.2	6.5	4.5	5.2	4.7
AATGACAATC__0.54488695845609__23	3.9	4.5	6.5	4.4	4.2	6.5	3.9	4.5	4.4
CATGACACGC__0.544820286748209__30	6.5	4.5	6.5	4.4	4.2	6.5	4.2	5.5	4.7
AATGACATCC__0.544183670858481__26	3.9	4.5	6.5	4.4	4.2	6.5	4.5	4.4	5.2
GTAGACAGCA__0.544090457280885__30	4.2	5.5	4.5	4.4	4.2	6.5	4.5	4.7	6.5
AGTGACAATG__0.544077775342424__24	4.5	4.2	6.5	4.4	4.2	6.5	3.9	4.5	6.5
CGTGACATGG__0.543970669844421__20	5.5	4.2	6.5	4.4	4.2	6.5	4.5	6.5	5.2
CTAGACAGGT__0.543950714180331__15	4.5	5.5	4.5	4.4	4.2	6.5	4.5	5.2	4.2
AATGACATCG__0.543920012567473__18	3.9	4.5	6.5	4.4	4.2	6.5	4.5	4.4	5.5
TGTGACACCT__0.543884161797409__33	6.5	4.2	6.5	4.4	4.2	6.5	4.2	5.2	4.5
AATGACATTC__0.543757206209291__20	3.9	4.5	6.5	4.4	4.2	6.5	4.5	3.9	4.4
CGGGACGGGT__0.543609175372237__19	5.5	5.2	5.2	4.4	4.2	5.5	5.2	5.2	4.2
CTTGACACGC__0.543506356550765__29	4.5	3.9	6.5	4.4	4.2	6.5	4.2	5.5	4.7
GATGACAGAG__0.543002483111648__20	4.4	4.5	6.5	4.4	4.2	6.5	4.5	4.4	4.5
AGTGACAAGC__0.542552287365153__28	4.5	4.2	6.5	4.4	4.2	6.5	3.9	4.5	4.7
ATAGACAGGA__0.542339920938874__18	4.5	5.5	4.5	4.4	4.2	6.5	4.5	5.2	4.4
TATGACATAC__0.541993188727819__30	5.5	4.5	6.5	4.4	4.2	6.5	4.5	5.5	4.2
ATTGACAATG__0.541757462085339__23	4.5	3.9	6.5	4.4	4.2	6.5	3.9	4.5	6.5
CATGACATCC__0.541594952901816__27	6.5	4.5	6.5	4.4	4.2	6.5	4.5	4.4	5.2
CATGACATGG__0.540980366660277__17	6.5	4.5	6.5	4.4	4.2	6.5	4.5	6.5	5.2
TGTCACAGTT__0.540904164569265__20	6.5	4.2	4.4	6.5	4.2	6.5	4.5	4.2	3.9
GTTGTCAGTT__0.540619157899627__32	4.2	3.9	6.5	4.2	4.4	6.5	4.5	4.2	3.9
CTTGACATCG__0.540303360841303__19	4.5	3.9	6.5	4.4	4.2	6.5	4.5	4.4	5.5
GATGACAATG__0.539551257175164__22	4.4	4.5	6.5	4.4	4.2	6.5	3.9	4.5	6.5
GTTGACAATA__0.539040418132325__30	4.2	3.9	6.5	4.4	4.2	6.5	3.9	4.5	5.5
CATGTCAGTT__0.538812703951529__20	6.5	4.5	6.5	4.2	4.4	6.5	4.5	4.2	3.9
CTTGACACTG__0.538470486672373__21	4.5	3.9	6.5	4.4	4.2	6.5	4.2	4.5	6.5
TATGACATGA__0.538391214551512__24	5.5	4.5	6.5	4.4	4.2	6.5	4.5	6.5	4.4
GGTGACACAT__0.538364170276042__32	5.2	4.2	6.5	4.4	4.2	6.5	4.2	6.5	4.5
CCTGCCCGCC__0.537882343533353__31	5.2	4.5	6.5	4.7	5.2	5.2	5.5	4.7	5.2
CGTGACAAGG__0.537139167609438__21	5.5	4.2	6.5	4.4	4.2	6.5	3.9	4.5	5.2
AATGACATCA__0.536927945576971__22	3.9	4.5	6.5	4.4	4.2	6.5	4.5	4.4	6.5
GCTGACAGCA__0.536745126973777__27	4.7	4.5	6.5	4.4	4.2	6.5	4.5	4.7	6.5
GACGACAGGT__0.536734341545175__12	4.4	4.2	5.5	4.4	4.2	6.5	4.5	5.2	4.2
GAAGACAGCC__0.536606510896381__24	4.4	3.9	4.5	4.4	4.2	6.5	4.5	4.7	5.2
TTTGACAATC__0.536517647623124__28	3.9	3.9	6.5	4.4	4.2	6.5	3.9	4.5	4.4
TCTGACAGCA__0.536468809718593__26	4.4	4.5	6.5	4.4	4.2	6.5	4.5	4.7	6.5
GATGACAACG__0.536289188827375__25	4.4	4.5	6.5	4.4	4.2	6.5	3.9	4.2	5.5
GATGACAAGA__0.536239329006094__25	4.4	4.5	6.5	4.4	4.2	6.5	3.9	4.5	4.4
GTTGACATAA__0.535996204218267__31	4.2	3.9	6.5	4.4	4.2	6.5	4.5	5.5	3.9
TGTGACAACA__0.535944642299827__38	6.5	4.2	6.5	4.4	4.2	6.5	3.9	4.2	6.5
CAAGACAGCA__0.535850253335551__23	6.5	3.9	4.5	4.4	4.2	6.5	4.5	4.7	6.5
TATGACATTC__0.535623916328193__22	5.5	4.5	6.5	4.4	4.2	6.5	4.5	3.9	4.4
CGTGACATCT__0.534971049898259__21	5.5	4.2	6.5	4.4	4.2	6.5	4.5	4.4	4.5
TATGACAGAG__0.534831998468293__20	5.5	4.5	6.5	4.4	4.2	6.5	4.5	4.4	4.5
CGTGACAGTA__0.533886929922402__20	5.5	4.2	6.5	4.4	4.2	6.5	4.5	4.2	5.5
TATGACAACG__0.533560904095041__26	5.5	4.5	6.5	4.4	4.2	6.5	3.9	4.2	5.5
AATCAAAGCT__0.533154835643923__19	3.9	4.5	4.4	6.5	3.9	3.9	4.5	4.7	4.5
CATGACAATG__0.532981712796924__20	6.5	4.5	6.5	4.4	4.2	6.5	3.9	4.5	6.5
AAAGACAGGG__0.532759322299488__12	3.9	3.9	4.5	4.4	4.2	6.5	4.5	5.2	5.2
GATGACAACC__0.53270118683583__33	4.4	4.5	6.5	4.4	4.2	6.5	3.9	4.2	5.2
GATGACGTCA__0.532544252884681__16	4.4	4.5	6.5	4.4	4.2	5.5	4.2	4.4	6.5
AATGACACAA__0.532404786798101__31	3.9	4.5	6.5	4.4	4.2	6.5	4.2	6.5	3.9
TGTGGCGGGG__0.532301639904149__34	6.5	4.2	6.5	5.2	4.7	5.5	5.2	5.2	5.2
CTTGACACCG__0.532237152990129__25	4.5	3.9	6.5	4.4	4.2	6.5	4.2	5.2	5.5
TGTGACAACC__0.531775560545605__37	6.5	4.2	6.5	4.4	4.2	6.5	3.9	4.2	5.2
AATGACATAG__0.53155990327893__18	3.9	4.5	6.5	4.4	4.2	6.5	4.5	5.5	4.5
CCTGACATGT__0.531369818056807__14	5.2	4.5	6.5	4.4	4.2	6.5	4.5	6.5	4.2
ATTGACATCA__0.530988200405563__23	4.5	3.9	6.5	4.4	4.2	6.5	4.5	4.4	6.5
TGTGACATGC__0.530536826278275__27	6.5	4.2	6.5	4.4	4.2	6.5	4.5	6.5	4.7
CTTGACATCA__0.530375676984322__22	4.5	3.9	6.5	4.4	4.2	6.5	4.5	4.4	6.5
CGTGACAGTG__0.530284922770361__17	5.5	4.2	6.5	4.4	4.2	6.5	4.5	4.2	6.5
CTTGACACTA__0.530056830292963__23	4.5	3.9	6.5	4.4	4.2	6.5	4.2	4.5	5.5
ATTGACAAGA__0.529992446285316__24	4.5	3.9	6.5	4.4	4.2	6.5	3.9	4.5	4.4
TTAGACAGTT__0.529907007218763__17	3.9	5.5	4.5	4.4	4.2	6.5	4.5	4.2	3.9
GTAGACAGTT__0.529710920487891__17	4.2	5.5	4.5	4.4	4.2	6.5	4.5	4.2	3.9
GCAGACAGCT__0.529669825410924__18	4.7	6.5	4.5	4.4	4.2	6.5	4.5	4.7	4.5
CATGACAAGA__0.529320364645829__23	6.5	4.5	6.5	4.4	4.2	6.5	3.9	4.5	4.4
CTTGACACGG__0.529266040083828__18	4.5	3.9	6.5	4.4	4.2	6.5	4.2	5.5	5.2
GAAGACAGGA__0.528676440812449__15	4.4	3.9	4.5	4.4	4.2	6.5	4.5	5.2	4.4
TTCGACAGGT__0.528564654814099__15	3.9	4.4	5.5	4.4	4.2	6.5	4.5	5.2	4.2
AGGGACGGGG__0.528273783560835__16	4.5	5.2	5.2	4.4	4.2	5.5	5.2	5.2	5.2
GATGACGGAT__0.528140135031453__14	4.4	4.5	6.5	4.4	4.2	5.5	5.2	4.4	4.5
GATGACGTCC__0.528089846187703__17	4.4	4.5	6.5	4.4	4.2	5.5	4.2	4.4	5.2
CGTGACAATG__0.527921048178865__21	5.5	4.2	6.5	4.4	4.2	6.5	3.9	4.5	6.5
GATGACAACA__0.527827870098138__31	4.4	4.5	6.5	4.4	4.2	6.5	3.9	4.2	6.5
CGTGACAACT__0.527793646026249__24	5.5	4.2	6.5	4.4	4.2	6.5	3.9	4.2	4.5
ACAGACAGCA__0.527443342328279__21	4.2	6.5	4.5	4.4	4.2	6.5	4.5	4.7	6.5
GATGACACGG__0.527243689804701__18	4.4	4.5	6.5	4.4	4.2	6.5	4.2	5.5	5.2
AATGACATTA__0.527222458913528__18	3.9	4.5	6.5	4.4	4.2	6.5	4.5	3.9	5.5
CGTGACACCT__0.527118305779619__25	5.5	4.2	6.5	4.4	4.2	6.5	4.2	5.2	4.5
TTTGACATCA__0.526985760136212__26	3.9	3.9	6.5	4.4	4.2	6.5	4.5	4.4	6.5
TATGACAAAG__0.526903842913693__24	5.5	4.5	6.5	4.4	4.2	6.5	3.9	3.9	4.5
CATGACACTC__0.526782891891533__22	6.5	4.5	6.5	4.4	4.2	6.5	4.2	4.5	4.4
TTTGACATAA__0.526570887072201__29	3.9	3.9	6.5	4.4	4.2	6.5	4.5	5.5	3.9
AACGACAGCT__0.526439158977594__15	3.9	4.2	5.5	4.4	4.2	6.5	4.5	4.7	4.5
ATTGACATCC__0.526250837188583__24	4.5	3.9	6.5	4.4	4.2	6.5	4.5	4.4	5.2
CCTGACAGAT__0.526132475719504__15	5.2	4.5	6.5	4.4	4.2	6.5	4.5	4.4	4.5
AATGACACAC__0.525971469887394__31	3.9	4.5	6.5	4.4	4.2	6.5	4.2	6.5	4.2
TGTGGCGGGC__0.525817604605559__33	6.5	4.2	6.5	5.2	4.7	5.5	5.2	5.2	4.7
AATGACACTA__0.525681069152159__21	3.9	4.5	6.5	4.4	4.2	6.5	4.2	4.5	5.5
GCTGACAGCG__0.525672830990962__19	4.7	4.5	6.5	4.4	4.2	6.5	4.5	4.7	5.5
ATTGACAACG__0.525577178689242__23	4.5	3.9	6.5	4.4	4.2	6.5	3.9	4.2	5.5
AGGGATAGGG__0.525392279281866__16	4.5	5.2	5.2	4.4	4.5	5.5	4.5	5.2	5.2
GGTGACATGG__0.525127646066625__21	5.2	4.2	6.5	4.4	4.2	6.5	4.5	6.5	5.2
GAAGACACTT__0.525050387624925__16	4.4	3.9	4.5	4.4	4.2	6.5	4.2	4.5	3.9
TATGACATAG__0.524919346245976__20	5.5	4.5	6.5	4.4	4.2	6.5	4.5	5.5	4.5
CTTGACACCA__0.524901075888065__30	4.5	3.9	6.5	4.4	4.2	6.5	4.2	5.2	6.5
GTTGACACGC__0.524888322165483__28	4.2	3.9	6.5	4.4	4.2	6.5	4.2	5.5	4.7
CTTGACAAGA__0.524832441915334__22	4.5	3.9	6.5	4.4	4.2	6.5	3.9	4.5	4.4
AGTGACAGAG__0.524701750314071__18	4.5	4.2	6.5	4.4	4.2	6.5	4.5	4.4	4.5
GTTGACAAGA__0.524427922792223__26	4.2	3.9	6.5	4.4	4.2	6.5	3.9	4.5	4.4
AATGACATTG__0.52442192653663__15	3.9	4.5	6.5	4.4	4.2	6.5	4.5	3.9	6.5
GTAGACAGCC__0.523646581903379__25	4.2	5.5	4.5	4.4	4.2	6.5	4.5	4.7	5.2
CATGACAATA__0.523412389876574__22	6.5	4.5	6.5	4.4	4.2	6.5	3.9	4.5	5.5
GATGACATCA__0.523353925114348__21	4.4	4.5	6.5	4.4	4.2	6.5	4.5	4.4	6.5
ACTGACAGTA__0.523211301000242__15	4.2	4.5	6.5	4.4	4.2	6.5	4.5	4.2	5.5
GTTGACATGA__0.523142501636498__23	4.2	3.9	6.5	4.4	4.2	6.5	4.5	6.5	4.4
CGTGACACTT__0.523087440939324__19	5.5	4.2	6.5	4.4	4.2	6.5	4.2	4.5	3.9
GGTGACAGTC__0.522732987095688__22	5.2	4.2	6.5	4.4	4.2	6.5	4.5	4.2	4.4
CGTGACAGAC__0.522676705857403__23	5.5	4.2	6.5	4.4	4.2	6.5	4.5	4.4	4.2
GGTGACATAT__0.52262632717777__24	5.2	4.2	6.5	4.4	4.2	6.5	4.5	5.5	4.5
AACGACAGTT__0.522616916589198__11	3.9	4.2	5.5	4.4	4.2	6.5	4.5	4.2	3.9
GGGGAGAGGT__0.522454840543668__25	5.2	5.2	5.2	4.4	4.5	4.4	4.5	5.2	4.2
GGTGGCGGGG__0.522400939917771__35	5.2	4.2	6.5	5.2	4.7	5.5	5.2	5.2	5.2
GGTGACACGT__0.522335745703814__22	5.2	4.2	6.5	4.4	4.2	6.5	4.2	5.5	4.2
TTTGACAATG__0.522326646148706__23	3.9	3.9	6.5	4.4	4.2	6.5	3.9	4.5	6.5
GGCGACAGCT__0.522288616702252__18	5.2	4.7	5.5	4.4	4.2	6.5	4.5	4.7	4.5
TTTGACACTG__0.521670864447473__22	3.9	3.9	6.5	4.4	4.2	6.5	4.2	4.5	6.5
TGGGATAGGG__0.521619912712192__20	6.5	5.2	5.2	4.4	4.5	5.5	4.5	5.2	5.2
TGTGACATGG__0.521617391961517__20	6.5	4.2	6.5	4.4	4.2	6.5	4.5	6.5	5.2
TGTGACAACT__0.521600172508436__26	6.5	4.2	6.5	4.4	4.2	6.5	3.9	4.2	4.5
TATGACATCA__0.52136618310814__22	5.5	4.5	6.5	4.4	4.2	6.5	4.5	4.4	6.5
AGAGACAGCC__0.521135506043299__20	4.5	4.4	4.5	4.4	4.2	6.5	4.5	4.7	5.2
GAAGACAGGT__0.521034219084696__12	4.4	3.9	4.5	4.4	4.2	6.5	4.5	5.2	4.2
GTTGACAACG__0.520502722818557__25	4.2	3.9	6.5	4.4	4.2	6.5	3.9	4.2	5.5
AAAGACAGAT__0.520469427496385__14	3.9	3.9	4.5	4.4	4.2	6.5	4.5	4.4	4.5
GACGACAGCT__0.520313344850336__14	4.4	4.2	5.5	4.4	4.2	6.5	4.5	4.7	4.5
CTTGACAAAT__0.520084995816522__22	4.5	3.9	6.5	4.4	4.2	6.5	3.9	3.9	4.5
CGTGACATGA__0.520084842456335__20	5.5	4.2	6.5	4.4	4.2	6.5	4.5	6.5	4.4
GATGACAATT__0.520025123392456__17	4.4	4.5	6.5	4.4	4.2	6.5	3.9	4.5	3.9
TTTGACATAC__0.519921362133133__27	3.9	3.9	6.5	4.4	4.2	6.5	4.5	5.5	4.2
ACTGACAGAC__0.519592435071812__19	4.2	4.5	6.5	4.4	4.2	6.5	4.5	4.4	4.2
CTTGACAACA__0.519588866175829__28	4.5	3.9	6.5	4.4	4.2	6.5	3.9	4.2	6.5
AGTGACAACC__0.519479532602992__29	4.5	4.2	6.5	4.4	4.2	6.5	3.9	4.2	5.2
TTTGACACAC__0.519463484890851__34	3.9	3.9	6.5	4.4	4.2	6.5	4.2	6.5	4.2
TATGACAATC__0.518961618717336__21	5.5	4.5	6.5	4.4	4.2	6.5	3.9	4.5	4.4
CAAGACAGGT__0.518955595768805__11	6.5	3.9	4.5	4.4	4.2	6.5	4.5	5.2	4.2
ATTGACACCC__0.518672860053111__32	4.5	3.9	6.5	4.4	4.2	6.5	4.2	5.2	5.2
GATGATAGGC__0.518605669805731__15	4.4	4.5	6.5	4.4	4.5	5.5	4.5	5.2	4.7
GGAGACAGCT__0.518587242937919__19	5.2	4.4	4.5	4.4	4.2	6.5	4.5	4.7	4.5
GAAGACAGTT__0.518531983727771__12	4.4	3.9	4.5	4.4	4.2	6.5	4.5	4.2	3.9
CGTGACAGTC__0.518439745567311__17	5.5	4.2	6.5	4.4	4.2	6.5	4.5	4.2	4.4
CATGACATCG__0.518208089602052__15	6.5	4.5	6.5	4.4	4.2	6.5	4.5	4.4	5.5
GTTGTCAGGT__0.517756007882436__25	4.2	3.9	6.5	4.2	4.4	6.5	4.5	5.2	4.2
TGTGACAGAA__0.517509461220846__24	6.5	4.2	6.5	4.4	4.2	6.5	4.5	4.4	3.9
ACAGACAGCG__0.516741060001153__14	4.2	6.5	4.5	4.4	4.2	6.5	4.5	4.7	5.5
TATGACAATG__0.516696311443534__19	5.5	4.5	6.5	4.4	4.2	6.5	3.9	4.5	6.5
GGTGACATGC__0.516657900959767__24	5.2	4.2	6.5	4.4	4.2	6.5	4.5	6.5	4.7
GAAGACAGAT__0.516582336468868__14	4.4	3.9	4.5	4.4	4.2	6.5	4.5	4.4	4.5
GATGACATGC__0.516535082866169__19	4.4	4.5	6.5	4.4	4.2	6.5	4.5	6.5	4.7
ATTGACAACA__0.516466580354239__28	4.5	3.9	6.5	4.4	4.2	6.5	3.9	4.2	6.5
CATGACAACA__0.516416901030657__28	6.5	4.5	6.5	4.4	4.2	6.5	3.9	4.2	6.5
TATGACAAAT__0.515979100963663__23	5.5	4.5	6.5	4.4	4.2	6.5	3.9	3.9	4.5
GTTGACAATG__0.515819552039845__21	4.2	3.9	6.5	4.4	4.2	6.5	3.9	4.5	6.5
GGTGACAATT__0.515522369749183__21	5.2	4.2	6.5	4.4	4.2	6.5	3.9	4.5	3.9
ACTGACACTT__0.515236814246667__15	4.2	4.5	6.5	4.4	4.2	6.5	4.2	4.5	3.9
CCTGACAGTC__0.515221898962696__13	5.2	4.5	6.5	4.4	4.2	6.5	4.5	4.2	4.4
AGTGACAATT__0.515103003250469__17	4.5	4.2	6.5	4.4	4.2	6.5	3.9	4.5	3.9
GGGGACAGGG__0.515095117616069__21	5.2	5.2	5.2	4.4	4.2	6.5	4.5	5.2	5.2
GTTGACACGG__0.515088704211425__19	4.2	3.9	6.5	4.4	4.2	6.5	4.2	5.5	5.2
AGTGACAACG__0.515087073688735__21	4.5	4.2	6.5	4.4	4.2	6.5	3.9	4.2	5.5
TATGACACCG__0.514933637794674__23	5.5	4.5	6.5	4.4	4.2	6.5	4.2	5.2	5.5
ATGGACAGGT__0.514898402880564__15	4.5	6.5	5.2	4.4	4.2	6.5	4.5	5.2	4.2
ATTGACACCA__0.514883481395755__28	4.5	3.9	6.5	4.4	4.2	6.5	4.2	5.2	6.5
GTTGACATTA__0.514788578755548__21	4.2	3.9	6.5	4.4	4.2	6.5	4.5	3.9	5.5
CGGGACGGGG__0.514498698129438__14	5.5	5.2	5.2	4.4	4.2	5.5	5.2	5.2	5.2
AGAGACAGTT__0.51444623829236__11	4.5	4.4	4.5	4.4	4.2	6.5	4.5	4.2	3.9
CATGACAAAT__0.514440265219677__21	6.5	4.5	6.5	4.4	4.2	6.5	3.9	3.9	4.5
ATTGACATAC__0.514261376636942__22	4.5	3.9	6.5	4.4	4.2	6.5	4.5	5.5	4.2
TTGGACAGGT__0.513504166871208__19	3.9	6.5	5.2	4.4	4.2	6.5	4.5	5.2	4.2
CCAGACAGGT__0.513200088188997__10	5.2	6.5	4.5	4.4	4.2	6.5	4.5	5.2	4.2
TGTGACATGA__0.513053980815259__22	6.5	4.2	6.5	4.4	4.2	6.5	4.5	6.5	4.4
GCTGACAGGG__0.513021924797434__13	4.7	4.5	6.5	4.4	4.2	6.5	4.5	5.2	5.2
TTCGACAGCT__0.512958195800046__16	3.9	4.4	5.5	4.4	4.2	6.5	4.5	4.7	4.5
TATGACAATT__0.512747240508811__17	5.5	4.5	6.5	4.4	4.2	6.5	3.9	4.5	3.9
ACTGACATAT__0.512680957208003__15	4.2	4.5	6.5	4.4	4.2	6.5	4.5	5.5	4.5
TATGACATCG__0.5126590100436__16	5.5	4.5	6.5	4.4	4.2	6.5	4.5	4.4	5.5
CATGACACAC__0.512521597348491__29	6.5	4.5	6.5	4.4	4.2	6.5	4.2	6.5	4.2
CTTGACACTC__0.512365825950235__19	4.5	3.9	6.5	4.4	4.2	6.5	4.2	4.5	4.4
CATGACATGA__0.512363426262196__17	6.5	4.5	6.5	4.4	4.2	6.5	4.5	6.5	4.4
TGTGACAATT__0.512042003342733__20	6.5	4.2	6.5	4.4	4.2	6.5	3.9	4.5	3.9
GATGACACGC__0.512007385115411__22	4.4	4.5	6.5	4.4	4.2	6.5	4.2	5.5	4.7
CTTGACAATC__0.511998370925507__18	4.5	3.9	6.5	4.4	4.2	6.5	3.9	4.5	4.4
AATGACAAAA__0.511622411533074__25	3.9	4.5	6.5	4.4	4.2	6.5	3.9	3.9	3.9
ATTGATTGCC__0.511418519642186__15	4.5	3.9	6.5	4.4	4.5	3.9	6.5	4.7	5.2
AATGACGGCT__0.511351146502684__10	3.9	4.5	6.5	4.4	4.2	5.5	5.2	4.7	4.5
GAAGACAGCG__0.511261837038794__14	4.4	3.9	4.5	4.4	4.2	6.5	4.5	4.7	5.5
GATGACACTT__0.51122823135368__16	4.4	4.5	6.5	4.4	4.2	6.5	4.2	4.5	3.9
CTTGACATAG__0.511037624135615__16	4.5	3.9	6.5	4.4	4.2	6.5	4.5	5.5	4.5
TTTGACACCG__0.510984457438331__24	3.9	3.9	6.5	4.4	4.2	6.5	4.2	5.2	5.5
ACCGACAGGT__0.510658304883247__9	4.2	5.2	5.5	4.4	4.2	6.5	4.5	5.2	4.2
CCTGATTGGC__0.510655968615573__9	5.2	4.5	6.5	4.4	4.5	3.9	6.5	5.2	4.7
CAAGACAGGA__0.510551115685065__12	6.5	3.9	4.5	4.4	4.2	6.5	4.5	5.2	4.4
TTTGACACCC__0.510181330498776__32	3.9	3.9	6.5	4.4	4.2	6.5	4.2	5.2	5.2
ATTGACAATA__0.510127376384384__20	4.5	3.9	6.5	4.4	4.2	6.5	3.9	4.5	5.5
ATTGACGTCT__0.51006941324588__12	4.5	3.9	6.5	4.4	4.2	5.5	4.2	4.4	4.5
AATGACACTG__0.509969595138723__15	3.9	4.5	6.5	4.4	4.2	6.5	4.2	4.5	6.5
TTAGACAGCC__0.509909157198086__22	3.9	5.5	4.5	4.4	4.2	6.5	4.5	4.7	5.2
ATTGACACAC__0.509841037397548__28	4.5	3.9	6.5	4.4	4.2	6.5	4.2	6.5	4.2
CTTGACAACG__0.509721872533914__19	4.5	3.9	6.5	4.4	4.2	6.5	3.9	4.2	5.5
ACTGACAGTG__0.509538232326794__11	4.2	4.5	6.5	4.4	4.2	6.5	4.5	4.2	6.5
CATGACGGTT__0.509507222178296__9	6.5	4.5	6.5	4.4	4.2	5.5	5.2	4.2	3.9
GCTGACATGT__0.509491659639647__14	4.7	4.5	6.5	4.4	4.2	6.5	4.5	6.5	4.2
TACGACAGGT__0.509269916943271__11	5.5	4.2	5.5	4.4	4.2	6.5	4.5	5.2	4.2
AGTGACAATA__0.509231442197236__20	4.5	4.2	6.5	4.4	4.2	6.5	3.9	4.5	5.5
CGTGACATCC__0.509161826450285__21	5.5	4.2	6.5	4.4	4.2	6.5	4.5	4.4	5.2
ATTGACGGCT__0.508759837868032__12	4.5	3.9	6.5	4.4	4.2	5.5	5.2	4.7	4.5
AGTGACATAC__0.50875648176747__21	4.5	4.2	6.5	4.4	4.2	6.5	4.5	5.5	4.2
CAAGACAGCC__0.508741222418976__18	6.5	3.9	4.5	4.4	4.2	6.5	4.5	4.7	5.2
GAAGACAGGG__0.508077285413361__10	4.4	3.9	4.5	4.4	4.2	6.5	4.5	5.2	5.2
GATGACACCA__0.507639395847764__26	4.4	4.5	6.5	4.4	4.2	6.5	4.2	5.2	6.5
CATGACATAC__0.507617511385032__20	6.5	4.5	6.5	4.4	4.2	6.5	4.5	5.5	4.2
TATGACATCC__0.507504449952721__21	5.5	4.5	6.5	4.4	4.2	6.5	4.5	4.4	5.2
AGCGACAGCT__0.507482245499168__14	4.5	4.7	5.5	4.4	4.2	6.5	4.5	4.7	4.5
AGTGACATGG__0.507377852661425__14	4.5	4.2	6.5	4.4	4.2	6.5	4.5	6.5	5.2
TGTGACAACG__0.50728886047058__23	6.5	4.2	6.5	4.4	4.2	6.5	3.9	4.2	5.5
TTTGACACTA__0.507131328634938__22	3.9	3.9	6.5	4.4	4.2	6.5	4.2	4.5	5.5
TTTGACACGC__0.506981612211995__24	3.9	3.9	6.5	4.4	4.2	6.5	4.2	5.5	4.7
ATTGACACTA__0.506597723945568__19	4.5	3.9	6.5	4.4	4.2	6.5	4.2	4.5	5.5
GCTGACAGGC__0.506297624135206__16	4.7	4.5	6.5	4.4	4.2	6.5	4.5	5.2	4.7
ATTGACACGC__0.506217593555929__21	4.5	3.9	6.5	4.4	4.2	6.5	4.2	5.5	4.7
AGTGACATTG__0.506099832784224__15	4.5	4.2	6.5	4.4	4.2	6.5	4.5	3.9	6.5
TATGACACGC__0.505984042826177__22	5.5	4.5	6.5	4.4	4.2	6.5	4.2	5.5	4.7
AATGACAAAC__0.505701845510381__24	3.9	4.5	6.5	4.4	4.2	6.5	3.9	3.9	4.2
GGTGTCAGGT__0.505461818331021__24	5.2	4.2	6.5	4.2	4.4	6.5	4.5	5.2	4.2
AGAGACAGAT__0.505309801055559__12	4.5	4.4	4.5	4.4	4.2	6.5	4.5	4.4	4.5
CGTGACATGC__0.505131448997378__18	5.5	4.2	6.5	4.4	4.2	6.5	4.5	6.5	4.7
AAAGACAGTT__0.504864143293194__10	3.9	3.9	4.5	4.4	4.2	6.5	4.5	4.2	3.9
CGAGACAGGT__0.504851012945923__10	5.5	4.4	4.5	4.4	4.2	6.5	4.5	5.2	4.2
CGTGGCGGGG__0.504615454923054__19	5.5	4.2	6.5	5.2	4.7	5.5	5.2	5.2	5.2
TGAGACAGGT__0.504459370042739__12	6.5	4.4	4.5	4.4	4.2	6.5	4.5	5.2	4.2
GTTGACAATC__0.504218369472847__20	4.2	3.9	6.5	4.4	4.2	6.5	3.9	4.5	4.4
CATGACAACG__0.503977459778753__18	6.5	4.5	6.5	4.4	4.2	6.5	3.9	4.2	5.5
CTTGTCAGGT__0.503934084878672__16	4.5	3.9	6.5	4.2	4.4	6.5	4.5	5.2	4.2
CGTGACAGAA__0.503836417641842__18	5.5	4.2	6.5	4.4	4.2	6.5	4.5	4.4	3.9
CATGACATCA__0.503748587076568__17	6.5	4.5	6.5	4.4	4.2	6.5	4.5	4.4	6.5
TATGACACCC__0.503394120519796__29	5.5	4.5	6.5	4.4	4.2	6.5	4.2	5.2	5.2
CTTGACAATA__0.503246158836348__18	4.5	3.9	6.5	4.4	4.2	6.5	3.9	4.5	5.5
GCTGACAGGA__0.503208899611073__14	4.7	4.5	6.5	4.4	4.2	6.5	4.5	5.2	4.4
TGGGACTGGG__0.503065001193311__16	6.5	5.2	5.2	4.4	4.2	4.5	6.5	5.2	5.2
GAAGACAGGC__0.501964478511673__13	4.4	3.9	4.5	4.4	4.2	6.5	4.5	5.2	4.7
CGAGACAGCT__0.501756570406615__13	5.5	4.4	4.5	4.4	4.2	6.5	4.5	4.7	4.5
GTTGACAACC__0.501751069334406__27	4.2	3.9	6.5	4.4	4.2	6.5	3.9	4.2	5.2
AGTGACACGC__0.501584681694669__20	4.5	4.2	6.5	4.4	4.2	6.5	4.2	5.5	4.7
GGTGACAACC__0.501534525075781__28	5.2	4.2	6.5	4.4	4.2	6.5	3.9	4.2	5.2
GGTGACATTG__0.501424998099339__18	5.2	4.2	6.5	4.4	4.2	6.5	4.5	3.9	6.5
TCTGACACGT__0.50110724211567__14	4.4	4.5	6.5	4.4	4.2	6.5	4.2	5.5	4.2
TTTGACACGG__0.501022835613716__17	3.9	3.9	6.5	4.4	4.2	6.5	4.2	5.5	5.2
TGTGACATAA__0.500982231158612__23	6.5	4.2	6.5	4.4	4.2	6.5	4.5	5.5	3.9
AGTGACGGCT__0.500812246412591__12	4.5	4.2	6.5	4.4	4.2	5.5	5.2	4.7	4.5
TATGACGTCT__0.500753542832782__11	5.5	4.5	6.5	4.4	4.2	5.5	4.2	4.4	4.5
CGTGACAACC__0.500753327611396__25	5.5	4.2	6.5	4.4	4.2	6.5	3.9	4.2	5.2
AAAGACAGGA__0.500598145322693__11	3.9	3.9	4.5	4.4	4.2	6.5	4.5	5.2	4.4
GGTGACAGAC__0.500282958056003__22	5.2	4.2	6.5	4.4	4.2	6.5	4.5	4.4	4.2
TGGGACGGGC__0.500213895380284__19	6.5	5.2	5.2	4.4	4.2	5.5	5.2	5.2	4.7
TATGACAATA__0.500161386623648__19	5.5	4.5	6.5	4.4	4.2	6.5	3.9	4.5	5.5
ACTGACAACT__0.500156662678272__16	4.2	4.5	6.5	4.4	4.2	6.5	3.9	4.2	4.5
GTTGACATCG__0.500080138144352__16	4.2	3.9	6.5	4.4	4.2	6.5	4.5	4.4	5.5
GTTGACATCC__0.499995269633686__21	4.2	3.9	6.5	4.4	4.2	6.5	4.5	4.4	5.2
GCTGACAACT__0.499575285829575__18	4.7	4.5	6.5	4.4	4.2	6.5	3.9	4.2	4.5
CATGACATAG__0.499450236836837__14	6.5	4.5	6.5	4.4	4.2	6.5	4.5	5.5	4.5
TCTGACATGT__0.499411432755541__12	4.4	4.5	6.5	4.4	4.2	6.5	4.5	6.5	4.2
TCTGACAGCG__0.499265844120838__14	4.4	4.5	6.5	4.4	4.2	6.5	4.5	4.7	5.5
ACTGACAAGT__0.499156659690592__12	4.2	4.5	6.5	4.4	4.2	6.5	3.9	4.5	4.2
CCTGACAGGA__0.499122484493592__11	5.2	4.5	6.5	4.4	4.2	6.5	4.5	5.2	4.4
GATGACATCG__0.499060096159634__13	4.4	4.5	6.5	4.4	4.2	6.5	4.5	4.4	5.5
GGTGATGGGG__0.498610621289816__15	5.2	4.2	6.5	4.4	4.5	6.5	5.2	5.2	5.2
TATGACACCA__0.498293854069088__25	5.5	4.5	6.5	4.4	4.2	6.5	4.2	5.2	6.5
CATGTCAGGT__0.498223085064144__13	6.5	4.5	6.5	4.2	4.4	6.5	4.5	5.2	4.2
CGTGACAACA__0.498219326103268__24	5.5	4.2	6.5	4.4	4.2	6.5	3.9	4.2	6.5
TTTGACTTGT__0.497723542932034__14	3.9	3.9	6.5	4.4	4.2	4.5	3.9	6.5	4.2
GATGACAAAT__0.497539144410274__18	4.4	4.5	6.5	4.4	4.2	6.5	3.9	3.9	4.5
GGGGACGGGA__0.497379282395651__19	5.2	5.2	5.2	4.4	4.2	5.5	5.2	5.2	4.4
GGTGAGGGCG__0.497366252029085__15	5.2	4.2	6.5	4.4	4.5	5.2	5.2	4.7	5.5
AGGGACGGGC__0.497126885054613__14	4.5	5.2	5.2	4.4	4.2	5.5	5.2	5.2	4.7
GGTGACACGG__0.49692761839584__17	5.2	4.2	6.5	4.4	4.2	6.5	4.2	5.5	5.2
AATGACTGTT__0.496742417068708__9	3.9	4.5	6.5	4.4	4.2	4.5	6.5	4.2	3.9
GTTGACATAC__0.496737293559169__21	4.2	3.9	6.5	4.4	4.2	6.5	4.5	5.5	4.2
AGAGACAGGT__0.49672682922687__9	4.5	4.4	4.5	4.4	4.2	6.5	4.5	5.2	4.2
TGAGACAGCT__0.496234432178781__14	6.5	4.4	4.5	4.4	4.2	6.5	4.5	4.7	4.5
GGAGACAGCA__0.496193603493008__19	5.2	4.4	4.5	4.4	4.2	6.5	4.5	4.7	6.5
ATTGACAAAT__0.496000066815549__18	4.5	3.9	6.5	4.4	4.2	6.5	3.9	3.9	4.5
CCTGACAGAA__0.495947465802874__14	5.2	4.5	6.5	4.4	4.2	6.5	4.5	4.4	3.9
AATGACACCA__0.495560258362319__22	3.9	4.5	6.5	4.4	4.2	6.5	4.2	5.2	6.5
GGTGACACCT__0.495451243578711__21	5.2	4.2	6.5	4.4	4.2	6.5	4.2	5.2	4.5
CCTGACAACT__0.495447075970496__15	5.2	4.5	6.5	4.4	4.2	6.5	3.9	4.2	4.5
TAAGACAGAT__0.495440158140743__12	5.5	3.9	4.5	4.4	4.2	6.5	4.5	4.4	4.5
GGTGACAACA__0.49537736161431__26	5.2	4.2	6.5	4.4	4.2	6.5	3.9	4.2	6.5
GATGACGGCG__0.495376421022841__10	4.4	4.5	6.5	4.4	4.2	5.5	5.2	4.7	5.5
AGTGACAAAT__0.495374889387893__18	4.5	4.2	6.5	4.4	4.2	6.5	3.9	3.9	4.5
CATGACATTA__0.495359624154694__14	6.5	4.5	6.5	4.4	4.2	6.5	4.5	3.9	5.5
CATGACACCC__0.495349494105272__26	6.5	4.5	6.5	4.4	4.2	6.5	4.2	5.2	5.2
GGTGACATAA__0.495117033581848__22	5.2	4.2	6.5	4.4	4.2	6.5	4.5	5.5	3.9
CTGGGCAGGG__0.494942368189656__19	4.5	6.5	5.2	5.2	4.7	6.5	4.5	5.2	5.2
TGTGGCGGGA__0.494770271855975__25	6.5	4.2	6.5	5.2	4.7	5.5	5.2	5.2	4.4
GGTGGGAGGT__0.494363412627597__29	5.2	4.2	6.5	5.2	5.2	4.4	4.5	5.2	4.2
TGGGACGGGA__0.494263173980708__17	6.5	5.2	5.2	4.4	4.2	5.5	5.2	5.2	4.4
GGTGACACTT__0.49408958696658__17	5.2	4.2	6.5	4.4	4.2	6.5	4.2	4.5	3.9
GCTGACAGAC__0.493884308135539__17	4.7	4.5	6.5	4.4	4.2	6.5	4.5	4.4	4.2
AATGACACCC__0.493693883746947__24	3.9	4.5	6.5	4.4	4.2	6.5	4.2	5.2	5.2
TGTGACATTA__0.493548569409066__18	6.5	4.2	6.5	4.4	4.2	6.5	4.5	3.9	5.5
CATGTCAGAA__0.493321677469896__17	6.5	4.5	6.5	4.2	4.4	6.5	4.5	4.4	3.9
AGTGGCGGGG__0.493264228572899__17	4.5	4.2	6.5	5.2	4.7	5.5	5.2	5.2	5.2
CATGACACGA__0.493064323228887__16	6.5	4.5	6.5	4.4	4.2	6.5	4.2	5.5	4.4
TCTGACAGGG__0.49299137835262__10	4.4	4.5	6.5	4.4	4.2	6.5	4.5	5.2	5.2
TGCGACAGGT__0.492690014810832__11	6.5	4.7	5.5	4.4	4.2	6.5	4.5	5.2	4.2
AGTGACATAA__0.492091195634027__18	4.5	4.2	6.5	4.4	4.2	6.5	4.5	5.5	3.9
GATGACATTA__0.491973227309212__14	4.4	4.5	6.5	4.4	4.2	6.5	4.5	3.9	5.5
GATGTCAGGG__0.491863470939145__14	4.4	4.5	6.5	4.2	4.4	6.5	4.5	5.2	5.2
ATTGACACGG__0.491823166164349__13	4.5	3.9	6.5	4.4	4.2	6.5	4.2	5.5	5.2
CCTGACAGTG__0.491750234635599__9	5.2	4.5	6.5	4.4	4.2	6.5	4.5	4.2	6.5
GGTGACAAGA__0.491657944376936__20	5.2	4.2	6.5	4.4	4.2	6.5	3.9	4.5	4.4
GAAGACAAGT__0.491634705941104__11	4.4	3.9	4.5	4.4	4.2	6.5	3.9	4.5	4.2
ATTGACACTC__0.491457977226434__16	4.5	3.9	6.5	4.4	4.2	6.5	4.2	4.5	4.4
GGTGGGAGCG__0.49143909322256__29	5.2	4.2	6.5	5.2	5.2	4.4	4.5	4.7	5.5
GATGACACAG__0.491428222921988__16	4.4	4.5	6.5	4.4	4.2	6.5	4.2	6.5	4.5
GATGACAAAC__0.491415555038683__22	4.4	4.5	6.5	4.4	4.2	6.5	3.9	3.9	4.2
CTTGACTGGT__0.491378330897277__9	4.5	3.9	6.5	4.4	4.2	4.5	6.5	5.2	4.2
CATGACACCG__0.490807120021147__17	6.5	4.5	6.5	4.4	4.2	6.5	4.2	5.2	5.5
TTTGACGGGT__0.490729502743367__12	3.9	3.9	6.5	4.4	4.2	5.5	5.2	5.2	4.2
TATGACACTA__0.490717832743851__17	5.5	4.5	6.5	4.4	4.2	6.5	4.2	4.5	5.5
CCTGACAGAC__0.490631636008831__14	5.2	4.5	6.5	4.4	4.2	6.5	4.5	4.4	4.2
ATTGACAAAG__0.490528793529967__16	4.5	3.9	6.5	4.4	4.2	6.5	3.9	3.9	4.5
ATAGACAGCG__0.490475001480059__12	4.5	5.5	4.5	4.4	4.2	6.5	4.5	4.7	5.5
AAAGACAGCG__0.490305814448786__11	3.9	3.9	4.5	4.4	4.2	6.5	4.5	4.7	5.5
AGTGACACGG__0.490039117498387__13	4.5	4.2	6.5	4.4	4.2	6.5	4.2	5.5	5.2
CCTGACACGT__0.489671697131364__11	5.2	4.5	6.5	4.4	4.2	6.5	4.2	5.5	4.2
GCTGACAGTG__0.489608177652275__11	4.7	4.5	6.5	4.4	4.2	6.5	4.5	4.2	6.5
GGTGACATAG__0.489534133416112__17	5.2	4.2	6.5	4.4	4.2	6.5	4.5	5.5	4.5
TATGACACAC__0.489429649290109__24	5.5	4.5	6.5	4.4	4.2	6.5	4.2	6.5	4.2
CATGACATAA__0.489227875573998__17	6.5	4.5	6.5	4.4	4.2	6.5	4.5	5.5	3.9
ACTGATAGGC__0.489193962457856__9	4.2	4.5	6.5	4.4	4.5	5.5	4.5	5.2	4.7
GATGACGTCT__0.48918121243068__9	4.4	4.5	6.5	4.4	4.2	5.5	4.2	4.4	4.5
ATAGACAGGC__0.48876610069803__12	4.5	5.5	4.5	4.4	4.2	6.5	4.5	5.2	4.7
TAAGACAGGC__0.488763605206787__12	5.5	3.9	4.5	4.4	4.2	6.5	4.5	5.2	4.7
GATGACAAAA__0.488750967595979__21	4.4	4.5	6.5	4.4	4.2	6.5	3.9	3.9	3.9
CGAGACAGCA__0.488586516571004__15	5.5	4.4	4.5	4.4	4.2	6.5	4.5	4.7	6.5
TTTGACACTC__0.488494325908766__18	3.9	3.9	6.5	4.4	4.2	6.5	4.2	4.5	4.4
GTTGTCAGAT__0.488443254351426__21	4.2	3.9	6.5	4.2	4.4	6.5	4.5	4.4	4.5
ATGGGCAGGG__0.488394630183358__18	4.5	6.5	5.2	5.2	4.7	6.5	4.5	5.2	5.2
TGTGACAAGA__0.488063074511789__19	6.5	4.2	6.5	4.4	4.2	6.5	3.9	4.5	4.4
TTTGACATAG__0.487939320136636__16	3.9	3.9	6.5	4.4	4.2	6.5	4.5	5.5	4.5
TTTGACAAAG__0.487822896072118__18	3.9	3.9	6.5	4.4	4.2	6.5	3.9	3.9	4.5
GGGGAAAGGG__0.487793574902075__19	5.2	5.2	5.2	4.4	3.9	3.9	4.5	5.2	5.2
AGTGACACCC__0.487537664682842__23	4.5	4.2	6.5	4.4	4.2	6.5	4.2	5.2	5.2
TATGACGGGT__0.48750196032428__9	5.5	4.5	6.5	4.4	4.2	5.5	5.2	5.2	4.2
CTTGACACGA__0.487478865278652__15	4.5	3.9	6.5	4.4	4.2	6.5	4.2	5.5	4.4
GGTGACAATG__0.487478154455003__17	5.2	4.2	6.5	4.4	4.2	6.5	3.9	4.5	6.5
ACGGACAGGT__0.487453124749759__9	4.2	5.5	5.2	4.4	4.2	6.5	4.5	5.2	4.2
ACTGACAGCG__0.487201441094188__11	4.2	4.5	6.5	4.4	4.2	6.5	4.5	4.7	5.5
TCTGACATAT__0.487051740630609__13	4.4	4.5	6.5	4.4	4.2	6.5	4.5	5.5	4.5
TCAGACAGCT__0.486737496204044__12	4.4	6.5	4.5	4.4	4.2	6.5	4.5	4.7	4.5
GGTGACATTA__0.48648794321305__17	5.2	4.2	6.5	4.4	4.2	6.5	4.5	3.9	5.5
TATGACACAA__0.486361994229964__22	5.5	4.5	6.5	4.4	4.2	6.5	4.2	6.5	3.9
GAGGACAGCA__0.486352194420779__17	4.4	4.5	5.2	4.4	4.2	6.5	4.5	4.7	6.5
GATGTCAGGT__0.486014718403304__13	4.4	4.5	6.5	4.2	4.4	6.5	4.5	5.2	4.2
TTTGACACCA__0.485693662599157__23	3.9	3.9	6.5	4.4	4.2	6.5	4.2	5.2	6.5
GCAGACAGGT__0.485661430645236__9	4.7	6.5	4.5	4.4	4.2	6.5	4.5	5.2	4.2
GATGACACCC__0.485566561762131__23	4.4	4.5	6.5	4.4	4.2	6.5	4.2	5.2	5.2
CGTGACAACG__0.485512522739302__16	5.5	4.2	6.5	4.4	4.2	6.5	3.9	4.2	5.5
AAAGACAGTA__0.485368644255902__10	3.9	3.9	4.5	4.4	4.2	6.5	4.5	4.2	5.5
GATGACAATC__0.484991149537408__14	4.4	4.5	6.5	4.4	4.2	6.5	3.9	4.5	4.4
CATGACACCA__0.484825755406953__21	6.5	4.5	6.5	4.4	4.2	6.5	4.2	5.2	6.5
GGTGACAAGC__0.48481336788044__19	5.2	4.2	6.5	4.4	4.2	6.5	3.9	4.5	4.7
TTGGGCAGGG__0.484652264123173__23	3.9	6.5	5.2	5.2	4.7	6.5	4.5	5.2	5.2
GTTGACATAG__0.484488560464803__15	4.2	3.9	6.5	4.4	4.2	6.5	4.5	5.5	4.5
GCTGACAGTA__0.484448015772541__12	4.7	4.5	6.5	4.4	4.2	6.5	4.5	4.2	5.5
ATAGACAGTT__0.483933644841433__9	4.5	5.5	4.5	4.4	4.2	6.5	4.5	4.2	3.9
TGTGACAATG__0.483038900043901__16	6.5	4.2	6.5	4.4	4.2	6.5	3.9	4.5	6.5
GTTGACAACA__0.482928883846507__22	4.2	3.9	6.5	4.4	4.2	6.5	3.9	4.2	6.5
AGGGACAGCT__0.482858918926765__14	4.5	5.2	5.2	4.4	4.2	6.5	4.5	4.7	4.5
AGTGACACTA__0.482855495651297__15	4.5	4.2	6.5	4.4	4.2	6.5	4.2	4.5	5.5
TAAGACAGCG__0.482011284012048__11	5.5	3.9	4.5	4.4	4.2	6.5	4.5	4.7	5.5
GGGGACGGGC__0.481928041440826__17	5.2	5.2	5.2	4.4	4.2	5.5	5.2	5.2	4.7
GATGACATTG__0.481921159889322__11	4.4	4.5	6.5	4.4	4.2	6.5	4.5	3.9	6.5
ACTGACACAT__0.481787081191475__14	4.2	4.5	6.5	4.4	4.2	6.5	4.2	6.5	4.5
CATGACACAA__0.48165509812354__20	6.5	4.5	6.5	4.4	4.2	6.5	4.2	6.5	3.9
ACTGACAAGG__0.481382348957225__10	4.2	4.5	6.5	4.4	4.2	6.5	3.9	4.5	5.2
GGAGACAGGG__0.481306260628398__10	5.2	4.4	4.5	4.4	4.2	6.5	4.5	5.2	5.2
GATGACATTC__0.481295575918992__12	4.4	4.5	6.5	4.4	4.2	6.5	4.5	3.9	4.4
TGTGACACTG__0.48093536609698__15	6.5	4.2	6.5	4.4	4.2	6.5	4.2	4.5	6.5
TTTGACACAA__0.480702374693831__22	3.9	3.9	6.5	4.4	4.2	6.5	4.2	6.5	3.9
CAAGACAGGC__0.480273089623841__10	6.5	3.9	4.5	4.4	4.2	6.5	4.5	5.2	4.7
CATGACAATC__0.480244659934808__13	6.5	4.5	6.5	4.4	4.2	6.5	3.9	4.5	4.4
AAAGACAGTC__0.480232612076677__9	3.9	3.9	4.5	4.4	4.2	6.5	4.5	4.2	4.4
CATGACAAAG__0.480137793665137__14	6.5	4.5	6.5	4.4	4.2	6.5	3.9	3.9	4.5
TGAGACAGCA__0.479974275008336__15	6.5	4.4	4.5	4.4	4.2	6.5	4.5	4.7	6.5
TTTGACTGGT__0.479858024572624__11	3.9	3.9	6.5	4.4	4.2	4.5	6.5	5.2	4.2
CGTGTCAGGT__0.479453772950169__13	5.5	4.2	6.5	4.2	4.4	6.5	4.5	5.2	4.2
CGTGACATAC__0.479404907504962__16	5.5	4.2	6.5	4.4	4.2	6.5	4.5	5.5	4.2
TATGACACGA__0.479341213611599__15	5.5	4.5	6.5	4.4	4.2	6.5	4.2	5.5	4.4
AGTGACAAAA__0.479320736865359__19	4.5	4.2	6.5	4.4	4.2	6.5	3.9	3.9	3.9
TGTCACAGGG__0.479269306657797__10	6.5	4.2	4.4	6.5	4.2	6.5	4.5	5.2	5.2
TATGACACAG__0.479143507883559__15	5.5	4.5	6.5	4.4	4.2	6.5	4.2	6.5	4.5
GATGACAAAG__0.479031294023756__14	4.4	4.5	6.5	4.4	4.2	6.5	3.9	3.9	4.5
TGAGACAGAT__0.478918319245372__11	6.5	4.4	4.5	4.4	4.2	6.5	4.5	4.4	4.5
CGTGACAATT__0.478872211427088__12	5.5	4.2	6.5	4.4	4.2	6.5	3.9	4.5	3.9
AATGATAGAC__0.47862956349014__11	3.9	4.5	6.5	4.4	4.5	5.5	4.5	4.4	4.2
GGTGGGAGAG__0.478455156853945__26	5.2	4.2	6.5	5.2	5.2	4.4	4.5	4.4	4.5
ATTGACATAG__0.478270208397801__12	4.5	3.9	6.5	4.4	4.2	6.5	4.5	5.5	4.5
TGTGACAGAG__0.47804525327596__14	6.5	4.2	6.5	4.4	4.2	6.5	4.5	4.4	4.5
AATGACACCG__0.478006787681537__14	3.9	4.5	6.5	4.4	4.2	6.5	4.2	5.2	5.5
AGTGACACTC__0.477891793018456__14	4.5	4.2	6.5	4.4	4.2	6.5	4.2	4.5	4.4
GCAGACAGCC__0.477763246736045__14	4.7	6.5	4.5	4.4	4.2	6.5	4.5	4.7	5.2
CGTGACGGAT__0.477615329323014__10	5.5	4.2	6.5	4.4	4.2	5.5	5.2	4.4	4.5
TATGACGTCA__0.477546788956113__10	5.5	4.5	6.5	4.4	4.2	5.5	4.2	4.4	6.5
ATTGACACCG__0.477362319320408__15	4.5	3.9	6.5	4.4	4.2	6.5	4.2	5.2	5.5
GGCGACAGGT__0.476982772916898__9	5.2	4.7	5.5	4.4	4.2	6.5	4.5	5.2	4.2
CATGACATTC__0.476711247082866__11	6.5	4.5	6.5	4.4	4.2	6.5	4.5	3.9	4.4
GTTGTCAGTG__0.476517021955029__17	4.2	3.9	6.5	4.2	4.4	6.5	4.5	4.2	6.5
CGTGACAAGC__0.476425875077589__15	5.5	4.2	6.5	4.4	4.2	6.5	3.9	4.5	4.7
TTTGACACAG__0.476358142968595__16	3.9	3.9	6.5	4.4	4.2	6.5	4.2	6.5	4.5
AGTGACACTG__0.476339485708421__12	4.5	4.2	6.5	4.4	4.2	6.5	4.2	4.5	6.5
GGAGACAGGT__0.476328500385976__10	5.2	4.4	4.5	4.4	4.2	6.5	4.5	5.2	4.2
TGTGTCAGGT__0.476219112076628__17	6.5	4.2	6.5	4.2	4.4	6.5	4.5	5.2	4.2
GGTGACAACG__0.476137573007451__17	5.2	4.2	6.5	4.4	4.2	6.5	3.9	4.2	5.5
GGTGTCAGGG__0.475765125119255__18	5.2	4.2	6.5	4.2	4.4	6.5	4.5	5.2	5.2
TTAGACAGGA__0.475745057241192__11	3.9	5.5	4.5	4.4	4.2	6.5	4.5	5.2	4.4
GATGACATGA__0.475133804199025__12	4.4	4.5	6.5	4.4	4.2	6.5	4.5	6.5	4.4
TCTGACATTT__0.475035348655261__10	4.4	4.5	6.5	4.4	4.2	6.5	4.5	3.9	3.9
GATGTCAGTG__0.475012919280125__12	4.4	4.5	6.5	4.2	4.4	6.5	4.5	4.2	6.5
CCTGACACCT__0.47485642388175__13	5.2	4.5	6.5	4.4	4.2	6.5	4.2	5.2	4.5
ATTGACATAA__0.474853751422533__15	4.5	3.9	6.5	4.4	4.2	6.5	4.5	5.5	3.9
CTAGACAGCA__0.474845784009439__13	4.5	5.5	4.5	4.4	4.2	6.5	4.5	4.7	6.5
TGTGACAAAG__0.474741823782764__16	6.5	4.2	6.5	4.4	4.2	6.5	3.9	3.9	4.5
CTTGACAAAC__0.474258082853191__18	4.5	3.9	6.5	4.4	4.2	6.5	3.9	3.9	4.2
GAGGACAGCT__0.474194506264524__12	4.4	4.5	5.2	4.4	4.2	6.5	4.5	4.7	4.5
TATGACACTC__0.473967616322208__14	5.5	4.5	6.5	4.4	4.2	6.5	4.2	4.5	4.4
GGTGCCAAGC__0.473812271182087__19	5.2	4.2	6.5	4.7	5.2	6.5	3.9	4.5	4.7
TTTGACGGAT__0.472765701860752__11	3.9	3.9	6.5	4.4	4.2	5.5	5.2	4.4	4.5
TGTGACATTC__0.472450489663316__14	6.5	4.2	6.5	4.4	4.2	6.5	4.5	3.9	4.4
AATGACACTC__0.47241517350134__12	3.9	4.5	6.5	4.4	4.2	6.5	4.2	4.5	4.4
GATGACATAG__0.472403608505246__11	4.4	4.5	6.5	4.4	4.2	6.5	4.5	5.5	4.5
GTTGACGGCT__0.472271299880374__10	4.2	3.9	6.5	4.4	4.2	5.5	5.2	4.7	4.5
AGTGACATCC__0.471994997071445__14	4.5	4.2	6.5	4.4	4.2	6.5	4.5	4.4	5.2
GATGACACCG__0.471877175922896__14	4.4	4.5	6.5	4.4	4.2	6.5	4.2	5.2	5.5
TCTGACAGAC__0.471868610836568__13	4.4	4.5	6.5	4.4	4.2	6.5	4.5	4.4	4.2
GTTGTCAGTA__0.471697967746157__18	4.2	3.9	6.5	4.2	4.4	6.5	4.5	4.2	5.5
TCTGACAGTA__0.471437869068354__10	4.4	4.5	6.5	4.4	4.2	6.5	4.5	4.2	5.5
GATGACATAC__0.471323547333229__14	4.4	4.5	6.5	4.4	4.2	6.5	4.5	5.5	4.2
TCCGACAGCT__0.471298674894168__9	4.4	5.2	5.5	4.4	4.2	6.5	4.5	4.7	4.5
TGTGACATTG__0.47125928051928__13	6.5	4.2	6.5	4.4	4.2	6.5	4.5	3.9	6.5
AGTGTCAGTT__0.470900389289236__12	4.5	4.2	6.5	4.2	4.4	6.5	4.5	4.2	3.9
ACTGACAGAA__0.470875806452491__11	4.2	4.5	6.5	4.4	4.2	6.5	4.5	4.4	3.9
GGAGACAAGG__0.470824585415034__11	5.2	4.4	4.5	4.4	4.2	6.5	3.9	4.5	5.2
AGTGACGTCA__0.47073790734192__10	4.5	4.2	6.5	4.4	4.2	5.5	4.2	4.4	6.5
AATGACACAG__0.470589265435501__12	3.9	4.5	6.5	4.4	4.2	6.5	4.2	6.5	4.5
TTTGACAAAC__0.470554347063128__20	3.9	3.9	6.5	4.4	4.2	6.5	3.9	3.9	4.2
GAAGACACAT__0.470498585135715__12	4.4	3.9	4.5	4.4	4.2	6.5	4.2	6.5	4.5
TATGACATTA__0.4704159978287__12	5.5	4.5	6.5	4.4	4.2	6.5	4.5	3.9	5.5
TATGTCAGGT__0.469783892390263__12	5.5	4.5	6.5	4.2	4.4	6.5	4.5	5.2	4.2
TGGGGCAGGG__0.469644823388417__22	6.5	5.2	5.2	5.2	4.7	6.5	4.5	5.2	5.2
ATTGACACTG__0.469416778620274__11	4.5	3.9	6.5	4.4	4.2	6.5	4.2	4.5	6.5
CTTGACACAA__0.469304053843181__17	4.5	3.9	6.5	4.4	4.2	6.5	4.2	6.5	3.9
CGTGTCAGTG__0.468783989260604__12	5.5	4.2	6.5	4.2	4.4	6.5	4.5	4.2	6.5
GGTGACATCA__0.468622897359198__15	5.2	4.2	6.5	4.4	4.2	6.5	4.5	4.4	6.5
ATTGACAATC__0.46835276069944__12	4.5	3.9	6.5	4.4	4.2	6.5	3.9	4.5	4.4
AGTGACATTC__0.468217535831546__11	4.5	4.2	6.5	4.4	4.2	6.5	4.5	3.9	4.4
AGTGACATCG__0.468170125467845__10	4.5	4.2	6.5	4.4	4.2	6.5	4.5	4.4	5.5
AGTGACACAC__0.467964672697428__18	4.5	4.2	6.5	4.4	4.2	6.5	4.2	6.5	4.2
TGTCACAGTA__0.467798191978099__11	6.5	4.2	4.4	6.5	4.2	6.5	4.5	4.2	5.5
ATAGACAGAT__0.467739065299104__9	4.5	5.5	4.5	4.4	4.2	6.5	4.5	4.4	4.5
GTAGACAGCG__0.4676011825417__11	4.2	5.5	4.5	4.4	4.2	6.5	4.5	4.7	5.5
CATGTCAGAT__0.467143652812767__11	6.5	4.5	6.5	4.2	4.4	6.5	4.5	4.4	4.5
GTCGACAGCT__0.467095358785379__9	4.2	4.4	5.5	4.4	4.2	6.5	4.5	4.7	4.5
GTTGACGGGT__0.467085993246746__9	4.2	3.9	6.5	4.4	4.2	5.5	5.2	5.2	4.2
GGGGACTGGG__0.467038221518746__12	5.2	5.2	5.2	4.4	4.2	4.5	6.5	5.2	5.2
AGTGACAATC__0.466961367812161__12	4.5	4.2	6.5	4.4	4.2	6.5	3.9	4.5	4.4
GTAGACAGGA__0.466787386248794__10	4.2	5.5	4.5	4.4	4.2	6.5	4.5	5.2	4.4
AGTGACAAAC__0.466739002708852__17	4.5	4.2	6.5	4.4	4.2	6.5	3.9	3.9	4.2
TATGACAAAC__0.466730650107847__18	5.5	4.5	6.5	4.4	4.2	6.5	3.9	3.9	4.2
TTTGACGTTT__0.466451009438115__10	3.9	3.9	6.5	4.4	4.2	5.5	4.2	3.9	3.9
CTTGTCAGGG__0.466215563716434__11	4.5	3.9	6.5	4.2	4.4	6.5	4.5	5.2	5.2
TGTGACATCG__0.466164507825756__12	6.5	4.2	6.5	4.4	4.2	6.5	4.5	4.4	5.5
CATGACAAAC__0.466139936472266__17	6.5	4.5	6.5	4.4	4.2	6.5	3.9	3.9	4.2
GGAGACAGCC__0.465987955569613__14	5.2	4.4	4.5	4.4	4.2	6.5	4.5	4.7	5.2
GCTGACAAGT__0.465923110545531__10	4.7	4.5	6.5	4.4	4.2	6.5	3.9	4.5	4.2
AGTGTCAGGT__0.465915012120787__11	4.5	4.2	6.5	4.2	4.4	6.5	4.5	5.2	4.2
CGTGACATTG__0.465751634127097__10	5.5	4.2	6.5	4.4	4.2	6.5	4.5	3.9	6.5
GTTGACACCC__0.465551988563668__20	4.2	3.9	6.5	4.4	4.2	6.5	4.2	5.2	5.2
CGTGACATAA__0.465442418502316__14	5.5	4.2	6.5	4.4	4.2	6.5	4.5	5.5	3.9
GATGACGGCC__0.465068013973423__9	4.4	4.5	6.5	4.4	4.2	5.5	5.2	4.7	5.2
CCAGACAGCA__0.4647571993473__11	5.2	6.5	4.5	4.4	4.2	6.5	4.5	4.7	6.5
CATGACACTG__0.464549718541042__10	6.5	4.5	6.5	4.4	4.2	6.5	4.2	4.5	6.5
GTTGACACTG__0.464488481522101__12	4.2	3.9	6.5	4.4	4.2	6.5	4.2	4.5	6.5
GATGACACGA__0.464259378840659__12	4.4	4.5	6.5	4.4	4.2	6.5	4.2	5.5	4.4
AATGTCAGGT__0.464156154251872__9	3.9	4.5	6.5	4.2	4.4	6.5	4.5	5.2	4.2
ACTGACATGC__0.463889265862756__10	4.2	4.5	6.5	4.4	4.2	6.5	4.5	6.5	4.7
GTTGACACAC__0.463807827136913__19	4.2	3.9	6.5	4.4	4.2	6.5	4.2	6.5	4.2
GGTGACAATA__0.463785212533811__15	5.2	4.2	6.5	4.4	4.2	6.5	3.9	4.5	5.5
GTGGACAGGT__0.463648601562693__12	4.2	6.5	5.2	4.4	4.2	6.5	4.5	5.2	4.2
GGTGTCAGTT__0.463471041427028__16	5.2	4.2	6.5	4.2	4.4	6.5	4.5	4.2	3.9
ATTGATTGCA__0.463375956245425__9	4.5	3.9	6.5	4.4	4.5	3.9	6.5	4.7	6.5
CCAGACAGCC__0.463367220233798__11	5.2	6.5	4.5	4.4	4.2	6.5	4.5	4.7	5.2
TTTGACTGTT__0.463049414044464__10	3.9	3.9	6.5	4.4	4.2	4.5	6.5	4.2	3.9
TATGATAGGC__0.463028129941752__9	5.5	4.5	6.5	4.4	4.5	5.5	4.5	5.2	4.7
TCAGACAGCA__0.4630260495659__12	4.4	6.5	4.5	4.4	4.2	6.5	4.5	4.7	6.5
CAAGACAAGC__0.46296840098402__11	6.5	3.9	4.5	4.4	4.2	6.5	3.9	4.5	4.7
AGGGACAGCA__0.462755219852039__14	4.5	5.2	5.2	4.4	4.2	6.5	4.5	4.7	6.5
AGTGACAAAG__0.4626079648705__12	4.5	4.2	6.5	4.4	4.2	6.5	3.9	3.9	4.5
TGTGACTGGT__0.462439297060346__9	6.5	4.2	6.5	4.4	4.2	4.5	6.5	5.2	4.2
CATGTCAGGA__0.461865514383413__10	6.5	4.5	6.5	4.2	4.4	6.5	4.5	5.2	4.4
GATGACACAC__0.461833435618386__17	4.4	4.5	6.5	4.4	4.2	6.5	4.2	6.5	4.2
CGTGACAAAT__0.461775854562195__13	5.5	4.2	6.5	4.4	4.2	6.5	3.9	3.9	4.5
CCTGACATCA__0.461444493631107__10	5.2	4.5	6.5	4.4	4.2	6.5	4.5	4.4	6.5
TGTCACAGTG__0.461332688834175__9	6.5	4.2	4.4	6.5	4.2	6.5	4.5	4.2	6.5
CGTGACACCG__0.461224119072246__13	5.5	4.2	6.5	4.4	4.2	6.5	4.2	5.2	5.5
AATGGCAGGT__0.460948882141759__10	3.9	4.5	6.5	5.2	4.7	6.5	4.5	5.2	4.2
ATTGACACAA__0.460914430213161__16	4.5	3.9	6.5	4.4	4.2	6.5	4.2	6.5	3.9
GGTGACACAG__0.4608906049015__14	5.2	4.2	6.5	4.4	4.2	6.5	4.2	6.5	4.5
TCTGACAAGT__0.46045594709694__9	4.4	4.5	6.5	4.4	4.2	6.5	3.9	4.5	4.2
TGTGACACGC__0.460322992521448__15	6.5	4.2	6.5	4.4	4.2	6.5	4.2	5.5	4.7
GCTGACATTT__0.460084809542651__9	4.7	4.5	6.5	4.4	4.2	6.5	4.5	3.9	3.9
GGTGGCGGGC__0.459958237233966__19	5.2	4.2	6.5	5.2	4.7	5.5	5.2	5.2	4.7
TACAACAGCA__0.459519727713105__11	5.5	4.2	6.5	3.9	4.2	6.5	4.5	4.7	6.5
CATGTCAGTG__0.459455544912882__9	6.5	4.5	6.5	4.2	4.4	6.5	4.5	4.2	6.5
TATGACGGCA__0.459453093165667__9	5.5	4.5	6.5	4.4	4.2	5.5	5.2	4.7	6.5
GTTGACTTGT__0.459214236125101__9	4.2	3.9	6.5	4.4	4.2	4.5	3.9	6.5	4.2
CACGACAGCC__0.459191541178969__10	6.5	4.2	5.5	4.4	4.2	6.5	4.5	4.7	5.2
AAAGACAGAC__0.459146251797752__10	3.9	3.9	4.5	4.4	4.2	6.5	4.5	4.4	4.2
GTTGATAGGT__0.458857031933256__9	4.2	3.9	6.5	4.4	4.5	5.5	4.5	5.2	4.2
ATTGACGGCA__0.458649603294144__9	4.5	3.9	6.5	4.4	4.2	5.5	5.2	4.7	6.5
TTTGACAAAT__0.457952842137416__14	3.9	3.9	6.5	4.4	4.2	6.5	3.9	3.9	4.5
CGAGACAGCC__0.457903488743647__11	5.5	4.4	4.5	4.4	4.2	6.5	4.5	4.7	5.2
ATAGACAGAA__0.457565844293477__10	4.5	5.5	4.5	4.4	4.2	6.5	4.5	4.4	3.9
AGTGTCAGAA__0.457509896942147__13	4.5	4.2	6.5	4.2	4.4	6.5	4.5	4.4	3.9
TTAGACAGGC__0.45718516136872__10	3.9	5.5	4.5	4.4	4.2	6.5	4.5	5.2	4.7
TGTGACACGG__0.456844017552746__11	6.5	4.2	6.5	4.4	4.2	6.5	4.2	5.5	5.2
GGTGACATCG__0.456743745841957__11	5.2	4.2	6.5	4.4	4.2	6.5	4.5	4.4	5.5
CATGACACTA__0.456246121330505__11	6.5	4.5	6.5	4.4	4.2	6.5	4.2	4.5	5.5
GGGGATAGGT__0.456129592020808__11	5.2	5.2	5.2	4.4	4.5	5.5	4.5	5.2	4.2
GGGGATAGGA__0.455899661692825__12	5.2	5.2	5.2	4.4	4.5	5.5	4.5	5.2	4.4
GATGACATAA__0.455419394903627__12	4.4	4.5	6.5	4.4	4.2	6.5	4.5	5.5	3.9
CGTGACATCA__0.455024695207168__11	5.5	4.2	6.5	4.4	4.2	6.5	4.5	4.4	6.5
CGTGGCGGGC__0.455003145610344__12	5.5	4.2	6.5	5.2	4.7	5.5	5.2	5.2	4.7
ATTGACACGA__0.454822944618634__11	4.5	3.9	6.5	4.4	4.2	6.5	4.2	5.5	4.4
TTTGGCAGGT__0.454821605151284__15	3.9	3.9	6.5	5.2	4.7	6.5	4.5	5.2	4.2
TGTGACACGA__0.454790854996791__13	6.5	4.2	6.5	4.4	4.2	6.5	4.2	5.5	4.4
ACTGACAAGA__0.454714442315792__10	4.2	4.5	6.5	4.4	4.2	6.5	3.9	4.5	4.4
ATTGACACAG__0.454668375883883__11	4.5	3.9	6.5	4.4	4.2	6.5	4.2	6.5	4.5
GGTGTCAGAA__0.453978909729883__17	5.2	4.2	6.5	4.2	4.4	6.5	4.5	4.4	3.9
AAAGACAAGC__0.453553879100005__10	3.9	3.9	4.5	4.4	4.2	6.5	3.9	4.5	4.7
CGTGGCGGGA__0.453393259287349__12	5.5	4.2	6.5	5.2	4.7	5.5	5.2	5.2	4.4
TCTGACAGAA__0.45297948465683__10	4.4	4.5	6.5	4.4	4.2	6.5	4.5	4.4	3.9
GTTGTCAGGG__0.452938784785481__13	4.2	3.9	6.5	4.2	4.4	6.5	4.5	5.2	5.2
GATGACACTG__0.452737819140345__9	4.4	4.5	6.5	4.4	4.2	6.5	4.2	4.5	6.5
GTTGACACAA__0.452534751393074__16	4.2	3.9	6.5	4.4	4.2	6.5	4.2	6.5	3.9
TGCGACAGCT__0.452457698486734__9	6.5	4.7	5.5	4.4	4.2	6.5	4.5	4.7	4.5
TGTGACAATA__0.452014090057925__13	6.5	4.2	6.5	4.4	4.2	6.5	3.9	4.5	5.5
CGTGACACGA__0.451904270613758__11	5.5	4.2	6.5	4.4	4.2	6.5	4.2	5.5	4.4
GTTGACGTCA__0.451738194793966__9	4.2	3.9	6.5	4.4	4.2	5.5	4.2	4.4	6.5
GGTGTCAGTG__0.451377672639983__14	5.2	4.2	6.5	4.2	4.4	6.5	4.5	4.2	6.5
TGTGACACCA__0.451340184132836__16	6.5	4.2	6.5	4.4	4.2	6.5	4.2	5.2	6.5
TTTGACGGCA__0.451245536717282__10	3.9	3.9	6.5	4.4	4.2	5.5	5.2	4.7	6.5
GTTGACACTA__0.451201325379114__12	4.2	3.9	6.5	4.4	4.2	6.5	4.2	4.5	5.5
AGCGACAGCA__0.450971120790739__10	4.5	4.7	5.5	4.4	4.2	6.5	4.5	4.7	6.5
TGTGACATCC__0.450616831325205__13	6.5	4.2	6.5	4.4	4.2	6.5	4.5	4.4	5.2
TGGGACAGGG__0.450489867005154__10	6.5	5.2	5.2	4.4	4.2	6.5	4.5	5.2	5.2
TGTGTCAGAG__0.450256871918544__14	6.5	4.2	6.5	4.2	4.4	6.5	4.5	4.4	4.5
CCCGACAGCA__0.450212972856337__9	5.2	5.2	5.5	4.4	4.2	6.5	4.5	4.7	6.5
AGGGTCAGGG__0.450207393293562__10	4.5	5.2	5.2	4.2	4.4	6.5	4.5	5.2	5.2
TGAGACAGCC__0.450190338836644__11	6.5	4.4	4.5	4.4	4.2	6.5	4.5	4.7	5.2
GGTGACGTCT__0.449985126168336__9	5.2	4.2	6.5	4.4	4.2	5.5	4.2	4.4	4.5
CTTGACAAAG__0.449746459009399__10	4.5	3.9	6.5	4.4	4.2	6.5	3.9	3.9	4.5
ATTGTCAGGT__0.4496573331626__9	4.5	3.9	6.5	4.2	4.4	6.5	4.5	5.2	4.2
AATGTCAGAT__0.449609000104722__9	3.9	4.5	6.5	4.2	4.4	6.5	4.5	4.4	4.5
AGTGACATAG__0.449426167119118__9	4.5	4.2	6.5	4.4	4.2	6.5	4.5	5.5	4.5
TTTGACACGA__0.449267654325962__12	3.9	3.9	6.5	4.4	4.2	6.5	4.2	5.5	4.4
TTAGACAGCG__0.449088400109644__9	3.9	5.5	4.5	4.4	4.2	6.5	4.5	4.7	5.5
GGTGTCAGTA__0.449054661903742__15	5.2	4.2	6.5	4.2	4.4	6.5	4.5	4.2	5.5
CAAGACAAAG__0.448831457794173__9	6.5	3.9	4.5	4.4	4.2	6.5	3.9	3.9	4.5
TCTGACATGA__0.448793882100993__9	4.4	4.5	6.5	4.4	4.2	6.5	4.5	6.5	4.4
GATGTCAGTT__0.44829861807791__9	4.4	4.5	6.5	4.2	4.4	6.5	4.5	4.2	3.9
GGTGACAAAT__0.448225239459809__13	5.2	4.2	6.5	4.4	4.2	6.5	3.9	3.9	4.5
GTAGACAGGC__0.447783516046485__9	4.2	5.5	4.5	4.4	4.2	6.5	4.5	5.2	4.7
AGTGGCGGGC__0.44754256114874__11	4.5	4.2	6.5	5.2	4.7	5.5	5.2	5.2	4.7
GATGCCAAGC__0.447284984721781__11	4.4	4.5	6.5	4.7	5.2	6.5	3.9	4.5	4.7
GTTGACACCA__0.447181358967085__15	4.2	3.9	6.5	4.4	4.2	6.5	4.2	5.2	6.5
GTTGTCAGCA__0.446681661676915__15	4.2	3.9	6.5	4.2	4.4	6.5	4.5	4.7	6.5
GTTGACACCG__0.446620387988104__12	4.2	3.9	6.5	4.4	4.2	6.5	4.2	5.2	5.5
GGTGTCAGGA__0.446527608084717__14	5.2	4.2	6.5	4.2	4.4	6.5	4.5	5.2	4.4
GAAGACAACG__0.446487874384544__9	4.4	3.9	4.5	4.4	4.2	6.5	3.9	4.2	5.5
TGTGCCAGTC__0.446328838422956__11	6.5	4.2	6.5	4.7	5.2	6.5	4.5	4.2	4.4
AGTGACATTA__0.446284914819657__9	4.5	4.2	6.5	4.4	4.2	6.5	4.5	3.9	5.5
TGTGACACAC__0.446278116319359__16	6.5	4.2	6.5	4.4	4.2	6.5	4.2	6.5	4.2
CTTGTCAGTG__0.446070877363829__9	4.5	3.9	6.5	4.2	4.4	6.5	4.5	4.2	6.5
TGGGACCGGG__0.445946534769791__10	6.5	5.2	5.2	4.4	4.2	5.2	5.5	5.2	5.2
CGTGTCAGGA__0.445918427570016__10	5.5	4.2	6.5	4.2	4.4	6.5	4.5	5.2	4.4
GATGTCAGTA__0.445865679924557__10	4.4	4.5	6.5	4.2	4.4	6.5	4.5	4.2	5.5
AGTGACACAG__0.445748610263538__10	4.5	4.2	6.5	4.4	4.2	6.5	4.2	6.5	4.5
AAAGACACAT__0.445390909725663__9	3.9	3.9	4.5	4.4	4.2	6.5	4.2	6.5	4.5
GGTGACATGA__0.445320020276474__11	5.2	4.2	6.5	4.4	4.2	6.5	4.5	6.5	4.4
ATGGACAGGC__0.445272756116899__9	4.5	6.5	5.2	4.4	4.2	6.5	4.5	5.2	4.7
TATGCCAAGC__0.445161373506001__11	5.5	4.5	6.5	4.7	5.2	6.5	3.9	4.5	4.7
AGTGACATGA__0.445028541853949__9	4.5	4.2	6.5	4.4	4.2	6.5	4.5	6.5	4.4
AGTGTCAGTG__0.444714581109249__9	4.5	4.2	6.5	4.2	4.4	6.5	4.5	4.2	6.5
CGTGACACTC__0.444501456139392__10	5.5	4.2	6.5	4.4	4.2	6.5	4.2	4.5	4.4
GGTGTCAGAT__0.444384726190979__14	5.2	4.2	6.5	4.2	4.4	6.5	4.5	4.4	4.5
GTTGACAAAG__0.44405916993745__11	4.2	3.9	6.5	4.4	4.2	6.5	3.9	3.9	4.5
GTTGACACAG__0.44390609334383__11	4.2	3.9	6.5	4.4	4.2	6.5	4.2	6.5	4.5
CGTGACAAAG__0.443702020996873__10	5.5	4.2	6.5	4.4	4.2	6.5	3.9	3.9	4.5
TGTGACACCG__0.443614974331734__12	6.5	4.2	6.5	4.4	4.2	6.5	4.2	5.2	5.5
GTTGACACGA__0.443550884543591__11	4.2	3.9	6.5	4.4	4.2	6.5	4.2	5.5	4.4
CATGACAAAA__0.443318047737296__13	6.5	4.5	6.5	4.4	4.2	6.5	3.9	3.9	3.9
ACTGACACGC__0.44306765498484__10	4.2	4.5	6.5	4.4	4.2	6.5	4.2	5.5	4.7
AGTGACACCA__0.443016326123116__13	4.5	4.2	6.5	4.4	4.2	6.5	4.2	5.2	6.5
TGTGACAATC__0.442924444104602__11	6.5	4.2	6.5	4.4	4.2	6.5	3.9	4.5	4.4
GTTGTCAGCT__0.442674916323749__13	4.2	3.9	6.5	4.2	4.4	6.5	4.5	4.7	4.5
GGTGACACCG__0.442349612932773__12	5.2	4.2	6.5	4.4	4.2	6.5	4.2	5.2	5.5
CGTGACACGC__0.442304970271814__11	5.5	4.2	6.5	4.4	4.2	6.5	4.2	5.5	4.7
GGGGAAAGGT__0.441888077917463__12	5.2	5.2	5.2	4.4	3.9	3.9	4.5	5.2	4.2
TGTGTCAGTT__0.441540460485072__12	6.5	4.2	6.5	4.2	4.4	6.5	4.5	4.2	3.9
ACTGACAACA__0.441299373371486__12	4.2	4.5	6.5	4.4	4.2	6.5	3.9	4.2	6.5
CGGGTCAGGG__0.441215577130311__9	5.5	5.2	5.2	4.2	4.4	6.5	4.5	5.2	5.2
ATTGACTGCC__0.441150525784361__9	4.5	3.9	6.5	4.4	4.2	4.5	6.5	4.7	5.2
GCTGACAACA__0.440769643165692__13	4.7	4.5	6.5	4.4	4.2	6.5	3.9	4.2	6.5
TTTGACGTCC__0.440574926828061__9	3.9	3.9	6.5	4.4	4.2	5.5	4.2	4.4	5.2
TATGTCAGTG__0.440568920003528__9	5.5	4.5	6.5	4.2	4.4	6.5	4.5	4.2	6.5
GTGGACAGCT__0.440556420755__11	4.2	6.5	5.2	4.4	4.2	6.5	4.5	4.7	4.5
CTTGTCAGCA__0.440506987557572__11	4.5	3.9	6.5	4.2	4.4	6.5	4.5	4.7	6.5
TATGTCAGTT__0.440421511242173__9	5.5	4.5	6.5	4.2	4.4	6.5	4.5	4.2	3.9
CAGGGCAGGG__0.440244128785634__9	6.5	4.5	5.2	5.2	4.7	6.5	4.5	5.2	5.2
TGTGCCAAGA__0.440167845177925__12	6.5	4.2	6.5	4.7	5.2	6.5	3.9	4.5	4.4
CTAGACAGCC__0.440045756582181__9	4.5	5.5	4.5	4.4	4.2	6.5	4.5	4.7	5.2
CTTGACACAG__0.43988013792772__9	4.5	3.9	6.5	4.4	4.2	6.5	4.2	6.5	4.5
GGTGAAAGGG__0.439738633880501__9	5.2	4.2	6.5	4.4	3.9	3.9	4.5	5.2	5.2
GATGACACTC__0.439402459874186__9	4.4	4.5	6.5	4.4	4.2	6.5	4.2	4.5	4.4
GGTGACAAAG__0.439193097516701__11	5.2	4.2	6.5	4.4	4.2	6.5	3.9	3.9	4.5
CGTGACAATC__0.439020523408633__9	5.5	4.2	6.5	4.4	4.2	6.5	3.9	4.5	4.4
CGGGGCAGGG__0.438953089259365__12	5.5	5.2	5.2	5.2	4.7	6.5	4.5	5.2	5.2
GGGGAGAGGA__0.437854558319635__11	5.2	5.2	5.2	4.4	4.5	4.4	4.5	5.2	4.4
GGTGTCAGCT__0.437282586824589__13	5.2	4.2	6.5	4.2	4.4	6.5	4.5	4.7	4.5
GGTGTCAGCG__0.436719725662039__13	5.2	4.2	6.5	4.2	4.4	6.5	4.5	4.7	5.5
AGTGACACGA__0.436353071861059__9	4.5	4.2	6.5	4.4	4.2	6.5	4.2	5.5	4.4
TTTGTCAGTT__0.436160352306431__11	3.9	3.9	6.5	4.2	4.4	6.5	4.5	4.2	3.9
CGTGACACAC__0.435235113409014__13	5.5	4.2	6.5	4.4	4.2	6.5	4.2	6.5	4.2
CCTGACAACA__0.434950109832986__11	5.2	4.5	6.5	4.4	4.2	6.5	3.9	4.2	6.5
TTTGACTGCC__0.434879578207862__10	3.9	3.9	6.5	4.4	4.2	4.5	6.5	4.7	5.2
AATGTCAGAA__0.434699563827235__9	3.9	4.5	6.5	4.2	4.4	6.5	4.5	4.4	3.9
CTTGTCAGCT__0.434517829564115__9	4.5	3.9	6.5	4.2	4.4	6.5	4.5	4.7	4.5
AGTGTCAGCT__0.434390422895174__9	4.5	4.2	6.5	4.2	4.4	6.5	4.5	4.7	4.5
CTTGTCAGTA__0.434234746111793__9	4.5	3.9	6.5	4.2	4.4	6.5	4.5	4.2	5.5
GCTGACAACG__0.433971600599342__9	4.7	4.5	6.5	4.4	4.2	6.5	3.9	4.2	5.5
TATGACATAA__0.433686450569333__10	5.5	4.5	6.5	4.4	4.2	6.5	4.5	5.5	3.9
CGTGACACTA__0.433586109002397__9	5.5	4.2	6.5	4.4	4.2	6.5	4.2	4.5	5.5
TGTGACATCA__0.433387749608598__10	6.5	4.2	6.5	4.4	4.2	6.5	4.5	4.4	6.5
CCTGACAACC__0.433307771389218__11	5.2	4.5	6.5	4.4	4.2	6.5	3.9	4.2	5.2
CTTGTCAGAA__0.433292603542955__10	4.5	3.9	6.5	4.2	4.4	6.5	4.5	4.4	3.9
TGTGACATAC__0.432772396734235__11	6.5	4.2	6.5	4.4	4.2	6.5	4.5	5.5	4.2
TATGACAAAA__0.432101756439289__12	5.5	4.5	6.5	4.4	4.2	6.5	3.9	3.9	3.9
ACTGACAACC__0.432063460870538__11	4.2	4.5	6.5	4.4	4.2	6.5	3.9	4.2	5.2
GTTGGCAGGT__0.431977684682505__12	4.2	3.9	6.5	5.2	4.7	6.5	4.5	5.2	4.2
GTTGTCAGAC__0.431897933182743__13	4.2	3.9	6.5	4.2	4.4	6.5	4.5	4.4	4.2
CGTGTCAGAA__0.431745896604773__10	5.5	4.2	6.5	4.2	4.4	6.5	4.5	4.4	3.9
TGGGCCAGGG__0.431517839747824__9	6.5	5.2	5.2	4.7	5.2	6.5	4.5	5.2	5.2
GGTGACACGC__0.431406033060776__11	5.2	4.2	6.5	4.4	4.2	6.5	4.2	5.5	4.7
GTTGCCAAGC__0.431316895425998__11	4.2	3.9	6.5	4.7	5.2	6.5	3.9	4.5	4.7
TGTGCCAGTT__0.431163171950841__9	6.5	4.2	6.5	4.7	5.2	6.5	4.5	4.2	3.9
TGTGACAAAC__0.430904729816926__13	6.5	4.2	6.5	4.4	4.2	6.5	3.9	3.9	4.2
TTTGTCAGGT__0.430535509716016__10	3.9	3.9	6.5	4.2	4.4	6.5	4.5	5.2	4.2
GTTGACAAAT__0.430111691973441__10	4.2	3.9	6.5	4.4	4.2	6.5	3.9	3.9	4.5
TGGGAAAGGG__0.429695467747115__9	6.5	5.2	5.2	4.4	3.9	3.9	4.5	5.2	5.2
GGTGACAAAC__0.429691743486647__13	5.2	4.2	6.5	4.4	4.2	6.5	3.9	3.9	4.2
AGTGACACAA__0.428507248652979__11	4.5	4.2	6.5	4.4	4.2	6.5	4.2	6.5	3.9
TTAGACAAGC__0.428452386227322__9	3.9	5.5	4.5	4.4	4.2	6.5	3.9	4.5	4.7
GGGGAGAGGC__0.427703258672516__10	5.2	5.2	5.2	4.4	4.5	4.4	4.5	5.2	4.7
GTTGTCAGCG__0.427472600572335__11	4.2	3.9	6.5	4.2	4.4	6.5	4.5	4.7	5.5
TGTGTCAGGG__0.426994113453093__10	6.5	4.2	6.5	4.2	4.4	6.5	4.5	5.2	5.2
GGTGACATCC__0.426346686237627__10	5.2	4.2	6.5	4.4	4.2	6.5	4.5	4.4	5.2
GGTGGGAGGC__0.426198556332373__15	5.2	4.2	6.5	5.2	5.2	4.4	4.5	5.2	4.7
GGTGTCAGAG__0.425554258224279__11	5.2	4.2	6.5	4.2	4.4	6.5	4.5	4.4	4.5
GGTGACAAAA__0.424998027466416__12	5.2	4.2	6.5	4.4	4.2	6.5	3.9	3.9	3.9
GGTGACAATC__0.424249128719383__9	5.2	4.2	6.5	4.4	4.2	6.5	3.9	4.5	4.4
GTTGTCAGGA__0.42341627537567__10	4.2	3.9	6.5	4.2	4.4	6.5	4.5	5.2	4.4
CCTGACACCC__0.422708027699932__11	5.2	4.5	6.5	4.4	4.2	6.5	4.2	5.2	5.2
CGTGTCAGCA__0.421944583183728__9	5.5	4.2	6.5	4.2	4.4	6.5	4.5	4.7	6.5
ATAGACAACC__0.421712402413257__10	4.5	5.5	4.5	4.4	4.2	6.5	3.9	4.2	5.2
GGTGACACTA__0.421459324813302__9	5.2	4.2	6.5	4.4	4.2	6.5	4.2	4.5	5.5
GGTGGGAGGA__0.421250885740648__14	5.2	4.2	6.5	5.2	5.2	4.4	4.5	5.2	4.4
GTTGACAAAA__0.420949881597315__11	4.2	3.9	6.5	4.4	4.2	6.5	3.9	3.9	3.9
GTTGTCAGAA__0.420144568833612__11	4.2	3.9	6.5	4.2	4.4	6.5	4.5	4.4	3.9
GATGACACAA__0.420086781798134__10	4.4	4.5	6.5	4.4	4.2	6.5	4.2	6.5	3.9
GAAGACACAA__0.419136432096646__9	4.4	3.9	4.5	4.4	4.2	6.5	4.2	6.5	3.9
ATTGACAAAC__0.419089928905561__10	4.5	3.9	6.5	4.4	4.2	6.5	3.9	3.9	4.2
GTTGACAAAC__0.418986186841864__11	4.2	3.9	6.5	4.4	4.2	6.5	3.9	3.9	4.2
TGTGTCAGAT__0.418772603154044__10	6.5	4.2	6.5	4.2	4.4	6.5	4.5	4.4	4.5
TGTGTCAGAA__0.418480809646454__11	6.5	4.2	6.5	4.2	4.4	6.5	4.5	4.4	3.9
TGTGACACAA__0.417832168734898__11	6.5	4.2	6.5	4.4	4.2	6.5	4.2	6.5	3.9
TGTGACAAAT__0.417652381635918__9	6.5	4.2	6.5	4.4	4.2	6.5	3.9	3.9	4.5
GGTGACACCA__0.417594245105677__11	5.2	4.2	6.5	4.4	4.2	6.5	4.2	5.2	6.5
CGTGACACCC__0.417198670029238__11	5.5	4.2	6.5	4.4	4.2	6.5	4.2	5.2	5.2
CGTGACAAAC__0.416906655258447__10	5.5	4.2	6.5	4.4	4.2	6.5	3.9	3.9	4.2
GGTGACACAA__0.416661808597977__11	5.2	4.2	6.5	4.4	4.2	6.5	4.2	6.5	3.9
TGTGGCAGGG__0.415771609130927__10	6.5	4.2	6.5	5.2	4.7	6.5	4.5	5.2	5.2
TTTGACAAAA__0.411611971336425__10	3.9	3.9	6.5	4.4	4.2	6.5	3.9	3.9	3.9
CCTGACACAC__0.41151392840794__9	5.2	4.5	6.5	4.4	4.2	6.5	4.2	6.5	4.2
TGTGACAAAA__0.410932902383043__10	6.5	4.2	6.5	4.4	4.2	6.5	3.9	3.9	3.9
GGTGGCTGGG__0.408371898409502__10	5.2	4.2	6.5	5.2	4.7	4.5	6.5	5.2	5.2
GCTGACAACC__0.408184554406415__9	4.7	4.5	6.5	4.4	4.2	6.5	3.9	4.2	5.2
CCTGACCCAC__0.403809402358402__9	5.2	4.5	6.5	4.4	4.2	5.2	5.2	6.5	4.2
GGTGGGAGTT__0.402994121656449__10	5.2	4.2	6.5	5.2	5.2	4.4	4.5	4.2	3.9
GGTGGCGGGA__0.4022331665993__10	5.2	4.2	6.5	5.2	4.7	5.5	5.2	5.2	4.4
GGTGTCAGCA__0.39981996392117__9	5.2	4.2	6.5	4.2	4.4	6.5	4.5	4.7	6.5
TTGGACACAC__0.399157928788006__10	3.9	6.5	5.2	4.4	4.2	6.5	4.2	6.5	4.2
GGTGGCAGGG__0.397737214177483__9	5.2	4.2	6.5	5.2	4.7	6.5	4.5	5.2	5.2
TGTGACACCC__0.395847406644057__9	6.5	4.2	6.5	4.4	4.2	6.5	4.2	5.2	5.2
GGTGACACCC__0.394763997631135__9	5.2	4.2	6.5	4.4	4.2	6.5	4.2	5.2	5.2
GGTGGGAGCA__0.390808886303567__10	5.2	4.2	6.5	5.2	5.2	4.4	4.5	4.7	6.5
