GGTGCCAAGT__1__988	8	17	13	45	8	9	6	11
CGTGCCAAGT__0.995952526338649__1012	8	17	13	45	8	9	6	11
TGTGCCAAGT__0.982695685006891__1117	6	17	13	45	8	9	6	11
AGTGCCAAGT__0.981613195938121__885	11	17	13	45	8	9	6	11
AATGCCAAGT__0.94258348831718__764	30	18	13	45	8	9	6	11
GATGCCAAGT__0.932781744836017__674	7	18	13	45	8	9	6	11
CGTGCCAACT__0.918667918391386__717	8	17	13	45	8	9	6	11
GGTGCCAACT__0.916912490007599__681	8	17	13	45	8	9	6	11
AGTGCCAACT__0.914239356596526__653	11	17	13	45	8	9	6	11
AATGCCAAGA__0.908407956429346__833	30	18	13	45	8	9	6	9
GCTGCCAAGT__0.907820657455667__679	25	2	13	45	8	9	6	11
CGTGCCAATT__0.905691039106927__687	8	17	13	45	8	9	30	30
CGTGCCAAGA__0.904075052070606__871	8	17	13	45	8	9	6	9
AGTGCCAAGA__0.903670253488966__809	11	17	13	45	8	9	6	9
TGTGCCAACT__0.900667006463281__759	6	17	13	45	8	9	6	11
GGTGCCAAGA__0.891210363867868__784	8	17	13	45	8	9	6	9
AATGCCAAAA__0.887034851617169__999	30	18	13	45	8	9	36	36
CATGCCAAGT__0.881659841037358__640	18	18	13	45	8	9	6	11
CGTGCCAAAT__0.879582785408355__773	8	17	13	45	8	9	36	30
AATGCCAACT__0.879111771511766__565	30	18	13	45	8	9	6	11
CGTGCCAACA__0.874409708813142__766	8	17	13	45	8	9	6	6
AGTGCCAAAA__0.871678040751466__930	11	17	13	45	8	9	36	36
TGTGCCAATT__0.86865077455452__677	6	17	13	45	8	9	30	30
GATGCCAAGA__0.868521192238343__651	7	18	13	45	8	9	6	9
GGTGCCAATT__0.864573923979668__548	8	17	13	45	8	9	30	30
TGTGCCAAGA__0.862844235645718__813	6	17	13	45	8	9	6	9
CATGCCAACT__0.860299068836406__565	18	18	13	45	8	9	6	11
AGTGCCAAAT__0.85989147860424__657	11	17	13	45	8	9	36	30
GGTGCCAACA__0.859780133631468__680	8	17	13	45	8	9	6	6
GGTGCCAAAT__0.858285804491656__668	8	17	13	45	8	9	36	30
CGTGCCAAGG__0.857776707358009__593	8	17	13	45	8	9	6	8
AATGCCAAAT__0.856476122883104__652	30	18	13	45	8	9	36	30
AGTGCCAATT__0.855989588043919__508	11	17	13	45	8	9	30	30
GGTGCCAAAA__0.854982041493545__872	8	17	13	45	8	9	36	36
AGTGCCAACA__0.854411368471367__651	11	17	13	45	8	9	6	6
GATGCCAACT__0.851466313979478__461	7	18	13	45	8	9	6	11
AATGCCAACA__0.85004874429781__641	30	18	13	45	8	9	6	6
CGTGCCAAGC__0.848276703510118__580	8	17	13	45	8	9	6	25
TGTGCCAAAT__0.847673078578051__750	6	17	13	45	8	9	36	30
CGTGCCAAAA__0.846136755078664__884	8	17	13	45	8	9	36	36
GATGCCAAAT__0.844334252744535__576	7	18	13	45	8	9	36	30
AATGCCAATT__0.838526574332132__475	30	18	13	45	8	9	30	30
GATGCCAATT__0.837600297326669__435	7	18	13	45	8	9	30	30
GATGCCAAAA__0.837175740917091__753	7	18	13	45	8	9	36	36
CGTGCCAACG__0.834740101863357__528	8	17	13	45	8	9	6	8
CGTGCCAATA__0.826291942026597__590	8	17	13	45	8	9	30	13
TGTGCCAACA__0.824873287665921__671	6	17	13	45	8	9	6	6
TGTGCCAAAA__0.82409890235496__865	6	17	13	45	8	9	36	36
AGTGCCAATA__0.821360329887764__536	11	17	13	45	8	9	30	13
GGTGCCAAGC__0.820690407383916__487	8	17	13	45	8	9	6	25
ACTGCCAAGT__0.820335941663702__443	11	2	13	45	8	9	6	11
GATGCCAACA__0.819122290969499__521	7	18	13	45	8	9	6	6
GGTGCCAAGG__0.81677727195185__467	8	17	13	45	8	9	6	8
GCTGCCAACT__0.81609787677655__435	25	2	13	45	8	9	6	11
TGTGCCAAGG__0.812062018592637__548	6	17	13	45	8	9	6	8
AGTGCCAAGG__0.808793300692268__435	11	17	13	45	8	9	6	8
CGTGCCAACC__0.807808217743735__475	8	17	13	45	8	9	6	8
GCTGCCAATT__0.807530305186392__422	25	2	13	45	8	9	30	30
GCTGCCAAGA__0.806985697324391__540	25	2	13	45	8	9	6	9
CATGCCAATT__0.806116109996801__444	18	18	13	45	8	9	30	30
AGTGCCAAGC__0.805249458865162__437	11	17	13	45	8	9	6	25
TATGCCAAGT__0.803088704163064__501	13	18	13	45	8	9	6	11
CGTGCCAAAC__0.801529415881981__567	8	17	13	45	8	9	36	6
CATGCCAAAA__0.795342697665249__696	18	18	13	45	8	9	36	36
CATGCCAACA__0.795158083035728__531	18	18	13	45	8	9	6	6
GGTGCCAATA__0.795033192847509__482	8	17	13	45	8	9	30	13
GGTGCCAACG__0.794655965617713__414	8	17	13	45	8	9	6	8
GGTGCCAAAC__0.792778058939337__516	8	17	13	45	8	9	36	6
AGTGCCAAAC__0.792166544947453__504	11	17	13	45	8	9	36	6
CCTGCCAAGT__0.791933265978608__403	8	2	13	45	8	9	6	11
TGTGCCAAGC__0.789638888393579__502	6	17	13	45	8	9	6	25
AGTGCCAACG__0.789587241042068__393	11	17	13	45	8	9	6	8
CATGCCAAAT__0.789422755133069__511	18	18	13	45	8	9	36	30
TGTGCCAATA__0.788725840455953__551	6	17	13	45	8	9	30	13
AGTGCCAACC__0.78848833600086__401	11	17	13	45	8	9	6	8
TCTGCCAAGT__0.787466597519226__474	9	2	13	45	8	9	6	11
AGTGCCAAAG__0.786100454272183__480	11	17	13	45	8	9	36	6
CATGCCAAGA__0.785991761653557__507	18	18	13	45	8	9	6	9
TGTGCCAAAC__0.785548307097206__582	6	17	13	45	8	9	36	6
TGTGCCAACG__0.783820117967638__465	6	17	13	45	8	9	6	8
GATGCCAAGG__0.783472078165469__359	7	18	13	45	8	9	6	8
AATGCCAATA__0.781963788019024__444	30	18	13	45	8	9	30	13
AATGCCAAGG__0.775286295832125__372	30	18	13	45	8	9	6	8
GCTGCCAACA__0.774706376374292__462	25	2	13	45	8	9	6	6
AATGCCAAAC__0.773514934988527__461	30	18	13	45	8	9	36	6
AATGCCAACG__0.773255823335014__365	30	18	13	45	8	9	6	8
GGTGCCAACC__0.771477227993048__377	8	17	13	45	8	9	6	8
CGTGCCAAAG__0.77020207054636__475	8	17	13	45	8	9	36	6
GGTGCCAATG__0.769761597435556__380	8	17	13	45	8	9	30	18
GATGCCAAGC__0.767597602208997__338	7	18	13	45	8	9	6	25
AATGCCAAGC__0.764103135028587__359	30	18	13	45	8	9	6	25
CCTGCCAACT__0.76343345385839__342	8	2	13	45	8	9	6	11
ACTGCCAAAT__0.762863910208257__419	11	2	13	45	8	9	36	30
GGTGCCAAAG__0.762817377624945__435	8	17	13	45	8	9	36	6
GATGCCAAAC__0.761453167941773__407	7	18	13	45	8	9	36	6
ACTGCCAAGA__0.75923820999985__415	11	2	13	45	8	9	6	9
CATGCCAATA__0.758570456121331__427	18	18	13	45	8	9	30	13
CATGCCAAGC__0.758199461306995__380	18	18	13	45	8	9	6	25
GATGCCAATA__0.75817458746795__367	7	18	13	45	8	9	30	13
ACTGCCAATT__0.75647755804021__318	11	2	13	45	8	9	30	30
CGTGCCAATG__0.756394655486041__370	8	17	13	45	8	9	30	18
TATGCCAACT__0.753264815209377__372	13	18	13	45	8	9	6	11
AATGCCAAAG__0.75303016545107__407	30	18	13	45	8	9	36	6
GCTGCCAAAA__0.750576131813023__537	25	2	13	45	8	9	36	36
GCTGCCAAAT__0.750432052259879__400	25	2	13	45	8	9	36	30
CGTGCCAATC__0.749852552209556__309	8	17	13	45	8	9	30	7
CATGCCAAGG__0.744906871186382__346	18	18	13	45	8	9	6	8
TATGCCAATT__0.743307336059767__365	13	18	13	45	8	9	30	30
TGAGCCAAGT__0.743088962442444__271	8	8	25	45	8	9	6	11
TATGCCAAGA__0.743058436401085__446	13	18	13	45	8	9	6	9
CGAGCCAAGT__0.74221466688697__239	31	8	25	45	8	9	6	11
TCTGCCAATT__0.739521192912361__366	9	2	13	45	8	9	30	30
GATGCCAACG__0.739093107530949__284	7	18	13	45	8	9	6	8
AGAGCCAAGT__0.736207072355505__227	9	8	25	45	8	9	6	11
CCTGCCAATT__0.734486625822849__296	8	2	13	45	8	9	30	30
ACTGCCAACT__0.732781456967601__277	11	2	13	45	8	9	6	11
GCTGCCAAGC__0.731394465628453__312	25	2	13	45	8	9	6	25
TGTGCCAATG__0.730222510158823__369	6	17	13	45	8	9	30	18
AAAGCCAAGT__0.729204822193562__240	36	6	25	45	8	9	6	11
ACTGCCAACA__0.728633818191882__355	11	2	13	45	8	9	6	6
AATGCCAATG__0.72836661942605__299	30	18	13	45	8	9	30	18
AGTGCCAATG__0.728169829242728__295	11	17	13	45	8	9	30	18
GGTGCCAGGT__0.728062233409435__242	8	17	13	45	8	2	8	8
TCTGCCAACT__0.727476606129619__333	9	2	13	45	8	9	6	11
GGTGCCAGCT__0.726818973859015__238	8	17	13	45	8	2	25	25
CATGCCAAAC__0.72527506214667__386	18	18	13	45	8	9	36	6
CGTGCCAGCT__0.724612203331869__244	8	17	13	45	8	2	25	25
CGTGCCAGGT__0.724143481430835__245	8	17	13	45	8	2	8	8
GCTGCCAAGG__0.723986266957937__293	25	2	13	45	8	9	6	8
TATGCCAAAT__0.723966505784894__398	13	18	13	45	8	9	36	30
TGTGCCAACC__0.722305600383049__343	6	17	13	45	8	9	6	8
GGTGCCAATC__0.722262408973601__256	8	17	13	45	8	9	30	7
TGTGCCAAAG__0.717650330589126__400	6	17	13	45	8	9	36	6
AGAGCCAAGA__0.714840249584417__273	9	8	25	45	8	9	6	9
ACTGCCAAAA__0.714707399831895__434	11	2	13	45	8	9	36	36
GGAGCCAAGT__0.713505225093679__199	5	8	25	45	8	9	6	11
TGTGCCAATC__0.711932162910513__295	6	17	13	45	8	9	30	7
CATGCCAACG__0.711773134711941__285	18	18	13	45	8	9	6	8
TATGCCAACA__0.710557113194032__367	13	18	13	45	8	9	6	6
AATGCCAACC__0.709966291435824__266	30	18	13	45	8	9	6	8
GATGCCAAAG__0.708341556921477__299	7	18	13	45	8	9	36	6
TGTGCCAGCT__0.704873042775711__258	6	17	13	45	8	2	25	25
ATTGCCAAGT__0.704784351750472__273	30	9	13	45	8	9	6	11
GATGCCAACC__0.703223228170383__239	7	18	13	45	8	9	6	8
CATGCCAACC__0.703033321039652__278	18	18	13	45	8	9	6	8
CCTGCCAAGA__0.700858798689284__316	8	2	13	45	8	9	6	9
GCTGCCAATA__0.70012568217711__297	25	2	13	45	8	9	30	13
CCTGCCAACA__0.69984020727381__317	8	2	13	45	8	9	6	6
GATGCCAATG__0.699807772026213__236	7	18	13	45	8	9	30	18
TATGCCAAAA__0.69865879745888__442	13	18	13	45	8	9	36	36
AAAGCCAAGA__0.697067789162907__266	36	6	25	45	8	9	6	9
CGAGCCAAGA__0.695661826649812__254	31	8	25	45	8	9	6	9
GCTGCCAACG__0.695305808456152__248	25	2	13	45	8	9	6	8
GATGCCAATC__0.694410854332673__196	7	18	13	45	8	9	30	7
AGTGCCAGCT__0.694048095889432__190	11	17	13	45	8	2	25	25
GTTGCCAAGT__0.69119096946442__258	6	9	13	45	8	9	6	11
GCTGCCAACC__0.690838317976337__248	25	2	13	45	8	9	6	8
CGAGCCAAAA__0.689123351866621__348	31	8	25	45	8	9	36	36
CCTGCCAAAT__0.688190733622739__291	8	2	13	45	8	9	36	30
AGTGCCAATC__0.687386174279348__202	11	17	13	45	8	9	30	7
ACTGCCAATA__0.686951288101894__270	11	2	13	45	8	9	30	13
TGAGCCAACT__0.686781544905849__196	8	8	25	45	8	9	6	11
CGCGCCAAGT__0.686564484493905__199	25	25	25	45	8	9	6	11
CGTGCCAGAT__0.684561085628811__225	8	17	13	45	8	2	9	7
CGTGCCAGCA__0.684545382159268__245	8	17	13	45	8	2	25	13
TATGCCAACG__0.68246633892208__267	13	18	13	45	8	9	6	8
AGAGCCAAAA__0.68245087449816__318	9	8	25	45	8	9	36	36
GAAGCCAAAA__0.680565800470205__329	12	6	25	45	8	9	36	36
GCTGCCAAAC__0.679825903472622__287	25	2	13	45	8	9	36	6
ATTGCCAAGA__0.679433108344476__291	30	9	13	45	8	9	6	9
CGAGCCAACT__0.678443768467515__170	31	8	25	45	8	9	6	11
TGAGCCAAGA__0.678361537061731__245	8	8	25	45	8	9	6	9
TATGCCAAGG__0.677995150044957__267	13	18	13	45	8	9	6	8
TATGCCAATA__0.677387749199367__299	13	18	13	45	8	9	30	13
GCTGCCAATG__0.676820494914071__231	25	2	13	45	8	9	30	18
ACTGCCAAGG__0.675916187122528__218	11	2	13	45	8	9	6	8
TCTGCCAAAT__0.675846368091418__313	9	2	13	45	8	9	36	30
CATGCCAAAG__0.675644820483375__286	18	18	13	45	8	9	36	6
TTTGCCAAGT__0.675309624424861__293	36	9	13	45	8	9	6	11
GAAGCCAAGA__0.675095358227602__228	12	6	25	45	8	9	6	9
AGTGCCAGCA__0.674803908538296__215	11	17	13	45	8	2	25	13
GAAGCCAAGT__0.673856805958401__168	12	6	25	45	8	9	6	11
AGAGCCAATT__0.671555882317964__156	9	8	25	45	8	9	30	30
AATGCCAGCA__0.671472149309764__213	30	18	13	45	8	2	25	13
GGAGCCAACT__0.670879052063677__155	5	8	25	45	8	9	6	11
GGAGCCAAGA__0.670291571516167__204	5	8	25	45	8	9	6	9
TCTGCCAACA__0.669912640297889__302	9	2	13	45	8	9	6	6
ACTGCCAACG__0.669497700899421__209	11	2	13	45	8	9	6	8
GGTGCCAGCG__0.667068809183919__180	8	17	13	45	8	2	25	25
TGAGCCAATT__0.666403418904896__174	8	8	25	45	8	9	30	30
CCTGCCAAAA__0.665735119252626__343	8	2	13	45	8	9	36	36
GCTGCCAAAG__0.665611460623571__259	25	2	13	45	8	9	36	6
TGTGCCAGGT__0.665310139916119__209	6	17	13	45	8	2	8	8
AATGCCAATC__0.664078255896239__179	30	18	13	45	8	9	30	7
CATGCCAATG__0.66379358101011__225	18	18	13	45	8	9	30	18
CGCGCCAACT__0.662424374286756__169	25	25	25	45	8	9	6	11
GCAGCCAAGT__0.662195551225993__171	13	2	25	45	8	9	6	11
AGAGCCAACT__0.659895268829474__148	9	8	25	45	8	9	6	11
AAAGCCAAAA__0.659507747853781__294	36	6	25	45	8	9	36	36
AGTGCCAGAA__0.657743999174197__235	11	17	13	45	8	2	9	12
TCTGCCAAGA__0.657441945314634__283	9	2	13	45	8	9	6	9
CGAGCCAACA__0.656371667086884__210	31	8	25	45	8	9	6	6
GTTGCCAAGA__0.655936933035813__257	6	9	13	45	8	9	6	9
GGTGCCAGCA__0.6556495874927__197	8	17	13	45	8	2	25	13
CGTGCCAGAA__0.65563920356255__249	8	17	13	45	8	2	9	12
CATGCCAATC__0.655202311219486__186	18	18	13	45	8	9	30	7
ACTGCCAACC__0.653734087537629__195	11	2	13	45	8	9	6	8
CCTGCCAAGG__0.651359351246099__197	8	2	13	45	8	9	6	8
CGAGCCAAAT__0.650972305240845__193	31	8	25	45	8	9	36	30
TATGCCAAGC__0.650548936975152__232	13	18	13	45	8	9	6	25
TGAGCCAAAA__0.649998447949225__280	8	8	25	45	8	9	36	36
GGAGCCAAAT__0.649337701013925__178	5	8	25	45	8	9	36	30
CAAGCCAAGT__0.648667647660575__156	9	6	25	45	8	9	6	11
CGTGCCAGGA__0.648535554215296__191	8	17	13	45	8	2	8	5
AATGCCAGAA__0.64821423088299__223	30	18	13	45	8	2	9	12
CCTGCCAAGC__0.647802085230529__197	8	2	13	45	8	9	6	25
GGTGCCAGAT__0.647751397971313__173	8	17	13	45	8	2	9	7
AGTGCCAGAT__0.647471593965089__167	11	17	13	45	8	2	9	7
GGAGCCAAAA__0.647349741025267__243	5	8	25	45	8	9	36	36
TGTGCCAGAT__0.647245787088056__208	6	17	13	45	8	2	9	7
AGAGCCAAAT__0.646519162101697__181	9	8	25	45	8	9	36	30
AGTGCCAGGA__0.646493211586782__175	11	17	13	45	8	2	8	5
TGTGCCAGCA__0.646032173928216__221	6	17	13	45	8	2	25	13
AGTGCCAGGT__0.645642752588741__143	11	17	13	45	8	2	8	8
GAAGCCAACT__0.643709368080683__141	12	6	25	45	8	9	6	11
CCTGCCAATA__0.643489683751763__218	8	2	13	45	8	9	30	13
GACGCCAAGT__0.642602394220627__119	8	8	25	45	8	9	6	11
GGTGCCAGGA__0.642201330973259__176	8	17	13	45	8	2	8	5
ACTGCCAAGC__0.641671466144003__181	11	2	13	45	8	9	6	25
ACTGCCAAAC__0.640520358910114__222	11	2	13	45	8	9	36	6
TGAGCCAAAT__0.63891628059089__191	8	8	25	45	8	9	36	30
AAAGCCAAAT__0.638906522057865__186	36	6	25	45	8	9	36	30
CGAGCCAATT__0.638596055371022__130	31	8	25	45	8	9	30	30
CGTGCCAGCG__0.638230136459149__157	8	17	13	45	8	2	25	25
GATGCCAGGA__0.637500392590211__155	7	18	13	45	8	2	8	5
ATTGCCAACT__0.63693720156244__176	30	9	13	45	8	9	6	11
AATGCCAGGA__0.636872912896289__167	30	18	13	45	8	2	8	5
ATTGCCAAAA__0.636588062875239__289	30	9	13	45	8	9	36	36
TCTGCCAAGC__0.636263470955539__218	9	2	13	45	8	9	6	25
TATGCCAAAC__0.636156228124223__249	13	18	13	45	8	9	36	6
GTTGCCAACT__0.635693390020565__178	6	9	13	45	8	9	6	11
TCTGCCAAGG__0.635662991853257__212	9	2	13	45	8	9	6	8
GGAGCCAATT__0.635100474278756__124	5	8	25	45	8	9	30	30
GTTGCCAAAA__0.633085877347611__286	6	9	13	45	8	9	36	36
GTTGCCAATT__0.632854640374125__180	6	9	13	45	8	9	30	30
AGCGCCAACT__0.632763268940908__121	25	25	25	45	8	9	6	11
GATGCCAGCA__0.632457426642219__156	7	18	13	45	8	2	25	13
ACTGCCAAAG__0.632318810937291__207	11	2	13	45	8	9	36	6
CTTGCCAAGT__0.631997201245451__176	6	9	13	45	8	9	6	11
CACGCCAAGT__0.631847190855568__140	17	8	25	45	8	9	6	11
CATGCCAGCA__0.631162158543993__181	18	18	13	45	8	2	25	13
GGTGCCAGAA__0.630920153162076__203	8	17	13	45	8	2	9	12
TGAGCCAACA__0.630452794146384__186	8	8	25	45	8	9	6	6
AGAGCCAACA__0.630441947935135__171	9	8	25	45	8	9	6	6
GATGCCAGGT__0.629863072496364__120	7	18	13	45	8	2	8	8
TCTGCCAATA__0.628883723504103__230	9	2	13	45	8	9	30	13
CCTGCCAACC__0.628795971123567__175	8	2	13	45	8	9	6	8
AAAGCCAACA__0.628085889167646__180	36	6	25	45	8	9	6	6
TGTGCCAGCG__0.625691623610936__169	6	17	13	45	8	2	25	25
CGCGCCAAGA__0.625273251644298__174	25	25	25	45	8	9	6	9
ATTGCCAAAT__0.624724695594812__206	30	9	13	45	8	9	36	30
GGCGCCAAGT__0.624190634103898__117	45	25	25	45	8	9	6	11
AGAGCCAATA__0.623085543374216__153	9	8	25	45	8	9	30	13
GATGCCAGCT__0.621981286876087__114	7	18	13	45	8	2	25	25
CGAGCCAATA__0.619406124661259__155	31	8	25	45	8	9	30	13
GGAGCCAACA__0.619262484090694__152	5	8	25	45	8	9	6	6
GATGCCAGAA__0.618640836346865__174	7	18	13	45	8	2	9	12
ACAGCCAAGT__0.618171971795113__126	6	2	25	45	8	9	6	11
CCTGCCAACG__0.617916467304652__159	8	2	13	45	8	9	6	8
CCTGCCAAAC__0.617371038207981__201	8	2	13	45	8	9	36	6
TGTGCCAGAA__0.616223191371862__216	6	17	13	45	8	2	9	12
GATGCCAGAT__0.615953076213757__128	7	18	13	45	8	2	9	7
AATGCCAGCT__0.615921844628818__120	30	18	13	45	8	2	25	25
AAAGCCAACT__0.615630995734004__122	36	6	25	45	8	9	6	11
GCTGCCAATC__0.615315464164577__136	25	2	13	45	8	9	30	7
CGCGCCAATT__0.614775817653425__127	25	25	25	45	8	9	30	30
CACGCCAACT__0.61456376673171__124	17	8	25	45	8	9	6	11
TCTGCCAAAA__0.614412281628778__277	9	2	13	45	8	9	36	36
TATGCCAATG__0.61411125929458__185	13	18	13	45	8	9	30	18
TGCGCCAAGT__0.613174163009877__139	13	25	25	45	8	9	6	11
TCTGCCAACG__0.612554244575904__179	9	2	13	45	8	9	6	8
TGTGCCAGGA__0.612366656545536__175	6	17	13	45	8	2	8	5
AGCGCCAAGT__0.611810789564276__107	25	25	25	45	8	9	6	11
ATTGCCAACA__0.61117025892987__189	30	9	13	45	8	9	6	6
TAAGCCAAGT__0.610941858664459__137	20	6	25	45	8	9	6	11
GTTGCCAAAT__0.61050413157369__191	6	9	13	45	8	9	36	30
GCAGCCAACT__0.609148191784451__122	13	2	25	45	8	9	6	11
CATGCCAGCT__0.609101095049989__126	18	18	13	45	8	2	25	25
CAAGCCAACT__0.608469625430409__121	9	6	25	45	8	9	6	11
AAAGCCAATT__0.60782089541199__115	36	6	25	45	8	9	30	30
GTTGCCAACA__0.607401868935898__187	6	9	13	45	8	9	6	6
TATGCCAAAG__0.607110129317487__204	13	18	13	45	8	9	36	6
TTTGCCAAGA__0.606216639856977__226	36	9	13	45	8	9	6	9
CCAGCCAAGT__0.606099448809072__123	8	2	25	45	8	9	6	11
CGAGCCAACG__0.60589073377076__120	31	8	25	45	8	9	6	8
AGTGCCAGCG__0.605679696536906__118	11	17	13	45	8	2	25	25
GATGCCAGCG__0.605414755560523__110	7	18	13	45	8	2	25	25
GAAGCCAAAT__0.604253659462295__145	12	6	25	45	8	9	36	30
GAAGCCAACA__0.603025095878361__150	12	6	25	45	8	9	6	6
GCAGCCAAGA__0.602320514539941__154	13	2	25	45	8	9	6	9
GCAGCCAATT__0.6020808319503__116	13	2	25	45	8	9	30	30
CAAGCCAAGA__0.602014776725671__154	9	6	25	45	8	9	6	9
GAAGCCAATT__0.601691069883078__106	12	6	25	45	8	9	30	30
TCTGCCAAAC__0.600145166493936__205	9	2	13	45	8	9	36	6
TATGCCAACC__0.599952267228375__163	13	18	13	45	8	9	6	8
GACGCCAACT__0.599448766297701__91	8	8	25	45	8	9	6	11
CGTGCCAGTT__0.598186805057746__113	8	17	13	45	8	2	11	6
TCTGCCAATC__0.598005713975181__151	9	2	13	45	8	9	30	7
CATGCCAGAT__0.597283489525362__134	18	18	13	45	8	2	9	7
CTTGCCAAGA__0.5967823708426__175	6	9	13	45	8	9	6	9
CGTGCCAGGG__0.59469246185983__120	8	17	13	45	8	2	8	13
GCTGCCAGCA__0.594597123243197__136	25	2	13	45	8	2	25	13
CCTGCCAATC__0.594076315790276__121	8	2	13	45	8	9	30	7
AATGCCAGAT__0.594055326041848__120	30	18	13	45	8	2	9	7
GTAGCCAAGT__0.593826151118719__121	6	18	25	45	8	9	6	11
GCTGCCAGCT__0.592775805627671__106	25	2	13	45	8	2	25	25
TTTGCCAAAA__0.592283936134688__255	36	9	13	45	8	9	36	36
TCTGCCAACC__0.592208375177732__160	9	2	13	45	8	9	6	8
CCTGCCAATG__0.591164472518369__138	8	2	13	45	8	9	30	18
CATGCCAGAA__0.591090377280622__167	18	18	13	45	8	2	9	12
ACTGCCAATC__0.590758190642092__113	11	2	13	45	8	9	30	7
AATGCCAGCG__0.590139638001011__108	30	18	13	45	8	2	25	25
ATTGCCAATT__0.589891208040496__133	30	9	13	45	8	9	30	30
TCTGCCAATG__0.588105912865805__160	9	2	13	45	8	9	30	18
GCTGCCAGGT__0.587848377353053__103	25	2	13	45	8	2	8	8
CGAGCCAAGG__0.587506777852412__103	31	8	25	45	8	9	6	8
GGTGCCAGTT__0.586646807848663__101	8	17	13	45	8	2	11	6
AATGCCAGGT__0.585845806876589__99	30	18	13	45	8	2	8	8
ACTGCCAATG__0.585830013386262__127	11	2	13	45	8	9	30	18
TGAGCCAACG__0.58572690790075__113	8	8	25	45	8	9	6	8
GACGCCAAGA__0.585601280833933__111	8	8	25	45	8	9	6	9
GGTGCCAGGG__0.584727037346232__108	8	17	13	45	8	2	8	13
AAAGCCAATA__0.583735446231691__127	36	6	25	45	8	9	30	13
ACAGCCAAGA__0.583522124177163__132	6	2	25	45	8	9	6	9
TTTGCCAACA__0.5829656439966__188	36	9	13	45	8	9	6	6
CGCGCCAACA__0.582632226339766__132	25	25	25	45	8	9	6	6
GTTGCCAATA__0.582357209755185__155	6	9	13	45	8	9	30	13
CGTGCCAGCC__0.582343336411353__114	8	17	13	45	8	2	25	45
TGTGCCAGTT__0.582002335767906__121	6	17	13	45	8	2	11	6
CGGGCCAAGT__0.581704045732945__103	2	13	45	45	8	9	6	11
CGAGCCAAAC__0.581569503936129__134	31	8	25	45	8	9	36	6
CACGCCAAGA__0.581168098005107__130	17	8	25	45	8	9	6	9
AGGGCCAAGT__0.580952556029416__96	8	13	45	45	8	9	6	11
AGCGCCAAGA__0.580240237998745__112	25	25	25	45	8	9	6	9
CAAGCCAAAA__0.579671395041296__183	9	6	25	45	8	9	36	36
ACAGCCAAAA__0.579335744099268__176	6	2	25	45	8	9	36	36
ATTGCCAAGG__0.578796614238033__131	30	9	13	45	8	9	6	8
GCAGCCAAAT__0.578685925586044__130	13	2	25	45	8	9	36	30
GTTGCCAAGG__0.578140317295438__133	6	9	13	45	8	9	6	8
AGTGCCAGGG__0.577841081256377__99	11	17	13	45	8	2	8	13
AACGCCAAGA__0.576875227665987__120	6	8	25	45	8	9	6	9
CGTGCCAGGC__0.576820417670098__108	8	17	13	45	8	2	8	45
GAAGCCAAGG__0.576512856188349__98	12	6	25	45	8	9	6	8
TGGGCCAAGT__0.576404063246703__111	8	13	45	45	8	9	6	11
GGAGCCAATA__0.576002657802152__108	5	8	25	45	8	9	30	13
GGGGCCAAGT__0.574510320211492__99	13	13	45	45	8	9	6	11
GCAGCCAAAA__0.57328919096942__173	13	2	25	45	8	9	36	36
TGAGCCAAGC__0.57274318527813__105	8	8	25	45	8	9	6	25
AAAGCCAACG__0.572420629487798__100	36	6	25	45	8	9	6	8
CGCGCCAAAA__0.572350303371146__162	25	25	25	45	8	9	36	36
CTTGCCAAAA__0.571372296235764__192	6	9	13	45	8	9	36	36
GGAGCCAAAC__0.570361239608531__114	5	8	25	45	8	9	36	6
CCAGCCAAGA__0.568606644325117__126	8	2	25	45	8	9	6	9
ACTGCCAGGT__0.568528381047219__88	11	2	13	45	8	2	8	8
TGTGCCAGGG__0.568526105615133__118	6	17	13	45	8	2	8	13
AGTGCCAGCC__0.56848814725977__96	11	17	13	45	8	2	25	45
AACGCCAACA__0.56838241997027__115	6	8	25	45	8	9	6	6
AACGCCAAGT__0.568371630039824__87	6	8	25	45	8	9	6	11
GGTGCCAGGC__0.568247735433873__98	8	17	13	45	8	2	8	45
GGTGCCAGAG__0.567605179668259__104	8	17	13	45	8	2	9	8
CATGCCAGGT__0.567502300305025__96	18	18	13	45	8	2	8	8
CGAGCCAAGC__0.567089485582102__91	31	8	25	45	8	9	6	25
CAAGCCAACA__0.566379212351571__124	9	6	25	45	8	9	6	6
CTTGCCAACA__0.565621358904618__141	6	9	13	45	8	9	6	6
CATGCCAGGA__0.565071608434666__113	18	18	13	45	8	2	8	5
CGCGCCAAAT__0.563883018323895__114	25	25	25	45	8	9	36	30
TCTGCCAAAG__0.56337231877035__157	9	2	13	45	8	9	36	6
TGAGCCAATA__0.563188817361932__113	8	8	25	45	8	9	30	13
TCAGCCAAGT__0.56307856030928__108	8	2	25	45	8	9	6	11
ACAGCCAACA__0.562851283862105__117	6	2	25	45	8	9	6	6
ACAGCCAAAT__0.562589174902477__113	6	2	25	45	8	9	36	30
ACTGCCAGCT__0.56247133146072__84	11	2	13	45	8	2	25	25
GAAGCCAATA__0.56158468716502__106	12	6	25	45	8	9	30	13
AACGCCAACT__0.561358724982618__82	6	8	25	45	8	9	6	11
GCTGGCAACG__0.561193648064479__110	25	2	8	45	13	9	6	8
CTAGCCAAGT__0.561185640813707__97	18	18	25	45	8	9	6	11
CAAGCCAAAT__0.559701160825398__114	9	6	25	45	8	9	36	30
ACAGCCAATT__0.559615864200837__84	6	2	25	45	8	9	30	30
GCTGCCAGGA__0.55952126946949__103	25	2	13	45	8	2	8	5
GGAGCCAAGG__0.559111627634669__81	5	8	25	45	8	9	6	8
TGAGCCAAAC__0.558978300946859__120	8	8	25	45	8	9	36	6
AGCGCCAATT__0.558958543995455__74	25	25	25	45	8	9	30	30
CATGCCAGCG__0.558755975923905__95	18	18	13	45	8	2	25	25
TATGCCAATC__0.557782600365851__112	13	18	13	45	8	9	30	7
GGTGCCAGCC__0.55767529974806__92	8	17	13	45	8	2	25	45
TTTGCCAACT__0.557265347800878__129	36	9	13	45	8	9	6	11
ATAGCCAAGT__0.556300802961696__91	13	18	25	45	8	9	6	11
AGAGCCAAGG__0.555079454927523__80	9	8	25	45	8	9	6	8
TGCGCCAACT__0.554441398261025__90	13	25	25	45	8	9	6	11
GTAGCCAAGA__0.553564920991007__117	6	18	25	45	8	9	6	9
TATGCCAGCT__0.553563580141236__99	13	18	13	45	8	2	25	25
GTTGCCAAAG__0.553449011104582__134	6	9	13	45	8	9	36	6
CAAGCCAATT__0.553349331848041__82	9	6	25	45	8	9	30	30
GTTGCCAACG__0.551750344618993__108	6	9	13	45	8	9	6	8
CCTGCCAAAG__0.550793122838686__125	8	2	13	45	8	9	36	6
GCTGCCAGAA__0.549289951773858__120	25	2	13	45	8	2	9	12
CGTGCCAGAC__0.549281457383008__100	8	17	13	45	8	2	9	8
ATTGCCAAAG__0.5492757791829__128	30	9	13	45	8	9	36	6
TACGCCAAGT__0.549255337357142__92	6	8	25	45	8	9	6	11
TCTGCCAGCT__0.548190191057607__97	9	2	13	45	8	2	25	25
GCTGCCAGAT__0.548168211524756__90	25	2	13	45	8	2	9	7
ACTGCCAGAT__0.548000491326328__88	11	2	13	45	8	2	9	7
AACGCCAAAA__0.54768452777554__132	6	8	25	45	8	9	36	36
TTTGCCAAAT__0.547608473646305__149	36	9	13	45	8	9	36	30
GTAGCCAACT__0.547520743230506__86	6	18	25	45	8	9	6	11
TGAGCCAAAG__0.547261979403658__108	8	8	25	45	8	9	36	6
AGTGCCAGTA__0.547185350829193__89	11	17	13	45	8	2	11	6
AACGCCAATT__0.546841788265684__74	6	8	25	45	8	9	30	30
AGAGCCAACG__0.546820134856581__77	9	8	25	45	8	9	6	8
GGCGCCAACT__0.546635369878844__68	45	25	25	45	8	9	6	11
AAAGCCAAGG__0.54652336813687__82	36	6	25	45	8	9	6	8
CCAGCCAACA__0.546248553762285__110	8	2	25	45	8	9	6	6
CCAGCCAACT__0.546152519854151__81	8	2	25	45	8	9	6	11
TGAGCCAAGG__0.546113449900376__85	8	8	25	45	8	9	6	8
CCAGCCAAAA__0.54479122762866__146	8	2	25	45	8	9	36	36
TAAGCCAAGA__0.544657258163614__111	20	6	25	45	8	9	6	9
AATGCCAGAG__0.543852211092518__86	30	18	13	45	8	2	9	8
AGAGCCAAAC__0.543449028678126__98	9	8	25	45	8	9	36	6
TGCGCCAAGA__0.543008508386598__106	13	25	25	45	8	9	6	9
AGCGCCAACA__0.542741632507434__87	25	25	25	45	8	9	6	6
ATAGCCAAGA__0.542518761772557__106	13	18	25	45	8	9	6	9
AGCGCCAAAA__0.542040276599587__115	25	25	25	45	8	9	36	36
GGAGCCAACG__0.541596232322781__72	5	8	25	45	8	9	6	8
GATGCCAGTT__0.541534431860138__65	7	18	13	45	8	2	11	6
CGAGCCAAAG__0.541418607678797__98	31	8	25	45	8	9	36	6
AGTGCCAGTT__0.541304339820667__70	11	17	13	45	8	2	11	6
CTTGCCAATT__0.541270453770979__94	6	9	13	45	8	9	30	30
GCTGCCAGTT__0.540618112649021__73	25	2	13	45	8	2	11	6
AATGCCAGGG__0.540282628783955__77	30	18	13	45	8	2	8	13
TATGCCAGCA__0.540149120457821__108	13	18	13	45	8	2	25	13
CATGCCAGGG__0.539523965845926__84	18	18	13	45	8	2	8	13
ATTGCCAACG__0.539486796706154__97	30	9	13	45	8	9	6	8
CACGCCAACA__0.539380480913201__98	17	8	25	45	8	9	6	6
TAAGCCAATT__0.538359478998242__82	20	6	25	45	8	9	30	30
CACGCCAATT__0.537912535544654__73	17	8	25	45	8	9	30	30
GACGCCAAAA__0.536970065179854__110	8	8	25	45	8	9	36	36
CCTGCCAGCT__0.536891729274151__73	8	2	13	45	8	2	25	25
GTTGCCAAAC__0.536539466911431__120	6	9	13	45	8	9	36	6
AGCGCCAAAT__0.536344873413818__81	25	25	25	45	8	9	36	30
CTTGCCAAAT__0.536248702834046__113	6	9	13	45	8	9	36	30
CGAGCCAACC__0.536225698753735__76	31	8	25	45	8	9	6	8
GCCGCCAACT__0.536106787577566__61	45	2	25	45	8	9	6	11
ACTGCCAGCA__0.535965384821342__88	11	2	13	45	8	2	25	13
ACAGCCAACT__0.535889682369405__71	6	2	25	45	8	9	6	11
GGCGCCAAGA__0.535562999933892__82	45	25	25	45	8	9	6	9
AGGGCCAAGA__0.534234761579607__90	8	13	45	45	8	9	6	9
AGCGCCAATA__0.534002182129099__78	25	25	25	45	8	9	30	13
AGAGCCAAAG__0.53382587117327__89	9	8	25	45	8	9	36	6
GACGCCAACA__0.533241031052856__79	8	8	25	45	8	9	6	6
TAAGCCAACT__0.532803944093324__78	20	6	25	45	8	9	6	11
GTAGCCAAAA__0.532712039507579__134	6	18	25	45	8	9	36	36
CGTGCCAGTA__0.532470505870183__86	8	17	13	45	8	2	11	6
GTTGCCAAGC__0.532418656183068__98	6	9	13	45	8	9	6	25
ATTGCCAATA__0.531773310158302__106	30	9	13	45	8	9	30	13
GATGCCAGGG__0.531541922454638__66	7	18	13	45	8	2	8	13
GGCGCCAATT__0.531378093823293__61	45	25	25	45	8	9	30	30
CCAGCCAATT__0.531134621007898__72	8	2	25	45	8	9	30	30
GTAGCCAAAT__0.530828689728766__98	6	18	25	45	8	9	36	30
GCTGCCAGCG__0.530802557204896__73	25	2	13	45	8	2	25	25
TGAGCCAACC__0.530228935575725__78	8	8	25	45	8	9	6	8
TAAGCCAAAA__0.529878421262909__133	20	6	25	45	8	9	36	36
TTTGCCAAAC__0.529825334260241__136	36	9	13	45	8	9	36	6
AGGGCCAACT__0.529715189388332__66	8	13	45	45	8	9	6	11
AAAGCCAAAG__0.528775024963338__92	36	6	25	45	8	9	36	6
TTTGCCAATT__0.528360807582909__109	36	9	13	45	8	9	30	30
CACGCCAAAA__0.528317377907763__120	17	8	25	45	8	9	36	36
GCAGCCAACA__0.528011077360218__93	13	2	25	45	8	9	6	6
GCAGCCAATA__0.527570556676555__88	13	2	25	45	8	9	30	13
AAAGCCAAAC__0.52719344106433__93	36	6	25	45	8	9	36	6
CGGGCCAACT__0.526969211324683__69	2	13	45	45	8	9	6	11
GACGCCAAAT__0.526742103688865__72	8	8	25	45	8	9	36	30
GGAGCCAAGC__0.526512706928281__65	5	8	25	45	8	9	6	25
AGTGCCAGAC__0.525812048566035__78	11	17	13	45	8	2	9	8
GAAGCCAAGC__0.525610505741153__69	12	6	25	45	8	9	6	25
CGGGCCAAGA__0.525587514428432__90	2	13	45	45	8	9	6	9
ACAGCCAATA__0.525043702353078__84	6	2	25	45	8	9	30	13
AGAGCCAAGC__0.524550498843608__65	9	8	25	45	8	9	6	25
GCCGCCAAGT__0.524442523329782__56	45	2	25	45	8	9	6	11
AACGCCAAAT__0.524112649966009__81	6	8	25	45	8	9	36	30
AGTGCCAGAG__0.523720683152571__73	11	17	13	45	8	2	9	8
CGTGCCAGAG__0.522605706188746__78	8	17	13	45	8	2	9	8
TTTGCCAAGC__0.522270545964996__112	36	9	13	45	8	9	6	25
TGCGCCAAAA__0.521771600205663__117	13	25	25	45	8	9	36	36
GGCGCCAAAT__0.521443979669978__73	45	25	25	45	8	9	36	30
TGTGCCAGAG__0.521391182978639__89	6	17	13	45	8	2	9	8
ACTGCCAGGA__0.521303257739729__76	11	2	13	45	8	2	8	5
GAAGCCAAAC__0.52129141999318__87	12	6	25	45	8	9	36	6
TGCGCCAATT__0.521143562657393__72	13	25	25	45	8	9	30	30
ATTGCCAAAC__0.520865307440441__105	30	9	13	45	8	9	36	6
CATGCCAGCC__0.520821202429727__75	18	18	13	45	8	2	25	45
TTTGCCAATA__0.520263117747027__119	36	9	13	45	8	9	30	13
CCAGCCAAAT__0.519524103285195__87	8	2	25	45	8	9	36	30
TCAGCCAAGA__0.518541391614374__99	8	2	25	45	8	9	6	9
GAAGCCAAAG__0.518346616832165__83	12	6	25	45	8	9	36	6
AGTGCCAGGC__0.518016942001979__65	11	17	13	45	8	2	8	45
CCCGCCAACT__0.516977533043287__60	13	2	25	45	8	9	6	11
ATTGCCAAGC__0.516379439496253__85	30	9	13	45	8	9	6	25
CGTGCCAGTG__0.516076435877903__66	8	17	13	45	8	2	11	17
GAGGCCAAGA__0.515272680788994__75	8	8	45	45	8	9	6	9
GTAGCCAATT__0.515097101044299__68	6	18	25	45	8	9	30	30
CTTGCCAACT__0.514197056961234__75	6	9	13	45	8	9	6	11
CATGCCAGTT__0.514096326839329__64	18	18	13	45	8	2	11	6
GCAGCCAAGG__0.51400004513593__67	13	2	25	45	8	9	6	8
AGGGCCAAAA__0.513722577463172__105	8	13	45	45	8	9	36	36
TGTGCCAGGC__0.513457475310232__80	6	17	13	45	8	2	8	45
ACTGCCAGAA__0.512112335623428__89	11	2	13	45	8	2	9	12
CGCGCCAATA__0.512101332293874__76	25	25	25	45	8	9	30	13
TGTGCCAGCC__0.51207033322847__79	6	17	13	45	8	2	25	45
GAGGCCAAGT__0.511658741279068__55	8	8	45	45	8	9	6	11
AGTGCCAGTG__0.511613354860209__59	11	17	13	45	8	2	11	17
GGTGCCAGTA__0.5111963177312__70	8	17	13	45	8	2	11	6
AAAGCCAAGC__0.511159159247052__64	36	6	25	45	8	9	6	25
TACGCCAACT__0.511061401750306__67	6	8	25	45	8	9	6	11
ACCGCCAAGT__0.51088804981422__53	8	2	25	45	8	9	6	11
CCTGCCAGGT__0.510797749041866__60	8	2	13	45	8	2	8	8
GACGCCAATT__0.510372764061676__47	8	8	25	45	8	9	30	30
CGGGCCAAAA__0.510146121565946__109	2	13	45	45	8	9	36	36
TGCGCCAACA__0.509982288386879__82	13	25	25	45	8	9	6	6
GGTGCCAGAC__0.509858623816592__71	8	17	13	45	8	2	9	8
GGGGCCAAGA__0.509565219890015__79	13	13	45	45	8	9	6	9
TCTGCCAGCA__0.509210512969969__88	9	2	13	45	8	2	25	13
TGGGCCAACT__0.509138082306244__66	8	13	45	45	8	9	6	11
GTGGCCAAGT__0.508994906721873__68	17	8	45	45	8	9	6	11
TGGGCCAATT__0.508992909844434__67	8	13	45	45	8	9	30	30
CCTGCCAGCA__0.50893632154763__75	8	2	13	45	8	2	25	13
TGGGCCAAGA__0.508706564120723__85	8	13	45	45	8	9	6	9
ATCGCCAAGT__0.50866061112123__61	7	31	25	45	8	9	6	11
ATTGCCAACC__0.507910235249573__78	30	9	13	45	8	9	6	8
TGCGCCAAAT__0.507338889064669__80	13	25	25	45	8	9	36	30
GGCGCCAATA__0.507128769896416__64	45	25	25	45	8	9	30	13
GATGCCAGAG__0.506844488998655__60	7	18	13	45	8	2	9	8
TAAGCCAACA__0.506654200950654__84	20	6	25	45	8	9	6	6
TGTGCCAGTA__0.50638298213331__81	6	17	13	45	8	2	11	6
GATGCCAGAC__0.506354646608756__63	7	18	13	45	8	2	9	8
CACGCCAAAT__0.505989813245568__74	17	8	25	45	8	9	36	30
GGAGCCAAAG__0.505836220402455__69	5	8	25	45	8	9	36	6
TTAGCCAAGT__0.505633831052782__76	20	18	25	45	8	9	6	11
CAAGCCAAGG__0.504774749790338__62	9	6	25	45	8	9	6	8
CCTGCCAGGA__0.5047706506379__70	8	2	13	45	8	2	8	5
GCGGCCAACT__0.503295080932054__56	25	2	45	45	8	9	6	11
ATAGCCAACT__0.503041426628015__60	13	18	25	45	8	9	6	11
AATGCCAGTT__0.502337725988198__53	30	18	13	45	8	2	11	6
CCTGCCAGAT__0.502151458363357__65	8	2	13	45	8	2	9	7
TCAGCCAACT__0.502093070463985__67	8	2	25	45	8	9	6	11
CTAGCCAAAA__0.501968071094632__108	18	18	25	45	8	9	36	36
AGCGCCAACG__0.50168617066946__52	25	25	25	45	8	9	6	8
TATGCCAGGA__0.501551143547655__79	13	18	13	45	8	2	8	5
GGCGCCAAAA__0.501551038467269__85	45	25	25	45	8	9	36	36
CAAGCCAATA__0.501499023869814__72	9	6	25	45	8	9	30	13
TCTGCCAGGT__0.501047389856474__69	9	2	13	45	8	2	8	8
TATGCCAGGT__0.500993975005788__68	13	18	13	45	8	2	8	8
GTAGCCAACA__0.500571149837254__79	6	18	25	45	8	9	6	6
TGAGCCAATG__0.50054735373025__62	8	8	25	45	8	9	30	18
GGAGCCAACC__0.500451162112742__54	5	8	25	45	8	9	6	8
TCTGGCAACG__0.500065583104478__78	9	2	8	45	13	9	6	8
CGCGCCAAGC__0.49997692156333__61	25	25	25	45	8	9	6	25
CACGCCAACG__0.499705700508699__59	17	8	25	45	8	9	6	8
AGCGCCAAGG__0.499496665434149__51	25	25	25	45	8	9	6	8
TCAGCCAAAA__0.499124744870036__113	8	2	25	45	8	9	36	36
GAAGCCAACG__0.498763308726899__56	12	6	25	45	8	9	6	8
AGAGCCAATG__0.498716395867961__54	9	8	25	45	8	9	30	18
GGAGCCAATG__0.498649176528615__53	5	8	25	45	8	9	30	18
TATGCCAGAT__0.497679666220743__73	13	18	13	45	8	2	9	7
GGGGCCAACT__0.497658788831753__55	13	13	45	45	8	9	6	11
CGCGCCAACG__0.497210063282263__58	25	25	25	45	8	9	6	8
TATGCCAGCG__0.495779102204189__67	13	18	13	45	8	2	25	25
TGGGCCAAAA__0.495746496902545__101	8	13	45	45	8	9	36	36
GCGGCCAAGT__0.495480763842488__53	25	2	45	45	8	9	6	11
TATGCCAGAA__0.49438591447708__89	13	18	13	45	8	2	9	12
CAGGCCAAGT__0.493652442121351__55	2	8	45	45	8	9	6	11
CTAGCCAAGA__0.493603778263873__75	18	18	25	45	8	9	6	9
CGGGCCAATT__0.493587635757882__53	2	13	45	45	8	9	30	30
GATGCCAGCC__0.493527559634496__51	7	18	13	45	8	2	25	45
AATGCCAGAC__0.493071840283948__61	30	18	13	45	8	2	9	8
GCAGCCAACG__0.492487516606243__57	13	2	25	45	8	9	6	8
CGAGCCAATC__0.492422242311959__43	31	8	25	45	8	9	30	7
AATGCCAGGC__0.492338598085623__54	30	18	13	45	8	2	8	45
TTTGCCAACG__0.492191609203446__83	36	9	13	45	8	9	6	8
AGCGCCAACC__0.490960273113435__49	25	25	25	45	8	9	6	8
CTTGCCAAAC__0.490812196313183__84	6	9	13	45	8	9	36	6
AATGCCAGCC__0.490566419389913__54	30	18	13	45	8	2	25	45
ATAGCCAAAA__0.490386256728258__95	13	18	25	45	8	9	36	36
GCGGCCAATT__0.489217694439688__50	25	2	45	45	8	9	30	30
TTTGCCAAGG__0.489200537522191__84	36	9	13	45	8	9	6	8
GGGGCCAAAA__0.488931904517537__90	13	13	45	45	8	9	36	36
CTAGCCAACT__0.488492952600907__55	18	18	25	45	8	9	6	11
GGGGCCAAAT__0.488315578221066__66	13	13	45	45	8	9	36	30
GAAGCCAACC__0.48824998138846__53	12	6	25	45	8	9	6	8
TGGGCCAAAT__0.487485481468533__71	8	13	45	45	8	9	36	30
ATAGCCAATT__0.486875672487762__53	13	18	25	45	8	9	30	30
GCAGCCAAAC__0.486744374021881__70	13	2	25	45	8	9	36	6
CCTGGCAACG__0.48603490225549__62	8	2	8	45	13	9	6	8
TGGGCCAACA__0.485965741835083__71	8	13	45	45	8	9	6	6
CGTGCCAGTC__0.485784461288597__45	8	17	13	45	8	2	11	8
CGGGCCAACA__0.485680960605692__67	2	13	45	45	8	9	6	6
GGCGCCAAGG__0.485678262843361__46	45	25	25	45	8	9	6	8
GTTGCCAACC__0.485055009735508__66	6	9	13	45	8	9	6	8
TACGCCAAAA__0.485024360586718__91	6	8	25	45	8	9	36	36
TGTGCCAGAC__0.484264285786444__69	6	17	13	45	8	2	9	8
AGGGCCAACA__0.484195334692087__62	8	13	45	45	8	9	6	6
TGCGCCAAGG__0.483964169180935__57	13	25	25	45	8	9	6	8
CCTGGCAATG__0.4839282220516__62	8	2	8	45	13	9	30	18
AGGGCCAAAT__0.483861468821955__60	8	13	45	45	8	9	36	30
CCCGCCAAGT__0.483573594413332__46	13	2	25	45	8	9	6	11
AAAGCCAATG__0.483561030986616__52	36	6	25	45	8	9	30	18
CGCGCCAAGG__0.483094163683748__52	25	25	25	45	8	9	6	8
AAGGCCAAGA__0.482854804504233__60	6	8	45	45	8	9	6	9
TGCGCCAATA__0.482226090122505__64	13	25	25	45	8	9	30	13
GACGCCAACG__0.482091450820275__42	8	8	25	45	8	9	6	8
TGTGCCAGTG__0.481767699025231__59	6	17	13	45	8	2	11	17
AAGGCCAAGT__0.48136182995919__45	6	8	45	45	8	9	6	11
ATAGCCAAAT__0.481214794193322__65	13	18	25	45	8	9	36	30
TAAGCCAAAT__0.481211490825789__67	20	6	25	45	8	9	36	30
GATGCCAGGC__0.481104620916507__45	7	18	13	45	8	2	8	45
GACGCCAATA__0.480869080534966__49	8	8	25	45	8	9	30	13
TCAGCCAATT__0.48081716981952__57	8	2	25	45	8	9	30	30
CAAGCCAAGC__0.480697761292233__52	9	6	25	45	8	9	6	25
CATGCCAGAG__0.480070689596565__57	18	18	13	45	8	2	9	8
CGGGCCAAAT__0.479947802632237__62	2	13	45	45	8	9	36	30
ACCGCCAACT__0.479458799178643__41	8	2	25	45	8	9	6	11
AATGCCAGTA__0.479123534387019__53	30	18	13	45	8	2	11	6
TTTGCCAACC__0.479054897860124__76	36	9	13	45	8	9	6	8
CATGCCAGGC__0.478766213427093__53	18	18	13	45	8	2	8	45
GGTGCCAGTG__0.478581353118022__47	8	17	13	45	8	2	11	17
CCTGCCAGAA__0.478224546316283__71	8	2	13	45	8	2	9	12
GCTGGCAATG__0.47807861235333__59	25	2	8	45	13	9	30	18
ACTGCCAGCG__0.47806872693721__47	11	2	13	45	8	2	25	25
CTTGCCAAGG__0.477920695241979__61	6	9	13	45	8	9	6	8
AAAGCCAACC__0.477867754145187__50	36	6	25	45	8	9	6	8
CTGGCCAAGT__0.477533803690838__52	2	8	45	45	8	9	6	11
AGAGCCAACC__0.477091280499999__46	9	8	25	45	8	9	6	8
ACGGCCAAGT__0.476920968552598__44	8	2	45	45	8	9	6	11
CAAGCCAACG__0.476630448664593__50	9	6	25	45	8	9	6	8
CTTGCCAATA__0.476422584966927__69	6	9	13	45	8	9	30	13
ACAGCCAAGG__0.476343015026602__48	6	2	25	45	8	9	6	8
CCAGCCAACG__0.475551505059556__51	8	2	25	45	8	9	6	8
GCCGCCAACA__0.475275337672285__51	45	2	25	45	8	9	6	6
ACAGCCAACG__0.475075946994785__48	6	2	25	45	8	9	6	8
GTTGCCAATC__0.474724387096627__55	6	9	13	45	8	9	30	7
CACGCCAATA__0.474327586685543__56	17	8	25	45	8	9	30	13
CCAGCCAATA__0.473852963316017__59	8	2	25	45	8	9	30	13
CTTGCCAACG__0.473495874506096__58	6	9	13	45	8	9	6	8
GCCGCCAAGA__0.473310602058115__49	45	2	25	45	8	9	6	9
CAAGCCAACC__0.473162971280403__50	9	6	25	45	8	9	6	8
TGAGCCAATC__0.473070643201251__42	8	8	25	45	8	9	30	7
CAGGCCAACT__0.47277789535994__46	2	8	45	45	8	9	6	11
TTTGCCAAAG__0.472214028580959__85	36	9	13	45	8	9	36	6
AGCGCCAAAC__0.471993624415835__52	25	25	25	45	8	9	36	6
CTAGCCAATT__0.471546115721762__48	18	18	25	45	8	9	30	30
AACGCCAATA__0.471522539720217__52	6	8	25	45	8	9	30	13
CGCGCCAACC__0.471207333296599__48	25	25	25	45	8	9	6	8
CTAGCCAACA__0.470907978298845__63	18	18	25	45	8	9	6	6
CGAGCCAATG__0.470680421384103__44	31	8	25	45	8	9	30	18
GTAGCCAAGG__0.470576370234525__51	6	18	25	45	8	9	6	8
GTAGCCAAAG__0.469864722057812__63	6	18	25	45	8	9	36	6
TCAGCCAAAT__0.46966606831528__66	8	2	25	45	8	9	36	30
GGCGCCAACA__0.469181906342772__49	45	25	25	45	8	9	6	6
CAGGCCAAAA__0.4689982368819__80	2	8	45	45	8	9	36	36
CACGCCAACC__0.468887379821756__47	17	8	25	45	8	9	6	8
GTCGCCAAGT__0.468812710806913__41	8	31	25	45	8	9	6	11
GGGGCCAACA__0.468106507237782__57	13	13	45	45	8	9	6	6
TCTGGCAATG__0.467983757997979__61	9	2	8	45	13	9	30	18
ATAGCCAACA__0.467140230102742__59	13	18	25	45	8	9	6	6
TCAGCCAACA__0.465883645163377__65	8	2	25	45	8	9	6	6
GAGGCCAAAA__0.465769251330376__69	8	8	45	45	8	9	36	36
CCCGCCCACC__0.465653784702439__50	13	2	25	45	13	8	17	8
TATGCCAGTT__0.465301688281008__50	13	18	13	45	8	2	11	6
CAGGCCAACA__0.465263175694635__58	2	8	45	45	8	9	6	6
CAGGCCAATT__0.465050472282535__43	2	8	45	45	8	9	30	30
GCTGCCAGCC__0.464807637130485__45	25	2	13	45	8	2	25	45
CGCGCCAAAC__0.464741472753654__56	25	25	25	45	8	9	36	6
AGGGCCAATT__0.464666675119084__39	8	13	45	45	8	9	30	30
TTAGCCAAGA__0.464328638816969__67	20	18	25	45	8	9	6	9
GATGCCAGTA__0.463677466430664__43	7	18	13	45	8	2	11	6
GAAGCCAATG__0.46239682511307__42	12	6	25	45	8	9	30	18
GGAGCCAATC__0.462334474915003__33	5	8	25	45	8	9	30	7
CAAGCCAAAC__0.461753009515178__57	9	6	25	45	8	9	36	6
CCTCCCACCC__0.46173237194656__55	8	8	5	13	8	17	8	13
CTCGCCAAGT__0.46167535649667__43	8	31	25	45	8	9	6	11
GCAGCCAAGC__0.460371780458777__44	13	2	25	45	8	9	6	25
GCGGCCAAAT__0.460202390706361__51	25	2	45	45	8	9	36	30
ACGGCCAAGA__0.459912179787783__50	8	2	45	45	8	9	6	9
GGCGCCAACG__0.459753430708244__37	45	25	25	45	8	9	6	8
CAGGCCAAGA__0.459344474323999__54	2	8	45	45	8	9	6	9
GTGGCCAACT__0.459070004128803__44	17	8	45	45	8	9	6	11
AACGCCAACC__0.458916761120516__41	6	8	25	45	8	9	6	8
CCAGCCAAAC__0.458775089252131__57	8	2	25	45	8	9	36	6
GCTGCCAGGG__0.458089848801045__41	25	2	13	45	8	2	8	13
CTAGCCAAAT__0.457851135190724__55	18	18	25	45	8	9	36	30
TAAGCCAACG__0.457537644421066__46	20	6	25	45	8	9	6	8
GTGGCCAAGA__0.457181216003787__56	17	8	45	45	8	9	6	9
ACAGCCAAAC__0.457054459058393__53	6	2	25	45	8	9	36	6
GCGGCCAAAA__0.456944662978063__68	25	2	45	45	8	9	36	36
TACGCCAAGA__0.456929580010223__55	6	8	25	45	8	9	6	9
CATGCCAGAC__0.456888554018283__49	18	18	13	45	8	2	9	8
GCAGCCAAAG__0.456525507966794__53	13	2	25	45	8	9	36	6
TCTGCCAGAT__0.456490206795561__53	9	2	13	45	8	2	9	7
CGCGCCAAAG__0.456035615963004__51	25	25	25	45	8	9	36	6
GCTGCCAGAG__0.455966583072613__44	25	2	13	45	8	2	9	8
ACAGCCAAGC__0.455642815021673__41	6	2	25	45	8	9	6	25
TATGCCAGGG__0.455467718988214__49	13	18	13	45	8	2	8	13
AGCGCCAAGC__0.455420237912422__36	25	25	25	45	8	9	6	25
GCTGCCAGAC__0.45527820482717__46	25	2	13	45	8	2	9	8
TACGCCAACA__0.455119108536914__54	6	8	25	45	8	9	6	6
AGCGCCAAAG__0.454949561799986__44	25	25	25	45	8	9	36	6
CATGCCAGTA__0.454870683770721__47	18	18	13	45	8	2	11	6
ACAGCCAACC__0.453469519418053__41	6	2	25	45	8	9	6	8
GCTGCCAGGC__0.453410062299024__40	25	2	13	45	8	2	8	45
CCCGCCAACA__0.453069156884017__48	13	2	25	45	8	9	6	6
GACGCCAAGG__0.45284274121025__32	8	8	25	45	8	9	6	8
GCTGGCAAAG__0.452258959022216__56	25	2	8	45	13	9	36	6
GCGGCCAAGA__0.452222622528726__48	25	2	45	45	8	9	6	9
CCTGGCAATT__0.451719643498891__43	8	2	8	45	13	9	30	30
TACGCCAAAT__0.451648751505166__52	6	8	25	45	8	9	36	30
CCTGCCAGCC__0.451275852183787__41	8	2	13	45	8	2	25	45
GACGCCAAAC__0.451106818442225__42	8	8	25	45	8	9	36	6
CGGGCCAATA__0.450113501582886__47	2	13	45	45	8	9	30	13
GGGGCCAATT__0.450027885544815__37	13	13	45	45	8	9	30	30
AAGGCCAAAA__0.449990079996192__62	6	8	45	45	8	9	36	36
TAAGCCAATA__0.449524118378714__50	20	6	25	45	8	9	30	13
GTAGCCAATA__0.448631166413891__49	6	18	25	45	8	9	30	13
GCTGCCAGTA__0.448125483870067__42	25	2	13	45	8	2	11	6
TCCGCCAAGT__0.447874513289117__40	5	2	25	45	8	9	6	11
CCTGCCAGTT__0.447413683576361__35	8	2	13	45	8	2	11	6
ACCGCCAACA__0.447262614370059__42	8	2	25	45	8	9	6	6
TACGCCAATT__0.446824942297064__40	6	8	25	45	8	9	30	30
GAGGCCAAAT__0.446775417950067__42	8	8	45	45	8	9	36	30
ACGGCCAAAT__0.44648403838343__44	8	2	45	45	8	9	36	30
TCTGCCAGTT__0.446430928351427__43	9	2	13	45	8	2	11	6
CGCGCCAATG__0.446033586537212__39	25	25	25	45	8	9	30	18
GTAGCCAAAC__0.44576203533559__52	6	18	25	45	8	9	36	6
CTTGCCAAAG__0.445273177572162__56	6	9	13	45	8	9	36	6
GCCGCCAAAT__0.445196040677607__38	45	2	25	45	8	9	36	30
CGGGCCAAGG__0.444923138815774__38	2	13	45	45	8	9	6	8
GTTGCCAATG__0.444802119762941__48	6	9	13	45	8	9	30	18
TTAGCCAAAA__0.444749177634355__73	20	18	25	45	8	9	36	36
TAAGCCAAAC__0.444340238716532__52	20	6	25	45	8	9	36	6
ACAGCCAAAG__0.443601270562728__46	6	2	25	45	8	9	36	6
CCCGCCAAGA__0.443471195615137__43	13	2	25	45	8	9	6	9
GCTGGCAATC__0.443383190219682__36	25	2	8	45	13	9	30	7
ACGGCCAAAA__0.443285280188186__59	8	2	45	45	8	9	36	36
TCTGGCAATC__0.443197789667928__41	9	2	8	45	13	9	30	7
CTTGCCAAGC__0.44279219514383__46	6	9	13	45	8	9	6	25
AACGCCAAAC__0.442210753174028__44	6	8	25	45	8	9	36	6
AGGGCCAATA__0.442161227585297__41	8	13	45	45	8	9	30	13
CCTGCCAGCG__0.442095089143708__36	8	2	13	45	8	2	25	25
GCTGGCAAAA__0.441842617808044__66	25	2	8	45	13	9	36	36
TCTGCCAGAA__0.44177771564791__59	9	2	13	45	8	2	9	12
GCCGCCAAAA__0.441744723209701__51	45	2	25	45	8	9	36	36
GCTGGCAACA__0.44159869201698__49	25	2	8	45	13	9	6	6
GGCGCCAAGC__0.441204830676974__32	45	25	25	45	8	9	6	25
ACGGCCAACT__0.4408935298219__32	8	2	45	45	8	9	6	11
AATGCCAGTG__0.440513205449805__33	30	18	13	45	8	2	11	17
CCCGCCACCC__0.44025866401364__35	13	2	25	45	8	17	8	13
TAAGCCAAAG__0.439866418677916__49	20	6	25	45	8	9	36	6
CCCGCCAATT__0.438952284340856__31	13	2	25	45	8	9	30	30
ACCGCCAAGA__0.438744965210172__38	8	2	25	45	8	9	6	9
ACCGCCAAAA__0.4385351228291__52	8	2	25	45	8	9	36	36
GAAGCCAATC__0.437908281089004__28	12	6	25	45	8	9	30	7
CCTGGCAACT__0.437474740837045__37	8	2	8	45	13	9	6	11
TTTGCCAATG__0.437021330890933__55	36	9	13	45	8	9	30	18
ACCGCCAAAT__0.436842817858468__37	8	2	25	45	8	9	36	30
GAGGCCAATT__0.436810923105011__29	8	8	45	45	8	9	30	30
CACGCCAAGC__0.43658861199939__35	17	8	25	45	8	9	6	25
AAGGCCAACA__0.436520123384__41	6	8	45	45	8	9	6	6
ACCGCCAATT__0.436364734824625__28	8	2	25	45	8	9	30	30
ACTGCCAGGG__0.43634058131304__33	11	2	13	45	8	2	8	13
GCAGCCAACC__0.435939111189126__36	13	2	25	45	8	9	6	8
CCGGCCAAGT__0.435562367776196__31	2	2	45	45	8	9	6	11
TCTGGCAATT__0.435079054065076__42	9	2	8	45	13	9	30	30
CCTGGCAATC__0.434775671208107__33	8	2	8	45	13	9	30	7
TTAGCCAACT__0.434134070601329__40	20	18	25	45	8	9	6	11
GCTGGCAACT__0.434124011039088__36	25	2	8	45	13	9	6	11
TAAGCCAAGC__0.433626997116101__38	20	6	25	45	8	9	6	25
GCAGCCAATG__0.433323817639711__35	13	2	25	45	8	9	30	18
GCTGGCAAGG__0.433266485847294__39	25	2	8	45	13	9	6	8
CCTGCCCCCC__0.432977040870041__40	8	2	13	45	13	13	13	13
TCTGCCAGGA__0.432837582976456__45	9	2	13	45	8	2	8	5
CCAGCCAACC__0.432773868787641__36	8	2	25	45	8	9	6	8
ACGGCCAACA__0.432598683445008__40	8	2	45	45	8	9	6	6
ATTGCCAATC__0.43237213836655__37	30	9	13	45	8	9	30	7
TCTGGCAACT__0.432039271400841__40	9	2	8	45	13	9	6	11
CCAGCCAAGC__0.431937372337835__35	8	2	25	45	8	9	6	25
CGTTCCAAGT__0.43193639861278__44	8	6	12	5	8	9	6	11
GTGGCCAATT__0.431917024240991__35	17	8	45	45	8	9	30	30
CACGCCAAAC__0.431687483946261__42	17	8	25	45	8	9	36	6
CTTGCCAACC__0.431533358171419__41	6	9	13	45	8	9	6	8
TATGCCAGCC__0.4314727361486__40	13	18	13	45	8	2	25	45
CCAGCCAAGG__0.430963314750658__34	8	2	25	45	8	9	6	8
GGCGCCAAAC__0.429616859012161__36	45	25	25	45	8	9	36	6
ATAGCCAAAC__0.429278780071196__44	13	18	25	45	8	9	36	6
GCTGGCAAGT__0.429255410823175__35	25	2	8	45	13	9	6	11
AACGCCAAGC__0.42904891098348__31	6	8	25	45	8	9	6	25
GTGGCCAAAT__0.428984404067916__43	17	8	45	45	8	9	36	30
TGCGCCAAGC__0.428898722224865__36	13	25	25	45	8	9	6	25
CCTGGCAACA__0.428723355968019__44	8	2	8	45	13	9	6	6
GTAGCCAACG__0.428595401281009__35	6	18	25	45	8	9	6	8
GATGCCAGTG__0.428368663778499__27	7	18	13	45	8	2	11	17
TTCGCCAACT__0.427815037844608__38	12	31	25	45	8	9	6	11
TGCGCCAACC__0.427708636598188__35	13	25	25	45	8	9	6	8
TGCGCCAACG__0.427136282715014__34	13	25	25	45	8	9	6	8
ACGGCCAATT__0.426752063267977__28	8	2	45	45	8	9	30	30
TTCGCCAAGA__0.426528507075851__47	12	31	25	45	8	9	6	9
AGGGCCAAGG__0.426286957812384__30	8	13	45	45	8	9	6	8
TTAGCCAATT__0.425963806513426__38	20	18	25	45	8	9	30	30
ATAGCCAATA__0.425668501065999__39	13	18	25	45	8	9	30	13
GCTGGCAATT__0.425666909575464__34	25	2	8	45	13	9	30	30
CAGGCCAAAT__0.424442164550196__39	2	8	45	45	8	9	36	30
ACTGCCAGAC__0.424294590616724__34	11	2	13	45	8	2	9	8
ATGGCCAAGT__0.424195650460241__32	18	8	45	45	8	9	6	11
AACGCCAAGG__0.424170768568302__29	6	8	25	45	8	9	6	8
TCAGCCAATA__0.424092989503247__43	8	2	25	45	8	9	30	13
ACTGCCAGTT__0.424092983085293__27	11	2	13	45	8	2	11	6
TATGCCAGAG__0.423896218717626__39	13	18	13	45	8	2	9	8
CTCGCCAAAT__0.423701896177517__38	8	31	25	45	8	9	36	30
TTAGCCAAAT__0.423683796059812__46	20	18	25	45	8	9	36	30
GGGGCCAAGC__0.423501513091129__32	13	13	45	45	8	9	6	25
TGCGCCAAAC__0.423414240355397__41	13	25	25	45	8	9	36	6
AAGGCCAAAT__0.422965380301068__35	6	8	45	45	8	9	36	30
AGCGCCAATG__0.422609004846638__27	25	25	25	45	8	9	30	18
AGAGCCAATC__0.422582836047537__23	9	8	25	45	8	9	30	7
CACGCCAAGG__0.422301004183733__30	17	8	25	45	8	9	6	8
TCTGCCAGCG__0.422040071268552__36	9	2	13	45	8	2	25	25
ATCGCCAAAA__0.422030722737683__47	7	31	25	45	8	9	36	36
GCCGCCAATA__0.421783330180857__30	45	2	25	45	8	9	30	13
ATCGCCAACT__0.421719457860824__28	7	31	25	45	8	9	6	11
CCCCCCAACC__0.421383804943695__38	13	13	13	13	8	9	6	8
GTCGCCAAAA__0.421250426132032__42	8	31	25	45	8	9	36	36
TCGGCCAAGT__0.421230850762291__32	31	2	45	45	8	9	6	11
CCCGCCAAAA__0.421013188022608__48	13	2	25	45	8	9	36	36
TCAGCCAAGG__0.420962393714923__36	8	2	25	45	8	9	6	8
GCCGCCAATT__0.420616496983496__23	45	2	25	45	8	9	30	30
GTAGCCAAGC__0.419757447866268__33	6	18	25	45	8	9	6	25
GCTGCCAGTG__0.419636393490088__28	25	2	13	45	8	2	11	17
AGTGCCAGTC__0.419142005395854__23	11	17	13	45	8	2	11	8
TGGGCCAAGG__0.419136581844181__33	8	13	45	45	8	9	6	8
CGGGCCAACC__0.419067643420662__31	2	13	45	45	8	9	6	8
ATTGCCAATG__0.4188073442511__37	30	9	13	45	8	9	30	18
GTCGCCAAGA__0.418696247918117__32	8	31	25	45	8	9	6	9
GTGGCCAAAA__0.418657694258162__52	17	8	45	45	8	9	36	36
ATAGCCAAGG__0.417774010183784__31	13	18	25	45	8	9	6	8
GACGCCAATG__0.417722324984644__24	8	8	25	45	8	9	30	18
CACGCCAAAG__0.417475708809964__36	17	8	25	45	8	9	36	6
TATGCCAGGC__0.416700726604732__35	13	18	13	45	8	2	8	45
TTCGCCAAGT__0.416695467292997__36	12	31	25	45	8	9	6	11
CCTCCCCACC__0.416588594755854__39	8	8	5	13	13	8	17	8
CCCGCCAAAT__0.416038745022228__33	13	2	25	45	8	9	36	30
GAGGCCAACT__0.415849990418864__24	8	8	45	45	8	9	6	11
ACTGCCAGCC__0.415032351048781__28	11	2	13	45	8	2	25	45
TATGCCAGAC__0.414296369051527__37	13	18	13	45	8	2	9	8
TCTGCCAGAC__0.41398502745694__38	9	2	13	45	8	2	9	8
TCTGGCAAGG__0.413959951606371__37	9	2	8	45	13	9	6	8
CTAGCCAATA__0.41390928237555__36	18	18	25	45	8	9	30	13
GTCGCCAACT__0.41386905133877__24	8	31	25	45	8	9	6	11
GAGGCCAACA__0.41377207039305__32	8	8	45	45	8	9	6	6
AACGCCAAAG__0.413633711370447__33	6	8	25	45	8	9	36	6
TGGGCCAATA__0.413437390409854__36	8	13	45	45	8	9	30	13
CTGGCCAATT__0.413430037464794__29	2	8	45	45	8	9	30	30
AGGGCCAAGC__0.413086909550199__27	8	13	45	45	8	9	6	25
TCTGGCAACC__0.413020578484891__35	9	2	8	45	13	9	6	8
GGCGCCAAAG__0.412519629758966__30	45	25	25	45	8	9	36	6
TCCGCCAACT__0.412114121866793__28	5	2	25	45	8	9	6	11
GTGGCCAACA__0.411760613637851__37	17	8	45	45	8	9	6	6
TCCGCCAAGA__0.41162683211899__36	5	2	25	45	8	9	6	9
CCAGCCAAAG__0.411280555569345__36	8	2	25	45	8	9	36	6
CTGGCCAACT__0.410665961783901__28	2	8	45	45	8	9	6	11
GCGGCCAACA__0.409867354802118__33	25	2	45	45	8	9	6	6
GCTGGCAAAC__0.409603725563199__37	25	2	8	45	13	9	36	6
CCTGGCAACC__0.409478721881099__30	8	2	8	45	13	9	6	8
GCTGGCAAAT__0.409437107156908__36	25	2	8	45	13	9	36	30
TAGGCCAAGT__0.409394796320727__28	18	8	45	45	8	9	6	11
CATGCCAGTG__0.409371051029422__27	18	18	13	45	8	2	11	17
TCTGGCAACA__0.408872250448037__40	9	2	8	45	13	9	6	6
TTAGCCAACA__0.408747494173847__40	20	18	25	45	8	9	6	6
TGCGCCAAAG__0.408515225310531__35	13	25	25	45	8	9	36	6
ATGGCCAACT__0.408470829216455__27	18	8	45	45	8	9	6	11
AACGCCAACG__0.408315628861807__25	6	8	25	45	8	9	6	8
CAAGCCAAAG__0.408145698183352__34	9	6	25	45	8	9	36	6
TCTGGCAATA__0.407787129367434__40	9	2	8	45	13	9	30	13
AAGGCCAACT__0.407331344438734__23	6	8	45	45	8	9	6	11
ACTGCCAGTA__0.407051037735255__28	11	2	13	45	8	2	11	6
CTGGCCAAGA__0.406381782869163__35	2	8	45	45	8	9	6	9
TTTGCCAATC__0.406064485874415__37	36	9	13	45	8	9	30	7
ACCGCCAATA__0.405806685435982__27	8	2	25	45	8	9	30	13
TACGCCAAGG__0.405684132022943__29	6	8	25	45	8	9	6	8
CGGGCCAAAC__0.405646620794354__34	2	13	45	45	8	9	36	6
CGCGCCAATC__0.40552698319671__23	25	25	25	45	8	9	30	7
ATGGCCAAGA__0.405309459435131__34	18	8	45	45	8	9	6	9
AGGGCCAAAG__0.405073827091054__31	8	13	45	45	8	9	36	6
CCGGCCAATT__0.404992436044988__23	2	2	45	45	8	9	30	30
CTCGCCAAGA__0.404916338471298__32	8	31	25	45	8	9	6	9
CTGGCCAAAA__0.404550517449039__46	2	8	45	45	8	9	36	36
CTAGCCAAGG__0.404233611738135__28	18	18	25	45	8	9	6	8
GGGGCCAACG__0.404196048417089__26	13	13	45	45	8	9	6	8
ATCGCCAAAT__0.403992244101491__30	7	31	25	45	8	9	36	30
TCTGGCAAAA__0.403287198974398__50	9	2	8	45	13	9	36	36
CTCGCCAACT__0.401569889675669__24	8	31	25	45	8	9	6	11
CGTGCCATCT__0.401297866202195__22	8	17	13	45	8	18	7	9
CCTGGCAAAG__0.401072937454442__35	8	2	8	45	13	9	36	6
GGCGCCAACC__0.401005670256133__22	45	25	25	45	8	9	6	8
CTTGCCAATG__0.400438864742372__31	6	9	13	45	8	9	30	18
TCAGCCAACC__0.400091761788634__30	8	2	25	45	8	9	6	8
TCTGGCAAAG__0.399793967952505__38	9	2	8	45	13	9	36	6
GGTGCCAGTC__0.399736358421868__20	8	17	13	45	8	2	11	8
ATCGCCAAGA__0.399623204546526__29	7	31	25	45	8	9	6	9
CCGGCCAACT__0.399534184417332__22	2	2	45	45	8	9	6	11
CCTGGCAAGG__0.399528824717539__28	8	2	8	45	13	9	6	8
CTGGCCAACA__0.399362536748318__33	2	8	45	45	8	9	6	6
CAAGCCAATC__0.399272792385458__21	9	6	25	45	8	9	30	7
GCTGGCAATA__0.399108636054795__33	25	2	8	45	13	9	30	13
TCCGCCAATT__0.398954161824372__25	5	2	25	45	8	9	30	30
TTCGCCAATT__0.398851817477268__30	12	31	25	45	8	9	30	30
AAGGCCAATT__0.398590148821612__21	6	8	45	45	8	9	30	30
GCGGCCAACG__0.398479529675797__24	25	2	45	45	8	9	6	8
GCAGCCAATC__0.398038877415544__21	13	2	25	45	8	9	30	7
ACTGCCAGAG__0.397949871589536__25	11	2	13	45	8	2	9	8
CTTGCCAATC__0.396498169194495__26	6	9	13	45	8	9	30	7
ATCGCCAACA__0.396388107220214__28	7	31	25	45	8	9	6	6
TGGGCCAAGC__0.396380158307495__27	8	13	45	45	8	9	6	25
TCCGCCAACA__0.396260531942712__31	5	2	25	45	8	9	6	6
CCTGCCCTCC__0.395918107708882__22	8	2	13	45	13	8	8	5
CCTGCCAGAC__0.395855620779205__27	8	2	13	45	8	2	9	8
TGGGCCAACG__0.395783733058339__26	8	13	45	45	8	9	6	8
TACGCCAATA__0.395606074685478__30	6	8	25	45	8	9	30	13
ATGGCCAATT__0.395484767187469__24	18	8	45	45	8	9	30	30
GCTGGCAACC__0.395101486374793__26	25	2	8	45	13	9	6	8
AGTGCCATAA__0.395015012714894__31	11	17	13	45	8	18	13	20
CGTTCCAACT__0.394814177678049__31	8	6	12	5	8	9	6	11
GGTTCCAAGT__0.394697566519853__29	8	6	12	5	8	9	6	11
GAGGCCAAGG__0.394319885778049__21	8	8	45	45	8	9	6	8
TCCGCCAAAT__0.394224172859673__30	5	2	25	45	8	9	36	30
CCTGCCAGGG__0.394132717604937__23	8	2	13	45	8	2	8	13
CCCGCCAATA__0.393960870755599__26	13	2	25	45	8	9	30	13
ACTGGCAATG__0.393493542641904__26	11	2	8	45	13	9	30	18
TCAGCCAAGC__0.393152410765349__28	8	2	25	45	8	9	6	25
AAAGCCAATC__0.392991255582806__19	36	6	25	45	8	9	30	7
ACTGCCAGGC__0.392682194394837__22	11	2	13	45	8	2	8	45
TAAGCCAAGG__0.39265618966431__25	20	6	25	45	8	9	6	8
GACGCCAACC__0.39237273830586__19	8	8	25	45	8	9	6	8
GGGGCCAAGG__0.392034256264623__23	13	13	45	45	8	9	6	8
CGGGCCAAAG__0.391926673529156__29	2	13	45	45	8	9	36	6
AGAGCCAGGA__0.391679244202585__19	9	8	25	45	8	2	8	5
CGGGCCAACG__0.391671804196212__23	2	13	45	45	8	9	6	8
CCGGCCAAGA__0.391658103719748__27	2	2	45	45	8	9	6	9
TGCGCCAATG__0.390891137515659__25	13	25	25	45	8	9	30	18
TAGGCCAACA__0.390881213939485__30	18	8	45	45	8	9	6	6
ATGGCCAAAA__0.390594496431667__39	18	8	45	45	8	9	36	36
GACGCCAAAG__0.390476130950054__23	8	8	25	45	8	9	36	6
GCGGCCAAGG__0.390471167786741__22	25	2	45	45	8	9	6	8
CCTGGCAAAT__0.390309199926175__30	8	2	8	45	13	9	36	30
TCTGGCAAGC__0.390107410771262__27	9	2	8	45	13	9	6	25
CGCGCCAGGA__0.38968955932905__22	25	25	25	45	8	2	8	5
CAGGCCAATA__0.389129714059134__27	2	8	45	45	8	9	30	13
TCTGCCAGGC__0.388682907286482__27	9	2	13	45	8	2	8	45
TATGCCAGTA__0.387998026257373__28	13	18	13	45	8	2	11	6
ATAGCCAACG__0.387748120901137__23	13	18	25	45	8	9	6	8
TCTGGCAAAC__0.387635748769058__33	9	2	8	45	13	9	36	6
TAGGCCAACT__0.387145078614065__22	18	8	45	45	8	9	6	11
CTAGCCAAAC__0.386880509919502__30	18	18	25	45	8	9	36	6
AAGGCCAATA__0.386851035719353__24	6	8	45	45	8	9	30	13
CGAGCCAGAA__0.386609419722098__25	31	8	25	45	8	2	9	12
GCTGGCAAGA__0.386307899255691__28	25	2	8	45	13	9	6	9
CCCGCCAACC__0.385932110270791__21	13	2	25	45	8	9	6	8
TTCGCCAAAA__0.385778970412892__39	12	31	25	45	8	9	36	36
TCAGCCAAAC__0.385743877858005__32	8	2	25	45	8	9	36	6
ATAGCCAAGC__0.385656506720341__23	13	18	25	45	8	9	6	25
TGGGCCAAAG__0.385509099046__29	8	13	45	45	8	9	36	6
CGTTCCAAGA__0.385505341680979__35	8	6	12	5	8	9	6	9
CTGGCCAAAT__0.385239791729708__28	2	8	45	45	8	9	36	30
CCGGCCAAAT__0.385082257375213__25	2	2	45	45	8	9	36	30
GGGGCCAATA__0.385030205485054__25	13	13	45	45	8	9	30	13
AGGGCCAACG__0.384444457287075__20	8	13	45	45	8	9	6	8
GGGGCCAAAC__0.384043359129732__27	13	13	45	45	8	9	36	6
CCCGCCAACG__0.383996716881371__20	13	2	25	45	8	9	6	8
TCTGGCAAAT__0.383963351175201__31	9	2	8	45	13	9	36	30
CCTTCCACCC__0.383895910388065__31	8	6	12	5	8	17	8	13
CCTGCCAGTA__0.383018750322949__23	8	2	13	45	8	2	11	6
GTCGCCAACA__0.382309961403345__22	8	31	25	45	8	9	6	6
GAGGCCAATA__0.382021886875716__22	8	8	45	45	8	9	30	13
CTCGCCAATT__0.381964748037292__20	8	31	25	45	8	9	30	30
ATGGCCAACA__0.381875154521499__27	18	8	45	45	8	9	6	6
TCTGCCAGCC__0.381275369141658__25	9	2	13	45	8	2	25	45
AAGGCCAAGG__0.380651564125485__19	6	8	45	45	8	9	6	8
ACCGCCAAGC__0.380646108735814__18	8	2	25	45	8	9	6	25
GGTGCCATAA__0.379639188551436__27	8	17	13	45	8	18	13	20
GTAGCCAACC__0.379132558753689__22	6	18	25	45	8	9	6	8
GACGCCAAGC__0.379021504607848__16	8	8	25	45	8	9	6	25
ACTGGCAACG__0.379002561288968__22	11	2	8	45	13	9	6	8
CCAGCCAATG__0.378829432306317__21	8	2	25	45	8	9	30	18
TCTGGCAAGA__0.378707989103135__29	9	2	8	45	13	9	6	9
AGAGCCAGAA__0.378302094483979__22	9	8	25	45	8	2	9	12
CTCGCCAAAA__0.378276294027351__32	8	31	25	45	8	9	36	36
TGTGCCAGTC__0.378034201212785__20	6	17	13	45	8	2	11	8
TAGGCCAAGA__0.377980762091819__26	18	8	45	45	8	9	6	9
AGGGCCAAAC__0.377937656116421__24	8	13	45	45	8	9	36	6
CGGGCCAAGC__0.37702986708026__20	2	13	45	45	8	9	6	25
CCTCCCACTC__0.376994793131516__18	8	8	5	13	8	17	11	8
CATGCCAGTC__0.37687576760852__17	18	18	13	45	8	2	11	8
AGGGCCAATC__0.376815999777052__16	8	13	45	45	8	9	30	7
TCGGCCAAGA__0.376667872194475__26	31	2	45	45	8	9	6	9
GCCGCCAACG__0.375108331635129__16	45	2	25	45	8	9	6	8
GCTCCCACCT__0.375003155797631__19	25	8	5	13	8	17	8	8
CGTGCCATGT__0.373937668638637__18	8	17	13	45	8	18	18	6
GCTGGCAAGC__0.373907065899915__20	25	2	8	45	13	9	6	25
GAAGCCAGAA__0.373823930822122__22	12	6	25	45	8	2	9	12
AAGGCCAAGC__0.373649291401586__18	6	8	45	45	8	9	6	25
TAAGCCAACC__0.373621944736966__21	20	6	25	45	8	9	6	8
ACCGCCAACC__0.373511540691222__17	8	2	25	45	8	9	6	8
CGAGCCAGGA__0.373041174798694__16	31	8	25	45	8	2	8	5
GCCGCCAATG__0.372929973732361__16	45	2	25	45	8	9	30	18
TGGGCCAACC__0.37286206392708__21	8	13	45	45	8	9	6	8
GAGGCCAACG__0.372838790366242__17	8	8	45	45	8	9	6	8
TAAGCCAATC__0.372838761607464__18	20	6	25	45	8	9	30	7
TGTGCCATCA__0.37280781951744__23	6	17	13	45	8	18	7	8
TCAGCCAACG__0.372640641120141__22	8	2	25	45	8	9	6	8
GCCGCCAACC__0.372443092708343__16	45	2	25	45	8	9	6	8
GCTGCCAGTC__0.372289846582453__15	25	2	13	45	8	2	11	8
GCCGCCAAAC__0.372267014057705__20	45	2	25	45	8	9	36	6
ATAGCCAACC__0.371947094299394__20	13	18	25	45	8	9	6	8
TCGGCCAACT__0.371643241697112__19	31	2	45	45	8	9	6	11
CAGGCCAAGG__0.37145673099331__19	2	8	45	45	8	9	6	8
CCTGGCAATA__0.371433156491235__25	8	2	8	45	13	9	30	13
CGTGCCATAA__0.371384126772946__26	8	17	13	45	8	18	13	20
CGTGCCATGA__0.371197491336896__22	8	17	13	45	8	18	18	8
TCTGCCAGGG__0.371009296428385__22	9	2	13	45	8	2	8	13
TACGCCAACG__0.371002272932554__20	6	8	25	45	8	9	6	8
TCTGCCAGTA__0.370825273097331__24	9	2	13	45	8	2	11	6
GGGGCCAAAG__0.370760635362418__23	13	13	45	45	8	9	36	6
CCGGCCAAAA__0.370745909410436__30	2	2	45	45	8	9	36	36
ATAGCCAAAG__0.370711397635911__24	13	18	25	45	8	9	36	6
GCGGCCAAAC__0.370524248823465__23	25	2	45	45	8	9	36	6
CCTGGCAAAC__0.370435889585256__25	8	2	8	45	13	9	36	6
CACGCCACCC__0.370324779670182__18	17	8	25	45	8	17	8	13
CCTGCCCCTC__0.370303928146289__17	8	2	13	45	13	13	8	8
TCCGCCAAAA__0.370171265141803__31	5	2	25	45	8	9	36	36
GGCGCCAATG__0.369956043357922__16	45	25	25	45	8	9	30	18
CTAGCCAAGC__0.369647267281305__20	18	18	25	45	8	9	6	25
TCTGGCAAGT__0.369512888401436__22	9	2	8	45	13	9	6	11
ACCGCCACCC__0.369364028941734__16	8	2	25	45	8	17	8	13
CAGGCCAAAC__0.369251393311274__24	2	8	45	45	8	9	36	6
TTAGCCAATA__0.369211907798372__26	20	18	25	45	8	9	30	13
TTAGCCAAAC__0.369141950723745__28	20	18	25	45	8	9	36	6
CTAGCCAACC__0.36901610352429__20	18	18	25	45	8	9	6	8
ACGGCCAAGG__0.368938010883902__17	8	2	45	45	8	9	6	8
TTCGCCAAAT__0.368755902307952__26	12	31	25	45	8	9	36	30
CACGCCAATG__0.368638223271217__18	17	8	25	45	8	9	30	18
CTCGCCAACA__0.368596360274408__22	8	31	25	45	8	9	6	6
AACGCCAGAA__0.36833145101192__21	6	8	25	45	8	2	9	12
CCTCCCTACC__0.368324542154224__17	8	8	5	13	8	18	6	8
CCTCCCACCT__0.367765682699073__19	8	8	5	13	8	17	8	8
TACGCCAAGC__0.367554023460666__20	6	8	25	45	8	9	6	25
TTAGCCAAAG__0.367167014835203__27	20	18	25	45	8	9	36	6
AGGGCCAATG__0.366781842045474__17	8	13	45	45	8	9	30	18
ACTGGCAAGG__0.366760498837065__19	11	2	8	45	13	9	6	8
CACGCCAATC__0.366706812143134__15	17	8	25	45	8	9	30	7
CCTGGCAAAA__0.366590698272079__32	8	2	8	45	13	9	36	36
AGCGCCAATC__0.366347268083652__13	25	25	25	45	8	9	30	7
GGAGCCAGCA__0.366098897030712__15	5	8	25	45	8	2	25	13
GCGGCCAATA__0.366027417520223__20	25	2	45	45	8	9	30	13
GGTGCCATAT__0.36560521087218__18	8	17	13	45	8	18	13	13
TGAGCCAGAA__0.365467992038422__21	8	8	25	45	8	2	9	12
TGCGCCAGCA__0.365407701675174__19	13	25	25	45	8	2	25	13
GAAGCCAGCA__0.365234363174934__16	12	6	25	45	8	2	25	13
AGAGCCAGGT__0.365214536755427__11	9	8	25	45	8	2	8	8
CAGGCCAAGC__0.36459470733014__18	2	8	45	45	8	9	6	25
AGCGCCAGCA__0.364440951375331__15	25	25	25	45	8	2	25	13
CCCGCCACAC__0.363894250454699__19	13	2	25	45	8	17	6	17
AGCGCCAGAA__0.362790647844907__18	25	25	25	45	8	2	9	12
AGTTCCAAGT__0.362328504477245__20	11	6	12	5	8	9	6	11
ATGGCCAATA__0.361985467889162__21	18	8	45	45	8	9	30	13
CTAGCCAACG__0.361848475101012__18	18	18	25	45	8	9	6	8
CGTGCCATAT__0.361814805236296__18	8	17	13	45	8	18	13	13
CCCGCCCACA__0.36162299536179__20	13	2	25	45	13	8	17	6
GGCGCCAGGA__0.360987775176724__14	45	25	25	45	8	2	8	5
CTGGCCAATA__0.360321245879862__21	2	8	45	45	8	9	30	13
CATCCCCACC__0.360215183761144__21	18	7	5	13	13	8	17	8
CGTGCCATAC__0.360176202083581__18	8	17	13	45	8	18	13	6
ATGGCCAAAT__0.360163978630747__21	18	8	45	45	8	9	36	30
ACCGCCAAGG__0.359271416099205__14	8	2	25	45	8	9	6	8
TTCGCCAACA__0.359159685966406__23	12	31	25	45	8	9	6	6
GAGGCCAACC__0.358749425450539__15	8	8	45	45	8	9	6	8
CCACCCAACC__0.358671718209804__18	8	17	8	13	8	9	6	8
CCTGCCAGGC__0.358498536279003__16	8	2	13	45	8	2	8	45
TGGGCCAAAC__0.358250993647671__22	8	13	45	45	8	9	36	6
TGTGCCATCT__0.358239179876308__17	6	17	13	45	8	18	7	9
CGTTCCAATA__0.35817391940133__25	8	6	12	5	8	9	30	13
CAGGCCAACC__0.358094899710917__17	2	8	45	45	8	9	6	8
GGTGCCACGT__0.357960079749025__15	8	17	13	45	8	17	8	8
TCGGCCAAAT__0.35793192091248__21	31	2	45	45	8	9	36	30
GTGGCCAACC__0.357907698706263__18	17	8	45	45	8	9	6	8
GGCGCCAGCA__0.357413167446484__14	45	25	25	45	8	2	25	13
TGGGCCAATG__0.357403986642538__18	8	13	45	45	8	9	30	18
ACCGCCCACC__0.35731649090835__16	8	2	25	45	13	8	17	8
GTGGCCAAAC__0.357300409580355__22	17	8	45	45	8	9	36	6
CCGGCCAAAC__0.357272344782508__20	2	2	45	45	8	9	36	6
CCTGCCAGAG__0.357178287077232__17	8	2	13	45	8	2	9	8
CCTCCCAACC__0.356560130982017__20	8	8	5	13	8	9	6	8
CCGGCCAATA__0.3565283303254__18	2	2	45	45	8	9	30	13
CCGGCCAACA__0.356222862478344__19	2	2	45	45	8	9	6	6
TCCGCCAAGG__0.356130682432313__17	5	2	25	45	8	9	6	8
TGAGCCAGAT__0.356050893344856__14	8	8	25	45	8	2	9	7
CTAGCCAAAG__0.355628915315134__21	18	18	25	45	8	9	36	6
GATGCCAGTC__0.355606378520099__11	7	18	13	45	8	2	11	8
CTCGCCAAGG__0.355197206685613__16	8	31	25	45	8	9	6	8
CTGGCCAAGG__0.355060260505124__17	2	8	45	45	8	9	6	8
GGAGCCAGGG__0.354979888239314__11	5	8	25	45	8	2	8	13
TACGCCAAAC__0.354952728902114__21	6	8	25	45	8	9	36	6
TCGGCCAATT__0.354862761847389__16	31	2	45	45	8	9	30	30
GAGGCCAAAC__0.354749240099878__18	8	8	45	45	8	9	36	6
GGAGCCAGGT__0.354720468638349__10	5	8	25	45	8	2	8	8
CCGGCCAACG__0.354671160100321__15	2	2	45	45	8	9	6	8
CGCGCCCACC__0.354165668054227__16	25	25	25	45	13	8	17	8
GGGGGCAAGG__0.354165099556773__17	13	13	13	45	13	9	6	8
GGTGCCATGT__0.354150046398639__14	8	17	13	45	8	18	18	6
AATGCCAGTC__0.35412795592448__12	30	18	13	45	8	2	11	8
TACGCCAACC__0.354085021752384__17	6	8	25	45	8	9	6	8
TGGGCCAATC__0.353867851791566__15	8	13	45	45	8	9	30	7
TAAGCCAATG__0.353714082508693__17	20	6	25	45	8	9	30	18
AAAGCCAGAA__0.353555241962812__18	36	6	25	45	8	2	9	12
ACAGCCAATG__0.35315473413047__15	6	2	25	45	8	9	30	18
GGAGCCAGAA__0.352941659138768__16	5	8	25	45	8	2	9	12
TGTGCCATGT__0.352383753887515__17	6	17	13	45	8	18	18	6
TGCGCCAGGA__0.352083720047249__16	13	25	25	45	8	2	8	5
GACGCCAATC__0.351989968981371__10	8	8	25	45	8	9	30	7
TAGGCCAAAA__0.3517744150302__26	18	8	45	45	8	9	36	36
GAGGCCAAAG__0.351703484169671__17	8	8	45	45	8	9	36	6
TCCGCCAACG__0.35159776743598__16	5	2	25	45	8	9	6	8
GTGGCCAATA__0.351520574206415__19	17	8	45	45	8	9	30	13
TCTCCCCACC__0.351507542369274__22	9	8	5	13	13	8	17	8
CCTGCCACCC__0.351409882737039__16	8	2	13	45	8	17	8	13
GACGCCAGCT__0.351358903964702__9	8	8	25	45	8	2	25	25
TCAGCCAATG__0.351187153617847__18	8	2	25	45	8	9	30	18
AGAGCCAGCA__0.351144780966231__13	9	8	25	45	8	2	25	13
CCAGCCAATC__0.351027835750174__13	8	2	25	45	8	9	30	7
TCGGCCAAAA__0.351015521852875__26	31	2	45	45	8	9	36	36
TGTTCCAAGT__0.350988879787182__23	6	6	12	5	8	9	6	11
AGCGCCAGGT__0.350815871487059__10	25	25	25	45	8	2	8	8
ACGGCCAACG__0.350684729049802__14	8	2	45	45	8	9	6	8
CGCGCCAGAA__0.350610752647509__18	25	25	25	45	8	2	9	12
GGTGCCATGG__0.350608551735436__14	8	17	13	45	8	18	18	8
ACTGCTCACC__0.350603837400359__13	11	2	13	25	8	8	17	8
GCTCCCACCC__0.350562878042544__17	25	8	5	13	8	17	8	13
GGCGCCAATC__0.35054215750481__11	45	25	25	45	8	9	30	7
AAAGCCAGCA__0.350467287207145__14	36	6	25	45	8	2	25	13
TTAGCCAATG__0.350002892870254__19	20	18	25	45	8	9	30	18
CTTCCCTACC__0.349904286894805__16	6	12	5	13	8	18	6	8
GCCGCCCACC__0.349865084924795__14	45	2	25	45	13	8	17	8
CATGCCCCCC__0.349793187398566__17	18	18	13	45	13	13	13	13
ACCCCCAACC__0.349727542514908__16	8	13	13	13	8	9	6	8
CCCGCCTACT__0.349492304128029__10	13	2	25	45	8	18	6	11
GTAGCCAATG__0.349374421889095__16	6	18	25	45	8	9	30	18
TGCGCCAATC__0.349368286207442__14	13	25	25	45	8	9	30	7
CCTCCCACCG__0.349137912743745__16	8	8	5	13	8	17	8	2
AGTGCCACGT__0.349067695521087__13	11	17	13	45	8	17	8	8
CATTCCAAGT__0.349026946363873__19	18	30	12	5	8	9	6	11
GTGGCCAAGG__0.349023022585484__16	17	8	45	45	8	9	6	8
TGTGCCATAT__0.348862576616477__18	6	17	13	45	8	18	13	13
CCTGGCAAGC__0.348625512299181__15	8	2	8	45	13	9	6	25
CTAGCCAATG__0.348610486334897__16	18	18	25	45	8	9	30	18
ACCCCCAACA__0.348524117659935__19	8	13	13	13	8	9	6	6
CCTGCCCCCT__0.348512419584358__14	8	2	13	45	13	13	13	8
AAAGCCAGGA__0.34835004006814__13	36	6	25	45	8	2	8	5
CCTCCCCACT__0.348277260772259__16	8	8	5	13	13	8	17	11
GGTTCCAAGA__0.347669830661289__22	8	6	12	5	8	9	6	9
CCCGCCACCG__0.347661137448949__12	13	2	25	45	8	17	8	2
GACGCCAGGA__0.347443825509174__11	8	8	25	45	8	2	8	5
CCAGCCACCC__0.347289599242127__13	8	2	25	45	8	17	8	13
GTCGCCAAAT__0.347285428108702__15	8	31	25	45	8	9	36	30
GGAGCCAGCG__0.346888805488634__10	5	8	25	45	8	2	25	25
CATACCACCC__0.34684989259444__16	18	13	6	8	8	17	8	13
ATCGCCAATT__0.346239439559471__13	7	31	25	45	8	9	30	30
CGCGCCAGCG__0.346138174019524__12	25	25	25	45	8	2	25	25
GGTGCCATCA__0.34601922286174__14	8	17	13	45	8	18	7	8
ATAGCCAATG__0.345629790806367__15	13	18	25	45	8	9	30	18
CACGCCCACC__0.345340099848749__14	17	8	25	45	13	8	17	8
CGAGCCAGCG__0.345111243331065__10	31	8	25	45	8	2	25	25
CAAGCCAATG__0.344993496577146__14	9	6	25	45	8	9	30	18
CCTGCCTCCC__0.344855164051497__13	8	2	13	45	8	8	5	13
GGAGCCAGCT__0.34477639692497__9	5	8	25	45	8	2	25	25
TCAGCCAAAG__0.344545190483542__20	8	2	25	45	8	9	36	6
CCTGCCAGTG__0.344368810058639__13	8	2	13	45	8	2	11	17
CCCCCCAACA__0.343973915629748__20	13	13	13	13	8	9	6	6
GGGGCCAACC__0.343934725329454__14	13	13	45	45	8	9	6	8
ACTGGCAAAA__0.3438147176354__24	11	2	8	45	13	9	36	36
TCCGCCAACC__0.343813817457457__15	5	2	25	45	8	9	6	8
CGTGCCACAT__0.343781350788966__15	8	17	13	45	8	17	6	18
ATGGCCAAGC__0.343441606808694__15	18	8	45	45	8	9	6	25
AAGGCCAAAG__0.34335109315014__16	6	8	45	45	8	9	36	6
GACGCCAGCG__0.343301530759981__9	8	8	25	45	8	2	25	25
CGTGCCATGC__0.343019148482458__14	8	17	13	45	8	18	18	13
AGTGCCATCA__0.342941910301794__13	11	17	13	45	8	18	7	8
AAGGCCAACC__0.342908844468034__13	6	8	45	45	8	9	6	8
TGTTCCAACT__0.342907042698781__21	6	6	12	5	8	9	6	11
ACTCCCCACC__0.342899698603972__15	11	8	5	13	13	8	17	8
AATGCCATGT__0.34285857325763__12	30	18	13	45	8	18	18	6
CCCGCCAATG__0.342855774433981__13	13	2	25	45	8	9	30	18
CGTGCCATCA__0.342697796686555__14	8	17	13	45	8	18	7	8
GCCGCCAAGG__0.342460002951928__11	45	2	25	45	8	9	6	8
TAGGCCAATA__0.342418602983901__17	18	8	45	45	8	9	30	13
ACCGCCAAAC__0.342221910785485__15	8	2	25	45	8	9	36	6
TCTGCCAGAG__0.34212847612532__17	9	2	13	45	8	2	9	8
ACGGCCAACC__0.341826064763379__13	8	2	45	45	8	9	6	8
AGCGCCAGCT__0.341606119760841__9	25	25	25	45	8	2	25	25
GGGGACAAGG__0.341293952993485__13	13	13	5	8	6	9	6	8
CGTGCCCAAT__0.341273426585399__15	8	17	13	45	13	8	9	30
ACAGCCAATC__0.341259578421024__11	6	2	25	45	8	9	30	7
CCCGCCGACC__0.341257626223415__9	13	2	25	45	2	31	8	8
GGTGCCCATT__0.341155829067546__12	8	17	13	45	13	8	18	30
GAGGCCAAGC__0.341144120891382__12	8	8	45	45	8	9	6	25
TTAGCCAAGC__0.340958110976089__17	20	18	25	45	8	9	6	25
TGAGCCAGCT__0.340777612389741__10	8	8	25	45	8	2	25	25
CCCGCCAAAC__0.340770544504735__16	13	2	25	45	8	9	36	6
TAGGCCAAAT__0.340694839013581__17	18	8	45	45	8	9	36	30
GCGGCCAAGC__0.340580713234075__13	25	2	45	45	8	9	6	25
GCAGCCAGCA__0.340516769149665__13	13	2	25	45	8	2	25	13
GCGGCCAAAG__0.340162705966672__16	25	2	45	45	8	9	36	6
ACTCCCACCG__0.340144058003005__12	11	8	5	13	8	17	8	2
AGTGCCATAT__0.339884445683777__13	11	17	13	45	8	18	13	13
TCTGCCAGTG__0.339738942961864__15	9	2	13	45	8	2	11	17
GATTCCAAGT__0.33872530698041__14	7	30	12	5	8	9	6	11
TGTGCCATAA__0.338598642504875__20	6	17	13	45	8	18	13	20
CCTGCCCCCA__0.338518860383329__15	8	2	13	45	13	13	13	8
CCTGCCACCT__0.338504355122589__12	8	2	13	45	8	17	8	8
ACTGCCAGTC__0.338479148611534__10	11	2	13	45	8	2	11	8
GTCGCCAATT__0.338021352462482__11	8	31	25	45	8	9	30	30
CCCCCCAATT__0.337649532259224__13	13	13	13	13	8	9	30	30
GAAGACAAGG__0.337628017891866__11	12	6	9	8	6	9	6	8
CCCGCCTACC__0.337461177303637__10	13	2	25	45	8	18	6	8
CGGGCCAATG__0.337441415883165__13	2	13	45	45	8	9	30	18
TTAGCCAACC__0.337275447570397__16	20	18	25	45	8	9	6	8
GCCGCCAATC__0.337223562576116__9	45	2	25	45	8	9	30	7
ACGGCCAATA__0.337036627957621__14	8	2	45	45	8	9	30	13
CCTGCCCGCC__0.33694446951956__12	8	2	13	45	13	2	25	45
CCTCCCATTT__0.336834111741334__11	8	8	5	13	8	18	30	36
CGAGCCAGAT__0.336788477551486__10	31	8	25	45	8	2	9	7
CCGGCCAAGG__0.336679104338392__12	2	2	45	45	8	9	6	8
AGTTCCAACT__0.336369013980719__15	11	6	12	5	8	9	6	11
ACTCCCACCC__0.336249926232068__13	11	8	5	13	8	17	8	13
CCTGCCCACC__0.33617770231174__15	8	2	13	45	13	8	17	8
GCCGCCAAAG__0.336110282782898__13	45	2	25	45	8	9	36	6
CTCGCCAACC__0.336045513679716__13	8	31	25	45	8	9	6	8
AGGGCCAACC__0.335989201930063__12	8	13	45	45	8	9	6	8
CCTGACCACC__0.335984863167404__11	8	2	8	8	8	8	17	8
CCTGCCCCGT__0.335780833744699__11	8	2	13	45	13	13	2	8
CGCGCCAGGT__0.335753388220925__10	25	25	25	45	8	2	8	8
TATGCCAGTG__0.335574151661867__14	13	18	13	45	8	2	11	17
CCTGCCGCCC__0.33519521933064__10	8	2	13	45	2	25	45	13
GGTGCCATGA__0.335141828587602__14	8	17	13	45	8	18	18	8
ATCGCCAACG__0.335121377232309__12	7	31	25	45	8	9	6	8
CCCGCCCACT__0.335049685665043__11	13	2	25	45	13	8	17	11
CGCGCCAGCC__0.334769518568709__11	25	25	25	45	8	2	25	45
CTGGCCAAAC__0.33452874548452__17	2	8	45	45	8	9	36	6
GACGCCAGCA__0.334417243016915__10	8	8	25	45	8	2	25	13
AACGCCAGCT__0.334389023273482__9	6	8	25	45	8	2	25	25
ACTGGCAATC__0.334195419785587__11	11	2	8	45	13	9	30	7
TACGCCAATC__0.333986380009652__12	6	8	25	45	8	9	30	7
CCGGCCAATG__0.333801082647555__12	2	2	45	45	8	9	30	18
CCTGCCTATC__0.333644024685587__10	8	2	13	45	8	18	13	7
CCCGCCTACA__0.333446630581141__11	13	2	25	45	8	18	6	6
TCCCCCAACC__0.333143495428483__16	5	13	13	13	8	9	6	8
ATCGCCAACC__0.333104378839642__12	7	31	25	45	8	9	6	8
AGTGCCATTA__0.333098157117399__12	11	17	13	45	8	18	30	20
ACTGGCAAAG__0.332853523529918__16	11	2	8	45	13	9	36	6
GCCGCCAAGC__0.332719249598682__10	45	2	25	45	8	9	6	25
CATCCCACCC__0.332633253403849__15	18	7	5	13	8	17	8	13
CGTACCACCC__0.332453136357662__13	8	6	6	8	8	17	8	13
CCTCCCACCA__0.332314766590083__16	8	8	5	13	8	17	8	8
CGTGCCACTT__0.331997702085565__10	8	17	13	45	8	17	11	6
AATGCCATAT__0.331991466990577__12	30	18	13	45	8	18	13	13
CCCACCAACT__0.331925949641536__11	13	8	17	8	8	9	6	11
CCCGCCAAGG__0.33162798383128__11	13	2	25	45	8	9	6	8
AACGCCAGAC__0.331214629111377__11	6	8	25	45	8	2	9	8
CCTGCCCTTC__0.331028446488885__10	8	2	13	45	13	8	6	12
GTCGCCAAAC__0.330799813766914__13	8	31	25	45	8	9	36	6
TCGGCCAATA__0.330718175015908__15	31	2	45	45	8	9	30	13
ACTCCCACAC__0.33069980953827__13	11	8	5	13	8	17	6	17
CCCTCCAACC__0.330455116261156__14	13	8	8	5	8	9	6	8
CCTGCCCCTT__0.330454561376446__10	8	2	13	45	13	13	8	6
AACGCCAATG__0.330155121397205__11	6	8	25	45	8	9	30	18
ACCGCCACCG__0.330033712217925__9	8	2	25	45	8	17	8	2
CCCGCCAAGC__0.329974315811303__11	13	2	25	45	8	9	6	25
CACGCCAGCT__0.329974213337701__9	17	8	25	45	8	2	25	25
AACGCCAGAT__0.329807741510858__10	6	8	25	45	8	2	9	7
CCTACCCACC__0.329790525688807__13	8	18	6	8	13	8	17	8
CCCGCCATCC__0.329751893998399__9	13	2	25	45	8	18	7	5
CGCGCCAGGG__0.329580998505487__10	25	25	25	45	8	2	8	13
AAAGCCAGCG__0.329578643648892__9	36	6	25	45	8	2	25	25
CCTGGCAAGT__0.329385492734519__12	8	2	8	45	13	9	6	11
AGTGCCATGT__0.329313989271353__10	11	17	13	45	8	18	18	6
GAAGCCAGGA__0.329304791108364__10	12	6	25	45	8	2	8	5
TTCGCCAAGC__0.329255096679842__15	12	31	25	45	8	9	6	25
ACGGCCAAGC__0.329217134055592__11	8	2	45	45	8	9	6	25
CCTGCCCCAC__0.328857412678609__14	8	2	13	45	13	13	8	17
CATCCCTACA__0.328730259370786__12	18	7	5	13	8	18	6	6
CACGCCAGAA__0.328700868267526__14	17	8	25	45	8	2	9	12
AGGGCCAGGG__0.328398127961225__9	8	13	45	45	8	2	8	13
GATGCCATAA__0.328367286192355__14	7	18	13	45	8	18	13	20
TGTGCCCAGT__0.327879766146825__13	6	17	13	45	13	8	2	11
GGGGTCAAGG__0.327879585853768__11	13	13	8	8	8	9	6	8
CGCCCCAACC__0.32770139844118__13	25	45	13	13	8	9	6	8
GGCGCCAGAT__0.327654248741797__9	45	25	25	45	8	2	9	7
ACCGCCAATG__0.327514077778739__10	8	2	25	45	8	9	30	18
CTTCCCCACT__0.327469856958035__15	6	12	5	13	13	8	17	11
CCTCCCACAT__0.327435571763175__13	8	8	5	13	8	17	6	18
CAGGCCAATC__0.327210085623869__10	2	8	45	45	8	9	30	7
CCCGCCACCT__0.327209878727224__9	13	2	25	45	8	17	8	8
CGTGCCATGG__0.327127548174925__11	8	17	13	45	8	18	18	8
CCTCCCCATC__0.327081758562241__11	8	8	5	13	13	8	18	7
CCTCCCAGCC__0.327065130627882__12	8	8	5	13	8	2	25	45
AACGCCAATC__0.32702737937673__9	6	8	25	45	8	9	30	7
ATGGCCAACG__0.326984232957445__12	18	8	45	45	8	9	6	8
GATGCCATGT__0.326943669636369__9	7	18	13	45	8	18	18	6
CCTGCTACTC__0.326930514790306__9	8	2	13	25	18	6	11	8
ATCGCCAAGG__0.326748484561247__11	7	31	25	45	8	9	6	8
ACTGGCAACT__0.326579291002541__11	11	2	8	45	13	9	6	11
GTGGCCAAAG__0.326088038303478__15	17	8	45	45	8	9	36	6
GGTGCCCAAT__0.326065287616433__12	8	17	13	45	13	8	9	30
GGAGCCAGGA__0.325978035969081__9	5	8	25	45	8	2	8	5
CGTTCCAAAA__0.325954767572042__23	8	6	12	5	8	9	36	36
AATGCCCATC__0.325863848344617__10	30	18	13	45	13	8	18	7
AGTTCCAAAT__0.325815289031781__16	11	6	12	5	8	9	36	30
CCTCCCTATT__0.325558449593699__9	8	8	5	13	8	18	13	30
CACGCCAGCA__0.325515830700397__11	17	8	25	45	8	2	25	13
ACCGCCAAAG__0.325440967933857__12	8	2	25	45	8	9	36	6
GTCGCCAAGG__0.325254563494796__10	8	31	25	45	8	9	6	8
AGTGCCATGA__0.324998793708183__12	11	17	13	45	8	18	18	8
CGCGCCAGCA__0.324996970400383__11	25	25	25	45	8	2	25	13
TCGGCCAACG__0.324905726285524__12	31	2	45	45	8	9	6	8
ATCGCCAAGC__0.324853366896367__11	7	31	25	45	8	9	6	25
CGTTCCAACA__0.324408111273308__18	8	6	12	5	8	9	6	6
CATGACAATG__0.32438735109737__11	18	18	8	8	6	9	30	18
TATGCCAGTC__0.32437522656203__11	13	18	13	45	8	2	11	8
AATGCCATGA__0.323983706022699__12	30	18	13	45	8	18	18	8
AGCGCCAGGA__0.323972611419085__9	25	25	25	45	8	2	8	5
CCTCCCACAC__0.323519017009501__14	8	8	5	13	8	17	6	17
GACGCCAGAA__0.323489566287723__11	8	8	25	45	8	2	9	12
CCTTCCACCT__0.32348760913865__14	8	6	12	5	8	17	8	8
AAGGCCAACG__0.323427481333221__10	6	8	45	45	8	9	6	8
CAGGCCAACG__0.323423478194282__11	2	8	45	45	8	9	6	8
CCCGCCCATC__0.323405435383068__9	13	2	25	45	13	8	18	7
CCTGCCCCCG__0.323384919546432__11	8	2	13	45	13	13	13	2
GGGGCCAATG__0.32338487726371__11	13	13	45	45	8	9	30	18
GGTGCCATCT__0.323367602166237__9	8	17	13	45	8	18	7	9
GCAGCCAGAA__0.323042530026959__13	13	2	25	45	8	2	9	12
TTCGCCAATA__0.322984494877193__15	12	31	25	45	8	9	30	13
TACGCCAATG__0.322900361593009__12	6	8	25	45	8	9	30	18
TCCGCCTACC__0.32289029820377__10	5	2	25	45	8	18	6	8
GTAGCCAATC__0.322698121643686__10	6	18	25	45	8	9	30	7
CACCCCAACC__0.322686997703848__12	17	8	13	13	8	9	6	8
TCGGCCAACA__0.322162028140836__14	31	2	45	45	8	9	6	6
GGTTCCAACT__0.322128621201856__13	8	6	12	5	8	9	6	11
TTAGCCAACG__0.322110106648298__13	20	18	25	45	8	9	6	8
ATTCCCCACC__0.322095390851443__15	30	12	5	13	13	8	17	8
CATCCCACTT__0.321726280959979__10	18	7	5	13	8	17	11	6
GGTGCCACAT__0.321539355350229__11	8	17	13	45	8	17	6	18
TCCGCCAATA__0.321466373027196__13	5	2	25	45	8	9	30	13
CCTGCCACCA__0.321211868138219__12	8	2	13	45	8	17	8	8
ACCACCAACG__0.321182676458039__10	8	8	17	8	8	9	6	8
CACGCCAGGA__0.321132405182872__10	17	8	25	45	8	2	8	5
CGTCCCTACC__0.321129181319385__10	8	8	5	13	8	18	6	8
ACCGCCAACG__0.320881227685337__9	8	2	25	45	8	9	6	8
CCCGCCCACG__0.320777324760182__10	13	2	25	45	13	8	17	8
CCTCCCATCC__0.320741862879093__10	8	8	5	13	8	18	7	5
AATGCCTTGC__0.320715654100334__9	30	18	13	45	8	6	9	13
CGTGCCACGT__0.320563375026631__10	8	17	13	45	8	17	8	8
CCAGCCAGAA__0.320545259918935__13	8	2	25	45	8	2	9	12
CGTCCCACCC__0.320396406287597__13	8	8	5	13	8	17	8	13
CCTGCCCCGC__0.320393754792179__11	8	2	13	45	13	13	2	25
AGTGCCACCA__0.320348527782397__11	11	17	13	45	8	17	8	8
ATGGCCAAAC__0.320316013631826__14	18	8	45	45	8	9	36	6
CGCGCCACCG__0.320170637703387__9	25	25	25	45	8	17	8	2
AAGGTCAAGG__0.319884005913499__9	6	8	8	8	8	9	6	8
TCTGGCTACG__0.319832165018073__11	9	2	8	45	25	18	6	8
CATGCCCCTT__0.319623356880808__9	18	18	13	45	13	13	8	6
CGCGCCACCC__0.319599636305571__10	25	25	25	45	8	17	8	13
CCTCCCTAAC__0.319538561288924__11	8	8	5	13	8	18	20	6
GCTACCACCC__0.319425913888472__11	25	18	6	8	8	17	8	13
CTCGCCAATA__0.319223932658042__12	8	31	25	45	8	9	30	13
GGTTCCAACA__0.318945610486899__16	8	6	12	5	8	9	6	6
CCCGCCAAAG__0.318897194417266__12	13	2	25	45	8	9	36	6
CTGGCCAACG__0.318582352075185__11	2	8	45	45	8	9	6	8
ACGGCCAAAG__0.318568351723161__12	8	2	45	45	8	9	36	6
CAGGCCAAAG__0.318470491734484__13	2	8	45	45	8	9	36	6
GATGCCATCA__0.318370976785434__9	7	18	13	45	8	18	7	8
CCGGCCAACC__0.318142758070947__10	2	2	45	45	8	9	6	8
GCGGCCAATG__0.317969602985888__10	25	2	45	45	8	9	30	18
GCGGCCAACC__0.317939854910459__10	25	2	45	45	8	9	6	8
TTTCCCCACC__0.317510348766735__17	36	12	5	13	13	8	17	8
ACTGGCAAAC__0.317507347285264__13	11	2	8	45	13	9	36	6
CTTCCCCACC__0.317468442422746__15	6	12	5	13	13	8	17	8
CCTTCCATCC__0.317450690887465__12	8	6	12	5	8	18	7	5
TCTCCCATCC__0.317257233501575__11	9	8	5	13	8	18	7	5
TAGGCCAATT__0.317067269202889__10	18	8	45	45	8	9	30	30
CCTCCCACGC__0.316959479542595__11	8	8	5	13	8	17	8	25
CATTCCAACT__0.316907122648793__13	18	30	12	5	8	9	6	11
CTTCCCACCC__0.316868456982866__14	6	12	5	13	8	17	8	13
ACGGCCAAAC__0.316846138453706__12	8	2	45	45	8	9	36	6
CGTCCCCACC__0.316436877447181__12	8	8	5	13	13	8	17	8
CCTACCACCT__0.316297469503378__9	8	18	6	8	8	17	8	8
CCTCCCACTA__0.316239134284177__11	8	8	5	13	8	17	11	18
TTCGCCAACG__0.316235575512755__12	12	31	25	45	8	9	6	8
CGTTCCAACC__0.316144829533171__14	8	6	12	5	8	9	6	8
ACTGCCACCC__0.316136631596956__10	11	2	13	45	8	17	8	13
GTGGCCAAGC__0.316031913949862__11	17	8	45	45	8	9	6	25
CCTCCCAACT__0.315815208851628__11	8	8	5	13	8	9	6	11
AATGCCATGG__0.315764030653867__9	30	18	13	45	8	18	18	8
ACACCCAACG__0.315704176066936__10	6	17	8	13	8	9	6	8
AGTGCCACAC__0.315636270765853__11	11	17	13	45	8	17	6	17
GCCCCCAACC__0.315416831939596__11	45	13	13	13	8	9	6	8
TCCGCCCACC__0.315398293383732__12	5	2	25	45	13	8	17	8
GTGGCCAATG__0.315334329397714__11	17	8	45	45	8	9	30	18
TCCGCCAAAC__0.315068750875898__13	5	2	25	45	8	9	36	6
CCCGCCATAC__0.314932463028938__9	13	2	25	45	8	18	13	6
GTCGCCAAGC__0.314886144843568__9	8	31	25	45	8	9	6	25
TCAGCCAATC__0.314711732696831__10	8	2	25	45	8	9	30	7
TGTTCCAAGA__0.314666399148045__18	6	6	12	5	8	9	6	9
CCCACCAACC__0.314661929762456__10	13	8	17	8	8	9	6	8
TTAGCCAAGG__0.314377045837269__12	20	18	25	45	8	9	6	8
CGTACCACCT__0.31419417351301__9	8	6	6	8	8	17	8	8
CTAGCCAATC__0.31409787359272__9	18	18	25	45	8	9	30	7
GGTGCCATTG__0.314073557931365__9	8	17	13	45	8	18	30	9
CTCGCCAATG__0.313383766462432__10	8	31	25	45	8	9	30	18
CCTGCCATCC__0.313355597367417__9	8	2	13	45	8	18	7	5
AACGCCCACC__0.313205985824277__9	6	8	25	45	13	8	17	8
CATGCCACCA__0.313071856372937__11	18	18	13	45	8	17	8	8
CGTCCCACTT__0.312968827098823__9	8	8	5	13	8	17	11	6
GCACCCAACG__0.312814059063397__10	13	17	8	13	8	9	6	8
CCCGCCACAT__0.312411598102041__9	13	2	25	45	8	17	6	18
ATGGCCAAGG__0.312050590259661__10	18	8	45	45	8	9	6	8
AGGGGCAAGG__0.312015377647154__9	8	13	13	45	13	9	6	8
TGCGCCAGAA__0.311976042848707__12	13	25	25	45	8	2	9	12
ACTACCCACC__0.311650760139804__10	11	18	6	8	13	8	17	8
GCTGGCGATG__0.311503907791157__9	25	2	8	45	25	31	7	18
ACTGCCCACT__0.311373633454746__9	11	2	13	45	13	8	17	11
GATGCAATGT__0.311349867801558__10	7	18	13	13	9	30	18	6
CGTGCCCACT__0.311151723032909__9	8	17	13	45	13	8	17	11
AATGCCATAA__0.311092296417846__12	30	18	13	45	8	18	13	20
CTTCCCCATC__0.311064919679736__11	6	12	5	13	13	8	18	7
AGGGACAATG__0.311060318785327__9	8	13	5	8	6	9	30	18
TATCCCCACC__0.310723508321522__13	13	7	5	13	13	8	17	8
CATACCACCT__0.310720636326108__9	18	13	6	8	8	17	8	8
CATGCCACCC__0.310579165618065__10	18	18	13	45	8	17	8	13
ACCACCAACC__0.310562048876206__9	8	8	17	8	8	9	6	8
AATGCAAGGG__0.310518868336172__11	30	18	13	13	9	6	8	13
CCTCCCAATC__0.310437991344176__9	8	8	5	13	8	9	30	7
CTTACCCACC__0.310430637685421__12	6	20	6	8	13	8	17	8
CATGCCACCG__0.310353146320019__9	18	18	13	45	8	17	8	2
TGTGCCACCT__0.31033684653842__10	6	17	13	45	8	17	8	8
ACCGCCCACA__0.310323277117476__10	8	2	25	45	13	8	17	6
CATGCCATAT__0.310241662929395__10	18	18	13	45	8	18	13	13
CCAGCCACCA__0.310226043349115__9	8	2	25	45	8	17	8	8
CATTCCAACA__0.310160629315593__15	18	30	12	5	8	9	6	6
TCGGCCAAGG__0.309957412770385__10	31	2	45	45	8	9	6	8
CATCCCATCC__0.309917641226652__9	18	7	5	13	8	18	7	5
AGTGCAATGT__0.309875290602444__10	11	17	13	13	9	30	18	6
CATGCCACGT__0.309484847319629__9	18	18	13	45	8	17	8	8
CCACCCAACA__0.309302772008394__12	8	17	8	13	8	9	6	6
CTCGCCCACC__0.309277047155994__10	8	31	25	45	13	8	17	8
CTGGCCAAGC__0.309268836552066__10	2	8	45	45	8	9	6	25
CCCCCCAAGT__0.309190614319176__9	13	13	13	13	8	9	6	11
ACTGGCAATT__0.308865890323043__9	11	2	8	45	13	9	30	30
TACGCCACAC__0.308823887715221__11	6	8	25	45	8	17	6	17
AGTGCCATAC__0.308533208935455__9	11	17	13	45	8	18	13	6
TTTCCCTACC__0.308344172402056__11	36	12	5	13	8	18	6	8
ACGGCCCACC__0.308009303258081__9	8	2	45	45	13	8	17	8
CCTGCAACTT__0.307952786829641__9	8	2	13	13	9	6	11	6
AGTCCCACCC__0.307906898854223__10	11	8	5	13	8	17	8	13
TTCGCCAACC__0.307871588219539__11	12	31	25	45	8	9	6	8
TGTGCCATAC__0.307852283755653__11	6	17	13	45	8	18	13	6
CGTGCCACAA__0.30768537820837__12	8	17	13	45	8	17	6	9
CCTGCACATT__0.30758702300443__10	8	2	13	13	17	6	18	30
CCTGCTTAAT__0.307362505386774__9	8	2	13	25	6	20	20	30
AATGCCACAT__0.307271099329658__9	30	18	13	45	8	17	6	18
GGTGCCATTA__0.307196194321918__9	8	17	13	45	8	18	30	20
GGGGCGAATG__0.307059872415203__10	13	13	45	25	31	12	30	18
TCTACCACCC__0.306911578488739__11	9	18	6	8	8	17	8	13
CGTTCCAATT__0.306868709792956__11	8	6	12	5	8	9	30	30
CCCCCCAAAC__0.306831011426802__12	13	13	13	13	8	9	36	6
CCTTCCATTT__0.306739624921009__10	8	6	12	5	8	18	30	36
TTCGCCAAGG__0.306673670931431__11	12	31	25	45	8	9	6	8
CATCCCAACC__0.306474276080335__11	18	7	5	13	8	9	6	8
GAGGACAAAG__0.306280941041303__10	8	8	5	8	6	9	36	6
CGTTCCAAGC__0.305806969302275__12	8	6	12	5	8	9	6	25
CCTGGCAAGA__0.305537693218592__11	8	2	8	45	13	9	6	9
CCCCCCAATA__0.305523690188831__11	13	13	13	13	8	9	30	13
CGCGCCACCA__0.305449063791077__9	25	25	25	45	8	17	8	8
CCTACCACCC__0.30496366565486__9	8	18	6	8	8	17	8	13
TAAGCCAGAA__0.304567749112248__11	20	6	25	45	8	2	9	12
ACAGCCAGAA__0.304551286769517__10	6	2	25	45	8	2	9	12
GATGCAAGGT__0.304526822709314__9	7	18	13	13	9	6	8	8
AGGGCGAAGG__0.304397838509328__9	8	13	45	25	31	12	6	8
CCTTACAACC__0.304332639249525__11	8	6	20	6	6	9	6	8
CCCTCCAACT__0.3041858921638__9	13	8	8	5	8	9	6	11
TTGGCCAAGT__0.304135692365712__10	9	8	45	45	8	9	6	11
CGTGCCATTA__0.304135303473335__9	8	17	13	45	8	18	30	20
GGTTCCAATT__0.303899282989764__10	8	6	12	5	8	9	30	30
CTTGCGCACC__0.303893077261568__10	6	9	13	25	25	13	17	8
CGTCCCACAC__0.303730318111501__11	8	8	5	13	8	17	6	17
CATGCGACCA__0.303530214272353__9	18	18	13	25	31	8	8	8
GGTTCCAAGC__0.303348310311196__11	8	6	12	5	8	9	6	25
ACACCCAAAC__0.303192670476282__10	6	17	8	13	8	9	36	6
AACCCCAACC__0.303168527399032__9	6	8	13	13	8	9	6	8
TACGCCAAAG__0.303160384000253__11	6	8	25	45	8	9	36	6
AATTCCAAGT__0.303072635338008__10	30	30	12	5	8	9	6	11
GTGGCCAACG__0.302869559775385__9	17	8	45	45	8	9	6	8
GGTGCCACCA__0.30277240077626__9	8	17	13	45	8	17	8	8
CGTGCCACAC__0.302678206562396__10	8	17	13	45	8	17	6	17
GATGGGAAGG__0.302642943494093__10	7	18	8	13	5	12	6	8
TGTTCCAAAT__0.302582535501589__15	6	6	12	5	8	9	36	30
CCCCCCAACT__0.302076629538437__9	13	13	13	13	8	9	6	11
CGTGCCATAG__0.301820996481332__9	8	17	13	45	8	18	13	18
CATACCACAC__0.30176517257207__10	18	13	6	8	8	17	6	17
CGTCCCCATA__0.301738611922995__9	8	8	5	13	13	8	18	13
ACTACCACCA__0.301674181272162__9	11	18	6	8	8	17	8	8
TGTGCCATGA__0.30149537600685__11	6	17	13	45	8	18	18	8
CCTTCCATTC__0.301439749604852__9	8	6	12	5	8	18	30	12
CGTGCCCATA__0.301362752932396__9	8	17	13	45	13	8	18	13
GTTTCCAATT__0.301106340440613__12	6	36	12	5	8	9	30	30
CCTGCTAAGC__0.301079304238361__9	8	2	13	25	18	20	6	25
CGCGCCACAC__0.300958964373652__9	25	25	25	45	8	17	6	17
ACCCCCAAAC__0.300935674124882__10	8	13	13	13	8	9	36	6
TTCGCCAAAC__0.300829247142614__12	12	31	25	45	8	9	36	6
CCTCCCAACA__0.300368986939021__12	8	8	5	13	8	9	6	6
TCTTCCATTT__0.300280720230319__11	9	6	12	5	8	18	30	36
TACGCCCACC__0.300231767713513__9	6	8	25	45	13	8	17	8
CCTTCCACAT__0.300126944685899__11	8	6	12	5	8	17	6	18
TTGGCCAAAA__0.299999978476731__15	9	8	45	45	8	9	36	36
TGGGTCAATG__0.2997058365572__9	8	13	8	8	8	9	30	18
GTTTCCAACT__0.299614493123178__12	6	36	12	5	8	9	6	11
TCTCCCCACT__0.2992314567686__10	9	8	5	13	13	8	17	11
AGTGCCACAA__0.299223502087094__10	11	17	13	45	8	17	6	9
CATCCCAACT__0.299215863832984__9	18	7	5	13	8	9	6	11
TGTGCCACGT__0.299137567613607__9	6	17	13	45	8	17	8	8
AGTTCCAAAA__0.298946432352023__15	11	6	12	5	8	9	36	36
ACTGGCAACA__0.298755592157948__10	11	2	8	45	13	9	6	6
TGTGCCATTG__0.298333574703279__9	6	17	13	45	8	18	30	9
TACGCCGAAA__0.298054359596574__10	6	8	25	45	2	31	12	36
CTTCCCATCC__0.297975542578687__9	6	12	5	13	8	18	7	5
GGTTCCAAGG__0.297892608685452__10	8	6	12	5	8	9	6	8
GGGGCGAAGG__0.297825542751454__9	13	13	45	25	31	12	6	8
TGTGCCCAAT__0.297042498952365__10	6	17	13	45	13	8	9	30
CGTTCCAAAT__0.29694191812429__12	8	6	12	5	8	9	36	30
CCTCCCCACG__0.296789802386296__9	8	8	5	13	13	8	17	8
GCTTCCAACT__0.296717727820192__10	25	6	12	5	8	9	6	11
CATGCAATGT__0.296584188898644__9	18	18	13	13	9	30	18	6
TGTGCGAGGG__0.296024276225923__9	6	17	13	25	31	8	8	13
ATCGCCAAAG__0.295925502500173__9	7	31	25	45	8	9	36	6
CTTCCCCACA__0.295851417335281__12	6	12	5	13	13	8	17	6
CCTTCCAAGT__0.295555800435687__10	8	6	12	5	8	9	6	11
TCTCCCACCT__0.295538592097792__9	9	8	5	13	8	17	8	8
TACGCCAGAA__0.295389839265236__10	6	8	25	45	8	2	9	12
CGTGCCACGA__0.295353174200811__9	8	17	13	45	8	17	8	31
GGTGTGAAGG__0.294961586690836__12	8	17	6	17	8	12	6	8
GGTGCCCAAC__0.294412715978989__9	8	17	13	45	13	8	9	6
CACCCCAACA__0.294313717905101__10	17	8	13	13	8	9	6	6
GGTTCCAAAT__0.29429526090235__11	8	6	12	5	8	9	36	30
TGTGCTAAGT__0.294237759568404__9	6	17	13	25	18	20	6	11
CTCTCCAACC__0.293883031182677__9	8	9	8	5	8	9	6	8
AATGAGAAAT__0.293874367914261__9	30	18	8	8	9	12	36	30
CGTTCCAAAG__0.293849252850933__12	8	6	12	5	8	9	36	6
TCTCCCACCC__0.293846345284164__10	9	8	5	13	8	17	8	13
TCTCCCACCG__0.293765147514409__9	9	8	5	13	8	17	8	2
CCTTCCACAC__0.293711678708583__11	8	6	12	5	8	17	6	17
ATTGCCCACC__0.293412993837197__9	30	9	13	45	13	8	17	8
CACACCAACA__0.293214869320541__9	17	6	17	8	8	9	6	6
TCGGCCAAAC__0.292720278513764__10	31	2	45	45	8	9	36	6
CTCGCCAAAG__0.292441521151281__9	8	31	25	45	8	9	36	6
CATGCATACA__0.292228762537773__10	18	18	13	13	18	13	6	6
CGTCCCACGA__0.292147676871914__9	8	8	5	13	8	17	8	31
GATTCCAAGA__0.292088468615067__10	7	30	12	5	8	9	6	9
TATGCCCACA__0.292019566008676__10	13	18	13	45	13	8	17	6
CCCGCCACAA__0.291671732598335__9	13	2	25	45	8	17	6	9
ACTGGCAAAT__0.291593472862679__9	11	2	8	45	13	9	36	30
TCCCCCAACA__0.291446466774418__11	5	13	13	13	8	9	6	6
GCTTCCACCT__0.291412037961299__9	25	6	12	5	8	17	8	8
TCACCCAACC__0.291257682469408__9	8	17	8	13	8	9	6	8
CTCGCCAAAC__0.291227297079604__9	8	31	25	45	8	9	36	6
CTTCCCACCG__0.290831806027883__9	6	12	5	13	8	17	8	2
TGTGAGAAGG__0.290609102321084__9	6	17	8	8	9	12	6	8
CGATCCAAGA__0.290605416580438__9	31	7	7	5	8	9	6	9
CATTCCAAAT__0.290509242351457__11	18	30	12	5	8	9	36	30
ACTGGCAATA__0.290405590777696__9	11	2	8	45	13	9	30	13
CCTCCCCACA__0.290266765328687__10	8	8	5	13	13	8	17	6
CGCCCCAAAC__0.28969019429761__9	25	45	13	13	8	9	36	6
CATGCAAACC__0.28956773634595__10	18	18	13	13	9	36	6	8
TCTCCCACCA__0.289067101200354__10	9	8	5	13	8	17	8	8
CCGTCCAACC__0.288565702522169__9	2	8	8	5	8	9	6	8
GCTTCCAAGA__0.288381297846972__11	25	6	12	5	8	9	6	9
CCTACCAACA__0.288339608786338__9	8	18	6	8	8	9	6	6
CTTACCAACC__0.28819690752764__9	6	20	6	8	8	9	6	8
TCTCCCCACG__0.288126587599932__9	9	8	5	13	13	8	17	8
CCTCCCACAA__0.288017387358673__10	8	8	5	13	8	17	6	9
ACTTCCACCC__0.28800714448962__9	11	6	12	5	8	17	8	13
CCTTCCCACC__0.287557504503715__10	8	6	12	5	13	8	17	8
AGTGCCCAAA__0.287545677175711__9	11	17	13	45	13	8	9	36
TGTTCCAATA__0.28729416333524__12	6	6	12	5	8	9	30	13
ACTTCCAACC__0.286954760262952__9	11	6	12	5	8	9	6	8
TATCCCAGCA__0.286485501686903__9	13	7	5	13	8	2	25	13
CGTTCCAAAC__0.286368445774679__11	8	6	12	5	8	9	36	6
CCTGCACAAC__0.286341027252865__10	8	2	13	13	17	6	9	6
TGTTCCAATT__0.286285449712951__10	6	6	12	5	8	9	30	30
GGTGCCCAAA__0.28596661112699__9	8	17	13	45	13	8	9	36
GGTTCCAAAA__0.285910261645079__13	8	6	12	5	8	9	36	36
CCTGCCACAA__0.285820665532967__9	8	2	13	45	8	17	6	9
TGTGCCACGA__0.28549882444561__9	6	17	13	45	8	17	8	31
CCTTCCACCA__0.285453260838806__10	8	6	12	5	8	17	8	8
CCTTCCAACA__0.28532985028828__11	8	6	12	5	8	9	6	6
TTTGCCCATT__0.28520992455434__9	36	9	13	45	13	8	18	30
CGTTCCAACG__0.284765363992374__9	8	6	12	5	8	9	6	8
TGTTCCAAAA__0.28471824379466__15	6	6	12	5	8	9	36	36
GCTTCCAATA__0.284569367161241__10	25	6	12	5	8	9	30	13
TTTGCCCACC__0.284423394035815__10	36	9	13	45	13	8	17	8
CGTTCCACCC__0.284131256814381__9	8	6	12	5	8	17	8	13
GTTGCCCAAC__0.283931386800246__9	6	9	13	45	13	8	9	6
TTTCCCCATA__0.283822121930587__10	36	12	5	13	13	8	18	13
TCTCCCACAC__0.283464748703495__9	9	8	5	13	8	17	6	17
TGTTCCAACA__0.28314182971505__12	6	6	12	5	8	9	6	6
GCTTCCAAAA__0.283010140226709__13	25	6	12	5	8	9	36	36
TGTGTTAAGG__0.28283506871019__10	6	17	6	6	20	20	6	8
CATGAAAATG__0.282679928861324__9	18	18	8	12	36	36	30	18
CTTTCCAAGT__0.282566103217996__9	6	36	12	5	8	9	6	11
CTTTCCAACT__0.282312357852323__9	6	36	12	5	8	9	6	11
AATGTAAAGA__0.281941442131708__12	30	18	6	6	20	36	6	9
TGTTCCAAGG__0.281679387324274__10	6	6	12	5	8	9	6	8
AAAGCAAAAG__0.281481341073205__11	36	6	25	13	9	36	36	6
TTTCCCCACA__0.28142951916914__11	36	12	5	13	13	8	17	6
TTGGCCAAGA__0.281184719808355__9	9	8	45	45	8	9	6	9
AGTTCCAAGA__0.280307571164165__9	11	6	12	5	8	9	6	9
CATCCCAACA__0.279761588502865__9	18	7	5	13	8	9	6	6
ATTCCCCACA__0.279253212955892__9	30	12	5	13	13	8	17	6
TACGCGAATA__0.279041758248063__9	6	8	25	25	31	12	30	13
CGCGCGAAAG__0.278254387021706__9	25	25	25	25	31	12	36	6
GGTGTGAAGT__0.277867674439764__9	8	17	6	17	8	12	6	11
AGTGTAAAGG__0.276303488743445__9	11	17	6	6	20	36	6	8
TCTCCCCACA__0.276286826387357__9	9	8	5	13	13	8	17	6
TGTGCCCAAA__0.274702816158957__9	6	17	13	45	13	8	9	36
GCTTCCAACA__0.272702717869804__9	25	6	12	5	8	9	6	6
CGCGCAAACA__0.272680982610989__9	25	25	25	13	9	36	6	6
CGTGCAAAAG__0.271086584001816__10	8	17	13	13	9	36	36	6
TGATCCAAAA__0.270367907705406__10	8	7	7	5	8	9	36	36
TCTTCCACAC__0.270029054309855__9	9	6	12	5	8	17	6	17
CATACAAACA__0.267278390319804__9	18	13	6	6	9	36	6	6
TCTGATAAAA__0.267214225814644__9	9	2	8	7	13	20	36	36
CATTCCAAAA__0.265450418914711__10	18	30	12	5	8	9	36	36
ATTTCCAAAC__0.26539548698239__9	30	36	12	5	8	9	36	6
GGTGGAAAAG__0.261215901253582__9	8	17	8	5	12	36	36	6
AGTGAAAAAA__0.255697438351188__10	11	17	8	12	36	36	36	36
GAAGCAAAAA__0.250331353057932__9	12	6	25	13	9	36	36	36
CATACAAAAA__0.247955575429068__9	18	13	6	6	9	36	36	36
