AACACAGGGGATAGGG__1__20	6	6	17	6	2	8	13	13	5	7	13	18	8	13
GTTGGAGGTTAGGGGG__0.978572374677135__104	6	9	8	5	8	8	8	6	20	18	8	13	13	13
GTTGTAGGTTAGGGGG__0.973775421081498__101	6	9	6	6	18	8	8	6	20	18	8	13	13	13
ATTGTAGGTTAGGGGG__0.955750046257394__57	30	9	6	6	18	8	8	6	20	18	8	13	13	13
GTTGAAGGTTAGGGGG__0.95408519224106__53	6	9	8	12	6	8	8	6	20	18	8	13	13	13
GAAGTAGGTTAGGGAG__0.921435205835077__38	12	6	11	6	18	8	8	6	20	18	8	13	5	8
GGTGTAGGTTAGGGGG__0.920213650162808__102	8	17	6	6	18	8	8	6	20	18	8	13	13	13
GACACAGGGGATAGGG__0.905197952297333__20	8	6	17	6	2	8	13	13	5	7	13	18	8	13
GTTGTAGGTTAGGGGT__0.898939272934602__72	6	9	6	6	18	8	8	6	20	18	8	13	13	8
GTTGTAGGTAGGGGGG__0.897489913187068__93	6	9	6	6	18	8	8	6	18	8	13	13	13	13
AACACAGGGGATAGTT__0.895218042759724__13	6	6	17	6	2	8	13	13	5	7	13	18	11	6
GTTGTTGGTTAGGGGG__0.895048519775025__92	6	9	6	6	9	8	8	6	20	18	8	13	13	13
TTTGTAGGTTAGGGGG__0.887805296684444__62	36	9	6	6	18	8	8	6	20	18	8	13	13	13
GTTGTAGGGTAGGGGG__0.881433456235597__92	6	9	6	6	18	8	13	8	6	18	8	13	13	13
GTTGTGGGTTAGGGGG__0.876314829866092__104	6	9	6	17	8	13	8	6	20	18	8	13	13	13
GTTGTAGGTTGGGGGG__0.870566724182587__113	6	9	6	6	18	8	8	6	9	8	13	13	13	13
GATACAGGGGATAGGG__0.865038284562513__22	7	13	6	6	2	8	13	13	5	7	13	18	8	13
TACACAGGGGATAGGG__0.858892194143349__15	6	6	17	6	2	8	13	13	5	7	13	18	8	13
AAAACAGGGGATAGGG__0.855996127628416__13	36	36	6	6	2	8	13	13	5	7	13	18	8	13
GTAGTAGGTTAGGGGG__0.855462052988112__43	6	18	11	6	18	8	8	6	20	18	8	13	13	13
AGCACAGGGGATAGGG__0.854766121460846__21	25	13	17	6	2	8	13	13	5	7	13	18	8	13
GTTGTAGGTTAGGGAG__0.853113536450914__59	6	9	6	6	18	8	8	6	20	18	8	13	5	8
TACACAGGGGATAGTG__0.846775504836516__14	6	6	17	6	2	8	13	13	5	7	13	18	11	17
TACACAGGGGATAGGA__0.844495227329625__16	6	6	17	6	2	8	13	13	5	7	13	18	8	5
AACACAGGGGATAGGT__0.841562250704858__10	6	6	17	6	2	8	13	13	5	7	13	18	8	8
ATAGTAGGTTAGGGAG__0.841528207781998__26	13	18	11	6	18	8	8	6	20	18	8	13	5	8
AAGGTAGGTTAGGGAG__0.835159074966132__29	6	8	8	6	18	8	8	6	20	18	8	13	5	8
GTTGTAGGTAAGGGAG__0.834931254935442__38	6	9	6	6	18	8	8	6	20	6	8	13	5	8
GTTGTAGGTTAGGGGA__0.833403488377051__55	6	9	6	6	18	8	8	6	20	18	8	13	13	5
AGTTTAGGTTAGGGGG__0.833399556277306__33	11	6	36	20	18	8	8	6	20	18	8	13	13	13
CATACAGGGGATAGGG__0.833082361755389__16	18	13	6	6	2	8	13	13	5	7	13	18	8	13
TTAGTAGGTTAGGGAG__0.832700804968549__33	20	18	11	6	18	8	8	6	20	18	8	13	5	8
GGAGTAGGTTAGGGAG__0.832030367165189__41	5	8	11	6	18	8	8	6	20	18	8	13	5	8
GGGGTAGGTTAGGGAG__0.831889358620244__92	13	13	8	6	18	8	8	6	20	18	8	13	5	8
AACACAGGGGATGGGG__0.828113890574646__9	6	6	17	6	2	8	13	13	5	7	18	8	13	13
GTTGTAGGTTAGGGTT__0.827507704958623__57	6	9	6	6	18	8	8	6	20	18	8	13	8	6
AACACAGGGGATAGGA__0.825854298393907__11	6	6	17	6	2	8	13	13	5	7	13	18	8	5
GGAGTAGGTTAGGGGG__0.825673636622137__40	5	8	11	6	18	8	8	6	20	18	8	13	13	13
GTTGTAGGTAGGGAGG__0.824794455141903__69	6	9	6	6	18	8	8	6	18	8	13	5	8	8
GTTGTAGGTTTGGGGG__0.824694157017759__64	6	9	6	6	18	8	8	6	36	9	8	13	13	13
TATGTAGGTTAGGGAG__0.823631263663289__32	13	18	6	6	18	8	8	6	20	18	8	13	5	8
GCCACAGGGGATAGGG__0.822003126266215__15	45	8	17	6	2	8	13	13	5	7	13	18	8	13
AATGTAGGTTAGGGGG__0.821420348109116__22	30	18	6	6	18	8	8	6	20	18	8	13	13	13
GATGTAGGTTAGGGAG__0.820780946660326__33	7	18	6	6	18	8	8	6	20	18	8	13	5	8
TTGTTAGGTTAGGGGG__0.820422584222901__44	9	6	6	20	18	8	8	6	20	18	8	13	13	13
GTTGGAGGTTAGGGAG__0.816955685986784__50	6	9	8	5	8	8	8	6	20	18	8	13	5	8
GTGGTAGGTTAGGGGG__0.816202090461635__61	17	8	8	6	18	8	8	6	20	18	8	13	13	13
ATTGTAGGTTAGGGAG__0.814516424681047__30	30	9	6	6	18	8	8	6	20	18	8	13	5	8
ATTGGAGGTTAGGGGG__0.814290065458241__30	30	9	8	5	8	8	8	6	20	18	8	13	13	13
GTTGGAGGTTAGGGGT__0.814052802148648__49	6	9	8	5	8	8	8	6	20	18	8	13	13	8
TTTGGAGGTTAGGGGG__0.813975336486182__42	36	9	8	5	8	8	8	6	20	18	8	13	13	13
GAGGTAGGTTAGGGGG__0.813743364092465__40	8	8	8	6	18	8	8	6	20	18	8	13	13	13
ACAACAGGGGATAGGG__0.813467438314444__10	6	9	6	6	2	8	13	13	5	7	13	18	8	13
GGGGTAGGTTAGGGGG__0.813101851192048__85	13	13	8	6	18	8	8	6	20	18	8	13	13	13
AGTTGTGGTTAGGGGG__0.812123055038917__43	11	6	9	6	17	8	8	6	20	18	8	13	13	13
GACACAGGGGATAGGT__0.811057906173096__13	8	6	17	6	2	8	13	13	5	7	13	18	8	8
ATAACAGGGGATAGGG__0.81010961130425__13	13	20	6	6	2	8	13	13	5	7	13	18	8	13
TAAGTAGGTTAGGGAG__0.808690468791367__23	20	6	11	6	18	8	8	6	20	18	8	13	5	8
GCAACAGGGGATAGGT__0.805357775737851__15	13	9	6	6	2	8	13	13	5	7	13	18	8	8
GTTGTAGGTGGGGGGG__0.805221840205164__121	6	9	6	6	18	8	8	17	8	13	13	13	13	13
GTTGGAGGTTGGGGGG__0.805031475321285__84	6	9	8	5	8	8	8	6	9	8	13	13	13	13
AAAGTAGGTTAGGGAG__0.80486866163634__15	36	6	11	6	18	8	8	6	20	18	8	13	5	8
TTGGTAGGTTAGGGGG__0.802933632833955__47	9	8	8	6	18	8	8	6	20	18	8	13	13	13
GGCACAGGGGATAGGG__0.80169531240438__24	45	13	17	6	2	8	13	13	5	7	13	18	8	13
TTGTAAGGTTAGGGGG__0.80106632265414__30	9	6	6	20	6	8	8	6	20	18	8	13	13	13
AGTTTAGGTTAGGGAG__0.800737931116958__28	11	6	36	20	18	8	8	6	20	18	8	13	5	8
AAAACAGGGGATAGGT__0.8006185787776__10	36	36	6	6	2	8	13	13	5	7	13	18	8	8
GGTGTAGGTTAGGGAG__0.797714399286693__57	8	17	6	6	18	8	8	6	20	18	8	13	5	8
GAAACAGGGGATAGGG__0.797565810797948__13	12	36	6	6	2	8	13	13	5	7	13	18	8	13
GTTGTTGGTTAGGGAG__0.796529144688172__57	6	9	6	6	9	8	8	6	20	18	8	13	5	8
GTAGTAGGTTAGGGAG__0.795414669174457__32	6	18	11	6	18	8	8	6	20	18	8	13	5	8
CGAACAGGGGATAGGG__0.795011650781684__10	31	12	6	6	2	8	13	13	5	7	13	18	8	13
GTTGTAGGTTAGGGTG__0.793866738751943__47	6	9	6	6	18	8	8	6	20	18	8	13	8	17
GTGGTAGGTTAGGGAG__0.793831818342478__54	17	8	8	6	18	8	8	6	20	18	8	13	5	8
TACACAGGGGATAGGT__0.793558661490753__11	6	6	17	6	2	8	13	13	5	7	13	18	8	8
TAGGTAGGTTAGGGAG__0.791065307460788__32	18	8	8	6	18	8	8	6	20	18	8	13	5	8
GTTGTGGGTTAGGGAG__0.790671542202327__68	6	9	6	17	8	13	8	6	20	18	8	13	5	8
CACACAGGGGATAGTG__0.788762732916138__9	17	6	17	6	2	8	13	13	5	7	13	18	11	17
GTTGGGGGTTAGGGGG__0.788379170651536__87	6	9	8	13	13	13	8	6	20	18	8	13	13	13
CACACAGGGGATAGGT__0.78582095497184__9	17	6	17	6	2	8	13	13	5	7	13	18	8	8
AGTTGGGGTTAGGGAG__0.785346240262386__45	11	6	9	8	13	13	8	6	20	18	8	13	5	8
GTTGGAGGGTAGGGGG__0.784166381385034__60	6	9	8	5	8	8	13	8	6	18	8	13	13	13
GTTGAAGGTTAGGGAG__0.783207258727122__24	6	9	8	12	6	8	8	6	20	18	8	13	5	8
TTCACAGGGGATAGGT__0.782183128436819__16	12	8	17	6	2	8	13	13	5	7	13	18	8	8
GGCGTAGGTTAGGGGG__0.782063055661311__34	45	25	8	6	18	8	8	6	20	18	8	13	13	13
GGTGGAGGTTAGGGGG__0.781451395716038__60	8	17	8	5	8	8	8	6	20	18	8	13	13	13
TTGTAAGGTTAGGGAG__0.781160224216065__27	9	6	6	20	6	8	8	6	20	18	8	13	5	8
ATCACAGGGGATAGGG__0.780316643252344__12	7	8	17	6	2	8	13	13	5	7	13	18	8	13
GATGTAGGTTAGGGGG__0.780085008214703__27	7	18	6	6	18	8	8	6	20	18	8	13	13	13
GTTGAAGGTTAGGGGT__0.779317460550622__23	6	9	8	12	6	8	8	6	20	18	8	13	13	8
AGTTGTGGTTAGGGAG__0.778933809127082__36	11	6	9	6	17	8	8	6	20	18	8	13	5	8
AACACAGGGGATAAGG__0.778013744737238__9	6	6	17	6	2	8	13	13	5	7	13	20	6	8
GATGAATTTCAGTCAT__0.775564492795228__13	7	18	8	12	30	30	36	12	8	2	11	8	8	18
ATTGTAGGTTAGGGGT__0.774941212501503__24	30	9	6	6	18	8	8	6	20	18	8	13	13	8
TTTGGAGGTTAGGGAG__0.773840967762901__34	36	9	8	5	8	8	8	6	20	18	8	13	5	8
GTTGTAGGTTAGGAGG__0.772322061704885__39	6	9	6	6	18	8	8	6	20	18	8	5	8	8
CAAGTAGGTTAGGGAG__0.771997756008901__14	9	6	11	6	18	8	8	6	20	18	8	13	5	8
TAAACAGGGGATAGGG__0.771667660979095__11	20	36	6	6	2	8	13	13	5	7	13	18	8	13
GTTGTAGGATAGGGGG__0.769590734702201__25	6	9	6	6	18	8	5	7	13	18	8	13	13	13
AATGTAGGTTAGGGAG__0.769402169602577__17	30	18	6	6	18	8	8	6	20	18	8	13	5	8
GTTGTAGGTTAGGTGG__0.768860350806205__41	6	9	6	6	18	8	8	6	20	18	8	8	17	8
GTTGGAGGTTAGGGGA__0.768638981618242__40	6	9	8	5	8	8	8	6	20	18	8	13	13	5
GTTGTAGGTAAGGGGG__0.765965363282693__28	6	9	6	6	18	8	8	6	20	6	8	13	13	13
AGTTGAGGTTAGGGGG__0.764892005152881__24	11	6	9	8	8	8	8	6	20	18	8	13	13	13
GCAGTAGGTTAGGGGG__0.764492361202589__22	13	2	11	6	18	8	8	6	20	18	8	13	13	13
GCAACAGGGGATAGGG__0.764326437244992__12	13	9	6	6	2	8	13	13	5	7	13	18	8	13
CAGGTAGGTTAGGGAG__0.764260282311799__20	2	8	8	6	18	8	8	6	20	18	8	13	5	8
GTTGTAGGGTAGGGAG__0.762835923301425__51	6	9	6	6	18	8	13	8	6	18	8	13	5	8
CACATAGGGGATAGGG__0.762770530318097__10	17	6	18	13	18	8	13	13	5	7	13	18	8	13
GTTGTAGGATAGGGAG__0.761419498798327__24	6	9	6	6	18	8	5	7	13	18	8	13	5	8
CTTGTAGGTTAGGGGG__0.761252571694658__22	6	9	6	6	18	8	8	6	20	18	8	13	13	13
AAAACAGGGGATAGGC__0.760397593145554__10	36	36	6	6	2	8	13	13	5	7	13	18	8	45
TTAGTAGGTTAGGGGG__0.760203655915717__23	20	18	11	6	18	8	8	6	20	18	8	13	13	13
GTTGGGGGTTAGGGAG__0.759838216972074__74	6	9	8	13	13	13	8	6	20	18	8	13	5	8
AGTGTAGGTTAGGGAG__0.75972771157392__27	11	17	6	6	18	8	8	6	20	18	8	13	5	8
GTTGTAGGTGAGGGGG__0.759200394003375__45	6	9	6	6	18	8	8	17	8	8	8	13	13	13
TGCACAGGGGATAGGG__0.758872716452538__17	13	13	17	6	2	8	13	13	5	7	13	18	8	13
GAGGTAGGTTAGGGAG__0.758675538629048__30	8	8	8	6	18	8	8	6	20	18	8	13	5	8
GTTGCAGGTTAGGGGG__0.758308464989671__28	6	9	13	13	2	8	8	6	20	18	8	13	13	13
TATGTAGGTTAGGGGG__0.757777277618488__23	13	18	6	6	18	8	8	6	20	18	8	13	13	13
CATACAGGGGATAGGT__0.756288191786001__11	18	13	6	6	2	8	13	13	5	7	13	18	8	8
GTTGTAGGTTAGGGAA__0.756003410890121__38	6	9	6	6	18	8	8	6	20	18	8	13	5	12
GACACAGGGGATAGGA__0.755766006881319__11	8	6	17	6	2	8	13	13	5	7	13	18	8	5
TTGTTAGGTTAGGGAG__0.753150159200314__31	9	6	6	20	18	8	8	6	20	18	8	13	5	8
GGTGTAGGTTAGGGGT__0.752988012655629__45	8	17	6	6	18	8	8	6	20	18	8	13	13	8
GTTGGAGGTAGGGAGG__0.752143424674497__51	6	9	8	5	8	8	8	6	18	8	13	5	8	8
CGCACAGGGGATAGGG__0.752114924918716__12	25	13	17	6	2	8	13	13	5	7	13	18	8	13
CACTAAGGGGATAGGG__0.749699266313937__9	17	11	18	20	6	8	13	13	5	7	13	18	8	13
GGTGGAGGTTAGGGAG__0.748938303989661__50	8	17	8	5	8	8	8	6	20	18	8	13	5	8
GTTGTAGGTTAGGGTA__0.748640149633146__38	6	9	6	6	18	8	8	6	20	18	8	13	8	6
TACACAGGGGATAAGG__0.747940763474192__10	6	6	17	6	2	8	13	13	5	7	13	20	6	8
TTTGTAGGTTAGGGAG__0.747859016482106__31	36	9	6	6	18	8	8	6	20	18	8	13	5	8
GTTGTAGGTCAGGGGG__0.747088202900966__25	6	9	6	6	18	8	8	8	8	2	8	13	13	13
ATGGTAGGTTAGGGAG__0.746986042510753__25	18	8	8	6	18	8	8	6	20	18	8	13	5	8
GCAGTAGGTTAGGGAG__0.746944326913051__20	13	2	11	6	18	8	8	6	20	18	8	13	5	8
GGTTTAGGTTAGGGAG__0.74678261377397__34	8	6	36	20	18	8	8	6	20	18	8	13	5	8
GTTATAGGTTAGGGAG__0.746716403234585__21	6	20	13	13	18	8	8	6	20	18	8	13	5	8
CACTCAGGGGATAGGC__0.746280358515211__9	17	11	8	8	2	8	13	13	5	7	13	18	8	45
ATTGGAGGTTAGGGAG__0.745910675413959__21	30	9	8	5	8	8	8	6	20	18	8	13	5	8
GTTGGAGGTTAGGAGG__0.745143878091708__34	6	9	8	5	8	8	8	6	20	18	8	5	8	8
AGTGTAGGTTAGGGGG__0.74435236385996__25	11	17	6	6	18	8	8	6	20	18	8	13	13	13
TGCACAGGGGATAGGT__0.744325780723423__16	13	13	17	6	2	8	13	13	5	7	13	18	8	8
ATCACAGGGGATAGGT__0.743788005196488__10	7	8	17	6	2	8	13	13	5	7	13	18	8	8
GAAGTAGGTTAGGGGG__0.742440072782466__16	12	6	11	6	18	8	8	6	20	18	8	13	13	13
TTGGTAGGTTAGGGAG__0.742118776394703__34	9	8	8	6	18	8	8	6	20	18	8	13	5	8
GTTGAAGGTTAGGGTG__0.739498039880906__20	6	9	8	12	6	8	8	6	20	18	8	13	8	17
GTTGTAGGTTAGAGGG__0.739251167895588__33	6	9	6	6	18	8	8	6	20	18	9	8	8	13
GTTGCAGGTTAGGGAG__0.738309260689345__25	6	9	13	13	2	8	8	6	20	18	8	13	5	8
GTTGAAGGGTAGGGAG__0.737698332748784__25	6	9	8	12	6	8	13	8	6	18	8	13	5	8
ATAACAGGGGATAGGA__0.736213415256724__10	13	20	6	6	2	8	13	13	5	7	13	18	8	5
GTTGGAGGGTAGGGAG__0.735923069420898__46	6	9	8	5	8	8	13	8	6	18	8	13	5	8
GTTGTAGGTTAGGGGC__0.735804446992351__34	6	9	6	6	18	8	8	6	20	18	8	13	13	45
CATGTAGGTTAGGGGG__0.735707692330763__15	18	18	6	6	18	8	8	6	20	18	8	13	13	13
AATACAGGGGATAGGT__0.735534723080555__9	30	13	6	6	2	8	13	13	5	7	13	18	8	8
GCACCAGGGGATAGGG__0.735385361071012__11	13	17	8	8	2	8	13	13	5	7	13	18	8	13
GTTGTAGGTTGGGAGG__0.735241387867666__63	6	9	6	6	18	8	8	6	9	8	13	5	8	8
CAGACAGGGGATAGGG__0.734295117621957__9	2	9	8	6	2	8	13	13	5	7	13	18	8	13
GTTGTAGGTTAGGTAG__0.733992466087865__35	6	9	6	6	18	8	8	6	20	18	8	8	6	18
GTTTTAGGTTAGGGGG__0.733774555173246__29	6	36	36	20	18	8	8	6	20	18	8	13	13	13
GCACCAGGGGATAGGT__0.732875367132387__11	13	17	8	8	2	8	13	13	5	7	13	18	8	8
GGCACAGGGGATAGGT__0.732147293364892__17	45	13	17	6	2	8	13	13	5	7	13	18	8	8
GTTGGAGGTTAGGGTA__0.731960375363307__35	6	9	8	5	8	8	8	6	20	18	8	13	8	6
TGTGTAGGTTAGGGAG__0.731316035606154__34	6	17	6	6	18	8	8	6	20	18	8	13	5	8
AGTTGAGGTTAGGGTG__0.730647368989333__21	11	6	9	8	8	8	8	6	20	18	8	13	8	17
AAGGTAGGTTAGGGGG__0.730416897867108__17	6	8	8	6	18	8	8	6	20	18	8	13	13	13
GTTGGAGGTTAGGGAA__0.729486946831373__33	6	9	8	5	8	8	8	6	20	18	8	13	5	12
GAGGGAGGAGAGGGGG__0.729088483563489__25	8	8	13	5	8	8	5	8	9	8	8	13	13	13
GTTGTGGGTTAGGGGT__0.728287663059746__49	6	9	6	17	8	13	8	6	20	18	8	13	13	8
GTTGTAGGTTAGGGAT__0.728101375867019__34	6	9	6	6	18	8	8	6	20	18	8	13	5	7
GGTTGAGGTTAGGGAG__0.727806047819968__32	8	6	9	8	8	8	8	6	20	18	8	13	5	8
TAAGTAGGTTAGGGGG__0.726669444514076__15	20	6	11	6	18	8	8	6	20	18	8	13	13	13
GTTGTATGTTAGGGAG__0.725912245375892__25	6	9	6	6	13	18	6	6	20	18	8	13	5	8
TACACAGGGGATAGTA__0.725470522491306__9	6	6	17	6	2	8	13	13	5	7	13	18	11	6
AGAACAGGGGATAGGA__0.724867038655436__9	9	12	6	6	2	8	13	13	5	7	13	18	8	5
AGCACAGGGGATAGGT__0.724841342591171__11	25	13	17	6	2	8	13	13	5	7	13	18	8	8
ATAACAGGGGATAGGC__0.724681308163402__10	13	20	6	6	2	8	13	13	5	7	13	18	8	45
GTTGGAGGTTAGGGTG__0.72449304700894__33	6	9	8	5	8	8	8	6	20	18	8	13	8	17
ATTGAAGGTTAGGGAG__0.723456654428762__11	30	9	8	12	6	8	8	6	20	18	8	13	5	8
GCGACAGGGGATAGGT__0.723191102692765__13	25	31	8	6	2	8	13	13	5	7	13	18	8	8
GTTGTGGGTTAGGGTG__0.722618702658074__51	6	9	6	17	8	13	8	6	20	18	8	13	8	17
GGGGGAGGTTAGGGAG__0.721569313330297__66	13	13	13	5	8	8	8	6	20	18	8	13	5	8
GGTTGGGGTTAGGGAG__0.720798217689777__57	8	6	9	8	13	13	8	6	20	18	8	13	5	8
GTTGTAGGGGAGGGGG__0.720557307542885__56	6	9	6	6	18	8	13	13	5	8	8	13	13	13
GTTGTAGGTTGGGGAG__0.720247770369511__56	6	9	6	6	18	8	8	6	9	8	13	13	5	8
GTTGTAGGGAAGGGGG__0.720191857269011__28	6	9	6	6	18	8	13	5	12	6	8	13	13	13
GTTGGAGGTCAGGGAG__0.719035077183023__22	6	9	8	5	8	8	8	8	8	2	8	13	5	8
ATTGTAGGTTAGGAGG__0.718798118132241__18	30	9	6	6	18	8	8	6	20	18	8	5	8	8
ATTGTAGGTTAGGGTG__0.718304721190534__19	30	9	6	6	18	8	8	6	20	18	8	13	8	17
GTTGTAGGTTAGGTGT__0.717915630300169__31	6	9	6	6	18	8	8	6	20	18	8	8	17	6
CACAGAGGGGATAGGG__0.717305225895423__9	17	6	2	9	8	8	13	13	5	7	13	18	8	13
GACACAGGGGATAAGG__0.716953643448172__9	8	6	17	6	2	8	13	13	5	7	13	20	6	8
GTTGTAGGTTTGGGAG__0.7163171411223__38	6	9	6	6	18	8	8	6	36	9	8	13	5	8
ATTGTGGGTTAGGGAG__0.715775804590666__26	30	9	6	17	8	13	8	6	20	18	8	13	5	8
GTTGTTGGTTAGGGGT__0.715258550405377__37	6	9	6	6	9	8	8	6	20	18	8	13	13	8
TTGATAGGTTAGGGGG__0.714252289916491__16	9	8	7	13	18	8	8	6	20	18	8	13	13	13
GTTGTAGGTTATGGGG__0.714127296769111__27	6	9	6	6	18	8	8	6	20	13	18	8	13	13
AGTTGGGGTTAGGGGG__0.713477071851868__31	11	6	9	8	13	13	8	6	20	18	8	13	13	13
TTAACAGGGGATAGGG__0.713401232201096__11	20	20	6	6	2	8	13	13	5	7	13	18	8	13
AGTTGAGGTTAGGGAG__0.712992691199324__18	11	6	9	8	8	8	8	6	20	18	8	13	5	8
ACTGTAGGTTAGGGAG__0.712978056656684__12	11	2	6	6	18	8	8	6	20	18	8	13	5	8
GCGACAGGGGATAGGG__0.711819248140619__12	25	31	8	6	2	8	13	13	5	7	13	18	8	13
TTTGTAGGTTAGGGGT__0.711071518846541__25	36	9	6	6	18	8	8	6	20	18	8	13	13	8
GCTGTAGGTTAGGGGG__0.710799137799193__20	25	2	6	6	18	8	8	6	20	18	8	13	13	13
GTTGGAGGTTAGGTAG__0.710525183589043__31	6	9	8	5	8	8	8	6	20	18	8	8	6	18
TTTGTAGGGTAGGGAG__0.710479694164421__34	36	9	6	6	18	8	13	8	6	18	8	13	5	8
GTTGGAGGTTAGGGAT__0.710180640489314__31	6	9	8	5	8	8	8	6	20	18	8	13	5	7
AGGGTAGGTTAGGGAG__0.709144035513384__26	8	13	8	6	18	8	8	6	20	18	8	13	5	8
GGTGTAGGTTAGGGTG__0.70913817858921__38	8	17	6	6	18	8	8	6	20	18	8	13	8	17
TGAACAGGGGATAGGG__0.708578915340228__9	8	12	6	6	2	8	13	13	5	7	13	18	8	13
AGCACAGGGGATGGGG__0.707984253345845__10	25	13	17	6	2	8	13	13	5	7	18	8	13	13
AATGGAGGTTAGGGAG__0.707343899688981__12	30	18	8	5	8	8	8	6	20	18	8	13	5	8
TGAGTAGGTTAGGGAG__0.70729327735586__18	8	8	11	6	18	8	8	6	20	18	8	13	5	8
TACACAGGGGATAGAA__0.707215131065037__9	6	6	17	6	2	8	13	13	5	7	13	18	9	12
TAGTTGGGTTAGGGAG__0.70686443387701__27	18	11	6	9	8	13	8	6	20	18	8	13	5	8
TTGTAGGGTTAGGGGG__0.706649822225621__28	9	6	6	18	8	13	8	6	20	18	8	13	13	13
GTTGGAGGTTAGGGGC__0.706474901168283__29	6	9	8	5	8	8	8	6	20	18	8	13	13	45
GCATCAGGGGATAGGG__0.706297438625698__13	13	18	7	8	2	8	13	13	5	7	13	18	8	13
GTCACAGGGGATAGGG__0.706118626826395__12	8	8	17	6	2	8	13	13	5	7	13	18	8	13
GTTGAGGGTTAGGGAG__0.706098849522783__26	6	9	8	8	8	13	8	6	20	18	8	13	5	8
GTTGTAGGGTAGGGTG__0.705663650927436__40	6	9	6	6	18	8	13	8	6	18	8	13	8	17
AATACAGGGGATAGGC__0.705094355875954__9	30	13	6	6	2	8	13	13	5	7	13	18	8	45
TTCGTAGGTTAGGGGG__0.704957603780561__16	12	31	8	6	18	8	8	6	20	18	8	13	13	13
TTTGTAGGTTAGGGGA__0.704244831983958__25	36	9	6	6	18	8	8	6	20	18	8	13	13	5
GTTGTAGGTTAGGTTT__0.703973387331053__30	6	9	6	6	18	8	8	6	20	18	8	8	6	36
CAAGCAGGGGATAGGT__0.703735391796464__10	9	6	25	13	2	8	13	13	5	7	13	18	8	8
GCACAAGGGGATAGGG__0.703295740149452__9	13	17	6	9	6	8	13	13	5	7	13	18	8	13
GCGGTAGGTTAGGGGG__0.702755041633348__25	25	2	8	6	18	8	8	6	20	18	8	13	13	13
TCAGTAGGTTAGGGAG__0.702421304812819__13	8	2	11	6	18	8	8	6	20	18	8	13	5	8
GGTTGTGGTTAGGGAG__0.702368444865105__42	8	6	9	6	17	8	8	6	20	18	8	13	5	8
AAGTTAGGTTAGGGAG__0.702261178960492__13	6	11	6	20	18	8	8	6	20	18	8	13	5	8
ATTGTAGGTTAGGGAT__0.701976989522872__18	30	9	6	6	18	8	8	6	20	18	8	13	5	7
GTTGTAGGTTGGGGGA__0.701290322879199__48	6	9	6	6	18	8	8	6	9	8	13	13	13	5
GCACAAGGGGATAGGT__0.701197004998702__9	13	17	6	9	6	8	13	13	5	7	13	18	8	8
AGTTAAGGTTAGGGAG__0.70117249159039__12	11	6	20	20	6	8	8	6	20	18	8	13	5	8
ATTGTAGGTTAGGGGA__0.701127025239957__17	30	9	6	6	18	8	8	6	20	18	8	13	13	5
GTTGTAGGGAAGGGAG__0.70043858839186__24	6	9	6	6	18	8	13	5	12	6	8	13	5	8
AGTTGTGGTTAGGGTG__0.699433127983692__25	11	6	9	6	17	8	8	6	20	18	8	13	8	17
TGCACAGGGGATAGGC__0.699353061572701__14	13	13	17	6	2	8	13	13	5	7	13	18	8	45
AAAGGAGGTTAGGGAG__0.699300780461427__9	36	6	8	5	8	8	8	6	20	18	8	13	5	8
TGTTGAGGTTAGGGGG__0.698421726930413__23	6	6	9	8	8	8	8	6	20	18	8	13	13	13
ACTGTAGGTTAGGGGG__0.698123250923885__11	11	2	6	6	18	8	8	6	20	18	8	13	13	13
CTTGGAGGTTAGGGAG__0.69764293823094__15	6	9	8	5	8	8	8	6	20	18	8	13	5	8
GTTGGAGGATAGGGAG__0.697497197440464__19	6	9	8	5	8	8	5	7	13	18	8	13	5	8
TGTTGTGGTTAGGGAG__0.697362482711669__35	6	6	9	6	17	8	8	6	20	18	8	13	5	8
GTTGTAGGTAGGGGAG__0.697136898447674__35	6	9	6	6	18	8	8	6	18	8	13	13	5	8
GTTATAGGTTAGGGGG__0.696753215446064__16	6	20	13	13	18	8	8	6	20	18	8	13	13	13
GTTGTAGGTTGGGGGT__0.696720335302175__46	6	9	6	6	18	8	8	6	9	8	13	13	13	8
TGGGTAGGTTAGGGAG__0.696033171740515__34	8	13	8	6	18	8	8	6	20	18	8	13	5	8
GTTGTAGGTGGGGAGG__0.69592776235791__75	6	9	6	6	18	8	8	17	8	13	13	5	8	8
GGTTGTGGTTAGGGGG__0.695838949342414__41	8	6	9	6	17	8	8	6	20	18	8	13	13	13
TGTGTAGGTTAGGGGG__0.694915587783661__28	6	17	6	6	18	8	8	6	20	18	8	13	13	13
TTTGTGGGTTAGGGGG__0.694800869236845__36	36	9	6	17	8	13	8	6	20	18	8	13	13	13
GTTGTAGGGGAGGGAG__0.694789231419129__46	6	9	6	6	18	8	13	13	5	8	8	13	5	8
GTCGTAGGTTAGGGGG__0.694308254542464__16	8	31	8	6	18	8	8	6	20	18	8	13	13	13
TTCGTAGGTTAGGGAG__0.694109043730362__15	12	31	8	6	18	8	8	6	20	18	8	13	5	8
GTAGGAGGTTAGGGAG__0.693328698260044__19	6	18	8	5	8	8	8	6	20	18	8	13	5	8
GTTGGTGGTTAGGGGG__0.692818209326649__43	6	9	8	8	17	8	8	6	20	18	8	13	13	13
GTGGAAGGTTAGGGAG__0.692458289501451__21	17	8	5	12	6	8	8	6	20	18	8	13	5	8
TTTGTGGGTTAGGGAG__0.692213221365865__35	36	9	6	17	8	13	8	6	20	18	8	13	5	8
GTTGGAGGTAAGGGAG__0.692206656845075__19	6	9	8	5	8	8	8	6	20	6	8	13	5	8
GCTACAGGGGATAGGG__0.691308160130705__11	25	18	6	6	2	8	13	13	5	7	13	18	8	13
GTTGGAGGTAGGGGGG__0.691308050089235__35	6	9	8	5	8	8	8	6	18	8	13	13	13	13
GTTGGAGGTTAGGGTT__0.690659785854114__28	6	9	8	5	8	8	8	6	20	18	8	13	8	6
GGAACAGGGGATAGGT__0.689946918860524__11	5	12	6	6	2	8	13	13	5	7	13	18	8	8
TTGTATGGTTAGGGGG__0.688092457727359__22	9	6	6	13	18	8	8	6	20	18	8	13	13	13
GTTGTTGGTTAGGGTG__0.687955408459854__34	6	9	6	6	9	8	8	6	20	18	8	13	8	17
GTTGTAGGTTGGGGTG__0.687858279070681__44	6	9	6	6	18	8	8	6	9	8	13	13	8	17
GTTGGAGGTTGGGAGG__0.687818735304054__49	6	9	8	5	8	8	8	6	9	8	13	5	8	8
GTAGTGGGTTAGGGAG__0.687339755321723__27	6	18	11	17	8	13	8	6	20	18	8	13	5	8
TTTGTAGGTTAGGGTT__0.686932129407781__24	36	9	6	6	18	8	8	6	20	18	8	13	8	6
AGGGTAGGTTAGGGGG__0.68638006273404__23	8	13	8	6	18	8	8	6	20	18	8	13	13	13
GGCACAGGGGATAGGA__0.685787796611745__14	45	13	17	6	2	8	13	13	5	7	13	18	8	5
GCAACAGGGGATAGGC__0.684711340015151__9	13	9	6	6	2	8	13	13	5	7	13	18	8	45
AAGTTGGGTTAGGGAG__0.684704754022492__18	6	11	6	9	8	13	8	6	20	18	8	13	5	8
AGAGTAGGTTAGGGAG__0.684675871543334__11	9	8	11	6	18	8	8	6	20	18	8	13	5	8
CACGCAGGGGATAGGG__0.684661476147977__10	17	8	25	13	2	8	13	13	5	7	13	18	8	13
TGTTGAGGTTAGGGAG__0.68430676083741__21	6	6	9	8	8	8	8	6	20	18	8	13	5	8
TTAGGAGGTTAGGGAG__0.683765193421058__15	20	18	8	5	8	8	8	6	20	18	8	13	5	8
TTGGAAGGTTAGGGGG__0.683224255048805__17	9	8	5	12	6	8	8	6	20	18	8	13	13	13
GTTGGGGGTTAGGGTG__0.68289142997048__52	6	9	8	13	13	13	8	6	20	18	8	13	8	17
TTGTAGGGTTAGGGAG__0.682004031022776__24	9	6	6	18	8	13	8	6	20	18	8	13	5	8
GTTGAAGGTTAGGGAT__0.681938243588617__15	6	9	8	12	6	8	8	6	20	18	8	13	5	7
GTCACAGGGGATAGGC__0.681594810708372__12	8	8	17	6	2	8	13	13	5	7	13	18	8	45
GTTGTAGGGTAGGGAT__0.680245199358348__35	6	9	6	6	18	8	13	8	6	18	8	13	5	7
CTTGTAGGTTAGGGAG__0.680093497626862__14	6	9	6	6	18	8	8	6	20	18	8	13	5	8
TATACAGGGGATAGGT__0.680061531455734__9	13	13	6	6	2	8	13	13	5	7	13	18	8	8
TTCACAGGGGATAGGG__0.679836769903343__9	12	8	17	6	2	8	13	13	5	7	13	18	8	13
GTTGTAGGTTAGGTTG__0.679815985217727__26	6	9	6	6	18	8	8	6	20	18	8	8	6	9
GTTGTAGGTTGGGGTT__0.679539669828896__40	6	9	6	6	18	8	8	6	9	8	13	13	8	6
GTTGTAGATTAGGGAG__0.67950049022931__12	6	9	6	6	18	9	7	30	20	18	8	13	5	8
TTGATAGGTTAGGGAG__0.678683073006274__13	9	8	7	13	18	8	8	6	20	18	8	13	5	8
GTTGTAGGGTAGGGAA__0.67866320537048__33	6	9	6	6	18	8	13	8	6	18	8	13	5	12
GTTAGAGGTTAGGGAG__0.677939836321769__14	6	20	18	9	8	8	8	6	20	18	8	13	5	8
GTTGTAGGTTAGGAAG__0.677504673054268__24	6	9	6	6	18	8	8	6	20	18	8	5	12	6
GGCGTAGGTTAGGGAG__0.677121734429136__19	45	25	8	6	18	8	8	6	20	18	8	13	5	8
ATGTTAGGTTAGGGAG__0.677031923550836__15	18	6	6	20	18	8	8	6	20	18	8	13	5	8
GTTGTAGGTGAGGGAG__0.676589916985079__27	6	9	6	6	18	8	8	17	8	8	8	13	5	8
GTTGTGGGTTAGGGGA__0.676307757417604__37	6	9	6	17	8	13	8	6	20	18	8	13	13	5
ACGGTAGGTTAGGGAG__0.675780646199581__11	8	2	8	6	18	8	8	6	20	18	8	13	5	8
GTTGTAGGTCAGGGAG__0.675688855688455__17	6	9	6	6	18	8	8	8	8	2	8	13	5	8
TAGGTAGGTTAGGGGG__0.674275324718222__17	18	8	8	6	18	8	8	6	20	18	8	13	13	13
GTTGAAGGTTAGGGAA__0.674137967779684__14	6	9	8	12	6	8	8	6	20	18	8	13	5	12
TTGGAAGGTTAGGGAG__0.674111152302343__16	9	8	5	12	6	8	8	6	20	18	8	13	5	8
AGTTTAGGTTTGGGAG__0.673835979930521__18	11	6	36	20	18	8	8	6	36	9	8	13	5	8
GGGGTGGGTTAGGGAG__0.673471262414852__70	13	13	8	17	8	13	8	6	20	18	8	13	5	8
GCTGTAGGTTAGGGAG__0.673128662987803__16	25	2	6	6	18	8	8	6	20	18	8	13	5	8
GTTGTAGGTTAGGGCG__0.672214081412069__24	6	9	6	6	18	8	8	6	20	18	8	13	45	25
GTTGAAGGTTAGGGTT__0.671932326717828__14	6	9	8	12	6	8	8	6	20	18	8	13	8	6
GTTGTAGTTTAGGGAG__0.67092455336511__18	6	9	6	6	18	11	6	36	20	18	8	13	5	8
GCATAAGGGGATAGGG__0.670793130229917__10	13	18	13	20	6	8	13	13	5	7	13	18	8	13
TTGTGGGGTTAGGGAG__0.670733949121861__36	9	6	17	8	13	13	8	6	20	18	8	13	5	8
GTTGAAGGTTAGGGTA__0.670571054920325__14	6	9	8	12	6	8	8	6	20	18	8	13	8	6
TTTGTAGGTTAGGGAA__0.670394616510583__21	36	9	6	6	18	8	8	6	20	18	8	13	5	12
GGTGTAGGTTAGGGGA__0.670278313330052__29	8	17	6	6	18	8	8	6	20	18	8	13	13	5
GTTGTAGGTAGGGAGT__0.670090545851893__29	6	9	6	6	18	8	8	6	18	8	13	5	8	11
GTTGTGGGTTAGGGAT__0.669825125166858__38	6	9	6	17	8	13	8	6	20	18	8	13	5	7
GTTGTAGTTTAGGGGG__0.669685314846779__18	6	9	6	6	18	11	6	36	20	18	8	13	13	13
GTTGGTGGTTAGGGAG__0.669655030749323__37	6	9	8	8	17	8	8	6	20	18	8	13	5	8
CATGGAGGTTAGGGAG__0.669551136322641__10	18	18	8	5	8	8	8	6	20	18	8	13	5	8
TTGAAAGGTTAGGGAG__0.668730611577855__9	9	8	12	36	6	8	8	6	20	18	8	13	5	8
GGTTGAGGTTAGGGGG__0.668454404162124__23	8	6	9	8	8	8	8	6	20	18	8	13	13	13
GTTGTAGGTTAGGGTC__0.667332583498055__24	6	9	6	6	18	8	8	6	20	18	8	13	8	8
GTTGTAGGTAGGGAGA__0.667151595497793__28	6	9	6	6	18	8	8	6	18	8	13	5	8	9
GTTGTGGGTTAGGGTT__0.666826349309959__38	6	9	6	17	8	13	8	6	20	18	8	13	8	6
GTTGATGGTTAGGGAG__0.666006027264118__18	6	9	8	7	18	8	8	6	20	18	8	13	5	8
TGCACAGGGGATAGGA__0.665295813251113__11	13	13	17	6	2	8	13	13	5	7	13	18	8	5
TTGTATGGTTAGGGAG__0.665138095279711__19	9	6	6	13	18	8	8	6	20	18	8	13	5	8
GTTGTAGGTGGGGGAG__0.664395267967588__58	6	9	6	6	18	8	8	17	8	13	13	13	5	8
TTGGGAGGTTAGGGAG__0.664306440209189__26	9	8	13	5	8	8	8	6	20	18	8	13	5	8
GGACCAGGGGATAGGG__0.663818006169189__9	5	8	8	8	2	8	13	13	5	7	13	18	8	13
ATTGTAGGTTAGGGAA__0.662758305217013__14	30	9	6	6	18	8	8	6	20	18	8	13	5	12
GATGGAGGTTAGGGAG__0.662667150703818__14	7	18	8	5	8	8	8	6	20	18	8	13	5	8
GTTGGAGGTTTGGGAG__0.661553954156941__28	6	9	8	5	8	8	8	6	36	9	8	13	5	8
GGAACAGGGGATAGGA__0.661501619953024__10	5	12	6	6	2	8	13	13	5	7	13	18	8	5
ATTGTAGGTTAGGGTT__0.661104013989233__14	30	9	6	6	18	8	8	6	20	18	8	13	8	6
TTTACAGGGGATAGGG__0.660524930834437__11	36	20	6	6	2	8	13	13	5	7	13	18	8	13
CTTGTAGGTTAGGGTG__0.660434830445814__13	6	9	6	6	18	8	8	6	20	18	8	13	8	17
CACGCAGGGGATAGGC__0.660119149344358__10	17	8	25	13	2	8	13	13	5	7	13	18	8	45
GTTGGAGGTTGGGGAG__0.659735426559913__40	6	9	8	5	8	8	8	6	9	8	13	13	5	8
GGAGGAGGTTAGGGAG__0.659656193194055__19	5	8	8	5	8	8	8	6	20	18	8	13	5	8
AGTTTAGGTTAGGGAT__0.659428140082351__14	11	6	36	20	18	8	8	6	20	18	8	13	5	7
GGAACAGGGGATAGGG__0.658988206625357__9	5	12	6	6	2	8	13	13	5	7	13	18	8	13
CTTGGAGGTTAGGGGG__0.658787288453419__12	6	9	8	5	8	8	8	6	20	18	8	13	13	13
CTTGTAGGTTAGGGGC__0.658300568042425__13	6	9	6	6	18	8	8	6	20	18	8	13	13	45
GCATCAGGGGATAGGT__0.658274597666069__10	13	18	7	8	2	8	13	13	5	7	13	18	8	8
TTTGTAGGTTTGGGAG__0.658130235140833__24	36	9	6	6	18	8	8	6	36	9	8	13	5	8
GTTGTAGGTTTAGGGG__0.657752401864342__28	6	9	6	6	18	8	8	6	36	20	18	8	13	13
TGTTGTGGTTAGGGGG__0.657459088339583__28	6	6	9	6	17	8	8	6	20	18	8	13	13	13
GTTGGAGGTTAGGGCG__0.656760579833155__22	6	9	8	5	8	8	8	6	20	18	8	13	45	25
GTAACAGGGGATAGGG__0.656037172068639__9	6	20	6	6	2	8	13	13	5	7	13	18	8	13
TTGTAGGTTCAGGGGG__0.655267709627862__11	9	6	6	18	8	8	6	12	8	2	8	13	13	13
GGAACAGGGGATAGGC__0.654799292351755__10	5	12	6	6	2	8	13	13	5	7	13	18	8	45
GTCACAGGGGATAGGT__0.654568956646864__9	8	8	17	6	2	8	13	13	5	7	13	18	8	8
GTTGTAGGGTAGGGTA__0.654361117541358__30	6	9	6	6	18	8	13	8	6	18	8	13	8	6
ATTGTAGGTAAGGGAG__0.65384197324008__9	30	9	6	6	18	8	8	6	20	6	8	13	5	8
GTTGTAGGTTAGTGGG__0.653535140419541__20	6	9	6	6	18	8	8	6	20	18	11	17	8	13
GTTGTAGGTATGGGAG__0.653517741319302__21	6	9	6	6	18	8	8	6	13	18	8	13	5	8
GTAACAGGGGATAGGT__0.653291971494849__9	6	20	6	6	2	8	13	13	5	7	13	18	8	8
TTTGTAGGTAGGGAGG__0.652810569203284__24	36	9	6	6	18	8	8	6	18	8	13	5	8	8
GATGGAGGAGAGGGGG__0.652789975262098__11	7	18	8	5	8	8	5	8	9	8	8	13	13	13
GGTGTAGGTTGGGGAG__0.65241000942441__48	8	17	6	6	18	8	8	6	9	8	13	13	5	8
TTTGTAGGTTAGGGTG__0.652319938639923__19	36	9	6	6	18	8	8	6	20	18	8	13	8	17
GTTGTAGGTAAGGGTG__0.652260230570047__14	6	9	6	6	18	8	8	6	20	6	8	13	8	17
GTTGTTGGTTAGGGGA__0.65165495809956__26	6	9	6	6	9	8	8	6	20	18	8	13	13	5
GCAGCAGGGGATAGGT__0.651392376432981__12	13	2	25	13	2	8	13	13	5	7	13	18	8	8
GTTGTGGGTTAGGGTA__0.651210677933276__34	6	9	6	17	8	13	8	6	20	18	8	13	8	6
GTTGTTGGTTAGGGTT__0.65093479210105__28	6	9	6	6	9	8	8	6	20	18	8	13	8	6
GTTGTAGGTTTGGGAA__0.650211673250849__27	6	9	6	6	18	8	8	6	36	9	8	13	5	12
TTGTACGGTTAGGGGG__0.650004619036328__12	9	6	6	6	8	2	8	6	20	18	8	13	13	13
TGCACAGGGGATAGTG__0.649345538845162__9	13	13	17	6	2	8	13	13	5	7	13	18	11	17
GTTGGAGGGAAGGGAG__0.649344315385779__20	6	9	8	5	8	8	13	5	12	6	8	13	5	8
GCAGGAGGTTAGGGGG__0.648700279562811__13	13	2	8	5	8	8	8	6	20	18	8	13	13	13
ATTGTAGGTTGGGGAG__0.648352708028337__22	30	9	6	6	18	8	8	6	9	8	13	13	5	8
GTTGTCGGTTAGGGGG__0.647680964473684__16	6	9	6	8	31	2	8	6	20	18	8	13	13	13
GGACCAGGGGATAGGA__0.647464840676754__9	5	8	8	8	2	8	13	13	5	7	13	18	8	5
GTTGTAGGTTGGGGAA__0.647244143321833__36	6	9	6	6	18	8	8	6	9	8	13	13	5	12
CATGTAGGTTAGGGAG__0.647241493368654__9	18	18	6	6	18	8	8	6	20	18	8	13	5	8
GTTGTAGGTTTGGGTG__0.647194487282206__26	6	9	6	6	18	8	8	6	36	9	8	13	8	17
TGTTTAGGTTAGGGGG__0.646727175227545__17	6	6	36	20	18	8	8	6	20	18	8	13	13	13
GTTGTAGGTTTGGGGT__0.646591765677166__24	6	9	6	6	18	8	8	6	36	9	8	13	13	8
ATGGTAGGTTAGGGGG__0.645228972707566__14	18	8	8	6	18	8	8	6	20	18	8	13	13	13
GTTGTAGGTTAAGGGG__0.644937149888098__20	6	9	6	6	18	8	8	6	20	20	6	8	13	13
GTGGGAGGTTAGGGAG__0.644676529926943__30	17	8	13	5	8	8	8	6	20	18	8	13	5	8
ATTGTAGGTTTGGGAG__0.644612867363716__15	30	9	6	6	18	8	8	6	36	9	8	13	5	8
CTTGTAGGTTAGGGGT__0.644573562190164__11	6	9	6	6	18	8	8	6	20	18	8	13	13	8
GGTTTAGGTTAGGGGG__0.644260907254803__19	8	6	36	20	18	8	8	6	20	18	8	13	13	13
GGTGTGGGTTAGGGAG__0.643800502252494__39	8	17	6	17	8	13	8	6	20	18	8	13	5	8
GTTACAGGGGATAGGG__0.643692561687443__11	6	20	6	6	2	8	13	13	5	7	13	18	8	13
GCGCAAGGGGATAGGG__0.64315350481739__11	25	25	13	9	6	8	13	13	5	7	13	18	8	13
ATTGTTGGTTAGGGAG__0.64232362300302__15	30	9	6	6	9	8	8	6	20	18	8	13	5	8
GTTGTAGGTTTAGGGA__0.641550114254547__26	6	9	6	6	18	8	8	6	36	20	18	8	13	5
GTTGTTGGTTAGGGAT__0.641348662431247__26	6	9	6	6	9	8	8	6	20	18	8	13	5	7
TGTTGGGGTTAGGGAG__0.640587396044359__28	6	6	9	8	13	13	8	6	20	18	8	13	5	8
AGTTTAGGTTAGGGTG__0.639664252278162__12	11	6	36	20	18	8	8	6	20	18	8	13	8	17
TACGCAGGGGATAGGT__0.639610757763118__11	6	8	25	13	2	8	13	13	5	7	13	18	8	8
GGGGTAGGTTAGGGGT__0.639140992656314__32	13	13	8	6	18	8	8	6	20	18	8	13	13	8
TGAGTAGGTTAGGGGG__0.638493356521221__12	8	8	11	6	18	8	8	6	20	18	8	13	13	13
GTTGGAGGTGGGGAGG__0.638432214730133__57	6	9	8	5	8	8	8	17	8	13	13	5	8	8
GTTGTATGTTAGGGGG__0.637954201952322__15	6	9	6	6	13	18	6	6	20	18	8	13	13	13
GTTGTAGGTTAAGGGA__0.637526667514125__19	6	9	6	6	18	8	8	6	20	20	6	8	13	5
GGGGTAGGTTAGGGTG__0.637466554380762__34	13	13	8	6	18	8	8	6	20	18	8	13	8	17
GTTGTAGGTTCGGGAG__0.63725351808498__18	6	9	6	6	18	8	8	6	12	31	2	13	5	8
GATGTAGGTTAGGGAT__0.636768067953982__13	7	18	6	6	18	8	8	6	20	18	8	13	5	7
AGCGCAGGGGATAGGG__0.636609877283788__11	25	25	25	13	2	8	13	13	5	7	13	18	8	13
GTTGTGGGTTAGGAGG__0.636604079042751__28	6	9	6	17	8	13	8	6	20	18	8	5	8	8
AGTGTAGGTTAGGGTG__0.636346997023316__14	11	17	6	6	18	8	8	6	20	18	8	13	8	17
GGGGAAGGGCGGGGGG__0.636332023503792__39	13	13	5	12	6	8	13	45	25	2	13	13	13	13
GGGGTAGGGTAGGGAG__0.636096908309704__43	13	13	8	6	18	8	13	8	6	18	8	13	5	8
GGTGTAGGTTAGGGAT__0.635975137079937__25	8	17	6	6	18	8	8	6	20	18	8	13	5	7
GGTGGGGGTTAGGGAG__0.635671526379396__52	8	17	8	13	13	13	8	6	20	18	8	13	5	8
GTTGTAGGGTAGGGGA__0.635351192243298__25	6	9	6	6	18	8	13	8	6	18	8	13	13	5
GTGGTAGGTTAGGGGT__0.63501986908344__22	17	8	8	6	18	8	8	6	20	18	8	13	13	8
GTTGGAGGCTAGGGAG__0.634059186792886__12	6	9	8	5	8	8	45	25	18	18	8	13	5	8
GTTGGAGGATAGGGGG__0.634041463504984__13	6	9	8	5	8	8	5	7	13	18	8	13	13	13
GTTGTAGGTTGGGGAT__0.63386520338243__31	6	9	6	6	18	8	8	6	9	8	13	13	5	7
GTTTTAGGTTAGGGAG__0.633825369039225__16	6	36	36	20	18	8	8	6	20	18	8	13	5	8
TTGGCAGGTTAGGGGG__0.633794769445703__15	9	8	45	13	2	8	8	6	20	18	8	13	13	13
GTTGTAGGTTATGGGT__0.63353743742601__17	6	9	6	6	18	8	8	6	20	13	18	8	13	8
TTTGTAGGTTGGGGGG__0.633478293323577__28	36	9	6	6	18	8	8	6	9	8	13	13	13	13
GTTGTAAGTTAGGGGG__0.632865265700075__12	6	9	6	6	20	6	11	6	20	18	8	13	13	13
CGCGCAGGGGATAGGG__0.63275954379752__13	25	25	25	13	2	8	13	13	5	7	13	18	8	13
TTGCAAGGTTAGGGAG__0.632740434364221__9	9	13	13	9	6	8	8	6	20	18	8	13	5	8
TTGTAAGGGTAGGGAG__0.632687969487798__14	9	6	6	20	6	8	13	8	6	18	8	13	5	8
ATTGTGGGTTAGGGGG__0.632141843392635__16	30	9	6	17	8	13	8	6	20	18	8	13	13	13
CGCAGGGGTCAAAAGG__0.631767544289524__10	25	13	2	8	13	13	8	8	8	9	36	36	6	8
AAGGCAGGGGATAGGG__0.631394287072519__10	6	8	45	13	2	8	13	13	5	7	13	18	8	13
GTTGTAGGTTATGGGA__0.631152275818961__17	6	9	6	6	18	8	8	6	20	13	18	8	13	5
GTTGAAGGTTAGGAGG__0.631023119756621__10	6	9	8	12	6	8	8	6	20	18	8	5	8	8
GGGGTAGGTTAGGGGA__0.630948146216626__31	13	13	8	6	18	8	8	6	20	18	8	13	13	5
GGTGTAGGTTAGGGTA__0.629425565023053__24	8	17	6	6	18	8	8	6	20	18	8	13	8	6
CAGTTGGGTTAGGGAG__0.629258046207854__13	2	11	6	9	8	13	8	6	20	18	8	13	5	8
GGTACAGGGGATAGGG__0.629208985376476__12	8	6	6	6	2	8	13	13	5	7	13	18	8	13
TTGGAGGGTTAGGGGG__0.628968544281234__18	9	8	5	8	8	13	8	6	20	18	8	13	13	13
GTTGTAGGTTAAGGAG__0.628793964318306__19	6	9	6	6	18	8	8	6	20	20	6	8	5	8
GGTGTTGGTTAGGGAG__0.628488677949931__29	8	17	6	6	9	8	8	6	20	18	8	13	5	8
ATTGTAGGTAGGGAGG__0.628474873712538__14	30	9	6	6	18	8	8	6	18	8	13	5	8	8
GTTGTCGGTTAGGGAG__0.627983377140572__14	6	9	6	8	31	2	8	6	20	18	8	13	5	8
GTTGTAGGTAAGGGGA__0.627871888828447__13	6	9	6	6	18	8	8	6	20	6	8	13	13	5
GTAGTAGGTTAGGGTG__0.626983864467357__13	6	18	11	6	18	8	8	6	20	18	8	13	8	17
GTTGTAGGGTAGGAGG__0.626276513286445__22	6	9	6	6	18	8	13	8	6	18	8	5	8	8
GTTGTAGGTTGGGAGT__0.626220885848702__32	6	9	6	6	18	8	8	6	9	8	13	5	8	11
GTGGGAGGTTAGGGGG__0.625967354357063__27	17	8	13	5	8	8	8	6	20	18	8	13	13	13
ATTGGGGGTTAGGGAG__0.625932851427396__18	30	9	8	13	13	13	8	6	20	18	8	13	5	8
GTAGTTGGTTAGGGAG__0.625694141345484__16	6	18	11	6	9	8	8	6	20	18	8	13	5	8
TTTGTAGGTTAGGGCG__0.625217562535067__16	36	9	6	6	18	8	8	6	20	18	8	13	45	25
CGTGTAGGTTAGGGAG__0.625002977316696__13	8	17	6	6	18	8	8	6	20	18	8	13	5	8
AGTTTTGGTTAGGGAG__0.624946016599732__14	11	6	36	36	9	8	8	6	20	18	8	13	5	8
ATGGGAGGTTAGGGAG__0.624618232088847__14	18	8	13	5	8	8	8	6	20	18	8	13	5	8
GGTGTGGGTTAGGGGG__0.624414903318397__35	8	17	6	17	8	13	8	6	20	18	8	13	13	13
GTTGAAGGTTAGGGGA__0.624412585253018__10	6	9	8	12	6	8	8	6	20	18	8	13	13	5
TTGGTAGGGTAGGGAG__0.623998036444117__23	9	8	8	6	18	8	13	8	6	18	8	13	5	8
GTTGTAGGTTAGGGCT__0.623866569259105__19	6	9	6	6	18	8	8	6	20	18	8	13	45	25
GTTGTAGGGCAGGGGG__0.623718705397125__20	6	9	6	6	18	8	13	45	13	2	8	13	13	13
GTTGTAGGTTAGTGGT__0.623686884325869__17	6	9	6	6	18	8	8	6	20	18	11	17	8	8
GATGTAGGTTTGGGAG__0.623222367592941__14	7	18	6	6	18	8	8	6	36	9	8	13	5	8
CATGCAGGGGATAGGG__0.623021269753918__9	18	18	13	13	2	8	13	13	5	7	13	18	8	13
GAAGTAGGTTTGGGAG__0.622492070900712__10	12	6	11	6	18	8	8	6	36	9	8	13	5	8
GTTGGAGGTTGGGGTG__0.622490248796842__30	6	9	8	5	8	8	8	6	9	8	13	13	8	17
GTTGTAGGTTCGGGGG__0.622094981884008__17	6	9	6	6	18	8	8	6	12	31	2	13	13	13
AGTTTAGGTTAGGGGT__0.621984733388455__10	11	6	36	20	18	8	8	6	20	18	8	13	13	8
GTTGTAGGTTAGGTAT__0.621150029835055__19	6	9	6	6	18	8	8	6	20	18	8	8	6	13
TTTGTAGGTTAGGGAT__0.620875168252097__16	36	9	6	6	18	8	8	6	20	18	8	13	5	7
GTTGTAGGTTTGGGTT__0.620823458373237__23	6	9	6	6	18	8	8	6	36	9	8	13	8	6
TTGTAGGTTCAGGGAG__0.620611239640061__9	9	6	6	18	8	8	6	12	8	2	8	13	5	8
GTTGTAGGTAGGGGGT__0.620408737399523__21	6	9	6	6	18	8	8	6	18	8	13	13	13	8
GTTGTAGGAGAGGGAG__0.619629844366519__12	6	9	6	6	18	8	5	8	9	8	8	13	5	8
GTTGAAGGTTTGGGAG__0.619598339089916__12	6	9	8	12	6	8	8	6	36	9	8	13	5	8
GTGGTGGGTTAGGGAG__0.619532658294375__35	17	8	8	17	8	13	8	6	20	18	8	13	5	8
GGTGTAGGTTTGGGAG__0.619426727535805__27	8	17	6	6	18	8	8	6	36	9	8	13	5	8
GTTGCAGGTTAGGGAA__0.619213682692745__13	6	9	13	13	2	8	8	6	20	18	8	13	5	12
TTGTTAGGTTAGGGTG__0.618880374539865__15	9	6	6	20	18	8	8	6	20	18	8	13	8	17
GTTGTAAGTTAGGGAG__0.618789600843291__11	6	9	6	6	20	6	11	6	20	18	8	13	5	8
GAGTTGGGTTAGGGAG__0.618595820666227__17	8	11	6	9	8	13	8	6	20	18	8	13	5	8
GGGTTAGGTTAGGGAG__0.618369283943245__20	13	8	6	20	18	8	8	6	20	18	8	13	5	8
TTGTTGGGTTAGGGAG__0.618369029431807__22	9	6	6	9	8	13	8	6	20	18	8	13	5	8
GGGGTAGGGCGGGGGG__0.618034563818855__53	13	13	8	6	18	8	13	45	25	2	13	13	13	13
GGGGTAGGTTGGGGAG__0.617794730551247__53	13	13	8	6	18	8	8	6	9	8	13	13	5	8
GTTGTGGGTTAGGGAA__0.617512603546469__26	6	9	6	17	8	13	8	6	20	18	8	13	5	12
TGTTTAGGTTAGGGAG__0.617418042750501__14	6	6	36	20	18	8	8	6	20	18	8	13	5	8
TTAGGAGGTTAGGGGG__0.61691756740524__10	20	18	8	5	8	8	8	6	20	18	8	13	13	13
GTTGTAGGGTAGGGTT__0.616871913531854__24	6	9	6	6	18	8	13	8	6	18	8	13	8	6
GTTGTAGGTGTGGGGG__0.61682430158307__28	6	9	6	6	18	8	8	17	6	17	8	13	13	13
TTTGTTGGTTAGGGAG__0.61671158275672__19	36	9	6	6	9	8	8	6	20	18	8	13	5	8
TTGTAGGGTAAGGGAG__0.616613513084602__12	9	6	6	18	8	13	8	6	20	6	8	13	5	8
GGTGAAGGTTAGGGAG__0.616217697923577__12	8	17	8	12	6	8	8	6	20	18	8	13	5	8
GTTGTTGGTTAGGAGG__0.616008258030092__20	6	9	6	6	9	8	8	6	20	18	8	5	8	8
GTTGTAGGTATAGGGA__0.615800824038448__17	6	9	6	6	18	8	8	6	13	13	18	8	13	5
GTTGTAGGTTAGGGAC__0.615576528652176__17	6	9	6	6	18	8	8	6	20	18	8	13	5	8
GGTGTAGGTTGGGGGG__0.61539689233998__36	8	17	6	6	18	8	8	6	9	8	13	13	13	13
GTTGGAGGGGAGGGGG__0.615368545278416__35	6	9	8	5	8	8	13	13	5	8	8	13	13	13
TTTGGGGGTTAGGGAG__0.615044937854531__25	36	9	8	13	13	13	8	6	20	18	8	13	5	8
GTTGGAGGTTAGGTGG__0.614973335543282__17	6	9	8	5	8	8	8	6	20	18	8	8	17	8
GTTGTTGGTTAGGGTA__0.614941479597653__22	6	9	6	6	9	8	8	6	20	18	8	13	8	6
GGCGGAGGTTAGGGGG__0.61492082566102__16	45	25	2	5	8	8	8	6	20	18	8	13	13	13
AGTTAGGGTTAGGGAG__0.61424539775871__11	11	6	20	18	8	13	8	6	20	18	8	13	5	8
GTTGCAGGTTAGGGAT__0.614074097262046__13	6	9	13	13	2	8	8	6	20	18	8	13	5	7
TTGGGGGGTTAGGGAG__0.613796940391825__32	9	8	13	13	13	13	8	6	20	18	8	13	5	8
GTTGTAGGTATGGGGG__0.613658708344902__16	6	9	6	6	18	8	8	6	13	18	8	13	13	13
GTTGTGGGTAAGGGAG__0.61362729501513__18	6	9	6	17	8	13	8	6	20	6	8	13	5	8
TTGGCAGGTTAGGGAG__0.612974044796856__13	9	8	45	13	2	8	8	6	20	18	8	13	5	8
TTGTGAGGTTAGGGGG__0.612826036543944__14	9	6	17	8	8	8	8	6	20	18	8	13	13	13
GGGATAGGTTAGGGAG__0.611771287515567__13	13	5	7	13	18	8	8	6	20	18	8	13	5	8
ATTGTAGGTTGGGAGG__0.611623447901292__18	30	9	6	6	18	8	8	6	9	8	13	5	8	8
TTGATAGGTTAGGGTG__0.611605067217136__9	9	8	7	13	18	8	8	6	20	18	8	13	8	17
GAGGGAGGTTAGGGAG__0.611204387346402__15	8	8	13	5	8	8	8	6	20	18	8	13	5	8
GTTGGAGGTTAGGGTC__0.610820578867249__17	6	9	8	5	8	8	8	6	20	18	8	13	8	8
GGGGTAGGTTAGGGAT__0.61070988397111__29	13	13	8	6	18	8	8	6	20	18	8	13	5	7
GTTGGAGGTAAGGGGG__0.610675553131227__12	6	9	8	5	8	8	8	6	20	6	8	13	13	13
GTTGCAGGTTAGGGGA__0.610552869475419__12	6	9	13	13	2	8	8	6	20	18	8	13	13	5
AGTTGCGGTTAGGGAG__0.610217184354122__12	11	6	9	13	25	2	8	6	20	18	8	13	5	8
GTTGAAGGTAGGGAGG__0.609691615522862__12	6	9	8	12	6	8	8	6	18	8	13	5	8	8
GTTGGAGGGGAGGGAG__0.60950611307963__32	6	9	8	5	8	8	13	13	5	8	8	13	5	8
GCGGTAGGTTAGGGAG__0.609273513450158__14	25	2	8	6	18	8	8	6	20	18	8	13	5	8
GCTGTAGGTTAGGGGA__0.608739123869162__11	25	2	6	6	18	8	8	6	20	18	8	13	13	5
GTGGTAGGTTAGGGGA__0.608315935545838__19	17	8	8	6	18	8	8	6	20	18	8	13	13	5
TTAGTAGGTTTGGGAG__0.608127681617848__12	20	18	11	6	18	8	8	6	36	9	8	13	5	8
TGGATAGGTTAGGGAG__0.607976315055146__10	8	5	7	13	18	8	8	6	20	18	8	13	5	8
GTTGTAGGTGGGAGGG__0.607688794144897__43	6	9	6	6	18	8	8	17	8	13	5	8	8	13
GATGTGGGTTAGGGAG__0.607614446345317__15	7	18	6	17	8	13	8	6	20	18	8	13	5	8
GGGGTAGGTTAGGGAA__0.607505099237196__27	13	13	8	6	18	8	8	6	20	18	8	13	5	12
GGAGTAGGTTTGGGAG__0.607488164362965__15	5	8	11	6	18	8	8	6	36	9	8	13	5	8
GTTGTAGGCTAGGGAG__0.607245766614178__10	6	9	6	6	18	8	45	25	18	18	8	13	5	8
GGCGGAGGTTAGGGAG__0.606598368812768__15	45	25	2	5	8	8	8	6	20	18	8	13	5	8
GTTGTAGGTTAGGAGA__0.606574534248729__16	6	9	6	6	18	8	8	6	20	18	8	5	8	9
GTTGGAGGTTTGGGGG__0.606460554540712__19	6	9	8	5	8	8	8	6	36	9	8	13	13	13
TTAGTAGGTTGGGGAG__0.606211422055284__17	20	18	11	6	18	8	8	6	9	8	13	13	5	8
GGGGAAGGTTAGGGAG__0.605448629627558__17	13	13	5	12	6	8	8	6	20	18	8	13	5	8
GTTGTAGGGCAGGGAG__0.605246439977376__18	6	9	6	6	18	8	13	45	13	2	8	13	5	8
CGCGCAGGGGATAGGC__0.605045130315412__12	25	25	25	13	2	8	13	13	5	7	13	18	8	45
GTTGGAGGTTATGGGG__0.604583138306229__14	6	9	8	5	8	8	8	6	20	13	18	8	13	13
GTTGTAGGTTAGGTTC__0.604217299965654__17	6	9	6	6	18	8	8	6	20	18	8	8	6	12
AGGGGAGGTTAGGGAG__0.603868025678611__17	8	13	13	5	8	8	8	6	20	18	8	13	5	8
ACGGGAGGGCGGGGGG__0.60386752438102__16	8	2	13	5	8	8	13	45	25	2	13	13	13	13
GTTGTAGGTTTGGGAT__0.603830565547799__20	6	9	6	6	18	8	8	6	36	9	8	13	5	7
GGTGTAGGTAAGGGAG__0.603731679796975__13	8	17	6	6	18	8	8	6	20	6	8	13	5	8
TATGGAGGTTAGGGAG__0.603347892210855__9	13	18	8	5	8	8	8	6	20	18	8	13	5	8
GTTGTAGGTTAGGCAG__0.603168690967072__16	6	9	6	6	18	8	8	6	20	18	8	45	13	2
GGGGGAGGAGAGGGGG__0.603014983133078__26	13	13	13	5	8	8	5	8	9	8	8	13	13	13
TTTGTAGGTTAGGGAC__0.602911280214002__14	36	9	6	6	18	8	8	6	20	18	8	13	5	8
TTGTGAGGTTAGGGAG__0.602825033694261__13	9	6	17	8	8	8	8	6	20	18	8	13	5	8
GGTGTAGGTAGGGAGG__0.602706854082522__25	8	17	6	6	18	8	8	6	18	8	13	5	8	8
TATGGAGGTTAGGGGG__0.602417639821181__9	13	18	8	5	8	8	8	6	20	18	8	13	13	13
AGTGCAGGTTAGGGAG__0.601925094371392__9	11	17	13	13	2	8	8	6	20	18	8	13	5	8
GGTGTAGGTTGGGAGG__0.601655669980062__36	8	17	6	6	18	8	8	6	9	8	13	5	8	8
TTGTAAGGTTAGGGTG__0.601552137267528__10	9	6	6	20	6	8	8	6	20	18	8	13	8	17
GTTGTAGGTGTGGGGA__0.601425672600462__26	6	9	6	6	18	8	8	17	6	17	8	13	13	5
GGTTGGGGTTAGGGGG__0.601372362829856__28	8	6	9	8	13	13	8	6	20	18	8	13	13	13
GGAGTAGGGTAGGGAG__0.601162254451054__15	5	8	11	6	18	8	13	8	6	18	8	13	5	8
GGTGTAGGGTAGGGAG__0.601105305822113__25	8	17	6	6	18	8	13	8	6	18	8	13	5	8
GTTTTAGGTTAGGGAT__0.600499981415389__14	6	36	36	20	18	8	8	6	20	18	8	13	5	7
GTTGGAGGAGAGGGGG__0.60044297294049__12	6	9	8	5	8	8	5	8	9	8	8	13	13	13
GAAGTAGGGTAGGGAG__0.600298993537561__9	12	6	11	6	18	8	13	8	6	18	8	13	5	8
GTTGGGGGTTAGGGAT__0.598990365713445__31	6	9	8	13	13	13	8	6	20	18	8	13	5	7
TACGCAGGGGATAGGA__0.598898838988703__9	6	8	25	13	2	8	13	13	5	7	13	18	8	5
ATTGTAGGTGAGGGAG__0.598190304369179__10	30	9	6	6	18	8	8	17	8	8	8	13	5	8
TTGAGGGGTTAGGGAG__0.597758897340021__14	9	8	8	8	13	13	8	6	20	18	8	13	5	8
GGGACAGGGGATAGGA__0.597504918179142__12	13	5	8	6	2	8	13	13	5	7	13	18	8	5
GGGGTAGGTTTGGGAG__0.597281546662482__32	13	13	8	6	18	8	8	6	36	9	8	13	5	8
GGCGTGGGTTAGGGAG__0.596854897119608__21	45	25	8	17	8	13	8	6	20	18	8	13	5	8
CTTGTAGGTTAGGGTA__0.596627935886957__9	6	9	6	6	18	8	8	6	20	18	8	13	8	6
GTTGTAGGGTAGGGGT__0.596333160166875__19	6	9	6	6	18	8	13	8	6	18	8	13	13	8
GTTGGAGGTAGGGGAG__0.596308225222551__20	6	9	8	5	8	8	8	6	18	8	13	13	5	8
GTTGCAGGGTAGGGAG__0.595591223839002__13	6	9	13	13	2	8	13	8	6	18	8	13	5	8
AGTTTAGGTTAGGGGC__0.595560504444132__9	11	6	36	20	18	8	8	6	20	18	8	13	13	45
GTTGTAGGTTTGGGGA__0.595528187903222__18	6	9	6	6	18	8	8	6	36	9	8	13	13	5
GGGAGAGGTGGGTGGG__0.595506641598474__35	13	5	8	9	8	8	8	17	8	13	8	17	8	13
TTTGTAGGTTAGGGGC__0.595293378149721__13	36	9	6	6	18	8	8	6	20	18	8	13	13	45
GTTGTAGGTTTTGGGG__0.595059160201994__18	6	9	6	6	18	8	8	6	36	36	9	8	13	13
TATGTGGGTTAGGGAG__0.594889885120024__13	13	18	6	17	8	13	8	6	20	18	8	13	5	8
GGGACAGGGGATAGGG__0.594626717643036__11	13	5	8	6	2	8	13	13	5	7	13	18	8	13
AGTGTAGGTTAGGGTA__0.594612867457474__11	11	17	6	6	18	8	8	6	20	18	8	13	8	6
TTAGTAGGTTAGGGTG__0.594488452181164__9	20	18	11	6	18	8	8	6	20	18	8	13	8	17
TTTGTAGGTTGGGGAG__0.594451434156962__23	36	9	6	6	18	8	8	6	9	8	13	13	5	8
AGTGTAGGTTAGGGAT__0.594442498052476__11	11	17	6	6	18	8	8	6	20	18	8	13	5	7
TTGTTGGGTTAGGGGG__0.594221467584723__19	9	6	6	9	8	13	8	6	20	18	8	13	13	13
GAGTTAGGTTAGGGAG__0.594202476152107__9	8	11	6	20	18	8	8	6	20	18	8	13	5	8
GAGGTAGGTTGGGGAG__0.594123829271813__21	8	8	8	6	18	8	8	6	9	8	13	13	5	8
TACGCAGGGGATAGGC__0.593811224139745__9	6	8	25	13	2	8	13	13	5	7	13	18	8	45
GTTGTAGGTTAGAGGA__0.593783663594695__14	6	9	6	6	18	8	8	6	20	18	9	8	8	5
TTGGTAGGTTGGGGAG__0.593428584885758__26	9	8	8	6	18	8	8	6	9	8	13	13	5	8
GTTGTAGGTAGGGGGA__0.593391901204668__18	6	9	6	6	18	8	8	6	18	8	13	13	13	5
TGTGTAGGTTAGGGAT__0.593378283578894__16	6	17	6	6	18	8	8	6	20	18	8	13	5	7
GTGGTAGGTTAGGGTG__0.593330902862465__18	17	8	8	6	18	8	8	6	20	18	8	13	8	17
CGGGTAGGTTAGGGAG__0.59304927000814__13	2	13	8	6	18	8	8	6	20	18	8	13	5	8
GGTGTAGGGTAGGGGG__0.593049208347032__24	8	17	6	6	18	8	13	8	6	18	8	13	13	13
GTTGTAGGTTATGGAG__0.592735221593381__13	6	9	6	6	18	8	8	6	20	13	18	8	5	8
TATGTAGGTTAGGGTG__0.592640250097041__9	13	18	6	6	18	8	8	6	20	18	8	13	8	17
AGTTGTGGTTAGGGGT__0.592597652349972__12	11	6	9	6	17	8	8	6	20	18	8	13	13	8
GTTGGAGGTGAGGGAG__0.592459407179397__17	6	9	8	5	8	8	8	17	8	8	8	13	5	8
AGTGGAGGTTAGGGGG__0.59241116470622__11	11	17	8	5	8	8	8	6	20	18	8	13	13	13
TTGGAGGGTTAGGGAG__0.592393532570401__14	9	8	5	8	8	13	8	6	20	18	8	13	5	8
GGTGTAGGTTAGGGTT__0.5922993751806__19	8	17	6	6	18	8	8	6	20	18	8	13	8	6
GATGGAGGTTAGGGGG__0.592228107669608__9	7	18	8	5	8	8	8	6	20	18	8	13	13	13
TGGGTAGGTTAGGGGG__0.592217819366876__18	8	13	8	6	18	8	8	6	20	18	8	13	13	13
GGAGCAGGGGATAGGG__0.592138816785759__12	5	8	25	13	2	8	13	13	5	7	13	18	8	13
GGTGTAGGTTAGGAGG__0.592135863246467__17	8	17	6	6	18	8	8	6	20	18	8	5	8	8
GTTGTGGGTTAGGGGC__0.591921404081753__22	6	9	6	17	8	13	8	6	20	18	8	13	13	45
TGGGTGGGTCGGGGGG__0.591138785777989__40	8	13	8	17	8	13	8	8	31	2	13	13	13	13
GTTGGAGGTTAGGTTG__0.590944197183809__15	6	9	8	5	8	8	8	6	20	18	8	8	6	9
GGAGTGGGTTAGGGAG__0.589938129295426__17	5	8	11	17	8	13	8	6	20	18	8	13	5	8
TTGTTTGGTTAGGGGG__0.589738702653677__16	9	6	6	36	9	8	8	6	20	18	8	13	13	13
GTTGTAGGTGGGGGGA__0.589614987006205__35	6	9	6	6	18	8	8	17	8	13	13	13	13	5
TTAGTAGGGTAGGGAG__0.58895663354618__11	20	18	11	6	18	8	13	8	6	18	8	13	5	8
CTTGTAGGTTTGGGAG__0.588902285624858__10	6	9	6	6	18	8	8	6	36	9	8	13	5	8
GGAGCAGGGGATAGGT__0.588861216642093__12	5	8	25	13	2	8	13	13	5	7	13	18	8	8
TAGTTAGGTTAGGGAG__0.588627072580338__9	18	11	6	20	18	8	8	6	20	18	8	13	5	8
GTTGTAGGGAAGGGAT__0.588539915110602__13	6	9	6	6	18	8	13	5	12	6	8	13	5	7
ATTGTAGGTTGGGGGG__0.588217308575301__14	30	9	6	6	18	8	8	6	9	8	13	13	13	13
GGTGAAGGTTAGGGGG__0.587995229238353__10	8	17	8	12	6	8	8	6	20	18	8	13	13	13
GCTGTGGGTTAGGGAG__0.587591790768892__15	25	2	6	17	8	13	8	6	20	18	8	13	5	8
AGTTGAGGTTAGGGTA__0.587325447146049__9	11	6	9	8	8	8	8	6	20	18	8	13	8	6
TAGTTGGGTTAGGGGG__0.587175490771234__13	18	11	6	9	8	13	8	6	20	18	8	13	13	13
TTTGTAGGGTAGGGGG__0.586824292293911__16	36	9	6	6	18	8	13	8	6	18	8	13	13	13
AGTTGGGGTTAGGGTG__0.586820220759726__15	11	6	9	8	13	13	8	6	20	18	8	13	8	17
GTTGAAGGTTGGGGGG__0.58668275651295__13	6	9	8	12	6	8	8	6	9	8	13	13	13	13
GGAGGAGGTTAGGGGG__0.586636499656812__12	5	8	8	5	8	8	8	6	20	18	8	13	13	13
GGAGGAGGAGAGGAGG__0.586592134409791__9	5	8	8	5	8	8	5	8	9	8	8	5	8	8
GTTGTGGGTGAGGGAG__0.586283360275087__25	6	9	6	17	8	13	8	17	8	8	8	13	5	8
GTTGTAGGAGAGGGGG__0.586217827250852__10	6	9	6	6	18	8	5	8	9	8	8	13	13	13
GTTGTAGGTAAGGGAT__0.585600978270897__10	6	9	6	6	18	8	8	6	20	6	8	13	5	7
GTGGTAGGTTGGGGAG__0.5849963437014__30	17	8	8	6	18	8	8	6	9	8	13	13	5	8
CGGGCAGGGCGGGGGG__0.584838602273725__18	2	13	45	13	2	8	13	45	25	2	13	13	13	13
GTTGTAGGTTAGGAGT__0.584402919155772__13	6	9	6	6	18	8	8	6	20	18	8	5	8	11
TTTGGAGGTTAGGGAT__0.584278731918637__12	36	9	8	5	8	8	8	6	20	18	8	13	5	7
GGTTAAGGTTAGGGAG__0.583876461355235__9	8	6	20	20	6	8	8	6	20	18	8	13	5	8
GGTGGAGGAGAGGGGG__0.583648573727049__15	8	17	8	5	8	8	5	8	9	8	8	13	13	13
GTTGTAGGTTAGGAAT__0.583421240694168__14	6	9	6	6	18	8	8	6	20	18	8	5	12	30
GTTGTAGGTTTGGAGG__0.583149112454057__16	6	9	6	6	18	8	8	6	36	9	8	5	8	8
GTTGTAGGTTAGGAAA__0.583034709829315__14	6	9	6	6	18	8	8	6	20	18	8	5	12	36
AGTTTAGGGTAGGGAG__0.582984250466583__10	11	6	36	20	18	8	13	8	6	18	8	13	5	8
TTGTTAGGTTAGGGGT__0.58290868777235__11	9	6	6	20	18	8	8	6	20	18	8	13	13	8
GTTGGAGGGCAGGGAG__0.582896266071789__16	6	9	8	5	8	8	13	45	13	2	8	13	5	8
GTTGTAGGTTGGGGGC__0.58193562777437__23	6	9	6	6	18	8	8	6	9	8	13	13	13	45
GTTGTAGGTGGGAGGA__0.581659604426895__35	6	9	6	6	18	8	8	17	8	13	5	8	8	5
CGGGCGGGTCGGGGGG__0.581318672753526__17	2	13	45	25	2	13	8	8	31	2	13	13	13	13
GTTGGAGGTTAGGAAG__0.581229209374197__13	6	9	8	5	8	8	8	6	20	18	8	5	12	6
GGTGCAGGTTAGGGGG__0.581019869964741__13	8	17	13	13	2	8	8	6	20	18	8	13	13	13
GTTTTAGGTTAGGGTG__0.580793661826858__12	6	36	36	20	18	8	8	6	20	18	8	13	8	17
CGTTGGGGTTAGGGAG__0.580414049907757__14	8	6	9	8	13	13	8	6	20	18	8	13	5	8
GTTGTAGGTTGGGTGG__0.580277085380588__24	6	9	6	6	18	8	8	6	9	8	13	8	17	8
TTGTTAGGGTAGGGAG__0.580202678167388__14	9	6	6	20	18	8	13	8	6	18	8	13	5	8
GTTGGAGGTGGGGGGG__0.580181588769618__35	6	9	8	5	8	8	8	17	8	13	13	13	13	13
TTGTCAGGTTAGGGAG__0.5798342093788__9	9	6	8	8	2	8	8	6	20	18	8	13	5	8
AGTTGTGGTTAGGGAT__0.579833251462209__12	11	6	9	6	17	8	8	6	20	18	8	13	5	7
GTTGTAGGTTTAGGGT__0.579804618813058__18	6	9	6	6	18	8	8	6	36	20	18	8	13	8
TTTGTAGGTTAGGAGG__0.579339625406468__11	36	9	6	6	18	8	8	6	20	18	8	5	8	8
GTGGCAGGTTAGGGAG__0.579197604902559__12	17	8	45	13	2	8	8	6	20	18	8	13	5	8
GTTGCAGGTTAGGGTG__0.579018527026239__10	6	9	13	13	2	8	8	6	20	18	8	13	8	17
TGGGCGGGTCGGGGGG__0.578987527482153__25	8	13	45	25	2	13	8	8	31	2	13	13	13	13
GTAGTAGGGTAGGGAG__0.578962710891793__12	6	18	11	6	18	8	13	8	6	18	8	13	5	8
GTTGTAGGTAGGGTGG__0.578332596018134__17	6	9	6	6	18	8	8	6	18	8	13	8	17	8
GTTGGAGGTTAAGGGG__0.578129578987__13	6	9	8	5	8	8	8	6	20	20	6	8	13	13
GTGTAAGGTTAGGGAG__0.578048048866697__9	17	6	6	20	6	8	8	6	20	18	8	13	5	8
GTTTGAGGTTAGGGAG__0.577995530939424__11	6	36	9	8	8	8	8	6	20	18	8	13	5	8
TTTGTAGGTTAGGGTA__0.577859460011358__12	36	9	6	6	18	8	8	6	20	18	8	13	8	6
GTTGAAGGTTGGGGAG__0.577655865679202__13	6	9	8	12	6	8	8	6	9	8	13	13	5	8
GTGTAAGGTTAGGGGG__0.577289703300764__9	17	6	6	20	6	8	8	6	20	18	8	13	13	13
GTTGGAGGTCAGGGGG__0.57722904047353__9	6	9	8	5	8	8	8	8	8	2	8	13	13	13
GTAGCAGGGGATAGGG__0.577096850683899__9	6	18	25	13	2	8	13	13	5	7	13	18	8	13
GTTGGAGGTGAGGGGG__0.576227567794386__16	6	9	8	5	8	8	8	17	8	8	8	13	13	13
GTTGTAGGTTACGGGG__0.575484135736926__11	6	9	6	6	18	8	8	6	20	6	8	2	13	13
GTTGTTGGTTAGGGAA__0.575266498455827__16	6	9	6	6	9	8	8	6	20	18	8	13	5	12
TGTGGAGGTTAGGGAG__0.575037364931154__14	6	17	8	5	8	8	8	6	20	18	8	13	5	8
GTTGTAGGGTAGGGGC__0.57486933841043__17	6	9	6	6	18	8	13	8	6	18	8	13	13	45
TTGTTAGGTTAGGGAA__0.574805366147619__11	9	6	6	20	18	8	8	6	20	18	8	13	5	12
GTAGGAGGTTAGGGGG__0.57404423292006__9	6	18	8	5	8	8	8	6	20	18	8	13	13	13
TGGTAAGGTTAGGGAG__0.573998340303336__9	8	8	6	20	6	8	8	6	20	18	8	13	5	8
GTTGCAGGTTAGGGGT__0.573986712408399__9	6	9	13	13	2	8	8	6	20	18	8	13	13	8
GGGCGAGGTGGGTGGG__0.573818150878122__29	13	45	25	31	8	8	8	17	8	13	8	17	8	13
GTTGTAGGTTGGGAGA__0.57352367855969__22	6	9	6	6	18	8	8	6	9	8	13	5	8	9
GTTGTAGGTTAAGGGT__0.573413062264123__12	6	9	6	6	18	8	8	6	20	20	6	8	13	8
GGGGTAGGTAGGGAGG__0.57299610625545__28	13	13	8	6	18	8	8	6	18	8	13	5	8	8
GTTGGGGGTTAGGGGT__0.572995500115129__24	6	9	8	13	13	13	8	6	20	18	8	13	13	8
GGGCGAGGTCAAAAGG__0.572856548845083__9	13	45	25	31	8	8	8	8	8	9	36	36	6	8
TTAGTTGGTTAGGGAG__0.572494461415454__10	20	18	11	6	9	8	8	6	20	18	8	13	5	8
GGTGTAGGTCAGGGAG__0.572437125364113__11	8	17	6	6	18	8	8	8	8	2	8	13	5	8
GTTGTAGGTGTAGGGG__0.572276617029705__21	6	9	6	6	18	8	8	17	6	6	18	8	13	13
GTAGTAGGTTAGGGGC__0.572167762660433__9	6	18	11	6	18	8	8	6	20	18	8	13	13	45
TTGTTTGGTTAGGGAG__0.572077263421472__14	9	6	6	36	9	8	8	6	20	18	8	13	5	8
TGGGTAGGGCGGGGGG__0.571578382959456__29	8	13	8	6	18	8	13	45	25	2	13	13	13	13
GTTGTAGGTTAGCGGG__0.57139846732309__11	6	9	6	6	18	8	8	6	20	18	25	25	2	13
GTAGTAGGTTAGGGAA__0.571179462634117__9	6	18	11	6	18	8	8	6	20	18	8	13	5	12
TTTGGAGGTTAGGGGT__0.57113066180394__10	36	9	8	5	8	8	8	6	20	18	8	13	13	8
GTTGGAGGAGAGGAGG__0.571022837094662__9	6	9	8	5	8	8	5	8	9	8	8	5	8	8
ATTGGAGGGTAGGGAG__0.570886309824006__10	30	9	8	5	8	8	13	8	6	18	8	13	5	8
AGTGTAGGTTAGGGGC__0.57035095772443__9	11	17	6	6	18	8	8	6	20	18	8	13	13	45
GTTGGAGTTTAGGGAG__0.57028502894078__9	6	9	8	5	8	11	6	36	20	18	8	13	5	8
GTTGGGGGTTAGGGAA__0.569890257002693__24	6	9	8	13	13	13	8	6	20	18	8	13	5	12
TTGTTAGGTTAGGAGG__0.569820598312407__10	9	6	6	20	18	8	8	6	20	18	8	5	8	8
TAGTTTGGTTAGGGAG__0.569583787559791__10	18	11	6	36	9	8	8	6	20	18	8	13	5	8
CTGGGAGGGCTGGGGG__0.5693502296449__12	2	8	13	5	8	8	13	45	25	2	8	13	13	13
GTTGCGGGTTAGGGAG__0.569320881296895__13	6	9	13	25	2	13	8	6	20	18	8	13	5	8
TTTGTAGGTGAGGGAG__0.569120139233942__12	36	9	6	6	18	8	8	17	8	8	8	13	5	8
GTTGTAGGTGAGGGAA__0.568756715510075__14	6	9	6	6	18	8	8	17	8	8	8	13	5	12
TGGGAAGGTTAGGGAG__0.567960200551296__10	8	13	5	12	6	8	8	6	20	18	8	13	5	8
GAGGTGGGTTAGGGAG__0.567870035822545__16	8	8	8	17	8	13	8	6	20	18	8	13	5	8
GGGGGAGGTGGGTGGG__0.567856629577157__70	13	13	13	5	8	8	8	17	8	13	8	17	8	13
CTTGTAGGGTAGGGAG__0.56782076041957__9	6	9	6	6	18	8	13	8	6	18	8	13	5	8
GGATGGGGTCAGGGGG__0.56777112822216__11	5	7	18	8	13	13	8	8	8	2	8	13	13	13
TTAGTGGGTTAGGGAG__0.567631344095347__11	20	18	11	17	8	13	8	6	20	18	8	13	5	8
GTTGTAGGTTAGAAGG__0.567395080850897__13	6	9	6	6	18	8	8	6	20	18	9	12	6	8
GGCGCAGGGGATAGGT__0.567304468608751__11	45	25	25	13	2	8	13	13	5	7	13	18	8	8
TTTGGAGGTTAGGGGA__0.566689113922209__10	36	9	8	5	8	8	8	6	20	18	8	13	13	5
GTAGCAGGGGATAGGA__0.566496618291559__9	6	18	25	13	2	8	13	13	5	7	13	18	8	5
GTTGTAGGTTAGTGGA__0.566392726533021__12	6	9	6	6	18	8	8	6	20	18	11	17	8	5
GTGGTAGGGTAGGGAG__0.566021679323333__19	17	8	8	6	18	8	13	8	6	18	8	13	5	8
AGTTGTGGTTAGGGTT__0.565816534398458__11	11	6	9	6	17	8	8	6	20	18	8	13	8	6
GTAGTAGGTTGGGGAG__0.56503884642905__15	6	18	11	6	18	8	8	6	9	8	13	13	5	8
GTTGTAGGTAGGGGGC__0.56479856597007__15	6	9	6	6	18	8	8	6	18	8	13	13	13	45
GGTGGAGGAGAGGAGG__0.56464594489304__12	8	17	8	5	8	8	5	8	9	8	8	5	8	8
TTCGTGGGTTAGGGAG__0.564545690454125__10	12	31	8	17	8	13	8	6	20	18	8	13	5	8
GTTGGAGGTTAGGAGA__0.564447832595036__12	6	9	8	5	8	8	8	6	20	18	8	5	8	9
TGCGCAGGGGATAGGC__0.564299595499986__11	13	25	25	13	2	8	13	13	5	7	13	18	8	45
GTTGTAGGTGGGGGGT__0.564181738824879__29	6	9	6	6	18	8	8	17	8	13	13	13	13	8
TTTGGAGGTTAGGGAA__0.563999510198091__10	36	9	8	5	8	8	8	6	20	18	8	13	5	12
GTTGTAGGTTAGGAGC__0.56354432187585__12	6	9	6	6	18	8	8	6	20	18	8	5	8	25
AGGTGGGGTTAGGGAG__0.563042972395728__17	8	8	17	8	13	13	8	6	20	18	8	13	5	8
AGTGTAGGTTGGGGAG__0.562863626234117__15	11	17	6	6	18	8	8	6	9	8	13	13	5	8
GTTGTAGGTGTGGGAG__0.562849887989886__19	6	9	6	6	18	8	8	17	6	17	8	13	5	8
GCGGGAGGGCGGGGGG__0.562531481568949__25	25	2	13	5	8	8	13	45	25	2	13	13	13	13
ATGGCAGGGGATAGGG__0.562429665991109__9	18	8	45	13	2	8	13	13	5	7	13	18	8	13
GGGACAGGGGATAGGT__0.562354552785001__9	13	5	8	6	2	8	13	13	5	7	13	18	8	8
GTTGTAGGTTGGGAGC__0.562295672850308__21	6	9	6	6	18	8	8	6	9	8	13	5	8	25
GGAGTAGGTTAGGGAA__0.562287867340866__9	5	8	11	6	18	8	8	6	20	18	8	13	5	12
AGGTGTGGTTAGGGAG__0.561940500365866__13	8	8	17	6	17	8	8	6	20	18	8	13	5	8
TTTGTAGGTTGGGAGG__0.561825372818714__19	36	9	6	6	18	8	8	6	9	8	13	5	8	8
GGAGTAGGTTAGGGTG__0.561763024814185__9	5	8	11	6	18	8	8	6	20	18	8	13	8	17
ATTGTAGGGTAGGGAG__0.561573398964051__9	30	9	6	6	18	8	13	8	6	18	8	13	5	8
GGGGTAGGTTAGGGTT__0.561306643807284__21	13	13	8	6	18	8	8	6	20	18	8	13	8	6
TTGGTAGGTTAGGGGT__0.561024546950885__11	9	8	8	6	18	8	8	6	20	18	8	13	13	8
CCGGGAGGGCGGGGGG__0.560985068969465__12	2	2	13	5	8	8	13	45	25	2	13	13	13	13
GGGGTTGGTTAGGGAG__0.560201345888995__24	13	13	8	6	9	8	8	6	20	18	8	13	5	8
GGTGTAGGCTAGGGAG__0.559984792260423__9	8	17	6	6	18	8	45	25	18	18	8	13	5	8
GTTGTAGGTTAGGATT__0.559474011796188__11	6	9	6	6	18	8	8	6	20	18	8	5	7	30
GTTGTAGGTGAGGGGT__0.558847090110137__13	6	9	6	6	18	8	8	17	8	8	8	13	13	8
CATGTAGGTTGGGGAG__0.558733879167298__9	18	18	6	6	18	8	8	6	9	8	13	13	5	8
GTTGATGGTTAGGGGG__0.558622140402903__9	6	9	8	7	18	8	8	6	20	18	8	13	13	13
AGGGAAGGGCGGGCGG__0.558609245301614__11	8	13	5	12	6	8	13	45	25	2	13	45	25	2
TGGGCAGGGCGGGGGG__0.558601598048986__22	8	13	45	13	2	8	13	45	25	2	13	13	13	13
GTGTTAGGTTAGGGAG__0.558587696071084__11	17	6	6	20	18	8	8	6	20	18	8	13	5	8
GTTGGAGGTTAGAGGA__0.558538254290853__11	6	9	8	5	8	8	8	6	20	18	9	8	8	5
GGGGGAGGTTAGGGGG__0.558429127010385__24	13	13	13	5	8	8	8	6	20	18	8	13	13	13
TTGTGTGGTTAGGGAG__0.5583963341863__15	9	6	17	6	17	8	8	6	20	18	8	13	5	8
GGCGCAGGGGATAGGG__0.557086512021601__10	45	25	25	13	2	8	13	13	5	7	13	18	8	13
GGTGGAGGTTGGGGAG__0.557083586983047__29	8	17	8	5	8	8	8	6	9	8	13	13	5	8
GGGGAGGGTCGGGGGG__0.55694956365915__30	13	13	5	8	8	13	8	8	31	2	13	13	13	13
GTTGCAGGTTGGGGAG__0.556811642874297__15	6	9	13	13	2	8	8	6	9	8	13	13	5	8
GTTGGAGGGTAGGGGT__0.556518376448207__15	6	9	8	5	8	8	13	8	6	18	8	13	13	8
GTTGTAGGTTAGTTGG__0.556415755529079__11	6	9	6	6	18	8	8	6	20	18	11	6	9	8
GGGGTAGGTTAGGGTA__0.556380274951922__20	13	13	8	6	18	8	8	6	20	18	8	13	8	6
GTTGTAGGTTAGGATG__0.556300907697495__11	6	9	6	6	18	8	8	6	20	18	8	5	7	18
GAGGCAGGGGATAGGG__0.556209539621032__9	8	8	45	13	2	8	13	13	5	7	13	18	8	13
GGGAGAGGTGGGGGGG__0.556172416434601__27	13	5	8	9	8	8	8	17	8	13	13	13	13	13
GTTGTAGGTAGGGAGC__0.556019732742418__14	6	9	6	6	18	8	8	6	18	8	13	5	8	25
TTGTTAGGTTAGGGTT__0.555477866377406__10	9	6	6	20	18	8	8	6	20	18	8	13	8	6
GTTGTAGGTGAGGGGA__0.555189704659731__13	6	9	6	6	18	8	8	17	8	8	8	13	13	5
TGTTGGGGTTAGGGGG__0.555147079109662__16	6	6	9	8	13	13	8	6	20	18	8	13	13	13
GGGGCAGGGCGGGGGG__0.554854095401006__28	13	13	45	13	2	8	13	45	25	2	13	13	13	13
GTGGTAGGTTAGGGTA__0.55484625580707__14	17	8	8	6	18	8	8	6	20	18	8	13	8	6
GGGATGGGTCGGGGGG__0.554676282510512__19	13	5	7	18	8	13	8	8	31	2	13	13	13	13
TTGGTGGGTTAGGGAG__0.554662909381997__18	9	8	8	17	8	13	8	6	20	18	8	13	5	8
GAAGTAGGTTGGGGAG__0.554600185202181__9	12	6	11	6	18	8	8	6	9	8	13	13	5	8
GTTGTAGGTTGAGGGA__0.554313594618734__16	6	9	6	6	18	8	8	6	9	8	8	8	13	5
GTTGGCGGTTAGGGAG__0.554206787429819__11	6	9	8	45	25	2	8	6	20	18	8	13	5	8
TTGTGGGGTTAGGGGG__0.554144351341871__17	9	6	17	8	13	13	8	6	20	18	8	13	13	13
GGATGGGGTCGGGGGG__0.553907139166619__19	5	7	18	8	13	13	8	8	31	2	13	13	13	13
GTTGTAGGTTAGGTAC__0.553394516913086__12	6	9	6	6	18	8	8	6	20	18	8	8	6	6
AGGGTAGGGTAGGGAG__0.553208524702544__13	8	13	8	6	18	8	13	8	6	18	8	13	5	8
GTTGTAGGTGGGAGGT__0.552944942517417__28	6	9	6	6	18	8	8	17	8	13	5	8	8	8
CGTTGTGGTTAGGGAG__0.55272536151908__10	8	6	9	6	17	8	8	6	20	18	8	13	5	8
GATGTAGGGTAGGGAG__0.55236468027746__9	7	18	6	6	18	8	13	8	6	18	8	13	5	8
GTTGGAGGTTAGGTGT__0.552244490942128__11	6	9	8	5	8	8	8	6	20	18	8	8	17	6
GTTGGAGGTTAGGGAC__0.552109435870346__11	6	9	8	5	8	8	8	6	20	18	8	13	5	8
GTTGTAGGTTAGTGTA__0.552072855079558__11	6	9	6	6	18	8	8	6	20	18	11	17	6	6
TTGGTAGGTTAGGGTG__0.55119332208641__11	9	8	8	6	18	8	8	6	20	18	8	13	8	17
GGGTATGGTTAGGGAG__0.551018968599442__14	13	8	6	13	18	8	8	6	20	18	8	13	5	8
CGGGTGGGTCGGGGGG__0.550542735792209__21	2	13	8	17	8	13	8	8	31	2	13	13	13	13
AGGGTGGGTTAGGGAG__0.549869279281347__16	8	13	8	17	8	13	8	6	20	18	8	13	5	8
CTGGGAGGGCGGGGGG__0.54971391500264__15	2	8	13	5	8	8	13	45	25	2	13	13	13	13
TTGGATGGTTAGGGAG__0.549691688750563__10	9	8	5	7	18	8	8	6	20	18	8	13	5	8
TGGTATGGTTAGGGAG__0.549626090680564__11	8	8	6	13	18	8	8	6	20	18	8	13	5	8
GTCGTGGGTTAGGGAG__0.549320794851994__10	8	31	8	17	8	13	8	6	20	18	8	13	5	8
GTTGGAGGTAGGGAGT__0.549304174949041__14	6	9	8	5	8	8	8	6	18	8	13	5	8	11
GTTGGAGGTTAGGAAT__0.549188973363455__11	6	9	8	5	8	8	8	6	20	18	8	5	12	30
GTTGTAGGTTGGGGCG__0.548975005459598__18	6	9	6	6	18	8	8	6	9	8	13	13	45	25
GGGGTAGGTTAGGGGC__0.548813995480506__18	13	13	8	6	18	8	8	6	20	18	8	13	13	45
TTGGGAGGGCGGGGGG__0.548323594562059__23	9	8	13	5	8	8	13	45	25	2	13	13	13	13
TTGGATGGTTAGGGGG__0.548188809306125__10	9	8	5	7	18	8	8	6	20	18	8	13	13	13
GGGTGTGGTTAGGGAG__0.548176616520106__21	13	8	17	6	17	8	8	6	20	18	8	13	5	8
GTTGTAGGTTAAAGGG__0.548025236716027__11	6	9	6	6	18	8	8	6	20	20	36	6	8	13
GTTGTGGGTAAGGGGG__0.5478972984925__12	6	9	6	17	8	13	8	6	20	6	8	13	13	13
CTGGGAGGGTAGGGGG__0.54772262477976__11	2	8	13	5	8	8	13	8	6	18	8	13	13	13
TTGGTAGGTTAGGGTT__0.547497726581633__11	9	8	8	6	18	8	8	6	20	18	8	13	8	6
GTTGGAGGTTAGAGGG__0.547489054493139__10	6	9	8	5	8	8	8	6	20	18	9	8	8	13
GTTGTAGGTTGGAGGA__0.546772862802104__17	6	9	6	6	18	8	8	6	9	8	5	8	8	5
GTTGGAGGTTGGGGGA__0.546702761165076__18	6	9	8	5	8	8	8	6	9	8	13	13	13	5
TTTGGAGGTTAGGGTG__0.546530243563573__9	36	9	8	5	8	8	8	6	20	18	8	13	8	17
GTTGGAGGTTAGGAGT__0.546370786244134__10	6	9	8	5	8	8	8	6	20	18	8	5	8	11
TTGGGAGGTTAGGGGG__0.545974347406823__12	9	8	13	5	8	8	8	6	20	18	8	13	13	13
GGGGGAGGCGAGGGGG__0.545564507205758__16	13	13	13	5	8	8	45	25	31	8	8	13	13	13
GGTGCAGGTTAGGGAG__0.545385405943513__10	8	17	13	13	2	8	8	6	20	18	8	13	5	8
GTTGTAGGTTAGGATA__0.544582318492253__11	6	9	6	6	18	8	8	6	20	18	8	5	7	13
GGGTAAGGTTAGGGAG__0.544551866881907__9	13	8	6	20	6	8	8	6	20	18	8	13	5	8
GTAGTAGGTTTGGGAG__0.544391896789517__9	6	18	11	6	18	8	8	6	36	9	8	13	5	8
ATTGGAGGTTGGGGAG__0.544056461450118__11	30	9	8	5	8	8	8	6	9	8	13	13	5	8
GTTGTGGGTTAGGGCG__0.543945331245844__16	6	9	6	17	8	13	8	6	20	18	8	13	45	25
GTTGTTGGTTAGGGCG__0.543568969145979__13	6	9	6	6	9	8	8	6	20	18	8	13	45	25
GTTGTAGGTTGGGGCA__0.54351317891995__17	6	9	6	6	18	8	8	6	9	8	13	13	45	13
TTGGTAGGTTAGGGGA__0.543399900478711__10	9	8	8	6	18	8	8	6	20	18	8	13	13	5
AGTGGTGGTTAGGGAG__0.543361999807261__11	11	17	8	8	17	8	8	6	20	18	8	13	5	8
GTTGTAGGTTGGGGTA__0.543230704244022__17	6	9	6	6	18	8	8	6	9	8	13	13	8	6
TAGGTGGGTTAGGGAG__0.543023195076192__12	18	8	8	17	8	13	8	6	20	18	8	13	5	8
GTTGTAGGTTACGGGA__0.543011929757018__9	6	9	6	6	18	8	8	6	20	6	8	2	13	5
GGTGGAGGAGAGGGGT__0.542789196026948__11	8	17	8	5	8	8	5	8	9	8	8	13	13	8
GTTGGAGGTTAGGATG__0.542621438033497__10	6	9	8	5	8	8	8	6	20	18	8	5	7	18
GTTGGGGGTAAGGGAG__0.542414593458922__15	6	9	8	13	13	13	8	6	20	6	8	13	5	8
GTTGTAGGTTAGTAGG__0.542351117356445__10	6	9	6	6	18	8	8	6	20	18	11	6	18	8
AGTTTGGGTTAGGGAG__0.542253302670856__9	11	6	36	9	8	13	8	6	20	18	8	13	5	8
GTGTAGGGTTAGGGAG__0.542084353658169__12	17	6	6	18	8	13	8	6	20	18	8	13	5	8
TTGTTAGGTTAGGGAT__0.54152643880218__9	9	6	6	20	18	8	8	6	20	18	8	13	5	7
GTTGTAGGTGAGGGAT__0.541191209060908__12	6	9	6	6	18	8	8	17	8	8	8	13	5	7
GGTGTAGGTGAGGGAG__0.541075425272978__14	8	17	6	6	18	8	8	17	8	8	8	13	5	8
TGGGAGGGTCGGGGGG__0.541058937367242__19	8	13	5	8	8	13	8	8	31	2	13	13	13	13
AGTTGGGGTTAGGGAT__0.54100270660466__11	11	6	9	8	13	13	8	6	20	18	8	13	5	7
GTGGTAGGTTAGGGAA__0.540127024283468__12	17	8	8	6	18	8	8	6	20	18	8	13	5	12
GTAGTAGGTAGGGAGG__0.539994623866802__9	6	18	11	6	18	8	8	6	18	8	13	5	8	8
GTTGGAGGTTATGGAG__0.539906022660181__9	6	9	8	5	8	8	8	6	20	13	18	8	5	8
GTTTAGGGTTAGGGAG__0.539738855441578__9	6	36	20	18	8	13	8	6	20	18	8	13	5	8
AGTTGTGGTTAGGGTA__0.539505221720767__9	11	6	9	6	17	8	8	6	20	18	8	13	8	6
GGGGTAGGTTAGGGAC__0.539273700413812__17	13	13	8	6	18	8	8	6	20	18	8	13	5	8
GTTGTAGGTAGGGGTG__0.539071809572137__12	6	9	6	6	18	8	8	6	18	8	13	13	8	17
GTTGTTGGTTAGGGTC__0.538777632622659__13	6	9	6	6	9	8	8	6	20	18	8	13	8	8
GTTGTGGGTCAGGGGG__0.538659224750299__10	6	9	6	17	8	13	8	8	8	2	8	13	13	13
CTTGTAGGTTGGGGAG__0.538396573876224__10	6	9	6	6	18	8	8	6	9	8	13	13	5	8
TCGGGAGGGCGGGGGG__0.537802832168088__14	31	2	13	5	8	8	13	45	25	2	13	13	13	13
GTTGTGGGTCAGGGAG__0.537168834662218__10	6	9	6	17	8	13	8	8	8	2	8	13	5	8
GGAGTTGGTTAGGGAG__0.536978862221785__10	5	8	11	6	9	8	8	6	20	18	8	13	5	8
GTGTATGGTTAGGGAG__0.536944570875578__10	17	6	6	13	18	8	8	6	20	18	8	13	5	8
TGGGGGGGTCGGGGGG__0.536864415057584__37	8	13	13	13	13	13	8	8	31	2	13	13	13	13
TTGTAGGGTTAGGGAT__0.536845148593569__10	9	6	6	18	8	13	8	6	20	18	8	13	5	7
GTTGCAGGTTTGGGAG__0.536735371532242__9	6	9	13	13	2	8	8	6	36	9	8	13	5	8
GTTGGAGGTTAGGCAG__0.53664612368506__10	6	9	8	5	8	8	8	6	20	18	8	45	13	2
ATGTTGGGTTAGGGAG__0.536635745101866__9	18	6	6	9	8	13	8	6	20	18	8	13	5	8
AGTTGGGGTTAGGGGA__0.53658939420288__10	11	6	9	8	13	13	8	6	20	18	8	13	13	5
TTGTAGGGTTAGGAGG__0.536264266755305__9	9	6	6	18	8	13	8	6	20	18	8	5	8	8
GTTGTAGGTGCGGGGG__0.535983037907558__12	6	9	6	6	18	8	8	17	13	25	2	13	13	13
TTGTAAGGTTGGGGAG__0.535619094962542__11	9	6	6	20	6	8	8	6	9	8	13	13	5	8
GGTGTAGGTTAGGGGC__0.535495184783626__12	8	17	6	6	18	8	8	6	20	18	8	13	13	45
GTTGTAGGGGAGGGTG__0.535493648638443__16	6	9	6	6	18	8	13	13	5	8	8	13	8	17
GGTGTAGGTTAGGGAA__0.535385071656612__12	8	17	6	6	18	8	8	6	20	18	8	13	5	12
CGGGGGGGTCGGGGGG__0.535254865142994__26	2	13	13	13	13	13	8	8	31	2	13	13	13	13
GTTGTAGGTTGGAGGG__0.535015284067213__16	6	9	6	6	18	8	8	6	9	8	5	8	8	13
GAGGTAGGGTAGGGAG__0.53499483427275__10	8	8	8	6	18	8	13	8	6	18	8	13	5	8
GGGGGAGGGTAGGGAG__0.534980066688155__28	13	13	13	5	8	8	13	8	6	18	8	13	5	8
TGGGGAGGTTAGGGAG__0.534793191019281__15	8	13	13	5	8	8	8	6	20	18	8	13	5	8
CGGGTAGGGCGGGGGG__0.534735951291029__16	2	13	8	6	18	8	13	45	25	2	13	13	13	13
TTGGTAGGTTAGGAGG__0.534479483167799__9	9	8	8	6	18	8	8	6	20	18	8	5	8	8
GGGATAGGTAGTGGGG__0.534407715621179__9	13	5	7	13	18	8	8	6	18	11	17	8	13	13
GTTTTGGGTTAGGGAG__0.534069443179557__12	6	36	36	9	8	13	8	6	20	18	8	13	5	8
GTGGTAGGTTAGGGAT__0.533957996670342__12	17	8	8	6	18	8	8	6	20	18	8	13	5	7
GTTGGAGGTTAGTGGG__0.53375663212903__9	6	9	8	5	8	8	8	6	20	18	11	17	8	13
AGGGAAGGGCGGGGGG__0.533420421570074__10	8	13	5	12	6	8	13	45	25	2	13	13	13	13
TGTAGGGGTTAGGGAG__0.532721190860854__10	6	6	18	8	13	13	8	6	20	18	8	13	5	8
TGGTTGGGTTAGGGAG__0.53135172203724__15	8	8	6	9	8	13	8	6	20	18	8	13	5	8
GGTGTTGGTTAGGGGG__0.531203862344446__15	8	17	6	6	9	8	8	6	20	18	8	13	13	13
GGGTGAGGTTAGGGAG__0.530946011670179__13	13	8	17	8	8	8	8	6	20	18	8	13	5	8
GGTGTAGGTTTGGGGG__0.530880564342602__14	8	17	6	6	18	8	8	6	36	9	8	13	13	13
GTTGGAGGTTAGGGCT__0.53061807349755__10	6	9	8	5	8	8	8	6	20	18	8	13	45	25
GTTTGTGGTTAGGGAG__0.530480715110344__12	6	36	9	6	17	8	8	6	20	18	8	13	5	8
TAGGTAGGTTGGGGAG__0.530446808917442__12	18	8	8	6	18	8	8	6	9	8	13	13	5	8
GGGGAAGGGCGGGCGG__0.530189492575499__17	13	13	5	12	6	8	13	45	25	2	13	45	25	2
GTGGTAGGTTTGGGAG__0.530111182827587__14	17	8	8	6	18	8	8	6	36	9	8	13	5	8
TGTGTAGGTTAGGGTG__0.529970282882363__10	6	17	6	6	18	8	8	6	20	18	8	13	8	17
GTTGGAGGTGTGGGAG__0.52984863280579__16	6	9	8	5	8	8	8	17	6	17	8	13	5	8
GGAGGAGGGCGGGGGG__0.529790406231404__15	5	8	8	5	8	8	13	45	25	2	13	13	13	13
GGGGTAGGGGAGGGAG__0.529537792917305__27	13	13	8	6	18	8	13	13	5	8	8	13	5	8
TTGTAGGGTTAGGGGC__0.529375308361274__9	9	6	6	18	8	13	8	6	20	18	8	13	13	45
TGGGGAGGGCTGGGGG__0.529139725519582__19	8	13	13	5	8	8	13	45	25	2	8	13	13	13
GTTGTAGGTAGAGGGA__0.529132328576776__10	6	9	6	6	18	8	8	6	18	9	8	8	13	5
GGTGTAGGTTAGGGTC__0.529061077795439__12	8	17	6	6	18	8	8	6	20	18	8	13	8	8
AGGGGGGGTTAGGGAG__0.52893136969895__17	8	13	13	13	13	13	8	6	20	18	8	13	5	8
CGGGAAGGGCGGGTGG__0.528735237446827__9	2	13	5	12	6	8	13	45	25	2	13	8	17	8
TTGTTAGGTTGGGGAG__0.528311519751878__14	9	6	6	20	18	8	8	6	9	8	13	13	5	8
GTTGTAGGTTAGTGAG__0.528103411955984__9	6	9	6	6	18	8	8	6	20	18	11	17	8	8
TGGGAAGGGCGGGTGG__0.528095660005528__13	8	13	5	12	6	8	13	45	25	2	13	8	17	8
GTTTTAGGTTTGGGAG__0.528011216012717__10	6	36	36	20	18	8	8	6	36	9	8	13	5	8
GTTGGAGGGTAGGGTG__0.527505998336263__13	6	9	8	5	8	8	13	8	6	18	8	13	8	17
AGTTTAGGTTGGGAGG__0.526977398558728__10	11	6	36	20	18	8	8	6	9	8	13	5	8	8
CTGGGAGGGCGGGGTG__0.52676504132103__13	2	8	13	5	8	8	13	45	25	2	13	13	8	17
TTGGTAGGTTAGGGAA__0.526686759415731__9	9	8	8	6	18	8	8	6	20	18	8	13	5	12
GTGGTAGGTTAGGGAC__0.52647583393835__11	17	8	8	6	18	8	8	6	20	18	8	13	5	8
GTTGGAGGGAAGGGGG__0.526141058539679__9	6	9	8	5	8	8	13	5	12	6	8	13	13	13
GGGGCAGGTTAGGGAG__0.526104868418697__12	13	13	45	13	2	8	8	6	20	18	8	13	5	8
AGTTGGGGTTAGGGGT__0.52571676478958__9	11	6	9	8	13	13	8	6	20	18	8	13	13	8
GGTGGAGGTTAGGGTG__0.52557289401634__13	8	17	8	5	8	8	8	6	20	18	8	13	8	17
GGGGTGGGTCGGGGGG__0.52540853746074__34	13	13	8	17	8	13	8	8	31	2	13	13	13	13
TTGGTAGGTTAGGGCG__0.525236511512938__9	9	8	8	6	18	8	8	6	20	18	8	13	45	25
GGAGTAGGTTGGGGAG__0.524616458076878__12	5	8	11	6	18	8	8	6	9	8	13	13	5	8
TTGTAGGGTTAGGGTG__0.52454736994573__9	9	6	6	18	8	13	8	6	20	18	8	13	8	17
TGGTTAGGTTAGGGAG__0.524408952844266__9	8	8	6	20	18	8	8	6	20	18	8	13	5	8
GGTGGAGGTTAGGGGT__0.524403025689942__12	8	17	8	5	8	8	8	6	20	18	8	13	13	8
GCGGGAGGGTAGGGGG__0.524014036811248__14	25	2	13	5	8	8	13	8	6	18	8	13	13	13
GGTGGAGGTTAGGGAT__0.523972601916875__13	8	17	8	5	8	8	8	6	20	18	8	13	5	7
GTTGTAGGTTAGGTGC__0.523723742182022__9	6	9	6	6	18	8	8	6	20	18	8	8	17	13
GTTGTTGGTTAGGGGC__0.523697229451356__11	6	9	6	6	9	8	8	6	20	18	8	13	13	45
TTTGTTGGTTAGGGGG__0.523638227953764__10	36	9	6	6	9	8	8	6	20	18	8	13	13	13
GGGTTGGGTTAGGGAG__0.523231001375841__18	13	8	6	9	8	13	8	6	20	18	8	13	5	8
GTAGGGGGTTAGGGAG__0.522901817343003__12	6	18	8	13	13	13	8	6	20	18	8	13	5	8
GTTGTAGGGGAGGGAT__0.522738923507324__16	6	9	6	6	18	8	13	13	5	8	8	13	5	7
GGGGGGGGTTAGGGAG__0.522695717871206__31	13	13	13	13	13	13	8	6	20	18	8	13	5	8
GGGGCGGGTCGGGGGG__0.522677491870132__22	13	13	45	25	2	13	8	8	31	2	13	13	13	13
GTTGGGGGTTAGGGTA__0.522643917718929__18	6	9	8	13	13	13	8	6	20	18	8	13	8	6
GTTGAAGGTTGGGAGG__0.522608109152589__9	6	9	8	12	6	8	8	6	9	8	13	5	8	8
GGGATAGGGCGGGGGG__0.522519284626006__12	13	5	7	13	18	8	13	45	25	2	13	13	13	13
GTTGGGGGTGAGGGAG__0.522116525492154__22	6	9	8	13	13	13	8	17	8	8	8	13	5	8
GGGGTAGGTTAGGAGG__0.522086491100759__14	13	13	8	6	18	8	8	6	20	18	8	5	8	8
TTTGTAGGGGAGGGAG__0.522020976549686__13	36	9	6	6	18	8	13	13	5	8	8	13	5	8
GTTGTAGGTTTGGGTC__0.521757027322903__11	6	9	6	6	18	8	8	6	36	9	8	13	8	8
GTTGTAGGTAGAGGAG__0.521503773246019__9	6	9	6	6	18	8	8	6	18	9	8	8	5	8
TTGGTAGGTTAGGGAT__0.521434424966715__9	9	8	8	6	18	8	8	6	20	18	8	13	5	7
GTTGTAGGTGGGGAGA__0.520343517214418__22	6	9	6	6	18	8	8	17	8	13	13	5	8	9
GTTGTAGGTTTGGGTA__0.520213584011772__11	6	9	6	6	18	8	8	6	36	9	8	13	8	6
AGGGTAGGGCGGGGGG__0.520190520036759__14	8	13	8	6	18	8	13	45	25	2	13	13	13	13
TGGGAGGGTCGGGCGG__0.519695096663371__16	8	13	5	8	8	13	8	8	31	2	13	45	25	2
TGGGGGGGTCGGGCGG__0.519667402791213__32	8	13	13	13	13	13	8	8	31	2	13	45	25	2
GGGGGAGGAGAGGAGG__0.519043933504841__13	13	13	13	5	8	8	5	8	9	8	8	5	8	8
TGGGAAGGGCGGGGGG__0.518721914301709__13	8	13	5	12	6	8	13	45	25	2	13	13	13	13
CGGGGAGGTTAGGGAG__0.518038125542667__9	2	13	13	5	8	8	8	6	20	18	8	13	5	8
CCGGGAGGGCGGGAGG__0.517848819936318__9	2	2	13	5	8	8	13	45	25	2	13	5	8	8
GGTGTAGGGGAGGGAG__0.517676895662459__18	8	17	6	6	18	8	13	13	5	8	8	13	5	8
GGGGAGGGTCGGGCGG__0.517009304700063__22	13	13	5	8	8	13	8	8	31	2	13	45	25	2
GGTGGAGGGCGGGTGG__0.5154757737179__20	8	17	8	5	8	8	13	45	25	2	13	8	17	8
GTTGGAGGGTAGGGAT__0.515279794531822__12	6	9	8	5	8	8	13	8	6	18	8	13	5	7
GTTGTAGGTGCGGGAG__0.514435203387041__10	6	9	6	6	18	8	8	17	13	25	2	13	5	8
AGGGGGGGTCGGGGGG__0.514172849075926__22	8	13	13	13	13	13	8	8	31	2	13	13	13	13
GTTGTAGGTAGGAGGG__0.51406889550676__10	6	9	6	6	18	8	8	6	18	8	5	8	8	13
GTTGTAGGGTAGGGAC__0.513843083889317__11	6	9	6	6	18	8	13	8	6	18	8	13	5	8
GTTGTAGGTTGGGAAG__0.513840178226621__15	6	9	6	6	18	8	8	6	9	8	13	5	12	6
AGGGGAGGTTAGGGGG__0.513767347817029__9	8	13	13	5	8	8	8	6	20	18	8	13	13	13
AGTTGAGGTTGGGGAG__0.513661805053659__9	11	6	9	8	8	8	8	6	9	8	13	13	5	8
GGGGGAGGCGAGGAGG__0.513249516717023__12	13	13	13	5	8	8	45	25	31	8	8	5	8	8
CGGGAGGGTCGGGAGG__0.512908059127017__11	2	13	5	8	8	13	8	8	31	2	13	5	8	8
GTTGGGGGTTAGGAGG__0.512537059364253__15	6	9	8	13	13	13	8	6	20	18	8	5	8	8
GTTGTGGGTTAGGAAG__0.512268336476515__12	6	9	6	17	8	13	8	6	20	18	8	5	12	6
TTGGTAGGTTTGGGAG__0.512131375353773__10	9	8	8	6	18	8	8	6	36	9	8	13	5	8
GTTGTAGGTGTAGGAG__0.511991853009232__13	6	9	6	6	18	8	8	17	6	6	18	8	5	8
GTTGTGGGTTAGGGTC__0.511620408595198__13	6	9	6	17	8	13	8	6	20	18	8	13	8	8
GGGGTGGGTGAGGGGG__0.511545005632124__30	13	13	8	17	8	13	8	17	8	8	8	13	13	13
TGGTAGGGTTAGGGAG__0.511425079518422__9	8	8	6	18	8	13	8	6	20	18	8	13	5	8
TTTGGAGGGTAGGGAG__0.510782984986841__9	36	9	8	5	8	8	13	8	6	18	8	13	5	8
GGTGGGGGTTAGGGGG__0.510719317137914__22	8	17	8	13	13	13	8	6	20	18	8	13	13	13
GTTGTTGGTGAGGGAG__0.510202200354315__11	6	9	6	6	9	8	8	17	8	8	8	13	5	8
GTTGTAGGTAGGGAAG__0.510097826106898__10	6	9	6	6	18	8	8	6	18	8	13	5	12	6
GATGTAGGTTGGGGAG__0.509973819248177__9	7	18	6	6	18	8	8	6	9	8	13	13	5	8
AGGTTGGGTTAGGGAG__0.509913530199327__9	8	8	6	9	8	13	8	6	20	18	8	13	5	8
TGGGAAGGGCGGGCGG__0.509669502302352__11	8	13	5	12	6	8	13	45	25	2	13	45	25	2
GGGGTAGGTGAGGGAG__0.508980129878196__15	13	13	8	6	18	8	8	17	8	8	8	13	5	8
GTTGTAGGGTAGGGTC__0.508867557239287__11	6	9	6	6	18	8	13	8	6	18	8	13	8	8
TGGGTAGGGCGGGTGG__0.50886004112832__17	8	13	8	6	18	8	13	45	25	2	13	8	17	8
GTTGGAGGTTTGGGTG__0.507727625159045__10	6	9	8	5	8	8	8	6	36	9	8	13	8	17
GTGGTGGGTTAGGGGG__0.507571861892029__16	17	8	8	17	8	13	8	6	20	18	8	13	13	13
GTTGGAGGTAGGGAGA__0.507557336078801__10	6	9	8	5	8	8	8	6	18	8	13	5	8	9
TGGGGAGGAGAGGAGG__0.507160554991748__9	8	13	13	5	8	8	5	8	9	8	8	5	8	8
GGAGGAGGGGAGGGCT__0.506689545050102__14	5	8	8	5	8	8	13	13	5	8	8	13	45	25
GGGTGGGGTTAGGGAG__0.50636901191234__21	13	8	17	8	13	13	8	6	20	18	8	13	5	8
AGGGTGGGTCGGGGGG__0.506118810859622__15	8	13	8	17	8	13	8	8	31	2	13	13	13	13
AGGGAGGGTCGGGGGG__0.505375387734437__10	8	13	5	8	8	13	8	8	31	2	13	13	13	13
GTTGTAGGTGGGGAGT__0.504484774030287__20	6	9	6	6	18	8	8	17	8	13	13	5	8	11
GTTGTAGGTTGGGGCT__0.503491208526221__12	6	9	6	6	18	8	8	6	9	8	13	13	45	25
CGGGAGGGTCGGGCGG__0.503062073172227__10	2	13	5	8	8	13	8	8	31	2	13	45	25	2
GAGGGAGGGGAGGGTG__0.502902799979144__14	8	8	13	5	8	8	13	13	5	8	8	13	8	17
GGGGTGGGTTAGGGGG__0.502331902686773__22	13	13	8	17	8	13	8	6	20	18	8	13	13	13
CGGGAGGGTCGGGGGG__0.502072152849382__10	2	13	5	8	8	13	8	8	31	2	13	13	13	13
GTTGTAGGGGAGGGGT__0.502052919243895__13	6	9	6	6	18	8	13	13	5	8	8	13	13	8
CCCCCAGCCCACCCAG__0.50188122165053__11	13	13	13	8	2	25	45	13	8	17	8	13	8	2
GCGGGAGGGCAGGGGG__0.501375000291196__10	25	2	13	5	8	8	13	45	13	2	8	13	13	13
ATGGGAGGGCGGGGGG__0.5011781339141__11	18	8	13	5	8	8	13	45	25	2	13	13	13	13
CGGGAGGGTCGGGTGG__0.501110531095073__10	2	13	5	8	8	13	8	8	31	2	13	8	17	8
GGTGGAGGGTAGGGAG__0.500722108666742__14	8	17	8	5	8	8	13	8	6	18	8	13	5	8
GTTGTAGGTTGTGGGG__0.50068601392441__12	6	9	6	6	18	8	8	6	9	6	17	8	13	13
GTTGGAGGTGGGGGAG__0.500226030736316__20	6	9	8	5	8	8	8	17	8	13	13	13	5	8
AGGGTAGGTTGGGGAG__0.500188092983406__12	8	13	8	6	18	8	8	6	9	8	13	13	5	8
GATGGGGGTGAGGAGG__0.500022897265432__11	7	18	8	13	13	13	8	17	8	8	8	5	8	8
GTTGTAGGGGAGGGGA__0.499146926644363__13	6	9	6	6	18	8	13	13	5	8	8	13	13	5
GTTGTAGGTTGGGATG__0.499103294198305__13	6	9	6	6	18	8	8	6	9	8	13	5	7	18
GTTGCAGGTTGGGAGG__0.498817597343597__10	6	9	13	13	2	8	8	6	9	8	13	5	8	8
GGGGGAGGGGAGGGGG__0.498811219874317__33	13	13	13	5	8	8	13	13	5	8	8	13	13	13
GTTGTAGGTGGGGGGC__0.498364634306372__18	6	9	6	6	18	8	8	17	8	13	13	13	13	45
GGAGGGGGTTAGGGAG__0.498249302500014__13	5	8	8	13	13	13	8	6	20	18	8	13	5	8
GTTGTGGGTTAGGGCT__0.498144669275468__12	6	9	6	17	8	13	8	6	20	18	8	13	45	25
GTTGGAGGTGAGGGGA__0.497883446417508__9	6	9	8	5	8	8	8	17	8	8	8	13	13	5
GGGTAGGGTTAGGGAG__0.497814397366436__11	13	8	6	18	8	13	8	6	20	18	8	13	5	8
ATGGGAGGGCGGGGTG__0.497699358385197__11	18	8	13	5	8	8	13	45	25	2	13	13	8	17
GTTGTAGGGTAGGAAG__0.497462949689513__9	6	9	6	6	18	8	13	8	6	18	8	5	12	6
TTTGTGGGTTAGGGTG__0.497092920078492__10	36	9	6	17	8	13	8	6	20	18	8	13	8	17
GATGGAGGTGGGGGGG__0.496837322487578__12	7	18	8	5	8	8	8	17	8	13	13	13	13	13
GGGGTAGGTTGGGAGG__0.49680772543731__23	13	13	8	6	18	8	8	6	9	8	13	5	8	8
GTGGGAGGGTAGGGGG__0.496564452859594__15	17	8	13	5	8	8	13	8	6	18	8	13	13	13
CGGGGGGGTCGGGCGG__0.496449263901503__19	2	13	13	13	13	13	8	8	31	2	13	45	25	2
GGTGTAGGTTAGGGCG__0.496365438828164__9	8	17	6	6	18	8	8	6	20	18	8	13	45	25
TTTGTGGGTTAGGGAT__0.495864839845235__10	36	9	6	17	8	13	8	6	20	18	8	13	5	7
GGTGTAGGTAGGGGGG__0.495678105666666__11	8	17	6	6	18	8	8	6	18	8	13	13	13	13
GTGGGAGGGCGGGGGG__0.495504961782521__20	17	8	13	5	8	8	13	45	25	2	13	13	13	13
AGGGCGGGTCGGGGGG__0.495245407540542__9	8	13	45	25	2	13	8	8	31	2	13	13	13	13
GTTGTAGGTGTAGGGA__0.494998545836883__12	6	9	6	6	18	8	8	17	6	6	18	8	13	5
TGGGGGGGTCGGGTGG__0.494867479623469__27	8	13	13	13	13	13	8	8	31	2	13	8	17	8
GTTGTAGGTTTGGGCG__0.494780310369928__9	6	9	6	6	18	8	8	6	36	9	8	13	45	25
GTTGTAGGTTTGGTAG__0.494410719725412__9	6	9	6	6	18	8	8	6	36	9	8	8	6	18
GTTGTAGGTTTGAGGG__0.494115729078341__9	6	9	6	6	18	8	8	6	36	9	8	8	8	13
GTTGTGGGTTAGGTGT__0.49376764651172__11	6	9	6	17	8	13	8	6	20	18	8	8	17	6
CGGGGGGGTCGGGTGG__0.493684675574411__19	2	13	13	13	13	13	8	8	31	2	13	8	17	8
GTGGTTGGTTAGGGAG__0.492947396819963__11	17	8	8	6	9	8	8	6	20	18	8	13	5	8
GCGGGTGGGCAGGGGG__0.492388152376993__12	25	2	13	8	17	8	13	45	13	2	8	13	13	13
GGGGCAGGGGATAGGG__0.492373562317166__12	13	13	45	13	2	8	13	13	5	7	13	18	8	13
GTAGGAGGTTGGGGAG__0.492187672689113__9	6	18	8	5	8	8	8	6	9	8	13	13	5	8
GTGGTAGGGTAGGGGG__0.492097097941134__11	17	8	8	6	18	8	13	8	6	18	8	13	13	13
GGGGAAGGGCGGGTGG__0.492019428979807__13	13	13	5	12	6	8	13	45	25	2	13	8	17	8
TGGTGTGGTTAGGGAG__0.491972132131995__11	8	8	17	6	17	8	8	6	20	18	8	13	5	8
TGGGGCGGGCAGGGGG__0.491554498073378__11	8	13	13	45	25	2	13	45	13	2	8	13	13	13
GGTGGTGGTTAGGGAG__0.491520267084467__14	8	17	8	8	17	8	8	6	20	18	8	13	5	8
GTTGTGGGTTAGGTAG__0.491287759755097__11	6	9	6	17	8	13	8	6	20	18	8	8	6	18
GCGGTGGGTTAGGGAG__0.491194558671314__11	25	2	8	17	8	13	8	6	20	18	8	13	5	8
TTGGGAGGGTAGGGGG__0.491019061502126__11	9	8	13	5	8	8	13	8	6	18	8	13	13	13
TGGGAGGGTCGGGTGG__0.490993455795847__13	8	13	5	8	8	13	8	8	31	2	13	8	17	8
GTTGGAGGTAGGGGGA__0.490902193780628__9	6	9	8	5	8	8	8	6	18	8	13	13	13	5
GTTGTAGGTAGGGTAG__0.4908792712789__9	6	9	6	6	18	8	8	6	18	8	13	8	6	18
TGGGGGGGTCGGGAGG__0.490478658423573__26	8	13	13	13	13	13	8	8	31	2	13	5	8	8
GTTGGGGGTTAGGGGA__0.490059869921259__13	6	9	8	13	13	13	8	6	20	18	8	13	13	5
GTTGTAGGTTTAAGGG__0.489128997031289__9	6	9	6	6	18	8	8	6	36	20	20	6	8	13
CGGGTGGGTTAGGGAG__0.488953012483834__10	2	13	8	17	8	13	8	6	20	18	8	13	5	8
TTGGTGGGTTAGGGGG__0.488653089311709__11	9	8	8	17	8	13	8	6	20	18	8	13	13	13
GTGGGAGGGCAGGGTG__0.488503476303202__12	17	8	13	5	8	8	13	45	13	2	8	13	8	17
TGGTGGGGTTAGGGAG__0.488173269179271__13	8	8	17	8	13	13	8	6	20	18	8	13	5	8
TGTTGTGGTTAGGGTG__0.48796935034307__9	6	6	9	6	17	8	8	6	20	18	8	13	8	17
CGGGTAGGGCGGGCGG__0.487303087886057__10	2	13	8	6	18	8	13	45	25	2	13	45	25	2
GGGGTAGGGTAGGGGG__0.487126986385604__15	13	13	8	6	18	8	13	8	6	18	8	13	13	13
GGGGCAGGGCGGGCGG__0.487089421939919__15	13	13	45	13	2	8	13	45	25	2	13	45	25	2
GGGCGAGGGCGGGGGG__0.48705701473775__10	13	45	25	31	8	8	13	45	25	2	13	13	13	13
GCGGGAGGGGAGGGTG__0.486494342286018__15	25	2	13	5	8	8	13	13	5	8	8	13	8	17
GGGGGAGGGGAGGGCG__0.486477850053759__27	13	13	13	5	8	8	13	13	5	8	8	13	45	25
TGGGTGGGTTAGGGAG__0.486381609175178__14	8	13	8	17	8	13	8	6	20	18	8	13	5	8
GGAGGAGGGCGGGAGG__0.486344193048567__11	5	8	8	5	8	8	13	45	25	2	13	5	8	8
GGTGTAGGTTGGGGTG__0.486095285591459__14	8	17	6	6	18	8	8	6	9	8	13	13	8	17
GTGGGGGGGCAGGGTG__0.486040639817267__22	17	8	13	13	13	13	13	45	13	2	8	13	8	17
GTTGTAGGTTTTAGGG__0.485902286814477__9	6	9	6	6	18	8	8	6	36	36	20	18	8	13
GGTGTAGGTTGGGGGA__0.485080647386375__14	8	17	6	6	18	8	8	6	9	8	13	13	13	5
GTTGTGGGTTAGGGAC__0.484759480312463__10	6	9	6	17	8	13	8	6	20	18	8	13	5	8
TAGGGGGGTTAGGGAG__0.48387135286767__9	18	8	13	13	13	13	8	6	20	18	8	13	5	8
CGGGGAGGGCGGGGGG__0.483518371831991__13	2	13	13	5	8	8	13	45	25	2	13	13	13	13
GTGGTAGGTAGGGAGG__0.483400259109171__10	17	8	8	6	18	8	8	6	18	8	13	5	8	8
TGTGTGGGTTAGGGAG__0.483296348860413__10	6	17	6	17	8	13	8	6	20	18	8	13	5	8
GTGGGGGGTTAGGGAG__0.482824509191644__17	17	8	13	13	13	13	8	6	20	18	8	13	5	8
GGGGGAGGTGGGGGGG__0.48263251561932__37	13	13	13	5	8	8	8	17	8	13	13	13	13	13
GGGGGCGGGCAGGGGG__0.48250757145405__14	13	13	13	45	25	2	13	45	13	2	8	13	13	13
GGGTTGGGTCGGGGGG__0.482392154627162__17	13	8	6	9	8	13	8	8	31	2	13	13	13	13
GTTGTGGGTTAGGTGG__0.481621041507704__10	6	9	6	17	8	13	8	6	20	18	8	8	17	8
TGGGCAGGGCGGGCGG__0.481585656572838__11	8	13	45	13	2	8	13	45	25	2	13	45	25	2
TGGGGAGGGTAGGGGG__0.481469782303205__14	8	13	13	5	8	8	13	8	6	18	8	13	13	13
GTTGTGGGTGAGGGGG__0.481437755889597__12	6	9	6	17	8	13	8	17	8	8	8	13	13	13
GGGAGAGGTGGGCGGG__0.481039964912423__14	13	5	8	9	8	8	8	17	8	13	45	25	2	13
GGTTGTGGTTAGGGAT__0.480721428186908__10	8	6	9	6	17	8	8	6	20	18	8	13	5	7
GGGTTAGGGCGGGGGG__0.480641353976362__13	13	8	6	20	18	8	13	45	25	2	13	13	13	13
GGTGTAGGTAGGGGAG__0.480289185555012__10	8	17	6	6	18	8	8	6	18	8	13	13	5	8
TTTGTAGGTGGGGAGG__0.480120930968092__15	36	9	6	6	18	8	8	17	8	13	13	5	8	8
TGGGTAGGGCGGGCGG__0.479739748052652__13	8	13	8	6	18	8	13	45	25	2	13	45	25	2
CGGGGAGGGCGGGAGG__0.47966490418461__13	2	13	13	5	8	8	13	45	25	2	13	5	8	8
GAGGGAGGGCGGGGCG__0.47893097216593__11	8	8	13	5	8	8	13	45	25	2	13	13	45	25
AGGTGGGGTTAGGGGG__0.478660209932091__9	8	8	17	8	13	13	8	6	20	18	8	13	13	13
TTGGGGGGTTAGGGGG__0.478602600479242__12	9	8	13	13	13	13	8	6	20	18	8	13	13	13
GATGGGGGTGAGGGGG__0.478508690382926__10	7	18	8	13	13	13	8	17	8	8	8	13	13	13
GTTGTAGGTTGAGGGG__0.478246972138205__9	6	9	6	6	18	8	8	6	9	8	8	8	13	13
GTTGTGGGTTAGGTTT__0.477627974955869__10	6	9	6	17	8	13	8	6	20	18	8	8	6	36
GGAGGAGGGCGGGCGG__0.477547309942786__9	5	8	8	5	8	8	13	45	25	2	13	45	25	2
GTTGTAGGTGGGGGTG__0.477534322802361__15	6	9	6	6	18	8	8	17	8	13	13	13	8	17
GGGGTAGGGCGGGCGG__0.477526746740351__17	13	13	8	6	18	8	13	45	25	2	13	45	25	2
GTTGTGGGTTAGGAGT__0.477119663164707__9	6	9	6	17	8	13	8	6	20	18	8	5	8	11
GGGCGAGGTGGGCGGG__0.476746921331184__13	13	45	25	31	8	8	8	17	8	13	45	25	2	13
GAGGGTGGGCAGGGGG__0.476660759192516__9	8	8	13	8	17	8	13	45	13	2	8	13	13	13
GGGCGAGGTGGGGGGG__0.476623648901603__14	13	45	25	31	8	8	8	17	8	13	13	13	13	13
TGGGGAGGGCGGGGGG__0.476092769938796__18	8	13	13	5	8	8	13	45	25	2	13	13	13	13
GGGGGAGTTGAGGAGG__0.476089666104748__10	13	13	13	5	8	11	6	9	8	8	8	5	8	8
GGATGGGGTGAGGGGG__0.475162613607338__10	5	7	18	8	13	13	8	17	8	8	8	13	13	13
GGGGCAGGGCGGGTGG__0.474632105246352__14	13	13	45	13	2	8	13	45	25	2	13	8	17	8
GTTGTGGGTTAGGATG__0.474352409670915__9	6	9	6	17	8	13	8	6	20	18	8	5	7	18
GTTGTAGGGGAGGGTA__0.474136023146303__10	6	9	6	6	18	8	13	13	5	8	8	13	8	6
GCGGGAGGGCGGGGTG__0.474082405480461__13	25	2	13	5	8	8	13	45	25	2	13	13	8	17
GTTGTAGGTTGGGGTC__0.473420779229565__10	6	9	6	6	18	8	8	6	9	8	13	13	8	8
TGGGTAGGGCGGGAGG__0.4726547583247__14	8	13	8	6	18	8	13	45	25	2	13	5	8	8
AGGGGTGGTTAGGGAG__0.472293527103387__9	8	13	13	8	17	8	8	6	20	18	8	13	5	8
GTTGTGGGTTAGGAGA__0.472260931875531__9	6	9	6	17	8	13	8	6	20	18	8	5	8	9
GTGGGAGGGCGGGAGG__0.471998548619357__17	17	8	13	5	8	8	13	45	25	2	13	5	8	8
TGGGCGGGTGAGGTGG__0.471806840572664__11	8	13	45	25	2	13	8	17	8	8	8	8	17	8
GTGGTAGGGGAGGGAG__0.471771290380563__12	17	8	8	6	18	8	13	13	5	8	8	13	5	8
GGGGTAGGTTAGGGCG__0.4716827832793__10	13	13	8	6	18	8	8	6	20	18	8	13	45	25
TTGGGAGGGCGGGAGG__0.471650776349884__13	9	8	13	5	8	8	13	45	25	2	13	5	8	8
TTGGGTGGTTAGGGAG__0.471500107050629__10	9	8	13	8	17	8	8	6	20	18	8	13	5	8
GGTGTGGGTTAGGGTG__0.470744321224181__12	8	17	6	17	8	13	8	6	20	18	8	13	8	17
TGGGGTGGGCAGGGGG__0.47058084871519__14	8	13	13	8	17	8	13	45	13	2	8	13	13	13
GCGGGAGGGGAGGGGG__0.470562798203954__14	25	2	13	5	8	8	13	13	5	8	8	13	13	13
GGAGGAGGGGAGGGTG__0.470499438151209__10	5	8	8	5	8	8	13	13	5	8	8	13	8	17
GTGGTAGGTTGGGAGG__0.470338009769397__13	17	8	8	6	18	8	8	6	9	8	13	5	8	8
GGGGCGGGTCTGGGAG__0.47031219973452__9	13	13	45	25	2	13	8	8	9	2	8	13	5	8
GTTGTAGGGGAGGGAA__0.470299570564383__10	6	9	6	6	18	8	13	13	5	8	8	13	5	12
GTTGGGGGTTAGGGTT__0.470101302222332__12	6	9	8	13	13	13	8	6	20	18	8	13	8	6
GTTGTAGGTTGGGTGA__0.470066971120796__10	6	9	6	6	18	8	8	6	9	8	13	8	17	8
TTGGGAGGGTAGGGAG__0.468471505335903__9	9	8	13	5	8	8	13	8	6	18	8	13	5	8
GGTGGAGGTTTGGGAG__0.468217405193281__10	8	17	8	5	8	8	8	6	36	9	8	13	5	8
GGGGGAGGGCAGGGGG__0.467929840324654__14	13	13	13	5	8	8	13	45	13	2	8	13	13	13
GGGGTAGGTTAGGGTC__0.467533765742529__10	13	13	8	6	18	8	8	6	20	18	8	13	8	8
GTGGGAGGGGAGGGTG__0.467482052860309__17	17	8	13	5	8	8	13	13	5	8	8	13	8	17
TTGGGAGGTTGGGGAG__0.46705082149901__12	9	8	13	5	8	8	8	6	9	8	13	13	5	8
GAGGGAGGGGAGGGGG__0.465809336063932__11	8	8	13	5	8	8	13	13	5	8	8	13	13	13
GTTGTGGGTTAGGTTG__0.465604161143049__9	6	9	6	17	8	13	8	6	20	18	8	8	6	9
GGGGGGGGTCGGGCGG__0.465599011203877__28	13	13	13	13	13	13	8	8	31	2	13	45	25	2
TGGGTGGGTGAGGGGG__0.464633954969343__15	8	13	8	17	8	13	8	17	8	8	8	13	13	13
CCCCCAGCCCACCCCG__0.464169516804197__12	13	13	13	8	2	25	45	13	8	17	8	13	13	2
GTTGTAGGTGGAGGGG__0.464168779351767__12	6	9	6	6	18	8	8	17	8	5	8	8	13	13
GTTGGAGGTTGGGGAT__0.463671849600493__9	6	9	8	5	8	8	8	6	9	8	13	13	5	7
GGGGGAGGGTAGGGTG__0.463567170705374__17	13	13	13	5	8	8	13	8	6	18	8	13	8	17
GGTGGAGGGCGGGGGG__0.463438830456135__14	8	17	8	5	8	8	13	45	25	2	13	13	13	13
GGGGGAGGTGGGCGGG__0.463303609670368__29	13	13	13	5	8	8	8	17	8	13	45	25	2	13
GGCGGAGGGCGGGTGG__0.463022739132107__9	45	25	2	5	8	8	13	45	25	2	13	8	17	8
GGGGGAGGGCGGGTGG__0.462802725035401__20	13	13	13	5	8	8	13	45	25	2	13	8	17	8
GATGGAGGTGGGGAGG__0.462269921529414__10	7	18	8	5	8	8	8	17	8	13	13	5	8	8
GTGGTAGGTTGGGGGG__0.461387129880678__11	17	8	8	6	18	8	8	6	9	8	13	13	13	13
TTGGTAGGGGAGGGAG__0.461274165904021__9	9	8	8	6	18	8	13	13	5	8	8	13	5	8
TGGGGAGGGGAGGGTG__0.461152893297812__17	8	13	13	5	8	8	13	13	5	8	8	13	8	17
GGAGGAGGGGAGGGCG__0.461099504056584__9	5	8	8	5	8	8	13	13	5	8	8	13	45	25
GTGGGAGGGTAGGGAG__0.461056213923343__11	17	8	13	5	8	8	13	8	6	18	8	13	5	8
GGGTGGGGTCGGGGGG__0.46092388925547__21	13	8	17	8	13	13	8	8	31	2	13	13	13	13
TGGGGAGGGGAGGGGG__0.460410579809799__18	8	13	13	5	8	8	13	13	5	8	8	13	13	13
GTGGGAGGGGAGGGGG__0.460101696803829__17	17	8	13	5	8	8	13	13	5	8	8	13	13	13
GGTGTGGGTTAGGGAT__0.45971989882944__11	8	17	6	17	8	13	8	6	20	18	8	13	5	7
AGGGGTGGGCAGGGGG__0.459384403570925__9	8	13	13	8	17	8	13	45	13	2	8	13	13	13
GAGGGAGGGGAGGGTT__0.459216504794756__10	8	8	13	5	8	8	13	13	5	8	8	13	8	6
GTTGGGGGTTAAGGGA__0.458742731649575__10	6	9	8	13	13	13	8	6	20	20	6	8	13	5
GTTGTAGGTTGGGATT__0.458432463799116__9	6	9	6	6	18	8	8	6	9	8	13	5	7	30
CGGGTGGGTGAGGTGG__0.458164583765021__10	2	13	8	17	8	13	8	17	8	8	8	8	17	8
TGGGGAGGGGAGGGCG__0.458099331366217__16	8	13	13	5	8	8	13	13	5	8	8	13	45	25
CCCCCAGCCCACCCGC__0.457921936082108__11	13	13	13	8	2	25	45	13	8	17	8	13	2	25
GGGGGTGGGCAGGGGG__0.457610247948524__17	13	13	13	8	17	8	13	45	13	2	8	13	13	13
CGGGGGGGTCGGGAGG__0.457474038511306__14	2	13	13	13	13	13	8	8	31	2	13	5	8	8
GGTGGAGGGCGGGCGG__0.457445672670265__12	8	17	8	5	8	8	13	45	25	2	13	45	25	2
GGGGTAGGTTGGGGGG__0.456539988082577__15	13	13	8	6	18	8	8	6	9	8	13	13	13	13
CGGGTGGGTCGGGAGG__0.456299771129294__10	2	13	8	17	8	13	8	8	31	2	13	5	8	8
GGAGGAGGGGAGGGTA__0.456276844636461__9	5	8	8	5	8	8	13	13	5	8	8	13	8	6
CCCCCAGCCCACCCAC__0.456267926590346__15	13	13	13	8	2	25	45	13	8	17	8	13	8	17
GGGGTAGGTTAGGTAG__0.455894145635897__9	13	13	8	6	18	8	8	6	20	18	8	8	6	18
GGAGGAGGGGAGGGTT__0.455184632406496__9	5	8	8	5	8	8	13	13	5	8	8	13	8	6
GTTGGGGGTTAGGGCG__0.455146909240647__10	6	9	8	13	13	13	8	6	20	18	8	13	45	25
GTTGGAGGTGTAGGGG__0.454987356461224__9	6	9	8	5	8	8	8	17	6	6	18	8	13	13
GGCGGAGGGCGGGGGG__0.454787294655946__9	45	25	2	5	8	8	13	45	25	2	13	13	13	13
CGGGGTGGGCAGGGGG__0.454533153148955__9	2	13	13	8	17	8	13	45	13	2	8	13	13	13
GGGGCAGGGCGGGAGG__0.454376374109177__13	13	13	45	13	2	8	13	45	25	2	13	5	8	8
GGGGGGGGTCGGGTGG__0.454075554751602__26	13	13	13	13	13	13	8	8	31	2	13	8	17	8
GGGTGAGGTGGGTGGG__0.453941974785821__19	13	8	17	8	8	8	8	17	8	13	8	17	8	13
GCGGGAGGGGAGGGCG__0.453739989874123__11	25	2	13	5	8	8	13	13	5	8	8	13	45	25
GGGCGGGGTCGGGGGG__0.453253292133186__14	13	45	25	2	13	13	8	8	31	2	13	13	13	13
GTTGGAGGGCGGGGGG__0.453217890431142__9	6	9	8	5	8	8	13	45	25	2	13	13	13	13
TTGGGAGGGCGGGGTG__0.452567285310892__11	9	8	13	5	8	8	13	45	25	2	13	13	8	17
TTTGTAGGTGGGGGAG__0.452344442288368__11	36	9	6	6	18	8	8	17	8	13	13	13	5	8
GGGGTGGGTCTGGGGG__0.451900548450476__12	13	13	8	17	8	13	8	8	9	2	8	13	13	13
GTTGTAGGTGGGGTGG__0.451344083533178__12	6	9	6	6	18	8	8	17	8	13	13	8	17	8
GGGGAGGGTCGGGTGG__0.450786161704271__13	13	13	5	8	8	13	8	8	31	2	13	8	17	8
TTGGGAGGGGAGGGGG__0.450625767267707__12	9	8	13	5	8	8	13	13	5	8	8	13	13	13
CACCCACCTCACCCAC__0.450062476413762__13	17	8	13	8	17	8	8	8	8	17	8	13	8	17
GGGGGGGGTCGGGAGG__0.44990305066377__25	13	13	13	13	13	13	8	8	31	2	13	5	8	8
TGGGCGGGTGAGGGGG__0.449776220273094__9	8	13	45	25	2	13	8	17	8	8	8	13	13	13
GGGTTAGGGCGGGCGG__0.449666460929056__9	13	8	6	20	18	8	13	45	25	2	13	45	25	2
GGGGGTGGGCAGGGTG__0.449181490229474__16	13	13	13	8	17	8	13	45	13	2	8	13	8	17
GTGGGAGGGGAGGGCG__0.449113486674451__14	17	8	13	5	8	8	13	13	5	8	8	13	45	25
GGGGTGGGTGAGGTGG__0.449016129659358__18	13	13	8	17	8	13	8	17	8	8	8	8	17	8
GTTGGAGGTGGGAGGT__0.448458096297844__13	6	9	8	5	8	8	8	17	8	13	5	8	8	8
CGGGGAGGGGAGGGGG__0.448404962616183__11	2	13	13	5	8	8	13	13	5	8	8	13	13	13
GGGGGAGGGCTGGGGG__0.44819910891359__13	13	13	13	5	8	8	13	45	25	2	8	13	13	13
GGGGGAGGGCGGGTTG__0.448198027010006__17	13	13	13	5	8	8	13	45	25	2	13	8	6	9
TGTGTAGGTTGGGGAG__0.448020090060895__9	6	17	6	6	18	8	8	6	9	8	13	13	5	8
TGGGTGGGTCGGGCGG__0.447917789667535__13	8	13	8	17	8	13	8	8	31	2	13	45	25	2
GGGGGTGGTTAGGGAG__0.447801040297909__14	13	13	13	8	17	8	8	6	20	18	8	13	5	8
TGGGCGGGTCGGGAGG__0.447451884880957__9	8	13	45	25	2	13	8	8	31	2	13	5	8	8
GTTGTAGGTGGGGGTT__0.447306291765867__11	6	9	6	6	18	8	8	17	8	13	13	13	8	6
TGGGGAGGGCGGGTGG__0.446505398640835__13	8	13	13	5	8	8	13	45	25	2	13	8	17	8
TGGGGAGGTGGGTGGG__0.446332641927533__20	8	13	13	5	8	8	8	17	8	13	8	17	8	13
GGGGGAGGGCGGTGGG__0.446149538435242__17	13	13	13	5	8	8	13	45	25	2	8	17	8	13
GGTGGAGGGGAGGGAG__0.445840055547605__13	8	17	8	5	8	8	13	13	5	8	8	13	5	8
TGGGTGGGTCGGGAGG__0.445356289045084__13	8	13	8	17	8	13	8	8	31	2	13	5	8	8
GTGGGAGGGCTGGGGG__0.444988878372337__9	17	8	13	5	8	8	13	45	25	2	8	13	13	13
GTTGTAGGTGGGAGGC__0.444973358637916__12	6	9	6	6	18	8	8	17	8	13	5	8	8	45
GGTGTAGGTGGGGAGG__0.444843137103966__16	8	17	6	6	18	8	8	17	8	13	13	5	8	8
GGGTGAGGGCGGGGGG__0.444593946574722__11	13	8	17	8	8	8	13	45	25	2	13	13	13	13
GCGGGAGGGCGGGAGG__0.443806262170286__10	25	2	13	5	8	8	13	45	25	2	13	5	8	8
TGGGGAGGGCGGGAGG__0.443551444091475__14	8	13	13	5	8	8	13	45	25	2	13	5	8	8
TGTGGGGGTTAGGGAG__0.443300712475112__9	6	17	8	13	13	13	8	6	20	18	8	13	5	8
GGGGGAGGGCTGGGTG__0.442740058704929__12	13	13	13	5	8	8	13	45	25	2	8	13	8	17
TGGGGAGGGCTGGGAG__0.442471516019485__9	8	13	13	5	8	8	13	45	25	2	8	13	5	8
GGGGTAGGGCGGGTGG__0.442330864031038__13	13	13	8	6	18	8	13	45	25	2	13	8	17	8
GGGGGCGGGCAGGGAG__0.442284196574792__10	13	13	13	45	25	2	13	45	13	2	8	13	5	8
GGGGGAGGTTAGGGTG__0.442096662802999__10	13	13	13	5	8	8	8	6	20	18	8	13	8	17
GGGGAGGGTCGGGAGG__0.441922253166321__12	13	13	5	8	8	13	8	8	31	2	13	5	8	8
GTGGGAGGGCGGGGTG__0.441470040418966__13	17	8	13	5	8	8	13	45	25	2	13	13	8	17
GCGGGGGGGCAGGGGG__0.440246536198468__11	25	2	13	13	13	13	13	45	13	2	8	13	13	13
GGGTGAGGTGGGGGGG__0.44001996133029__17	13	8	17	8	8	8	8	17	8	13	13	13	13	13
GGGGTGGGTGAGGAGG__0.439189576595933__15	13	13	8	17	8	13	8	17	8	8	8	5	8	8
TGGGTGGGTGAGGTGG__0.438302955666819__12	8	13	8	17	8	13	8	17	8	8	8	8	17	8
GCGGGAGGGGAGGGCT__0.435980505763855__10	25	2	13	5	8	8	13	13	5	8	8	13	45	25
CCCCCAGCCCACCCAA__0.435807688449699__10	13	13	13	8	2	25	45	13	8	17	8	13	8	9
GGGGGAGGGGAGGGTG__0.435456484884542__18	13	13	13	5	8	8	13	13	5	8	8	13	8	17
TTGGGGGGGCAGGGCG__0.435091501236558__11	9	8	13	13	13	13	13	45	13	2	8	13	45	25
GTTGTAGGTGGGGAGC__0.434341782781733__11	6	9	6	6	18	8	8	17	8	13	13	5	8	25
GGGGTGGGTCGGGAGG__0.434235147130729__16	13	13	8	17	8	13	8	8	31	2	13	5	8	8
GTGGGTGGGCAGGGGG__0.43422970608521__10	17	8	13	8	17	8	13	45	13	2	8	13	13	13
GGGGTGGGTCGGGTGG__0.433989365028225__16	13	13	8	17	8	13	8	8	31	2	13	8	17	8
GGGGGAGGGCTGGGAG__0.433554956637251__11	13	13	13	5	8	8	13	45	25	2	8	13	5	8
GGGGTAGGGGAGGGTG__0.433350298313796__12	13	13	8	6	18	8	13	13	5	8	8	13	8	17
GGGGGGGGTCGGGGGG__0.431638549944363__21	13	13	13	13	13	13	8	8	31	2	13	13	13	13
GGGGGAGGGTAGGGGG__0.431312352937874__12	13	13	13	5	8	8	13	8	6	18	8	13	13	13
GGGGGAGGTTGGGGAG__0.431070977772218__16	13	13	13	5	8	8	8	6	9	8	13	13	5	8
CCCCCACGCCACCCAC__0.430630784086219__12	13	13	13	8	17	8	25	45	8	17	8	13	8	17
GCGGGGGGGCAGGGCG__0.430485837828509__11	25	2	13	13	13	13	13	45	13	2	8	13	45	25
GGGGCGGGTGAGGGGG__0.430469279910907__10	13	13	45	25	2	13	8	17	8	8	8	13	13	13
GGGGGAGGGCGGGGGG__0.430371357542621__16	13	13	13	5	8	8	13	45	25	2	13	13	13	13
GGGTGAGGGCGGGTGG__0.430253656278139__9	13	8	17	8	8	8	13	45	25	2	13	8	17	8
TGGGGAGGGCGGGCAG__0.428998758721798__11	8	13	13	5	8	8	13	45	25	2	13	45	13	2
GTTGTAGGTGGTGGGA__0.428760982479281__9	6	9	6	6	18	8	8	17	8	8	17	8	13	5
GGGGGGGGTGAGGTGG__0.428602638522491__20	13	13	13	13	13	13	8	17	8	8	8	8	17	8
GTTGGAGGTGGGGAGT__0.426856625581305__11	6	9	8	5	8	8	8	17	8	13	13	5	8	11
GGTGGAGGGGAGGAGG__0.426016965443215__10	8	17	8	5	8	8	13	13	5	8	8	5	8	8
GGGGCGGGTGAGGGTG__0.425849749365556__9	13	13	45	25	2	13	8	17	8	8	8	13	8	17
GGGGGAGGGCTGGGCG__0.425507594921756__11	13	13	13	5	8	8	13	45	25	2	8	13	45	25
TTGGGAGGGGAGGGAG__0.424891332258612__9	9	8	13	5	8	8	13	13	5	8	8	13	5	8
AGGGGGGGTGAGGTGG__0.424326666087826__10	8	13	13	13	13	13	8	17	8	8	8	8	17	8
CGGGGGGGTGAGGTGG__0.423657982114279__10	2	13	13	13	13	13	8	17	8	8	8	8	17	8
AGGGGGGGTCGGGCGG__0.42350838706439__10	8	13	13	13	13	13	8	8	31	2	13	45	25	2
TGGGGGGGGCAGGGTG__0.420007857193031__12	8	13	13	13	13	13	13	45	13	2	8	13	8	17
GGGGGAGGGGAGGGTT__0.419956413145216__16	13	13	13	5	8	8	13	13	5	8	8	13	8	6
GGGTGAGGTGGGCGGG__0.419591825034466__13	13	8	17	8	8	8	8	17	8	13	45	25	2	13
GGGGGAGGGCTGGGTT__0.418395429769791__10	13	13	13	5	8	8	13	45	25	2	8	13	8	6
GCGGGGGGGCAGGGAG__0.417597909751226__9	25	2	13	13	13	13	13	45	13	2	8	13	5	8
GGGGTAGGGGAGGGGG__0.417383329888858__11	13	13	8	6	18	8	13	13	5	8	8	13	13	13
CACCCAGCCCACCCCC__0.416878336685443__14	17	8	13	8	2	25	45	13	8	17	8	13	13	13
GGGTGGGGTCGGGAGG__0.415598950536597__14	13	8	17	8	13	13	8	8	31	2	13	5	8	8
GGGGTGGGTCGGGCGG__0.414729589542462__13	13	13	8	17	8	13	8	8	31	2	13	45	25	2
GTTGGAGGTGGGAGGG__0.414641165237024__10	6	9	8	5	8	8	8	17	8	13	5	8	8	13
TGGGGGGGTTAGGGAG__0.414147822277433__9	8	13	13	13	13	13	8	6	20	18	8	13	5	8
TGGGGAGGGCGGGCTG__0.413556738741637__9	8	13	13	5	8	8	13	45	25	2	13	45	25	2
GGGAGAGGTGGGAGGG__0.413073607513381__9	13	5	8	9	8	8	8	17	8	13	5	8	8	13
TGGGGTGGGCAGGGCG__0.41225310360455__9	8	13	13	8	17	8	13	45	13	2	8	13	45	25
GGGGGAGGGCGGCGGG__0.412009997657693__11	13	13	13	5	8	8	13	45	25	2	45	25	2	13
CCCCCAGCCCACCCCA__0.410858748652812__10	13	13	13	8	2	25	45	13	8	17	8	13	13	8
AGGGGAGGTGGGGGGG__0.410588599550849__10	8	13	13	5	8	8	8	17	8	13	13	13	13	13
AGGGGGGGTCGGGTGG__0.410216068998271__9	8	13	13	13	13	13	8	8	31	2	13	8	17	8
GGGGGAGGTTTGGGAG__0.409576195130982__9	13	13	13	5	8	8	8	6	36	9	8	13	5	8
TGGGGAGGGCGGGGCG__0.409173327085514__10	8	13	13	5	8	8	13	45	25	2	13	13	45	25
TGGGGGGGTGAGGCGG__0.408736319610168__12	8	13	13	13	13	13	8	17	8	8	8	45	25	2
GGGGGAGGGGAGGGAG__0.408093278240606__14	13	13	13	5	8	8	13	13	5	8	8	13	5	8
TGGGGGGGTGAGGAGG__0.407885808237807__11	8	13	13	13	13	13	8	17	8	8	8	5	8	8
GGGGTGGGTCGGGTTG__0.407562801549059__12	13	13	8	17	8	13	8	8	31	2	13	8	6	9
TGGGGGGGTGAGGTGG__0.407227900474752__12	8	13	13	13	13	13	8	17	8	8	8	8	17	8
TGGGGAGGTGGGGGGG__0.406915962311088__14	8	13	13	5	8	8	8	17	8	13	13	13	13	13
GTGGGAGGTTGGGGAG__0.406629301736636__9	17	8	13	5	8	8	8	6	9	8	13	13	5	8
GGGGTGGGTTAGGGTG__0.40620697853139__10	13	13	8	17	8	13	8	6	20	18	8	13	8	17
GTGGGAGGGCGGGGAG__0.405629604088381__9	17	8	13	5	8	8	13	45	25	2	13	13	5	8
GGGGGAGGGCGGGAGG__0.405365830090949__13	13	13	13	5	8	8	13	45	25	2	13	5	8	8
GGGTGGGGTGAGGAGG__0.403496299797372__11	13	8	17	8	13	13	8	17	8	8	8	5	8	8
TGGGGAGGGGAGGGAG__0.402838902392587__10	8	13	13	5	8	8	13	13	5	8	8	13	5	8
TGGGGAGGGGAGGGCT__0.400821387465801__10	8	13	13	5	8	8	13	13	5	8	8	13	45	25
GGGGGAGGGGAGGAGG__0.400653705467481__12	13	13	13	5	8	8	13	13	5	8	8	5	8	8
GGGGGAGGTGGGAGGG__0.399587393387712__19	13	13	13	5	8	8	8	17	8	13	5	8	8	13
GGGGGAGGGGAGGGCT__0.398792503372627__13	13	13	13	5	8	8	13	13	5	8	8	13	45	25
GGGGTGGGTGAGGCGG__0.398501061543174__11	13	13	8	17	8	13	8	17	8	8	8	45	25	2
GGGGGAGGGCGGGGTG__0.397287701745473__12	13	13	13	5	8	8	13	45	25	2	13	13	8	17
TGGGGAGGGCGGGGTG__0.397238391726265__9	8	13	13	5	8	8	13	45	25	2	13	13	8	17
GCGGGAGGTGGGGGGG__0.396805620665682__9	25	2	13	5	8	8	8	17	8	13	13	13	13	13
GGGGTGGGTGAGGGAG__0.39417244086555__10	13	13	8	17	8	13	8	17	8	8	8	13	5	8
GGGGGAGGGCGGGCGG__0.392861617219106__10	13	13	13	5	8	8	13	45	25	2	13	45	25	2
GGTGTAGGTGGGGGAG__0.392171674611265__9	8	17	6	6	18	8	8	17	8	13	13	13	5	8
GTGGGGGGGCAGGGCG__0.391893158259194__10	17	8	13	13	13	13	13	45	13	2	8	13	45	25
GGGGGAGGGCGGGGCG__0.390370161316843__11	13	13	13	5	8	8	13	45	25	2	13	13	45	25
CCCCCAGCCCACCCCC__0.389443150389971__11	13	13	13	8	2	25	45	13	8	17	8	13	13	13
GGGGGTGGGCAGGGTT__0.386364408607334__9	13	13	13	8	17	8	13	45	13	2	8	13	8	6
GGGGTGGGTCGGGGTG__0.383639257940806__10	13	13	8	17	8	13	8	8	31	2	13	13	8	17
CACCCACGCCACCCCC__0.383066950200147__10	17	8	13	8	17	8	25	45	8	17	8	13	13	13
GGGGGAGGGCGGGGAG__0.382554675214254__10	13	13	13	5	8	8	13	45	25	2	13	13	5	8
GGGGTGGGTCGGGCTG__0.381096240141732__9	13	13	8	17	8	13	8	8	31	2	13	45	25	2
GGGGGGGGGCAGGGTG__0.380747742171384__11	13	13	13	13	13	13	13	45	13	2	8	13	8	17
GGGGGAGGGGAGGGGT__0.380118551535449__11	13	13	13	5	8	8	13	13	5	8	8	13	13	8
CTCCCAGCCCACCCCC__0.373993362390377__9	8	5	13	8	2	25	45	13	8	17	8	13	13	13
GGGGTAGGTGGGGAGG__0.373905666147857__11	13	13	8	6	18	8	8	17	8	13	13	5	8	8
GGGTGGGGTCGGGTGG__0.371925200496827__9	13	8	17	8	13	13	8	8	31	2	13	8	17	8
GGGGGAGGGGAGGGTA__0.365283758879383__9	13	13	13	5	8	8	13	13	5	8	8	13	8	6
GGGGGGGGGCAGGGGG__0.363300426363765__9	13	13	13	13	13	13	13	45	13	2	8	13	13	13
GGGGGAGGGGAGGGCC__0.361735458912274__9	13	13	13	5	8	8	13	13	5	8	8	13	45	45
GGGGGAGGGCGCGGGG__0.361648424441177__9	13	13	13	5	8	8	13	45	25	25	25	2	13	13
GGGGGGGGTGAGGAGG__0.359374060036435__9	13	13	13	13	13	13	8	17	8	8	8	5	8	8
GGGGGGGGTCGGGGTG__0.355515773894408__10	13	13	13	13	13	13	8	8	31	2	13	13	8	17
GGGGGGGGTCGGGCTG__0.353166545439733__9	13	13	13	13	13	13	8	8	31	2	13	45	25	2
GGGGGGGGTCGGGTTG__0.35147805190328__9	13	13	13	13	13	13	8	8	31	2	13	8	6	9
