GAACATTATGTTC__1__591	4.4	3.9	4.2	6.5	4.5	3.9	5.5	4.5	6.5	4.2	3.9	4.4
GAACAAAATGTTC__0.968393853184912__631	4.4	3.9	4.2	6.5	3.9	3.9	3.9	4.5	6.5	4.2	3.9	4.4
GAACATTGTGTTC__0.966530393534529__496	4.4	3.9	4.2	6.5	4.5	3.9	6.5	4.2	6.5	4.2	3.9	4.4
GTACATTGTGTTC__0.927249846480702__616	4.2	5.5	4.2	6.5	4.5	3.9	6.5	4.2	6.5	4.2	3.9	4.4
GAACATCGTGTTC__0.914468174137573__284	4.4	3.9	4.2	6.5	4.5	4.4	5.5	4.2	6.5	4.2	3.9	4.4
GAACATTGTGTAC__0.890618728574986__431	4.4	3.9	4.2	6.5	4.5	3.9	6.5	4.2	6.5	4.2	5.5	4.2
GAACACGATGTAC__0.877539874629767__344	4.4	3.9	4.2	6.5	4.2	5.5	4.4	4.5	6.5	4.2	5.5	4.2
GTACATTATGTTC__0.866697769131853__471	4.2	5.5	4.2	6.5	4.5	3.9	5.5	4.5	6.5	4.2	3.9	4.4
GAACACAATGTCC__0.866650953576219__354	4.4	3.9	4.2	6.5	4.2	6.5	3.9	4.5	6.5	4.2	4.4	5.2
GAACATTATGTAC__0.864505494044308__413	4.4	3.9	4.2	6.5	4.5	3.9	5.5	4.5	6.5	4.2	5.5	4.2
GGACAAAATGTTC__0.844721215318677__375	5.2	4.4	4.2	6.5	3.9	3.9	3.9	4.5	6.5	4.2	3.9	4.4
GAACATCGTGTAC__0.843813624760431__250	4.4	3.9	4.2	6.5	4.5	4.4	5.5	4.2	6.5	4.2	5.5	4.2
GAACATAATGTCC__0.82126527154618__294	4.4	3.9	4.2	6.5	4.5	5.5	3.9	4.5	6.5	4.2	4.4	5.2
GAACAAAATGTAC__0.814903340047992__480	4.4	3.9	4.2	6.5	3.9	3.9	3.9	4.5	6.5	4.2	5.5	4.2
GAACAAAATGTCC__0.814026665713919__351	4.4	3.9	4.2	6.5	3.9	3.9	3.9	4.5	6.5	4.2	4.4	5.2
GAACATTCTGTTC__0.812965395400419__219	4.4	3.9	4.2	6.5	4.5	3.9	4.4	4.5	6.5	4.2	3.9	4.4
GTACATTGTGTAC__0.812040744864258__413	4.2	5.5	4.2	6.5	4.5	3.9	6.5	4.2	6.5	4.2	5.5	4.2
GAACATTATGTCC__0.798455977557276__260	4.4	3.9	4.2	6.5	4.5	3.9	5.5	4.5	6.5	4.2	4.4	5.2
GTACAAAATGTTC__0.789909284598943__322	4.2	5.5	4.2	6.5	3.9	3.9	3.9	4.5	6.5	4.2	3.9	4.4
GAACATTGTGTCC__0.789307307629589__232	4.4	3.9	4.2	6.5	4.5	3.9	6.5	4.2	6.5	4.2	4.4	5.2
GAACACAGTGTTC__0.781274690758928__172	4.4	3.9	4.2	6.5	4.2	6.5	4.5	4.2	6.5	4.2	3.9	4.4
GAACACTATGTTC__0.776933775061833__179	4.4	3.9	4.2	6.5	4.2	4.5	5.5	4.5	6.5	4.2	3.9	4.4
GAACAAAGTGTTC__0.775320802613035__195	4.4	3.9	4.2	6.5	3.9	3.9	4.5	4.2	6.5	4.2	3.9	4.4
GAACATCATGTTC__0.774919716348707__186	4.4	3.9	4.2	6.5	4.5	4.4	6.5	4.5	6.5	4.2	3.9	4.4
GAACACTATGTAC__0.773522032905008__237	4.4	3.9	4.2	6.5	4.2	4.5	5.5	4.5	6.5	4.2	5.5	4.2
GTACACAATGTCC__0.769189652821572__261	4.2	5.5	4.2	6.5	4.2	6.5	3.9	4.5	6.5	4.2	4.4	5.2
GAACATATTGTTC__0.768226495047256__198	4.4	3.9	4.2	6.5	4.5	5.5	4.5	3.9	6.5	4.2	3.9	4.4
GAACAAATTGTTC__0.765731875792714__202	4.4	3.9	4.2	6.5	3.9	3.9	4.5	3.9	6.5	4.2	3.9	4.4
GTACATCGTGTAC__0.757252045012221__221	4.2	5.5	4.2	6.5	4.5	4.4	5.5	4.2	6.5	4.2	5.5	4.2
GGACATCGTGTTC__0.757149836335915__141	5.2	4.4	4.2	6.5	4.5	4.4	5.5	4.2	6.5	4.2	3.9	4.4
GAACACCGTGTTC__0.751403149318996__118	4.4	3.9	4.2	6.5	4.2	5.2	5.5	4.2	6.5	4.2	3.9	4.4
GTACACAGTGTTC__0.746655538165218__183	4.2	5.5	4.2	6.5	4.2	6.5	4.5	4.2	6.5	4.2	3.9	4.4
GAACATCTTGTTC__0.743667369339031__157	4.4	3.9	4.2	6.5	4.5	4.4	4.5	3.9	6.5	4.2	3.9	4.4
GAACACCGTGTAC__0.741612419255213__148	4.4	3.9	4.2	6.5	4.2	5.2	5.5	4.2	6.5	4.2	5.5	4.2
GTACATTGTGTCC__0.739644097938012__258	4.2	5.5	4.2	6.5	4.5	3.9	6.5	4.2	6.5	4.2	4.4	5.2
GAACACAGTGTAC__0.737078767084061__193	4.4	3.9	4.2	6.5	4.2	6.5	4.5	4.2	6.5	4.2	5.5	4.2
GTACACCGTGTTC__0.73664643609985__146	4.2	5.5	4.2	6.5	4.2	5.2	5.5	4.2	6.5	4.2	3.9	4.4
GTACATAATGTAC__0.725428918540506__270	4.2	5.5	4.2	6.5	4.5	5.5	3.9	4.5	6.5	4.2	5.5	4.2
GAACAGAATGTAC__0.724881780162893__203	4.4	3.9	4.2	6.5	4.5	4.4	3.9	4.5	6.5	4.2	5.5	4.2
GGACACAATGTCC__0.721426216795545__178	5.2	4.4	4.2	6.5	4.2	6.5	3.9	4.5	6.5	4.2	4.4	5.2
GAACATCGTGTCC__0.718422258450363__117	4.4	3.9	4.2	6.5	4.5	4.4	5.5	4.2	6.5	4.2	4.4	5.2
GAACAATGTGTTC__0.715567688740445__136	4.4	3.9	4.2	6.5	3.9	4.5	6.5	4.2	6.5	4.2	3.9	4.4
GTACATCGTGTCC__0.710706675652148__156	4.2	5.5	4.2	6.5	4.5	4.4	5.5	4.2	6.5	4.2	4.4	5.2
GTACAGAATGTTC__0.710661241367887__152	4.2	5.5	4.2	6.5	4.5	4.4	3.9	4.5	6.5	4.2	3.9	4.4
GTACAAAATGTCC__0.710524020946013__232	4.2	5.5	4.2	6.5	3.9	3.9	3.9	4.5	6.5	4.2	4.4	5.2
GTACATTATGTCC__0.708020988248213__223	4.2	5.5	4.2	6.5	4.5	3.9	5.5	4.5	6.5	4.2	4.4	5.2
GGACATCGTGTAC__0.705713395441624__128	5.2	4.4	4.2	6.5	4.5	4.4	5.5	4.2	6.5	4.2	5.5	4.2
GTACATCATGTTC__0.702890345936582__171	4.2	5.5	4.2	6.5	4.5	4.4	6.5	4.5	6.5	4.2	3.9	4.4
GAACATAGTGTAC__0.701699345168207__160	4.4	3.9	4.2	6.5	4.5	5.5	4.5	4.2	6.5	4.2	5.5	4.2
GTACATAATGTCC__0.701050573518276__192	4.2	5.5	4.2	6.5	4.5	5.5	3.9	4.5	6.5	4.2	4.4	5.2
GAACAAAGTGTAC__0.700263071397827__191	4.4	3.9	4.2	6.5	3.9	3.9	4.5	4.2	6.5	4.2	5.5	4.2
GAACACAGTGTCC__0.699410808279635__119	4.4	3.9	4.2	6.5	4.2	6.5	4.5	4.2	6.5	4.2	4.4	5.2
GTACAAAGTGTTC__0.698980254365517__157	4.2	5.5	4.2	6.5	3.9	3.9	4.5	4.2	6.5	4.2	3.9	4.4
GGACACCGTGTTC__0.698606845511495__92	5.2	4.4	4.2	6.5	4.2	5.2	5.5	4.2	6.5	4.2	3.9	4.4
GGACATTCTGTTC__0.696127528841702__130	5.2	4.4	4.2	6.5	4.5	3.9	4.4	4.5	6.5	4.2	3.9	4.4
GAACATCATGTAC__0.694877170386873__154	4.4	3.9	4.2	6.5	4.5	4.4	6.5	4.5	6.5	4.2	5.5	4.2
GAACATAGTGTCC__0.693429668799039__121	4.4	3.9	4.2	6.5	4.5	5.5	4.5	4.2	6.5	4.2	4.4	5.2
GGACATAATGTCC__0.693427368566749__161	5.2	4.4	4.2	6.5	4.5	5.5	3.9	4.5	6.5	4.2	4.4	5.2
GGACACGGTGTTC__0.693260582949298__97	5.2	4.4	4.2	6.5	4.2	5.5	5.2	4.2	6.5	4.2	3.9	4.4
GAACACCATGTTC__0.690130954491468__107	4.4	3.9	4.2	6.5	4.2	5.2	6.5	4.5	6.5	4.2	3.9	4.4
GGACAAAATGTCC__0.689839329034122__185	5.2	4.4	4.2	6.5	3.9	3.9	3.9	4.5	6.5	4.2	4.4	5.2
GTACATTTTGTAC__0.689028056560298__270	4.2	5.5	4.2	6.5	4.5	3.9	3.9	3.9	6.5	4.2	5.5	4.2
GAACATTGTGTGC__0.687524283597032__146	4.4	3.9	4.2	6.5	4.5	3.9	6.5	4.2	6.5	4.2	6.5	4.7
GAACAGTGTGTTC__0.687440984098012__107	4.4	3.9	4.2	6.5	4.5	4.2	6.5	4.2	6.5	4.2	3.9	4.4
GAACACCATGTAC__0.680648053448815__142	4.4	3.9	4.2	6.5	4.2	5.2	6.5	4.5	6.5	4.2	5.5	4.2
GGACAAAGTGTTC__0.680114283512736__121	5.2	4.4	4.2	6.5	3.9	3.9	4.5	4.2	6.5	4.2	3.9	4.4
GGACAAAATGTAC__0.680038300451019__235	5.2	4.4	4.2	6.5	3.9	3.9	3.9	4.5	6.5	4.2	5.5	4.2
GTACACCGTGTAC__0.677158886687402__130	4.2	5.5	4.2	6.5	4.2	5.2	5.5	4.2	6.5	4.2	5.5	4.2
GAACAGTATGTTC__0.674631662868289__99	4.4	3.9	4.2	6.5	4.5	4.2	5.5	4.5	6.5	4.2	3.9	4.4
GTACAATTTGTTC__0.672100645319536__170	4.2	5.5	4.2	6.5	3.9	4.5	3.9	3.9	6.5	4.2	3.9	4.4
GTACATAGTGTAC__0.671315820576472__168	4.2	5.5	4.2	6.5	4.5	5.5	4.5	4.2	6.5	4.2	5.5	4.2
GAACAGTTTGTTC__0.670446937477672__109	4.4	3.9	4.2	6.5	4.5	4.2	3.9	3.9	6.5	4.2	3.9	4.4
GAACAACGTGTTC__0.669554926677964__91	4.4	3.9	4.2	6.5	3.9	4.2	5.5	4.2	6.5	4.2	3.9	4.4
GAACATTATGTGC__0.669075657570784__133	4.4	3.9	4.2	6.5	4.5	3.9	5.5	4.5	6.5	4.2	6.5	4.7
GAACACGTTGTAC__0.662776098264542__112	4.4	3.9	4.2	6.5	4.2	5.5	4.2	3.9	6.5	4.2	5.5	4.2
GTACATCATGTAC__0.66268968053163__163	4.2	5.5	4.2	6.5	4.5	4.4	6.5	4.5	6.5	4.2	5.5	4.2
GTACAATATGTTC__0.662263882148277__140	4.2	5.5	4.2	6.5	3.9	4.5	5.5	4.5	6.5	4.2	3.9	4.4
GTACACCATGTTC__0.661659472620646__114	4.2	5.5	4.2	6.5	4.2	5.2	6.5	4.5	6.5	4.2	3.9	4.4
GAACAAAATGTGC__0.6615649567832__177	4.4	3.9	4.2	6.5	3.9	3.9	3.9	4.5	6.5	4.2	6.5	4.7
GAACATAATGTGC__0.661471185888648__138	4.4	3.9	4.2	6.5	4.5	5.5	3.9	4.5	6.5	4.2	6.5	4.7
GTACACAGTGTAC__0.65837730211163__147	4.2	5.5	4.2	6.5	4.2	6.5	4.5	4.2	6.5	4.2	5.5	4.2
GAACAGGATGTTC__0.658110200713358__81	4.4	3.9	4.2	6.5	4.5	5.2	4.4	4.5	6.5	4.2	3.9	4.4
GAACACTATGTCC__0.651867191372178__98	4.4	3.9	4.2	6.5	4.2	4.5	5.5	4.5	6.5	4.2	4.4	5.2
GAACATCGTGTGC__0.651578916146669__86	4.4	3.9	4.2	6.5	4.5	4.4	5.5	4.2	6.5	4.2	6.5	4.7
GGACACAGTGTTC__0.649662600053224__88	5.2	4.4	4.2	6.5	4.2	6.5	4.5	4.2	6.5	4.2	3.9	4.4
GAACACTCTGTAC__0.647961299982509__86	4.4	3.9	4.2	6.5	4.2	4.5	4.4	4.5	6.5	4.2	5.5	4.2
GAACAACGTGTAC__0.646286960489704__107	4.4	3.9	4.2	6.5	3.9	4.2	5.5	4.2	6.5	4.2	5.5	4.2
GGACATCATGTTC__0.644374643845657__93	5.2	4.4	4.2	6.5	4.5	4.4	6.5	4.5	6.5	4.2	3.9	4.4
GCACAAAATGTTC__0.643692888236963__131	4.7	6.5	4.2	6.5	3.9	3.9	3.9	4.5	6.5	4.2	3.9	4.4
GTACATCTTGTTC__0.642342060335519__126	4.2	5.5	4.2	6.5	4.5	4.4	4.5	3.9	6.5	4.2	3.9	4.4
GTACACATTGTTC__0.641292634682139__117	4.2	5.5	4.2	6.5	4.2	6.5	4.5	3.9	6.5	4.2	3.9	4.4
GAACAGTTTGTAC__0.639425590388738__108	4.4	3.9	4.2	6.5	4.5	4.2	3.9	3.9	6.5	4.2	5.5	4.2
GTACATTGTGTGC__0.639121425854778__155	4.2	5.5	4.2	6.5	4.5	3.9	6.5	4.2	6.5	4.2	6.5	4.7
GGACATTGTGTGC__0.638556576820511__119	5.2	4.4	4.2	6.5	4.5	3.9	6.5	4.2	6.5	4.2	6.5	4.7
GAACAAAGTGTCC__0.637790520435904__97	4.4	3.9	4.2	6.5	3.9	3.9	4.5	4.2	6.5	4.2	4.4	5.2
GAACACTCTGTTC__0.636798836037928__63	4.4	3.9	4.2	6.5	4.2	4.5	4.4	4.5	6.5	4.2	3.9	4.4
GTACATATTGTTC__0.635582649698273__130	4.2	5.5	4.2	6.5	4.5	5.5	4.5	3.9	6.5	4.2	3.9	4.4
GGACATGATGTTC__0.635037139762299__91	5.2	4.4	4.2	6.5	4.5	6.5	4.4	4.5	6.5	4.2	3.9	4.4
GAACATTCTGTCC__0.634880592802868__88	4.4	3.9	4.2	6.5	4.5	3.9	4.4	4.5	6.5	4.2	4.4	5.2
GGACACAGTGTAC__0.632761099328846__110	5.2	4.4	4.2	6.5	4.2	6.5	4.5	4.2	6.5	4.2	5.5	4.2
GGACAATATGTTC__0.629657489688078__96	5.2	4.4	4.2	6.5	3.9	4.5	5.5	4.5	6.5	4.2	3.9	4.4
GTACATCCTGTTC__0.629628535500413__93	4.2	5.5	4.2	6.5	4.5	4.4	5.2	4.5	6.5	4.2	3.9	4.4
GCACATCGTGTTC__0.629615929500694__80	4.7	6.5	4.2	6.5	4.5	4.4	5.5	4.2	6.5	4.2	3.9	4.4
GTACACTCTGTTC__0.629589130182404__84	4.2	5.5	4.2	6.5	4.2	4.5	4.4	4.5	6.5	4.2	3.9	4.4
GTACAGAATGTAC__0.629252387738837__130	4.2	5.5	4.2	6.5	4.5	4.4	3.9	4.5	6.5	4.2	5.5	4.2
GTACAAATTGTTC__0.627248488294836__115	4.2	5.5	4.2	6.5	3.9	3.9	4.5	3.9	6.5	4.2	3.9	4.4
GGACATCATGTAC__0.626197401816179__105	5.2	4.4	4.2	6.5	4.5	4.4	6.5	4.5	6.5	4.2	5.5	4.2
GAACATCGCGTTC__0.625518637849394__81	4.4	3.9	4.2	6.5	4.5	4.4	5.5	4.7	5.5	4.2	3.9	4.4
GGACACCGTGTAC__0.622779652787457__76	5.2	4.4	4.2	6.5	4.2	5.2	5.5	4.2	6.5	4.2	5.5	4.2
GGACATCGTGTCC__0.621799232573248__69	5.2	4.4	4.2	6.5	4.5	4.4	5.5	4.2	6.5	4.2	4.4	5.2
GCACACGGTGTTC__0.621206701373339__68	4.7	6.5	4.2	6.5	4.2	5.5	5.2	4.2	6.5	4.2	3.9	4.4
GGACATATTGTTC__0.620248902718231__94	5.2	4.4	4.2	6.5	4.5	5.5	4.5	3.9	6.5	4.2	3.9	4.4
GAACAAATTGTCC__0.619159689551424__96	4.4	3.9	4.2	6.5	3.9	3.9	4.5	3.9	6.5	4.2	4.4	5.2
GAACAGTATGTAC__0.617042394363586__91	4.4	3.9	4.2	6.5	4.5	4.2	5.5	4.5	6.5	4.2	5.5	4.2
GTACACCATGTAC__0.614757716520243__112	4.2	5.5	4.2	6.5	4.2	5.2	6.5	4.5	6.5	4.2	5.5	4.2
GTACAGGATGTTC__0.614123629613132__79	4.2	5.5	4.2	6.5	4.5	5.2	4.4	4.5	6.5	4.2	3.9	4.4
GAACACACTGTAC__0.614045457263842__99	4.4	3.9	4.2	6.5	4.2	6.5	4.2	4.5	6.5	4.2	5.5	4.2
GAACATCTTGTAC__0.613591164799718__87	4.4	3.9	4.2	6.5	4.5	4.4	4.5	3.9	6.5	4.2	5.5	4.2
GCACACGATGTAC__0.61178229472789__93	4.7	6.5	4.2	6.5	4.2	5.5	4.4	4.5	6.5	4.2	5.5	4.2
GTACAATGTGTTC__0.61039593379102__97	4.2	5.5	4.2	6.5	3.9	4.5	6.5	4.2	6.5	4.2	3.9	4.4
GAACACGCTGTTC__0.609834358836184__57	4.4	3.9	4.2	6.5	4.2	5.5	4.7	4.5	6.5	4.2	3.9	4.4
GAACAAGGTGTTC__0.608518901407027__59	4.4	3.9	4.2	6.5	3.9	4.5	5.2	4.2	6.5	4.2	3.9	4.4
GAACAAGTTGTTC__0.606847264885782__67	4.4	3.9	4.2	6.5	3.9	4.5	4.2	3.9	6.5	4.2	3.9	4.4
GGACATAGTGTAC__0.605396719222039__96	5.2	4.4	4.2	6.5	4.5	5.5	4.5	4.2	6.5	4.2	5.5	4.2
GGACACTCTGTTC__0.604683010743107__55	5.2	4.4	4.2	6.5	4.2	4.5	4.4	4.5	6.5	4.2	3.9	4.4
GTACATAGTGTCC__0.601531355791507__91	4.2	5.5	4.2	6.5	4.5	5.5	4.5	4.2	6.5	4.2	4.4	5.2
GCACATCGTGTAC__0.600828376806662__78	4.7	6.5	4.2	6.5	4.5	4.4	5.5	4.2	6.5	4.2	5.5	4.2
GGACAACGTGTTC__0.600045965866968__61	5.2	4.4	4.2	6.5	3.9	4.2	5.5	4.2	6.5	4.2	3.9	4.4
GAACAACATGTAC__0.599178787890096__105	4.4	3.9	4.2	6.5	3.9	4.2	6.5	4.5	6.5	4.2	5.5	4.2
GGACAAATTGTTC__0.598271285761821__80	5.2	4.4	4.2	6.5	3.9	3.9	4.5	3.9	6.5	4.2	3.9	4.4
GTACAAAGTGTCC__0.595954632331824__89	4.2	5.5	4.2	6.5	3.9	3.9	4.5	4.2	6.5	4.2	4.4	5.2
GTACATAATGTGC__0.595877843138756__108	4.2	5.5	4.2	6.5	4.5	5.5	3.9	4.5	6.5	4.2	6.5	4.7
GTACACGCTGTTC__0.595447263654356__67	4.2	5.5	4.2	6.5	4.2	5.5	4.7	4.5	6.5	4.2	3.9	4.4
GGACATCTTGTTC__0.594783927980861__68	5.2	4.4	4.2	6.5	4.5	4.4	4.5	3.9	6.5	4.2	3.9	4.4
GTACATTCTGTCC__0.594218580845798__97	4.2	5.5	4.2	6.5	4.5	3.9	4.4	4.5	6.5	4.2	4.4	5.2
GTACACAGTGTCC__0.592256168220256__77	4.2	5.5	4.2	6.5	4.2	6.5	4.5	4.2	6.5	4.2	4.4	5.2
GTACACCGTGTCC__0.590124518600982__66	4.2	5.5	4.2	6.5	4.2	5.2	5.5	4.2	6.5	4.2	4.4	5.2
GAACAAGGTGTAC__0.586993195240387__70	4.4	3.9	4.2	6.5	3.9	4.5	5.2	4.2	6.5	4.2	5.5	4.2
GTACAGCGTGTTC__0.586554061470559__67	4.2	5.5	4.2	6.5	4.5	4.7	5.5	4.2	6.5	4.2	3.9	4.4
GAACACCATGTCC__0.584800299661111__62	4.4	3.9	4.2	6.5	4.2	5.2	6.5	4.5	6.5	4.2	4.4	5.2
GTACAGTATGTTC__0.584792016645021__77	4.2	5.5	4.2	6.5	4.5	4.2	5.5	4.5	6.5	4.2	3.9	4.4
GAACAACATGTCC__0.584255952508738__75	4.4	3.9	4.2	6.5	3.9	4.2	6.5	4.5	6.5	4.2	4.4	5.2
GAACACTCTGTCC__0.582460218706565__49	4.4	3.9	4.2	6.5	4.2	4.5	4.4	4.5	6.5	4.2	4.4	5.2
GTACATCTTGTAC__0.582437656646337__97	4.2	5.5	4.2	6.5	4.5	4.4	4.5	3.9	6.5	4.2	5.5	4.2
GAACACGGCGTTC__0.582274804016246__41	4.4	3.9	4.2	6.5	4.2	5.5	5.2	4.7	5.5	4.2	3.9	4.4
GAACACATTGTCC__0.581953664260811__65	4.4	3.9	4.2	6.5	4.2	6.5	4.5	3.9	6.5	4.2	4.4	5.2
GAACATTGCGTTC__0.581953594303327__74	4.4	3.9	4.2	6.5	4.5	3.9	6.5	4.7	5.5	4.2	3.9	4.4
GGACATTCTGTCC__0.581466123271154__68	5.2	4.4	4.2	6.5	4.5	3.9	4.4	4.5	6.5	4.2	4.4	5.2
GTACACTCTGTAC__0.581101221470083__73	4.2	5.5	4.2	6.5	4.2	4.5	4.4	4.5	6.5	4.2	5.5	4.2
GAACAGAACGTTC__0.580194369881753__56	4.4	3.9	4.2	6.5	4.5	4.4	3.9	4.2	5.5	4.2	3.9	4.4
GGACATGATGTAC__0.579784911673766__84	5.2	4.4	4.2	6.5	4.5	6.5	4.4	4.5	6.5	4.2	5.5	4.2
GAACAACATGTTC__0.579534407614953__64	4.4	3.9	4.2	6.5	3.9	4.2	6.5	4.5	6.5	4.2	3.9	4.4
GAACAGTATGTCC__0.579206249146624__59	4.4	3.9	4.2	6.5	4.5	4.2	5.5	4.5	6.5	4.2	4.4	5.2
GTACATCGCGTTC__0.577621454429204__83	4.2	5.5	4.2	6.5	4.5	4.4	5.5	4.7	5.5	4.2	3.9	4.4
GAACAGTGTGTAC__0.576677955090889__66	4.4	3.9	4.2	6.5	4.5	4.2	6.5	4.2	6.5	4.2	5.5	4.2
GGACATCTTGTAC__0.576387858618086__71	5.2	4.4	4.2	6.5	4.5	4.4	4.5	3.9	6.5	4.2	5.5	4.2
GAACATCGCGTAC__0.576308506497957__73	4.4	3.9	4.2	6.5	4.5	4.4	5.5	4.7	5.5	4.2	5.5	4.2
GTACATTATGTGC__0.575488080503253__98	4.2	5.5	4.2	6.5	4.5	3.9	5.5	4.5	6.5	4.2	6.5	4.7
GAACATGCTGTTC__0.574866455059528__57	4.4	3.9	4.2	6.5	4.5	6.5	4.7	4.5	6.5	4.2	3.9	4.4
GAACGTAATGTTC__0.574210451813508__67	4.4	3.9	4.2	5.5	4.2	5.5	3.9	4.5	6.5	4.2	3.9	4.4
GAACACCTTGTAC__0.572781409225937__60	4.4	3.9	4.2	6.5	4.2	5.2	4.5	3.9	6.5	4.2	5.5	4.2
GAACAAACTGTAC__0.572325386793815__87	4.4	3.9	4.2	6.5	3.9	3.9	4.2	4.5	6.5	4.2	5.5	4.2
GAACACTATGTGC__0.571390091802565__62	4.4	3.9	4.2	6.5	4.2	4.5	5.5	4.5	6.5	4.2	6.5	4.7
GGACATCCTGTTC__0.567738473224292__47	5.2	4.4	4.2	6.5	4.5	4.4	5.2	4.5	6.5	4.2	3.9	4.4
GAACAACGTGTCC__0.567404799429833__54	4.4	3.9	4.2	6.5	3.9	4.2	5.5	4.2	6.5	4.2	4.4	5.2
GGACAAAGTGTAC__0.566656659151969__84	5.2	4.4	4.2	6.5	3.9	3.9	4.5	4.2	6.5	4.2	5.5	4.2
GTACAAAGTGTAC__0.564844663227798__93	4.2	5.5	4.2	6.5	3.9	3.9	4.5	4.2	6.5	4.2	5.5	4.2
GTACAACATGTAC__0.563991076863976__94	4.2	5.5	4.2	6.5	3.9	4.2	6.5	4.5	6.5	4.2	5.5	4.2
GGACACCATGTTC__0.563240996451396__49	5.2	4.4	4.2	6.5	4.2	5.2	6.5	4.5	6.5	4.2	3.9	4.4
GTACACGGTGTGC__0.562875141158812__60	4.2	5.5	4.2	6.5	4.2	5.5	5.2	4.2	6.5	4.2	6.5	4.7
GTACATGCTGTTC__0.562764574595058__71	4.2	5.5	4.2	6.5	4.5	6.5	4.7	4.5	6.5	4.2	3.9	4.4
GAACAACTTGTAC__0.56212261156454__66	4.4	3.9	4.2	6.5	3.9	4.2	4.5	3.9	6.5	4.2	5.5	4.2
GTACAACGTGTAC__0.561896129264402__74	4.2	5.5	4.2	6.5	3.9	4.2	5.5	4.2	6.5	4.2	5.5	4.2
GGACACATTGTTC__0.56159215908496__56	5.2	4.4	4.2	6.5	4.2	6.5	4.5	3.9	6.5	4.2	3.9	4.4
GCACATGATGTTC__0.561102946964079__59	4.7	6.5	4.2	6.5	4.5	6.5	4.4	4.5	6.5	4.2	3.9	4.4
GCACATAATGTCC__0.560946567475829__71	4.7	6.5	4.2	6.5	4.5	5.5	3.9	4.5	6.5	4.2	4.4	5.2
GCACACAGTGTTC__0.560275123247899__54	4.7	6.5	4.2	6.5	4.2	6.5	4.5	4.2	6.5	4.2	3.9	4.4
GAACAGACTGTTC__0.559927338915412__38	4.4	3.9	4.2	6.5	4.5	4.4	4.2	4.5	6.5	4.2	3.9	4.4
GTACACCATGTCC__0.559643022882998__64	4.2	5.5	4.2	6.5	4.2	5.2	6.5	4.5	6.5	4.2	4.4	5.2
GTACAGCATGTTC__0.559176996090467__67	4.2	5.5	4.2	6.5	4.5	4.7	6.5	4.5	6.5	4.2	3.9	4.4
GTACAATATGTAC__0.558297431467847__92	4.2	5.5	4.2	6.5	3.9	4.5	5.5	4.5	6.5	4.2	5.5	4.2
GAACAAGTTGTAC__0.556918573892939__62	4.4	3.9	4.2	6.5	3.9	4.5	4.2	3.9	6.5	4.2	5.5	4.2
GTACAGTGTGTAC__0.556530853008834__78	4.2	5.5	4.2	6.5	4.5	4.2	6.5	4.2	6.5	4.2	5.5	4.2
GGACAACGTGTAC__0.555418301350917__60	5.2	4.4	4.2	6.5	3.9	4.2	5.5	4.2	6.5	4.2	5.5	4.2
GAACACACTGTCC__0.555157616716299__53	4.4	3.9	4.2	6.5	4.2	6.5	4.2	4.5	6.5	4.2	4.4	5.2
GGACATAGTGTCC__0.55338905579892__54	5.2	4.4	4.2	6.5	4.5	5.5	4.5	4.2	6.5	4.2	4.4	5.2
GCACAAAATGTCC__0.553322280585972__79	4.7	6.5	4.2	6.5	3.9	3.9	3.9	4.5	6.5	4.2	4.4	5.2
GAACATCTTGTCC__0.553177675966962__49	4.4	3.9	4.2	6.5	4.5	4.4	4.5	3.9	6.5	4.2	4.4	5.2
GAACGCGATGTCC__0.552659164992943__52	4.4	3.9	4.2	5.5	4.7	5.5	4.4	4.5	6.5	4.2	4.4	5.2
GGACATCATGTCC__0.551753686546376__54	5.2	4.4	4.2	6.5	4.5	4.4	6.5	4.5	6.5	4.2	4.4	5.2
GTACAGAATGTCC__0.551372087770993__60	4.2	5.5	4.2	6.5	4.5	4.4	3.9	4.5	6.5	4.2	4.4	5.2
GGACATAATGTGC__0.551099861967423__71	5.2	4.4	4.2	6.5	4.5	5.5	3.9	4.5	6.5	4.2	6.5	4.7
GCACATTCTGTTC__0.551018447461664__58	4.7	6.5	4.2	6.5	4.5	3.9	4.4	4.5	6.5	4.2	3.9	4.4
GAACGCAATGTAC__0.550856620006377__86	4.4	3.9	4.2	5.5	4.7	6.5	3.9	4.5	6.5	4.2	5.5	4.2
GCACACTATGTTC__0.550413760146862__55	4.7	6.5	4.2	6.5	4.2	4.5	5.5	4.5	6.5	4.2	3.9	4.4
GGACACCATGTAC__0.550371415791679__62	5.2	4.4	4.2	6.5	4.2	5.2	6.5	4.5	6.5	4.2	5.5	4.2
GGACATTGCGTTC__0.550066819278985__65	5.2	4.4	4.2	6.5	4.5	3.9	6.5	4.7	5.5	4.2	3.9	4.4
GGACACGTTGTAC__0.547342619266094__58	5.2	4.4	4.2	6.5	4.2	5.5	4.2	3.9	6.5	4.2	5.5	4.2
GAACAGACTGTAC__0.547264084389764__51	4.4	3.9	4.2	6.5	4.5	4.4	4.2	4.5	6.5	4.2	5.5	4.2
GAACGCGGTGTTC__0.54715545886475__44	4.4	3.9	4.2	5.5	4.7	5.5	5.2	4.2	6.5	4.2	3.9	4.4
GAACAAATTGTGC__0.545793672832732__64	4.4	3.9	4.2	6.5	3.9	3.9	4.5	3.9	6.5	4.2	6.5	4.7
GCACACGGTGTAC__0.544546467286302__52	4.7	6.5	4.2	6.5	4.2	5.5	5.2	4.2	6.5	4.2	5.5	4.2
GAACACGACGTTC__0.544256991754789__31	4.4	3.9	4.2	6.5	4.2	5.5	4.4	4.2	5.5	4.2	3.9	4.4
GAACATGTTGTAC__0.543883488738221__60	4.4	3.9	4.2	6.5	4.5	6.5	4.2	3.9	6.5	4.2	5.5	4.2
GAACAGGGTGTTC__0.543628792685684__35	4.4	3.9	4.2	6.5	4.5	5.2	5.2	4.2	6.5	4.2	3.9	4.4
GAACAATCTGTTC__0.543283011593445__39	4.4	3.9	4.2	6.5	3.9	4.5	4.4	4.5	6.5	4.2	3.9	4.4
GGACATATTGTAC__0.542571541421155__69	5.2	4.4	4.2	6.5	4.5	5.5	4.5	3.9	6.5	4.2	5.5	4.2
GCACACTTTGTTC__0.54212730746986__60	4.7	6.5	4.2	6.5	4.2	4.5	3.9	3.9	6.5	4.2	3.9	4.4
GGACAGGATGTTC__0.541611160962187__42	5.2	4.4	4.2	6.5	4.5	5.2	4.4	4.5	6.5	4.2	3.9	4.4
GAACACGGTGTGC__0.541584112940994__40	4.4	3.9	4.2	6.5	4.2	5.5	5.2	4.2	6.5	4.2	6.5	4.7
GCACATTTTGTAC__0.540889657160311__88	4.7	6.5	4.2	6.5	4.5	3.9	3.9	3.9	6.5	4.2	5.5	4.2
GAACAGTTTGTCC__0.540690344890219__48	4.4	3.9	4.2	6.5	4.5	4.2	3.9	3.9	6.5	4.2	4.4	5.2
GCACATTTTGTCC__0.540628141072778__80	4.7	6.5	4.2	6.5	4.5	3.9	3.9	3.9	6.5	4.2	4.4	5.2
GAACATAACGTTC__0.540545602210736__53	4.4	3.9	4.2	6.5	4.5	5.5	3.9	4.2	5.5	4.2	3.9	4.4
GGACAGTTTGTTC__0.539964543843731__54	5.2	4.4	4.2	6.5	4.5	4.2	3.9	3.9	6.5	4.2	3.9	4.4
GCACAGAATGTTC__0.538116185304018__46	4.7	6.5	4.2	6.5	4.5	4.4	3.9	4.5	6.5	4.2	3.9	4.4
GAACGTTGTGTTC__0.537956790760061__52	4.4	3.9	4.2	5.5	4.2	3.9	6.5	4.2	6.5	4.2	3.9	4.4
GCACAAAGTGTTC__0.537880462071443__50	4.7	6.5	4.2	6.5	3.9	3.9	4.5	4.2	6.5	4.2	3.9	4.4
GGACACGCTGTTC__0.535606340214524__38	5.2	4.4	4.2	6.5	4.2	5.5	4.7	4.5	6.5	4.2	3.9	4.4
GTACACGCTGTAC__0.535423974085051__57	4.2	5.5	4.2	6.5	4.2	5.5	4.7	4.5	6.5	4.2	5.5	4.2
GAACAGGGTGTAC__0.534185459463287__42	4.4	3.9	4.2	6.5	4.5	5.2	5.2	4.2	6.5	4.2	5.5	4.2
GAACACGGCGTAC__0.533167821281473__40	4.4	3.9	4.2	6.5	4.2	5.5	5.2	4.7	5.5	4.2	5.5	4.2
GTACACATTGTAC__0.532724061941929__70	4.2	5.5	4.2	6.5	4.2	6.5	4.5	3.9	6.5	4.2	5.5	4.2
GAACACGACGTAC__0.531359163878874__43	4.4	3.9	4.2	6.5	4.2	5.5	4.4	4.2	5.5	4.2	5.5	4.2
GGACAGTATGTTC__0.529468534418459__43	5.2	4.4	4.2	6.5	4.5	4.2	5.5	4.5	6.5	4.2	3.9	4.4
GTACGCAATGTTC__0.529430903451905__61	4.2	5.5	4.2	5.5	4.7	6.5	3.9	4.5	6.5	4.2	3.9	4.4
GCACATCATGTTC__0.529238456633677__49	4.7	6.5	4.2	6.5	4.5	4.4	6.5	4.5	6.5	4.2	3.9	4.4
GGACAATATGTAC__0.528046356418498__65	5.2	4.4	4.2	6.5	3.9	4.5	5.5	4.5	6.5	4.2	5.5	4.2
GTACAAATTGTCC__0.526370954392244__62	4.2	5.5	4.2	6.5	3.9	3.9	4.5	3.9	6.5	4.2	4.4	5.2
GAACGTTCTGTAC__0.525440118900299__45	4.4	3.9	4.2	5.5	4.2	3.9	4.4	4.5	6.5	4.2	5.5	4.2
GCACACGATGTCC__0.524692110557242__38	4.7	6.5	4.2	6.5	4.2	5.5	4.4	4.5	6.5	4.2	4.4	5.2
GGACAACATGTTC__0.524120046490138__44	5.2	4.4	4.2	6.5	3.9	4.2	6.5	4.5	6.5	4.2	3.9	4.4
GTACAGTTTGTAC__0.523801233617558__69	4.2	5.5	4.2	6.5	4.5	4.2	3.9	3.9	6.5	4.2	5.5	4.2
GAACAAGCTGTTC__0.523777074037766__33	4.4	3.9	4.2	6.5	3.9	4.5	4.7	4.5	6.5	4.2	3.9	4.4
GTACAGGGTGTTC__0.523769325437878__42	4.2	5.5	4.2	6.5	4.5	5.2	5.2	4.2	6.5	4.2	3.9	4.4
GTACTTTGTGTTC__0.522406173442553__78	4.2	5.5	4.2	4.5	3.9	3.9	6.5	4.2	6.5	4.2	3.9	4.4
GGACGCAATGTTC__0.520905955126114__48	5.2	4.4	4.2	5.5	4.7	6.5	3.9	4.5	6.5	4.2	3.9	4.4
GCACACTATGTAC__0.520777573574556__57	4.7	6.5	4.2	6.5	4.2	4.5	5.5	4.5	6.5	4.2	5.5	4.2
GAACAAAATGTTT__0.520638091783297__54	4.4	3.9	4.2	6.5	3.9	3.9	3.9	4.5	6.5	4.2	3.9	3.9
GGACACCGTGTCC__0.520625191791447__32	5.2	4.4	4.2	6.5	4.2	5.2	5.5	4.2	6.5	4.2	4.4	5.2
GCACAAAATGTAC__0.52014726299244__82	4.7	6.5	4.2	6.5	3.9	3.9	3.9	4.5	6.5	4.2	5.5	4.2
GAACAGTGTGTCC__0.519258049577071__37	4.4	3.9	4.2	6.5	4.5	4.2	6.5	4.2	6.5	4.2	4.4	5.2
GCACATGATGTAC__0.518832067953969__56	4.7	6.5	4.2	6.5	4.5	6.5	4.4	4.5	6.5	4.2	5.5	4.2
GCACATGGTGTTC__0.517904206770197__42	4.7	6.5	4.2	6.5	4.5	6.5	5.2	4.2	6.5	4.2	3.9	4.4
GGACATCCTGTAC__0.516635119237416__41	5.2	4.4	4.2	6.5	4.5	4.4	5.2	4.5	6.5	4.2	5.5	4.2
GAACAGGTTGTTC__0.516402213031255__32	4.4	3.9	4.2	6.5	4.5	5.2	4.2	3.9	6.5	4.2	3.9	4.4
GCACACAGTGTAC__0.515811281306837__53	4.7	6.5	4.2	6.5	4.2	6.5	4.5	4.2	6.5	4.2	5.5	4.2
GTACAATCTGTTC__0.515401266934152__43	4.2	5.5	4.2	6.5	3.9	4.5	4.4	4.5	6.5	4.2	3.9	4.4
GGACACATTGTCC__0.515142570612313__43	5.2	4.4	4.2	6.5	4.2	6.5	4.5	3.9	6.5	4.2	4.4	5.2
GAACATTCCGTTC__0.514319274178106__38	4.4	3.9	4.2	6.5	4.5	3.9	4.4	5.2	5.5	4.2	3.9	4.4
GAACACTGCGTTC__0.514317174714372__38	4.4	3.9	4.2	6.5	4.2	4.5	6.5	4.7	5.5	4.2	3.9	4.4
GCACATCGTGTCC__0.51141183861072__37	4.7	6.5	4.2	6.5	4.5	4.4	5.5	4.2	6.5	4.2	4.4	5.2
GAACATGGCGTTC__0.511215232929125__36	4.4	3.9	4.2	6.5	4.5	6.5	5.2	4.7	5.5	4.2	3.9	4.4
GAACGTCCTGTTC__0.510866285618372__28	4.4	3.9	4.2	5.5	4.2	4.4	5.2	4.5	6.5	4.2	3.9	4.4
GTACGCAATGTAC__0.509923977949335__72	4.2	5.5	4.2	5.5	4.7	6.5	3.9	4.5	6.5	4.2	5.5	4.2
GAACGCTATGTTC__0.509536939984937__36	4.4	3.9	4.2	5.5	4.7	4.5	5.5	4.5	6.5	4.2	3.9	4.4
GAACACGCTGTCC__0.509087252230513__31	4.4	3.9	4.2	6.5	4.2	5.5	4.7	4.5	6.5	4.2	4.4	5.2
GAACAAGGTGTCC__0.507885735969914__30	4.4	3.9	4.2	6.5	3.9	4.5	5.2	4.2	6.5	4.2	4.4	5.2
GAACAATATGTGC__0.507689204645437__46	4.4	3.9	4.2	6.5	3.9	4.5	5.5	4.5	6.5	4.2	6.5	4.7
GGACATATTGTCC__0.507615997660235__45	5.2	4.4	4.2	6.5	4.5	5.5	4.5	3.9	6.5	4.2	4.4	5.2
GGACACCATGTCC__0.506992350660393__36	5.2	4.4	4.2	6.5	4.2	5.2	6.5	4.5	6.5	4.2	4.4	5.2
GAACAAGTTGTCC__0.506857893230601__34	4.4	3.9	4.2	6.5	3.9	4.5	4.2	3.9	6.5	4.2	4.4	5.2
GAACATATTGTGC__0.506739560522971__43	4.4	3.9	4.2	6.5	4.5	5.5	4.5	3.9	6.5	4.2	6.5	4.7
GTACACCTTGTAC__0.505813222001725__47	4.2	5.5	4.2	6.5	4.2	5.2	4.5	3.9	6.5	4.2	5.5	4.2
GAACAAAACGTTC__0.505264090476448__50	4.4	3.9	4.2	6.5	3.9	3.9	3.9	4.2	5.5	4.2	3.9	4.4
GTACACGACGTTC__0.504842428349377__27	4.2	5.5	4.2	6.5	4.2	5.5	4.4	4.2	5.5	4.2	3.9	4.4
AAACATAATGTTC__0.504414703647649__38	3.9	3.9	4.2	6.5	4.5	5.5	3.9	4.5	6.5	4.2	3.9	4.4
GTACACTATGTGC__0.504313405165606__48	4.2	5.5	4.2	6.5	4.2	4.5	5.5	4.5	6.5	4.2	6.5	4.7
GAACACAAAGTTC__0.503970072579856__47	4.4	3.9	4.2	6.5	4.2	6.5	3.9	3.9	4.5	4.2	3.9	4.4
GGACAAGGTGTAC__0.503702003502457__39	5.2	4.4	4.2	6.5	3.9	4.5	5.2	4.2	6.5	4.2	5.5	4.2
GGACAGTTTGTAC__0.503554240118937__48	5.2	4.4	4.2	6.5	4.5	4.2	3.9	3.9	6.5	4.2	5.5	4.2
GTACATCCTGTAC__0.502881139460421__46	4.2	5.5	4.2	6.5	4.5	4.4	5.2	4.5	6.5	4.2	5.5	4.2
GCACATAGTGTCC__0.502191826745332__39	4.7	6.5	4.2	6.5	4.5	5.5	4.5	4.2	6.5	4.2	4.4	5.2
GAACGCCGTGTAC__0.500786428468359__29	4.4	3.9	4.2	5.5	4.7	5.2	5.5	4.2	6.5	4.2	5.5	4.2
GTACAATTTGTCC__0.50006380661232__54	4.2	5.5	4.2	6.5	3.9	4.5	3.9	3.9	6.5	4.2	4.4	5.2
GAACGTAATGTAC__0.499726830025505__54	4.4	3.9	4.2	5.5	4.2	5.5	3.9	4.5	6.5	4.2	5.5	4.2
GGACAAGTTGTTC__0.499643354548011__33	5.2	4.4	4.2	6.5	3.9	4.5	4.2	3.9	6.5	4.2	3.9	4.4
GGACACAGTGTCC__0.499542773036846__33	5.2	4.4	4.2	6.5	4.2	6.5	4.5	4.2	6.5	4.2	4.4	5.2
GTACGTAATGTTC__0.499377545411704__48	4.2	5.5	4.2	5.5	4.2	5.5	3.9	4.5	6.5	4.2	3.9	4.4
GGACAAAGTGTCC__0.499294953651925__38	5.2	4.4	4.2	6.5	3.9	3.9	4.5	4.2	6.5	4.2	4.4	5.2
GTACACTCTGTCC__0.499285944978449__36	4.2	5.5	4.2	6.5	4.2	4.5	4.4	4.5	6.5	4.2	4.4	5.2
GAACAATCTGTAC__0.499101332125549__36	4.4	3.9	4.2	6.5	3.9	4.5	4.4	4.5	6.5	4.2	5.5	4.2
GAACAAGCTGTAC__0.498913493190112__38	4.4	3.9	4.2	6.5	3.9	4.5	4.7	4.5	6.5	4.2	5.5	4.2
GGACATCTTGTCC__0.498282187165686__34	5.2	4.4	4.2	6.5	4.5	4.4	4.5	3.9	6.5	4.2	4.4	5.2
GCACAAATTGTTC__0.497739701348346__41	4.7	6.5	4.2	6.5	3.9	3.9	4.5	3.9	6.5	4.2	3.9	4.4
GTACATCCTGTCC__0.497520712129087__40	4.2	5.5	4.2	6.5	4.5	4.4	5.2	4.5	6.5	4.2	4.4	5.2
GCACACTCTGTTC__0.496353396166411__29	4.7	6.5	4.2	6.5	4.2	4.5	4.4	4.5	6.5	4.2	3.9	4.4
GTACGTTGTGTTC__0.49572763058624__56	4.2	5.5	4.2	5.5	4.2	3.9	6.5	4.2	6.5	4.2	3.9	4.4
GAACATTTCGTTC__0.495016797750257__42	4.4	3.9	4.2	6.5	4.5	3.9	3.9	4.4	5.5	4.2	3.9	4.4
GCACAAGATGTTC__0.494636740700906__33	4.7	6.5	4.2	6.5	3.9	4.5	4.4	4.5	6.5	4.2	3.9	4.4
GCACACTATGTCC__0.494075955231624__39	4.7	6.5	4.2	6.5	4.2	4.5	5.5	4.5	6.5	4.2	4.4	5.2
GGACAAATTGTCC__0.49402845594069__41	5.2	4.4	4.2	6.5	3.9	3.9	4.5	3.9	6.5	4.2	4.4	5.2
GTACATCTTGTCC__0.49396908943023__44	4.2	5.5	4.2	6.5	4.5	4.4	4.5	3.9	6.5	4.2	4.4	5.2
GTACATCGCGTAC__0.49387240538105__53	4.2	5.5	4.2	6.5	4.5	4.4	5.5	4.7	5.5	4.2	5.5	4.2
GAACATAAAGTTC__0.493176600180366__42	4.4	3.9	4.2	6.5	4.5	5.5	3.9	3.9	4.5	4.2	3.9	4.4
GAACGTCATGTTC__0.492938282949468__29	4.4	3.9	4.2	5.5	4.2	4.4	6.5	4.5	6.5	4.2	3.9	4.4
GAACAGAACGTAC__0.492474144635552__43	4.4	3.9	4.2	6.5	4.5	4.4	3.9	4.2	5.5	4.2	5.5	4.2
GCACATCATGTAC__0.491956526192623__45	4.7	6.5	4.2	6.5	4.5	4.4	6.5	4.5	6.5	4.2	5.5	4.2
GTACAGGTTGTTC__0.490921207918625__37	4.2	5.5	4.2	6.5	4.5	5.2	4.2	3.9	6.5	4.2	3.9	4.4
GTACACAACGTTC__0.490469525686495__43	4.2	5.5	4.2	6.5	4.2	6.5	3.9	4.2	5.5	4.2	3.9	4.4
GTACACGCTGTCC__0.490234344816169__34	4.2	5.5	4.2	6.5	4.2	5.5	4.7	4.5	6.5	4.2	4.4	5.2
GTACGGAATGTTC__0.490223465163473__37	4.2	5.5	4.2	5.5	5.2	4.4	3.9	4.5	6.5	4.2	3.9	4.4
GTACGCGGTGTTC__0.489957592828043__39	4.2	5.5	4.2	5.5	4.7	5.5	5.2	4.2	6.5	4.2	3.9	4.4
GAACATGGTGTGC__0.489310375235215__33	4.4	3.9	4.2	6.5	4.5	6.5	5.2	4.2	6.5	4.2	6.5	4.7
GGACAAGGTGTTC__0.489071204822339__26	5.2	4.4	4.2	6.5	3.9	4.5	5.2	4.2	6.5	4.2	3.9	4.4
GAACATGCTGTCC__0.488867594934769__33	4.4	3.9	4.2	6.5	4.5	6.5	4.7	4.5	6.5	4.2	4.4	5.2
GTACACATTGTCC__0.48830673126265__42	4.2	5.5	4.2	6.5	4.2	6.5	4.5	3.9	6.5	4.2	4.4	5.2
GGACAACATGTAC__0.488033795139974__47	5.2	4.4	4.2	6.5	3.9	4.2	6.5	4.5	6.5	4.2	5.5	4.2
GTACTTAATGTTC__0.487462106187684__49	4.2	5.5	4.2	4.5	3.9	5.5	3.9	4.5	6.5	4.2	3.9	4.4
GAACTAAATGTTC__0.487182847475299__42	4.4	3.9	4.2	4.5	5.5	3.9	3.9	4.5	6.5	4.2	3.9	4.4
GGACACTCTGTAC__0.48660878599524__29	5.2	4.4	4.2	6.5	4.2	4.5	4.4	4.5	6.5	4.2	5.5	4.2
GTACATCACGTTC__0.485848441753172__39	4.2	5.5	4.2	6.5	4.5	4.4	6.5	4.2	5.5	4.2	3.9	4.4
GTACAATGTGTCC__0.484846752795213__41	4.2	5.5	4.2	6.5	3.9	4.5	6.5	4.2	6.5	4.2	4.4	5.2
GTACATGCTGTAC__0.483982160718403__48	4.2	5.5	4.2	6.5	4.5	6.5	4.7	4.5	6.5	4.2	5.5	4.2
GCACATCTTGTTC__0.482146275747101__35	4.7	6.5	4.2	6.5	4.5	4.4	4.5	3.9	6.5	4.2	3.9	4.4
GGACATGTTGTAC__0.481916206486382__41	5.2	4.4	4.2	6.5	4.5	6.5	4.2	3.9	6.5	4.2	5.5	4.2
GAACAATGTGTGC__0.481635473957032__34	4.4	3.9	4.2	6.5	3.9	4.5	6.5	4.2	6.5	4.2	6.5	4.7
GTACAATTTGTAC__0.481493834696394__53	4.2	5.5	4.2	6.5	3.9	4.5	3.9	3.9	6.5	4.2	5.5	4.2
GGACACGCTGTAC__0.481246255719374__33	5.2	4.4	4.2	6.5	4.2	5.5	4.7	4.5	6.5	4.2	5.5	4.2
GAACAGTACGTTC__0.481224127482795__26	4.4	3.9	4.2	6.5	4.5	4.2	5.5	4.2	5.5	4.2	3.9	4.4
GGACATGCTGTTC__0.481065109417706__31	5.2	4.4	4.2	6.5	4.5	6.5	4.7	4.5	6.5	4.2	3.9	4.4
GAACATCGAGTTC__0.479509039194143__22	4.4	3.9	4.2	6.5	4.5	4.4	5.5	4.4	4.5	4.2	3.9	4.4
AGACAAAATGTTC__0.479162949656812__37	4.5	4.4	4.2	6.5	3.9	3.9	3.9	4.5	6.5	4.2	3.9	4.4
GAACATAGAGTTC__0.479108277445236__26	4.4	3.9	4.2	6.5	4.5	5.5	4.5	4.4	4.5	4.2	3.9	4.4
GAACGTAGTGTTC__0.478780179872227__28	4.4	3.9	4.2	5.5	4.2	5.5	4.5	4.2	6.5	4.2	3.9	4.4
GTACAGTATGTAC__0.478518919637811__42	4.2	5.5	4.2	6.5	4.5	4.2	5.5	4.5	6.5	4.2	5.5	4.2
GGACAGACTGTTC__0.478157568059427__22	5.2	4.4	4.2	6.5	4.5	4.4	4.2	4.5	6.5	4.2	3.9	4.4
GAACGCGGTGTAC__0.477965885595598__33	4.4	3.9	4.2	5.5	4.7	5.5	5.2	4.2	6.5	4.2	5.5	4.2
GAACTTAATGTTC__0.477106604536384__35	4.4	3.9	4.2	4.5	3.9	5.5	3.9	4.5	6.5	4.2	3.9	4.4
GTACTTTATGTTC__0.476395847810455__51	4.2	5.5	4.2	4.5	3.9	3.9	5.5	4.5	6.5	4.2	3.9	4.4
GAACAACGTGTGC__0.475630537384565__29	4.4	3.9	4.2	6.5	3.9	4.2	5.5	4.2	6.5	4.2	6.5	4.7
GTACAGAGTGTGC__0.47543961059673__30	4.2	5.5	4.2	6.5	4.5	4.4	4.5	4.2	6.5	4.2	6.5	4.7
GAACAGAACGTCC__0.47490026858738__27	4.4	3.9	4.2	6.5	4.5	4.4	3.9	4.2	5.5	4.2	4.4	5.2
GAACACGTTGTGC__0.47478766230092__27	4.4	3.9	4.2	6.5	4.2	5.5	4.2	3.9	6.5	4.2	6.5	4.7
GAACATAATGTTT__0.473300414335274__30	4.4	3.9	4.2	6.5	4.5	5.5	3.9	4.5	6.5	4.2	3.9	3.9
GGACATACTGTAC__0.47163414924926__35	5.2	4.4	4.2	6.5	4.5	5.5	4.2	4.5	6.5	4.2	5.5	4.2
GTACTCAATGTTC__0.471037495205929__35	4.2	5.5	4.2	4.5	4.4	6.5	3.9	4.5	6.5	4.2	3.9	4.4
AAACAAAATGTTC__0.47062932773948__36	3.9	3.9	4.2	6.5	3.9	3.9	3.9	4.5	6.5	4.2	3.9	4.4
GGACAGGGTGTTC__0.47050957271336__23	5.2	4.4	4.2	6.5	4.5	5.2	5.2	4.2	6.5	4.2	3.9	4.4
GAACATCACGTTC__0.469941233763674__26	4.4	3.9	4.2	6.5	4.5	4.4	6.5	4.2	5.5	4.2	3.9	4.4
GCACACCATGTAC__0.469102966415403__38	4.7	6.5	4.2	6.5	4.2	5.2	6.5	4.5	6.5	4.2	5.5	4.2
GAACACGGAGTAC__0.467988597533623__29	4.4	3.9	4.2	6.5	4.2	5.5	5.2	4.4	4.5	4.2	5.5	4.2
GAACATCGAGTAC__0.467118611536925__25	4.4	3.9	4.2	6.5	4.5	4.4	5.5	4.4	4.5	4.2	5.5	4.2
GTACGCAGTGTTC__0.467061859597758__33	4.2	5.5	4.2	5.5	4.7	6.5	4.5	4.2	6.5	4.2	3.9	4.4
GTACACGACGTAC__0.466669774583568__29	4.2	5.5	4.2	6.5	4.2	5.5	4.4	4.2	5.5	4.2	5.5	4.2
GAACATTGTGTTT__0.466464286888878__28	4.4	3.9	4.2	6.5	4.5	3.9	6.5	4.2	6.5	4.2	3.9	3.9
GAACATAATGTCT__0.466208128351044__26	4.4	3.9	4.2	6.5	4.5	5.5	3.9	4.5	6.5	4.2	4.4	4.5
GAACGCGGTGTCC__0.466072585697731__24	4.4	3.9	4.2	5.5	4.7	5.5	5.2	4.2	6.5	4.2	4.4	5.2
GAACATTATGTCT__0.465820623220346__27	4.4	3.9	4.2	6.5	4.5	3.9	5.5	4.5	6.5	4.2	4.4	4.5
GTACAGACTGTTC__0.465554181976779__22	4.2	5.5	4.2	6.5	4.5	4.4	4.2	4.5	6.5	4.2	3.9	4.4
GAACACGGAGTTC__0.465251384419078__22	4.4	3.9	4.2	6.5	4.2	5.5	5.2	4.4	4.5	4.2	3.9	4.4
GCACATTCTGTAC__0.462907405811718__33	4.7	6.5	4.2	6.5	4.5	3.9	4.4	4.5	6.5	4.2	5.5	4.2
GAACAATCTGTCC__0.462853339861791__23	4.4	3.9	4.2	6.5	3.9	4.5	4.4	4.5	6.5	4.2	4.4	5.2
GAACATCACGTAC__0.46284083840151__33	4.4	3.9	4.2	6.5	4.5	4.4	6.5	4.2	5.5	4.2	5.5	4.2
GAACGGGATGTTC__0.462118185488963__22	4.4	3.9	4.2	5.5	5.2	5.2	4.4	4.5	6.5	4.2	3.9	4.4
GGACACACTGTAC__0.461821442433399__33	5.2	4.4	4.2	6.5	4.2	6.5	4.2	4.5	6.5	4.2	5.5	4.2
GCACAGAGTGTTC__0.461522874035143__20	4.7	6.5	4.2	6.5	4.5	4.4	4.5	4.2	6.5	4.2	3.9	4.4
GTACATTTAGTTC__0.461306943334668__50	4.2	5.5	4.2	6.5	4.5	3.9	3.9	5.5	4.5	4.2	3.9	4.4
GGACACGACGTTC__0.461268241826791__17	5.2	4.4	4.2	6.5	4.2	5.5	4.4	4.2	5.5	4.2	3.9	4.4
GCACAGAATGTAC__0.461027357787204__35	4.7	6.5	4.2	6.5	4.5	4.4	3.9	4.5	6.5	4.2	5.5	4.2
GGACATTGCGTAC__0.460805588430452__38	5.2	4.4	4.2	6.5	4.5	3.9	6.5	4.7	5.5	4.2	5.5	4.2
GAACATAACGTAC__0.459805624176979__40	4.4	3.9	4.2	6.5	4.5	5.5	3.9	4.2	5.5	4.2	5.5	4.2
GTACACCATGTGC__0.458446952418731__31	4.2	5.5	4.2	6.5	4.2	5.2	6.5	4.5	6.5	4.2	6.5	4.7
GGACAGTTTGTCC__0.458412196866832__29	5.2	4.4	4.2	6.5	4.5	4.2	3.9	3.9	6.5	4.2	4.4	5.2
GCACACGTTGTAC__0.458340418642005__31	4.7	6.5	4.2	6.5	4.2	5.5	4.2	3.9	6.5	4.2	5.5	4.2
GAACAGTTTGTGC__0.458247339342396__26	4.4	3.9	4.2	6.5	4.5	4.2	3.9	3.9	6.5	4.2	6.5	4.7
GAACAGCCTGTTC__0.458181446164117__18	4.4	3.9	4.2	6.5	4.5	4.7	5.2	4.5	6.5	4.2	3.9	4.4
GTACACTGCGTTC__0.457512695757857__33	4.2	5.5	4.2	6.5	4.2	4.5	6.5	4.7	5.5	4.2	3.9	4.4
GGACGTCCTGTTC__0.457280219942834__20	5.2	4.4	4.2	5.5	4.2	4.4	5.2	4.5	6.5	4.2	3.9	4.4
GGACATGCTGTAC__0.455623596455557__32	5.2	4.4	4.2	6.5	4.5	6.5	4.7	4.5	6.5	4.2	5.5	4.2
GAACAGGTTGTAC__0.455097753361019__24	4.4	3.9	4.2	6.5	4.5	5.2	4.2	3.9	6.5	4.2	5.5	4.2
GTACAAAGTGTGC__0.454802904666984__35	4.2	5.5	4.2	6.5	3.9	3.9	4.5	4.2	6.5	4.2	6.5	4.7
GAACAGTGTGTGC__0.454766626578245__24	4.4	3.9	4.2	6.5	4.5	4.2	6.5	4.2	6.5	4.2	6.5	4.7
GTACATGCTGTCC__0.454704910316016__33	4.2	5.5	4.2	6.5	4.5	6.5	4.7	4.5	6.5	4.2	4.4	5.2
GAACAAAATGTCT__0.454526934800486__28	4.4	3.9	4.2	6.5	3.9	3.9	3.9	4.5	6.5	4.2	4.4	4.5
GGACTTTATGTTC__0.454212869386231__32	5.2	4.4	4.2	4.5	3.9	3.9	5.5	4.5	6.5	4.2	3.9	4.4
GGACATGTTGTCC__0.454064604252657__28	5.2	4.4	4.2	6.5	4.5	6.5	4.2	3.9	6.5	4.2	4.4	5.2
GCACACGGTGTCC__0.453328725536147__20	4.7	6.5	4.2	6.5	4.2	5.5	5.2	4.2	6.5	4.2	4.4	5.2
GGACGCGGTGTTC__0.451953403682076__23	5.2	4.4	4.2	5.5	4.7	5.5	5.2	4.2	6.5	4.2	3.9	4.4
GTACAGGGTGTAC__0.451215252868218__28	4.2	5.5	4.2	6.5	4.5	5.2	5.2	4.2	6.5	4.2	5.5	4.2
GTACAAGCTGTTC__0.450938332121102__23	4.2	5.5	4.2	6.5	3.9	4.5	4.7	4.5	6.5	4.2	3.9	4.4
GTACGCTATGTTC__0.450934306947076__30	4.2	5.5	4.2	5.5	4.7	4.5	5.5	4.5	6.5	4.2	3.9	4.4
GAACATCGCGTCC__0.450816936971147__23	4.4	3.9	4.2	6.5	4.5	4.4	5.5	4.7	5.5	4.2	4.4	5.2
GTACACTACGTTC__0.450513648660833__29	4.2	5.5	4.2	6.5	4.2	4.5	5.5	4.2	5.5	4.2	3.9	4.4
GCACATTGCGTTC__0.450424743699963__33	4.7	6.5	4.2	6.5	4.5	3.9	6.5	4.7	5.5	4.2	3.9	4.4
GTACAGTTTGTCC__0.450364106257921__34	4.2	5.5	4.2	6.5	4.5	4.2	3.9	3.9	6.5	4.2	4.4	5.2
GTACATAGCGTTC__0.450017094250297__29	4.2	5.5	4.2	6.5	4.5	5.5	4.5	4.7	5.5	4.2	3.9	4.4
GAACAACGCGTAC__0.449564931660253__35	4.4	3.9	4.2	6.5	3.9	4.2	5.5	4.7	5.5	4.2	5.5	4.2
GGACGTTGTGTTC__0.448385821199536__27	5.2	4.4	4.2	5.5	4.2	3.9	6.5	4.2	6.5	4.2	3.9	4.4
GAACAAGGTGTGC__0.447932518105474__22	4.4	3.9	4.2	6.5	3.9	4.5	5.2	4.2	6.5	4.2	6.5	4.7
TAACATTGTGTTC__0.447914606905487__31	5.5	3.9	4.2	6.5	4.5	3.9	6.5	4.2	6.5	4.2	3.9	4.4
GAAGATAATGTTC__0.447540034141903__23	4.4	3.9	4.5	4.4	4.5	5.5	3.9	4.5	6.5	4.2	3.9	4.4
GGACTTTGTGTTC__0.447490274541122__31	5.2	4.4	4.2	4.5	3.9	3.9	6.5	4.2	6.5	4.2	3.9	4.4
ATACATCGTGTTC__0.447049051470557__21	4.5	5.5	4.2	6.5	4.5	4.4	5.5	4.2	6.5	4.2	3.9	4.4
GGACACAACGTTC__0.44694096779881__26	5.2	4.4	4.2	6.5	4.2	6.5	3.9	4.2	5.5	4.2	3.9	4.4
GAACATTATGTTA__0.446689663672891__28	4.4	3.9	4.2	6.5	4.5	3.9	5.5	4.5	6.5	4.2	3.9	5.5
GAACATTGTGTTA__0.446527730081384__27	4.4	3.9	4.2	6.5	4.5	3.9	6.5	4.2	6.5	4.2	3.9	5.5
GTACACGGCGTAC__0.446360644488593__24	4.2	5.5	4.2	6.5	4.2	5.5	5.2	4.7	5.5	4.2	5.5	4.2
GGACAACTTGTAC__0.446199247946039__27	5.2	4.4	4.2	6.5	3.9	4.2	4.5	3.9	6.5	4.2	5.5	4.2
GGACAGAACGTTC__0.445114932937472__21	5.2	4.4	4.2	6.5	4.5	4.4	3.9	4.2	5.5	4.2	3.9	4.4
GAACAAAAAGTAC__0.444879048084317__53	4.4	3.9	4.2	6.5	3.9	3.9	3.9	3.9	4.5	4.2	5.5	4.2
GTACGCGATGTCC__0.444624528861613__27	4.2	5.5	4.2	5.5	4.7	5.5	4.4	4.5	6.5	4.2	4.4	5.2
GGACATTACGTTC__0.443337580480427__26	5.2	4.4	4.2	6.5	4.5	3.9	5.5	4.2	5.5	4.2	3.9	4.4
GAACAGGACGTAC__0.443333651147514__23	4.4	3.9	4.2	6.5	4.5	5.2	4.4	4.2	5.5	4.2	5.5	4.2
GGACAGTATGTAC__0.442840786250155__27	5.2	4.4	4.2	6.5	4.5	4.2	5.5	4.5	6.5	4.2	5.5	4.2
GAACGGGGTGTTC__0.442420215529479__18	4.4	3.9	4.2	5.5	5.2	5.2	5.2	4.2	6.5	4.2	3.9	4.4
GTACAGGACGTTC__0.44220282425943__20	4.2	5.5	4.2	6.5	4.5	5.2	4.4	4.2	5.5	4.2	3.9	4.4
GAACTCAATGTAC__0.442044184503408__31	4.4	3.9	4.2	4.5	4.4	6.5	3.9	4.5	6.5	4.2	5.5	4.2
GTACAAGCTGTAC__0.441766475609777__28	4.2	5.5	4.2	6.5	3.9	4.5	4.7	4.5	6.5	4.2	5.5	4.2
GAACATGACGTAC__0.441385761183521__27	4.4	3.9	4.2	6.5	4.5	6.5	4.4	4.2	5.5	4.2	5.5	4.2
GTACAATCTGTAC__0.441127203109319__28	4.2	5.5	4.2	6.5	3.9	4.5	4.4	4.5	6.5	4.2	5.5	4.2
GAACAGTATGTGC__0.440933377370849__21	4.4	3.9	4.2	6.5	4.5	4.2	5.5	4.5	6.5	4.2	6.5	4.7
GAACATGGCGTAC__0.440829028464462__26	4.4	3.9	4.2	6.5	4.5	6.5	5.2	4.7	5.5	4.2	5.5	4.2
GAACATAGAGTAC__0.440607252157978__25	4.4	3.9	4.2	6.5	4.5	5.5	4.5	4.4	4.5	4.2	5.5	4.2
GCACAAGATGTAC__0.440549535771792__29	4.7	6.5	4.2	6.5	3.9	4.5	4.4	4.5	6.5	4.2	5.5	4.2
GAACACAGCGTTC__0.440469186704538__20	4.4	3.9	4.2	6.5	4.2	6.5	4.5	4.7	5.5	4.2	3.9	4.4
GCACAGTATGTTC__0.439751428725754__22	4.7	6.5	4.2	6.5	4.5	4.2	5.5	4.5	6.5	4.2	3.9	4.4
GAACAAAACGTCC__0.43966784478724__31	4.4	3.9	4.2	6.5	3.9	3.9	3.9	4.2	5.5	4.2	4.4	5.2
GCACAGGATGTTC__0.439511791995974__19	4.7	6.5	4.2	6.5	4.5	5.2	4.4	4.5	6.5	4.2	3.9	4.4
GGACATCATGTGC__0.439387686064903__23	5.2	4.4	4.2	6.5	4.5	4.4	6.5	4.5	6.5	4.2	6.5	4.7
GCACAGCGTGTTC__0.43918727732081__19	4.7	6.5	4.2	6.5	4.5	4.7	5.5	4.2	6.5	4.2	3.9	4.4
GGACACGTTGTCC__0.439095775318003__20	5.2	4.4	4.2	6.5	4.2	5.5	4.2	3.9	6.5	4.2	4.4	5.2
GGACTCAATGTTC__0.438681938112825__20	5.2	4.4	4.2	4.5	4.4	6.5	3.9	4.5	6.5	4.2	3.9	4.4
GAGCACAATGTTC__0.438489051440524__23	4.4	4.5	4.7	6.5	4.2	6.5	3.9	4.5	6.5	4.2	3.9	4.4
GTACAGACTGTAC__0.438486124229721__24	4.2	5.5	4.2	6.5	4.5	4.4	4.2	4.5	6.5	4.2	5.5	4.2
GGACATACTGTCC__0.438268518639426__22	5.2	4.4	4.2	6.5	4.5	5.5	4.2	4.5	6.5	4.2	4.4	5.2
GGACAAAACGTTC__0.438235689169204__29	5.2	4.4	4.2	6.5	3.9	3.9	3.9	4.2	5.5	4.2	3.9	4.4
GTACATTCCGTTC__0.438050116866634__29	4.2	5.5	4.2	6.5	4.5	3.9	4.4	5.2	5.5	4.2	3.9	4.4
GAACATTGTGTAT__0.438027195924837__24	4.4	3.9	4.2	6.5	4.5	3.9	6.5	4.2	6.5	4.2	5.5	4.5
GCACAAAGTGTAC__0.43785287058498__31	4.7	6.5	4.2	6.5	3.9	3.9	4.5	4.2	6.5	4.2	5.5	4.2
GGACAGTGTGTAC__0.437745129453216__25	5.2	4.4	4.2	6.5	4.5	4.2	6.5	4.2	6.5	4.2	5.5	4.2
GTACAATGTGTGC__0.437654078484365__30	4.2	5.5	4.2	6.5	3.9	4.5	6.5	4.2	6.5	4.2	6.5	4.7
GAACATTGAGTTC__0.437574295648683__21	4.4	3.9	4.2	6.5	4.5	3.9	6.5	4.4	4.5	4.2	3.9	4.4
GAACAGAGCGTTC__0.437339359317494__15	4.4	3.9	4.2	6.5	4.5	4.4	4.5	4.7	5.5	4.2	3.9	4.4
GGACAAAGTGTGC__0.436126984176731__26	5.2	4.4	4.2	6.5	3.9	3.9	4.5	4.2	6.5	4.2	6.5	4.7
GTACGTTGTGTAC__0.435888187858812__38	4.2	5.5	4.2	5.5	4.2	3.9	6.5	4.2	6.5	4.2	5.5	4.2
GAACATCGCGTGC__0.43581191105247__21	4.4	3.9	4.2	6.5	4.5	4.4	5.5	4.7	5.5	4.2	6.5	4.7
GAACTATTTGTTC__0.435368825762375__25	4.4	3.9	4.2	4.5	5.5	4.5	3.9	3.9	6.5	4.2	3.9	4.4
GAACGCCATGTAC__0.435331807539657__26	4.4	3.9	4.2	5.5	4.7	5.2	6.5	4.5	6.5	4.2	5.5	4.2
GCACAACGTGTAC__0.435174825957851__25	4.7	6.5	4.2	6.5	3.9	4.2	5.5	4.2	6.5	4.2	5.5	4.2
GAACGTCATGTAC__0.43483200654036__22	4.4	3.9	4.2	5.5	4.2	4.4	6.5	4.5	6.5	4.2	5.5	4.2
GGACAAGTTGTAC__0.434769821608763__24	5.2	4.4	4.2	6.5	3.9	4.5	4.2	3.9	6.5	4.2	5.5	4.2
GGACGCAATGTAC__0.434712840826968__33	5.2	4.4	4.2	5.5	4.7	6.5	3.9	4.5	6.5	4.2	5.5	4.2
GGACACTCTGTCC__0.433105231067298__16	5.2	4.4	4.2	6.5	4.2	4.5	4.4	4.5	6.5	4.2	4.4	5.2
GAACGCGATGTGC__0.432542349919219__23	4.4	3.9	4.2	5.5	4.7	5.5	4.4	4.5	6.5	4.2	6.5	4.7
GTACGTTCTGTAC__0.43243885274504__29	4.2	5.5	4.2	5.5	4.2	3.9	4.4	4.5	6.5	4.2	5.5	4.2
GAACAAAATGTTA__0.432335695060346__35	4.4	3.9	4.2	6.5	3.9	3.9	3.9	4.5	6.5	4.2	3.9	5.5
GGACTTTTTGTTC__0.432263857418419__34	5.2	4.4	4.2	4.5	3.9	3.9	3.9	3.9	6.5	4.2	3.9	4.4
GAACACGGCGTCC__0.43155324003478__13	4.4	3.9	4.2	6.5	4.2	5.5	5.2	4.7	5.5	4.2	4.4	5.2
GAACACAATGTTG__0.431404094312263__22	4.4	3.9	4.2	6.5	4.2	6.5	3.9	4.5	6.5	4.2	3.9	6.5
GGACAAAATGTTT__0.431187658309032__26	5.2	4.4	4.2	6.5	3.9	3.9	3.9	4.5	6.5	4.2	3.9	3.9
GTACATCACGTAC__0.430930272858893__31	4.2	5.5	4.2	6.5	4.5	4.4	6.5	4.2	5.5	4.2	5.5	4.2
GTACATATTGTGC__0.430763067134785__30	4.2	5.5	4.2	6.5	4.5	5.5	4.5	3.9	6.5	4.2	6.5	4.7
GTACAGCGTGTGC__0.430693987882564__23	4.2	5.5	4.2	6.5	4.5	4.7	5.5	4.2	6.5	4.2	6.5	4.7
GAACATTTAGTAC__0.430481511832913__30	4.4	3.9	4.2	6.5	4.5	3.9	3.9	5.5	4.5	4.2	5.5	4.2
GTACACTGCGTAC__0.430201124789526__31	4.2	5.5	4.2	6.5	4.2	4.5	6.5	4.7	5.5	4.2	5.5	4.2
GTACGCGGTGTAC__0.429065665719202__28	4.2	5.5	4.2	5.5	4.7	5.5	5.2	4.2	6.5	4.2	5.5	4.2
GCACACGCTGTTC__0.428986839911398__17	4.7	6.5	4.2	6.5	4.2	5.5	4.7	4.5	6.5	4.2	3.9	4.4
GAACTTTTTGTTC__0.428902793861669__31	4.4	3.9	4.2	4.5	3.9	3.9	3.9	3.9	6.5	4.2	3.9	4.4
GTACATAATGTTT__0.428799043555927__25	4.2	5.5	4.2	6.5	4.5	5.5	3.9	4.5	6.5	4.2	3.9	3.9
GAACGTTATGTAC__0.428620226147754__26	4.4	3.9	4.2	5.5	4.2	3.9	5.5	4.5	6.5	4.2	5.5	4.2
GAACTTCGTGTAC__0.428391045831067__22	4.4	3.9	4.2	4.5	3.9	4.4	5.5	4.2	6.5	4.2	5.5	4.2
GTACGGAGTGTTC__0.428315186711458__21	4.2	5.5	4.2	5.5	5.2	4.4	4.5	4.2	6.5	4.2	3.9	4.4
GTACATTGAGTAC__0.428063222090319__32	4.2	5.5	4.2	6.5	4.5	3.9	6.5	4.4	4.5	4.2	5.5	4.2
GTACATTTCGTTC__0.427777877380301__36	4.2	5.5	4.2	6.5	4.5	3.9	3.9	4.4	5.5	4.2	3.9	4.4
GAACATCTCGTTC__0.427215897478323__16	4.4	3.9	4.2	6.5	4.5	4.4	4.5	4.4	5.5	4.2	3.9	4.4
GAACACGAAGTAC__0.426652746018052__26	4.4	3.9	4.2	6.5	4.2	5.5	4.4	3.9	4.5	4.2	5.5	4.2
GTACGCGGTGTCC__0.426571496350209__23	4.2	5.5	4.2	5.5	4.7	5.5	5.2	4.2	6.5	4.2	4.4	5.2
GAACACAGCGTAC__0.426373852072203__25	4.4	3.9	4.2	6.5	4.2	6.5	4.5	4.7	5.5	4.2	5.5	4.2
GGACACCTTGTAC__0.425884242031594__19	5.2	4.4	4.2	6.5	4.2	5.2	4.5	3.9	6.5	4.2	5.5	4.2
GTACATCGCGTCC__0.425634621858295__25	4.2	5.5	4.2	6.5	4.5	4.4	5.5	4.7	5.5	4.2	4.4	5.2
GAACATTCAGTAC__0.42563142732988__25	4.4	3.9	4.2	6.5	4.5	3.9	4.4	6.5	4.5	4.2	5.5	4.2
GAACGGAGTGTTC__0.42547835579048__16	4.4	3.9	4.2	5.5	5.2	4.4	4.5	4.2	6.5	4.2	3.9	4.4
GAACAGTCTGTGC__0.425059734144548__14	4.4	3.9	4.2	6.5	4.5	4.2	4.4	4.5	6.5	4.2	6.5	4.7
GAACTTCGTGTTC__0.4249534194458__18	4.4	3.9	4.2	4.5	3.9	4.4	5.5	4.2	6.5	4.2	3.9	4.4
GAACGCGTTGTTC__0.424526925584862__20	4.4	3.9	4.2	5.5	4.7	5.5	4.2	3.9	6.5	4.2	3.9	4.4
GTACAACGCGTTC__0.424339067336057__25	4.2	5.5	4.2	6.5	3.9	4.2	5.5	4.7	5.5	4.2	3.9	4.4
GGACATAGCGTTC__0.424139767251024__19	5.2	4.4	4.2	6.5	4.5	5.5	4.5	4.7	5.5	4.2	3.9	4.4
GCACATCGTGTGC__0.424089544874617__19	4.7	6.5	4.2	6.5	4.5	4.4	5.5	4.2	6.5	4.2	6.5	4.7
GTACGTAATGTAC__0.423938443577802__33	4.2	5.5	4.2	5.5	4.2	5.5	3.9	4.5	6.5	4.2	5.5	4.2
GGACAGTGTGTCC__0.423799638669171__19	5.2	4.4	4.2	6.5	4.5	4.2	6.5	4.2	6.5	4.2	4.4	5.2
GGACGTACTGTTC__0.423539175977266__17	5.2	4.4	4.2	5.5	4.2	5.5	4.2	4.5	6.5	4.2	3.9	4.4
GTACAAAATGTTT__0.423388014357656__27	4.2	5.5	4.2	6.5	3.9	3.9	3.9	4.5	6.5	4.2	3.9	3.9
GCACATCTTGTAC__0.423111286407919__24	4.7	6.5	4.2	6.5	4.5	4.4	4.5	3.9	6.5	4.2	5.5	4.2
GGACACGACGTAC__0.423058518678255__18	5.2	4.4	4.2	6.5	4.2	5.5	4.4	4.2	5.5	4.2	5.5	4.2
GCACATAATGTGC__0.423000682540839__25	4.7	6.5	4.2	6.5	4.5	5.5	3.9	4.5	6.5	4.2	6.5	4.7
GTACAAAACGTTC__0.422283631424625__28	4.2	5.5	4.2	6.5	3.9	3.9	3.9	4.2	5.5	4.2	3.9	4.4
GTACTTTGTGTAC__0.422033443958002__37	4.2	5.5	4.2	4.5	3.9	3.9	6.5	4.2	6.5	4.2	5.5	4.2
AAACATAATGTAC__0.421793049717238__26	3.9	3.9	4.2	6.5	4.5	5.5	3.9	4.5	6.5	4.2	5.5	4.2
GTACAATCTGTCC__0.421734049002711__21	4.2	5.5	4.2	6.5	3.9	4.5	4.4	4.5	6.5	4.2	4.4	5.2
GTACGCACTGTTC__0.421239074880291__21	4.2	5.5	4.2	5.5	4.7	6.5	4.2	4.5	6.5	4.2	3.9	4.4
GGACACCCTGTAC__0.421182593275455__18	5.2	4.4	4.2	6.5	4.2	5.2	5.2	4.5	6.5	4.2	5.5	4.2
GGACATCCTGTCC__0.42108526294731__16	5.2	4.4	4.2	6.5	4.5	4.4	5.2	4.5	6.5	4.2	4.4	5.2
GCACAGTTTGTTC__0.420574837785098__22	4.7	6.5	4.2	6.5	4.5	4.2	3.9	3.9	6.5	4.2	3.9	4.4
GCACAACATGTTC__0.419741313841454__20	4.7	6.5	4.2	6.5	3.9	4.2	6.5	4.5	6.5	4.2	3.9	4.4
GAACAGACTGTCC__0.419523943649618__14	4.4	3.9	4.2	6.5	4.5	4.4	4.2	4.5	6.5	4.2	4.4	5.2
GGACACTGCGTTC__0.419290695321151__18	5.2	4.4	4.2	6.5	4.2	4.5	6.5	4.7	5.5	4.2	3.9	4.4
GGACACGGTGTGC__0.418988546494398__16	5.2	4.4	4.2	6.5	4.2	5.5	5.2	4.2	6.5	4.2	6.5	4.7
GTACAGGTTGTAC__0.41898665721875__23	4.2	5.5	4.2	6.5	4.5	5.2	4.2	3.9	6.5	4.2	5.5	4.2
GAACATTGTGTCT__0.418352186784525__17	4.4	3.9	4.2	6.5	4.5	3.9	6.5	4.2	6.5	4.2	4.4	4.5
GAACAGGATGTGC__0.417605803141913__16	4.4	3.9	4.2	6.5	4.5	5.2	4.4	4.5	6.5	4.2	6.5	4.7
GAACAAGCTGTCC__0.417568000175007__15	4.4	3.9	4.2	6.5	3.9	4.5	4.7	4.5	6.5	4.2	4.4	5.2
GCACATACTGTAC__0.417370207362572__22	4.7	6.5	4.2	6.5	4.5	5.5	4.2	4.5	6.5	4.2	5.5	4.2
GAACATAATGTAT__0.417074555388539__23	4.4	3.9	4.2	6.5	4.5	5.5	3.9	4.5	6.5	4.2	5.5	4.5
GAACATTCAGTTC__0.417060376578882__19	4.4	3.9	4.2	6.5	4.5	3.9	4.4	6.5	4.5	4.2	3.9	4.4
GAACACGACGTCC__0.416954364422552__12	4.4	3.9	4.2	6.5	4.2	5.5	4.4	4.2	5.5	4.2	4.4	5.2
GGACGTAATGTTC__0.416646867076194__20	5.2	4.4	4.2	5.5	4.2	5.5	3.9	4.5	6.5	4.2	3.9	4.4
GTACGTACTGTTC__0.416446432798152__19	4.2	5.5	4.2	5.5	4.2	5.5	4.2	4.5	6.5	4.2	3.9	4.4
GCACAGAATGTCC__0.41619965945583__18	4.7	6.5	4.2	6.5	4.5	4.4	3.9	4.5	6.5	4.2	4.4	5.2
GGACATTGAGTAC__0.41608185986902__23	5.2	4.4	4.2	6.5	4.5	3.9	6.5	4.4	4.5	4.2	5.5	4.2
GTACAATTTGTGC__0.415841164021623__27	4.2	5.5	4.2	6.5	3.9	4.5	3.9	3.9	6.5	4.2	6.5	4.7
GGACACTCTGTGC__0.415677073652082__14	5.2	4.4	4.2	6.5	4.2	4.5	4.4	4.5	6.5	4.2	6.5	4.7
GAACGTTATGTCC__0.415588148176149__20	4.4	3.9	4.2	5.5	4.2	3.9	5.5	4.5	6.5	4.2	4.4	5.2
GTACGTTATGTAC__0.415520618464951__31	4.2	5.5	4.2	5.5	4.2	3.9	5.5	4.5	6.5	4.2	5.5	4.2
CTACATTTTGTTC__0.415479073103274__28	4.5	5.5	4.2	6.5	4.5	3.9	3.9	3.9	6.5	4.2	3.9	4.4
GTACGCCGTGTCC__0.41545081921634__16	4.2	5.5	4.2	5.5	4.7	5.2	5.5	4.2	6.5	4.2	4.4	5.2
GAACACGAAGTCC__0.415275650913461__17	4.4	3.9	4.2	6.5	4.2	5.5	4.4	3.9	4.5	4.2	4.4	5.2
AAACAAAATGTAC__0.415240160756685__33	3.9	3.9	4.2	6.5	3.9	3.9	3.9	4.5	6.5	4.2	5.5	4.2
GTACACGCCGTTC__0.414154276191262__15	4.2	5.5	4.2	6.5	4.2	5.5	4.7	5.2	5.5	4.2	3.9	4.4
GAACGGGATGTAC__0.41360786222673__19	4.4	3.9	4.2	5.5	5.2	5.2	4.4	4.5	6.5	4.2	5.5	4.2
GCACACACTGTAC__0.413513938776365__23	4.7	6.5	4.2	6.5	4.2	6.5	4.2	4.5	6.5	4.2	5.5	4.2
GAACGTCTTGTTC__0.413348374649269__14	4.4	3.9	4.2	5.5	4.2	4.4	4.5	3.9	6.5	4.2	3.9	4.4
GAACATTGCGTGC__0.413326017558897__20	4.4	3.9	4.2	6.5	4.5	3.9	6.5	4.7	5.5	4.2	6.5	4.7
GTACAAGCTGTCC__0.41332041247237__18	4.2	5.5	4.2	6.5	3.9	4.5	4.7	4.5	6.5	4.2	4.4	5.2
GTACAGGATGTGC__0.413291545127014__19	4.2	5.5	4.2	6.5	4.5	5.2	4.4	4.5	6.5	4.2	6.5	4.7
GAACACGGAGTCC__0.412866404069466__13	4.4	3.9	4.2	6.5	4.2	5.5	5.2	4.4	4.5	4.2	4.4	5.2
GCACACGTTGTCC__0.412859978853033__17	4.7	6.5	4.2	6.5	4.2	5.5	4.2	3.9	6.5	4.2	4.4	5.2
GAACTTTCTGTTC__0.412728953330829__18	4.4	3.9	4.2	4.5	3.9	3.9	4.4	4.5	6.5	4.2	3.9	4.4
GCACAACATGTAC__0.412670122311536__26	4.7	6.5	4.2	6.5	3.9	4.2	6.5	4.5	6.5	4.2	5.5	4.2
GGACACCCTGTTC__0.412331973441719__12	5.2	4.4	4.2	6.5	4.2	5.2	5.2	4.5	6.5	4.2	3.9	4.4
GAACAATACGTTC__0.412301878811744__17	4.4	3.9	4.2	6.5	3.9	4.5	5.5	4.2	5.5	4.2	3.9	4.4
GAACACGTCGTTC__0.412041996527098__10	4.4	3.9	4.2	6.5	4.2	5.5	4.2	4.4	5.5	4.2	3.9	4.4
GAACACGATGTAA__0.411685693741672__21	4.4	3.9	4.2	6.5	4.2	5.5	4.4	4.5	6.5	4.2	5.5	3.9
GAACACAATGTCG__0.411681939028353__14	4.4	3.9	4.2	6.5	4.2	6.5	3.9	4.5	6.5	4.2	4.4	5.5
GCACAAGGTGTTC__0.41163554727267__14	4.7	6.5	4.2	6.5	3.9	4.5	5.2	4.2	6.5	4.2	3.9	4.4
GAACTCGGTGTAC__0.411161999652123__14	4.4	3.9	4.2	4.5	4.4	5.5	5.2	4.2	6.5	4.2	5.5	4.2
GCACAGTATGTAC__0.411011570926729__21	4.7	6.5	4.2	6.5	4.5	4.2	5.5	4.5	6.5	4.2	5.5	4.2
GAACATGAAGTAC__0.410943913628462__23	4.4	3.9	4.2	6.5	4.5	6.5	4.4	3.9	4.5	4.2	5.5	4.2
GAACATTGTGATC__0.410634370882486__18	4.4	3.9	4.2	6.5	4.5	3.9	6.5	4.2	6.5	4.4	4.5	4.4
GAACGTCATGTCC__0.410455089398133__15	4.4	3.9	4.2	5.5	4.2	4.4	6.5	4.5	6.5	4.2	4.4	5.2
GAACAGCACGTTC__0.410277814349864__15	4.4	3.9	4.2	6.5	4.5	4.7	6.5	4.2	5.5	4.2	3.9	4.4
GGACTAAATGTTC__0.409901959031357__22	5.2	4.4	4.2	4.5	5.5	3.9	3.9	4.5	6.5	4.2	3.9	4.4
GCACAGCGTGTAC__0.409887187248417__18	4.7	6.5	4.2	6.5	4.5	4.7	5.5	4.2	6.5	4.2	5.5	4.2
GGACGAAATGTTC__0.409641166302494__20	5.2	4.4	4.2	5.5	4.4	3.9	3.9	4.5	6.5	4.2	3.9	4.4
GTACATTATGTCT__0.409590402578952__23	4.2	5.5	4.2	6.5	4.5	3.9	5.5	4.5	6.5	4.2	4.4	4.5
GAACGTGGTGTAC__0.409552077688837__18	4.4	3.9	4.2	5.5	4.2	6.5	5.2	4.2	6.5	4.2	5.5	4.2
GGACATTTCGTTC__0.409542499096509__22	5.2	4.4	4.2	6.5	4.5	3.9	3.9	4.4	5.5	4.2	3.9	4.4
AAACAAATTGTTC__0.409482944106911__17	3.9	3.9	4.2	6.5	3.9	3.9	4.5	3.9	6.5	4.2	3.9	4.4
GAACATTATGCTC__0.409031537724422__19	4.4	3.9	4.2	6.5	4.5	3.9	5.5	4.5	6.5	4.7	4.5	4.4
GAACAACATGTGC__0.408944964428763__20	4.4	3.9	4.2	6.5	3.9	4.2	6.5	4.5	6.5	4.2	6.5	4.7
GAACAAAACGTAC__0.408808694650561__33	4.4	3.9	4.2	6.5	3.9	3.9	3.9	4.2	5.5	4.2	5.5	4.2
GAACTAAATGTCC__0.408577284955858__23	4.4	3.9	4.2	4.5	5.5	3.9	3.9	4.5	6.5	4.2	4.4	5.2
GTACTCGGTGTTC__0.408240742183165__15	4.2	5.5	4.2	4.5	4.4	5.5	5.2	4.2	6.5	4.2	3.9	4.4
GCACAAACTGTCC__0.408104582623967__19	4.7	6.5	4.2	6.5	3.9	3.9	4.2	4.5	6.5	4.2	4.4	5.2
GTACTGGATGTTC__0.407824153661729__19	4.2	5.5	4.2	4.5	6.5	5.2	4.4	4.5	6.5	4.2	3.9	4.4
GCACACCTTGTAC__0.407776059498626__19	4.7	6.5	4.2	6.5	4.2	5.2	4.5	3.9	6.5	4.2	5.5	4.2
GGACATAAAGTTC__0.407678960871907__21	5.2	4.4	4.2	6.5	4.5	5.5	3.9	3.9	4.5	4.2	3.9	4.4
CTACATCGTGTTC__0.40764558567611__14	4.5	5.5	4.2	6.5	4.5	4.4	5.5	4.2	6.5	4.2	3.9	4.4
GAACACGCCGTTC__0.4074883269021__11	4.4	3.9	4.2	6.5	4.2	5.5	4.7	5.2	5.5	4.2	3.9	4.4
GAACACTATGTCT__0.40744287833346__13	4.4	3.9	4.2	6.5	4.2	4.5	5.5	4.5	6.5	4.2	4.4	4.5
GAACGCCGTGTCC__0.407342152080817__11	4.4	3.9	4.2	5.5	4.7	5.2	5.5	4.2	6.5	4.2	4.4	5.2
TTACATTGTGTTC__0.407153822716524__29	3.9	5.5	4.2	6.5	4.5	3.9	6.5	4.2	6.5	4.2	3.9	4.4
GAACAAGGCGTTC__0.406753107697213__13	4.4	3.9	4.2	6.5	3.9	4.5	5.2	4.7	5.5	4.2	3.9	4.4
GTACTCTTTGTTC__0.406598609121936__22	4.2	5.5	4.2	4.5	4.4	4.5	3.9	3.9	6.5	4.2	3.9	4.4
GCACACAGTGTCC__0.406525428476549__16	4.7	6.5	4.2	6.5	4.2	6.5	4.5	4.2	6.5	4.2	4.4	5.2
GTACATTGTGTAT__0.406360004537214__25	4.2	5.5	4.2	6.5	4.5	3.9	6.5	4.2	6.5	4.2	5.5	4.5
GAACTCTGTGTTC__0.406343626406636__14	4.4	3.9	4.2	4.5	4.4	4.5	6.5	4.2	6.5	4.2	3.9	4.4
GTACAACTTGTAC__0.405897726823123__22	4.2	5.5	4.2	6.5	3.9	4.2	4.5	3.9	6.5	4.2	5.5	4.2
TAACATGATGTTC__0.405816584958146__17	5.5	3.9	4.2	6.5	4.5	6.5	4.4	4.5	6.5	4.2	3.9	4.4
GGACATTGAGTTC__0.405794043129214__17	5.2	4.4	4.2	6.5	4.5	3.9	6.5	4.4	4.5	4.2	3.9	4.4
GAACATAACGTCC__0.405760616131374__18	4.4	3.9	4.2	6.5	4.5	5.5	3.9	4.2	5.5	4.2	4.4	5.2
GGACATCACGTTC__0.405673958366346__15	5.2	4.4	4.2	6.5	4.5	4.4	6.5	4.2	5.5	4.2	3.9	4.4
AAACAAAATGTCC__0.405098786514288__22	3.9	3.9	4.2	6.5	3.9	3.9	3.9	4.5	6.5	4.2	4.4	5.2
GTACAAGACGTTC__0.404776789284463__15	4.2	5.5	4.2	6.5	3.9	4.5	4.4	4.2	5.5	4.2	3.9	4.4
GAACACTGAGTTC__0.404739501160922__13	4.4	3.9	4.2	6.5	4.2	4.5	6.5	4.4	4.5	4.2	3.9	4.4
GTACGCTGTGTAC__0.40443895585067__24	4.2	5.5	4.2	5.5	4.7	4.5	6.5	4.2	6.5	4.2	5.5	4.2
GAACTCTTTGTTC__0.404274816658315__15	4.4	3.9	4.2	4.5	4.4	4.5	3.9	3.9	6.5	4.2	3.9	4.4
GTACGCTATGTAC__0.404101123530706__24	4.2	5.5	4.2	5.5	4.7	4.5	5.5	4.5	6.5	4.2	5.5	4.2
GCACATGTTGTAC__0.403954827058276__22	4.7	6.5	4.2	6.5	4.5	6.5	4.2	3.9	6.5	4.2	5.5	4.2
GAACATGCCGTTC__0.403844196237909__14	4.4	3.9	4.2	6.5	4.5	6.5	4.7	5.2	5.5	4.2	3.9	4.4
GTACATCGAGTAC__0.403685709507091__18	4.2	5.5	4.2	6.5	4.5	4.4	5.5	4.4	4.5	4.2	5.5	4.2
GTACGTAGTGTTC__0.403226375468094__19	4.2	5.5	4.2	5.5	4.2	5.5	4.5	4.2	6.5	4.2	3.9	4.4
GGACAGGTTGTTC__0.402965949697509__14	5.2	4.4	4.2	6.5	4.5	5.2	4.2	3.9	6.5	4.2	3.9	4.4
GTACAGGACGTAC__0.402947060570853__19	4.2	5.5	4.2	6.5	4.5	5.2	4.4	4.2	5.5	4.2	5.5	4.2
GTACAAGGCGTTC__0.402907375595512__16	4.2	5.5	4.2	6.5	3.9	4.5	5.2	4.7	5.5	4.2	3.9	4.4
GTACAATATGTGC__0.40224930627404__22	4.2	5.5	4.2	6.5	3.9	4.5	5.5	4.5	6.5	4.2	6.5	4.7
GAACACGTCGTCC__0.402141156934565__9	4.4	3.9	4.2	6.5	4.2	5.5	4.2	4.4	5.5	4.2	4.4	5.2
GAGCATTGTGTTC__0.402099111027249__17	4.4	4.5	4.7	6.5	4.5	3.9	6.5	4.2	6.5	4.2	3.9	4.4
GTACTTAGTGTTC__0.40163688060147__20	4.2	5.5	4.2	4.5	3.9	5.5	4.5	4.2	6.5	4.2	3.9	4.4
GAACATCGTGTTT__0.401553799529181__11	4.4	3.9	4.2	6.5	4.5	4.4	5.5	4.2	6.5	4.2	3.9	3.9
GGACATCTTGTGC__0.401067162422929__15	5.2	4.4	4.2	6.5	4.5	4.4	4.5	3.9	6.5	4.2	6.5	4.7
GAAGATTATGTTC__0.401062510965921__14	4.4	3.9	4.5	4.4	4.5	3.9	5.5	4.5	6.5	4.2	3.9	4.4
GTACACGACGTCC__0.401055805943017__12	4.2	5.5	4.2	6.5	4.2	5.5	4.4	4.2	5.5	4.2	4.4	5.2
GAACAGGTTGTCC__0.400825009816075__12	4.4	3.9	4.2	6.5	4.5	5.2	4.2	3.9	6.5	4.2	4.4	5.2
GGACAAAAAGTTC__0.400812077057844__24	5.2	4.4	4.2	6.5	3.9	3.9	3.9	3.9	4.5	4.2	3.9	4.4
GTACATAAAGTTC__0.400769422770059__22	4.2	5.5	4.2	6.5	4.5	5.5	3.9	3.9	4.5	4.2	3.9	4.4
GAACATTATGTTG__0.399872174698733__16	4.4	3.9	4.2	6.5	4.5	3.9	5.5	4.5	6.5	4.2	3.9	6.5
GGACAAGCTGTAC__0.399856200028512__16	5.2	4.4	4.2	6.5	3.9	4.5	4.7	4.5	6.5	4.2	5.5	4.2
GAACACGATGTTA__0.39983922885825__14	4.4	3.9	4.2	6.5	4.2	5.5	4.4	4.5	6.5	4.2	3.9	5.5
GGACATGGCGTTC__0.399742666622539__15	5.2	4.4	4.2	6.5	4.5	6.5	5.2	4.7	5.5	4.2	3.9	4.4
GGACAGGCTGTTC__0.399734489556329__12	5.2	4.4	4.2	6.5	4.5	5.2	4.7	4.5	6.5	4.2	3.9	4.4
GGACATTGAGTCC__0.399364328127552__15	5.2	4.4	4.2	6.5	4.5	3.9	6.5	4.4	4.5	4.2	4.4	5.2
GTACACTCCGTTC__0.399302200858556__17	4.2	5.5	4.2	6.5	4.2	4.5	4.4	5.2	5.5	4.2	3.9	4.4
GTACATTGTCTTC__0.399001409997487__21	4.2	5.5	4.2	6.5	4.5	3.9	6.5	4.2	4.4	4.5	3.9	4.4
GGACACCTTGTCC__0.398934083973059__12	5.2	4.4	4.2	6.5	4.2	5.2	4.5	3.9	6.5	4.2	4.4	5.2
GGACGCAATGTCC__0.398531592091428__18	5.2	4.4	4.2	5.5	4.7	6.5	3.9	4.5	6.5	4.2	4.4	5.2
GCACACGCTGTCC__0.398052377637626__14	4.7	6.5	4.2	6.5	4.2	5.5	4.7	4.5	6.5	4.2	4.4	5.2
GAACATCGTGCTC__0.397871019833178__11	4.4	3.9	4.2	6.5	4.5	4.4	5.5	4.2	6.5	4.7	4.5	4.4
GAACTATGTGTTC__0.397805714542615__15	4.4	3.9	4.2	4.5	5.5	4.5	6.5	4.2	6.5	4.2	3.9	4.4
GAACATGCAGTTC__0.397715006045435__16	4.4	3.9	4.2	6.5	4.5	6.5	4.7	6.5	4.5	4.2	3.9	4.4
GGACATGGTGTGC__0.397682731725962__16	5.2	4.4	4.2	6.5	4.5	6.5	5.2	4.2	6.5	4.2	6.5	4.7
GAACATTTTGCTC__0.397019618918413__19	4.4	3.9	4.2	6.5	4.5	3.9	3.9	3.9	6.5	4.7	4.5	4.4
GAACACAATGTAG__0.396766767733838__18	4.4	3.9	4.2	6.5	4.2	6.5	3.9	4.5	6.5	4.2	5.5	4.5
AGACATCGTGTAC__0.396651638374503__11	4.5	4.4	4.2	6.5	4.5	4.4	5.5	4.2	6.5	4.2	5.5	4.2
GAACACCACGTTC__0.396603055294671__13	4.4	3.9	4.2	6.5	4.2	5.2	6.5	4.2	5.5	4.2	3.9	4.4
GTACTTTCTGTTC__0.396485888851954__22	4.2	5.5	4.2	4.5	3.9	3.9	4.4	4.5	6.5	4.2	3.9	4.4
TAACACGATGTTC__0.395995652728843__12	5.5	3.9	4.2	6.5	4.2	5.5	4.4	4.5	6.5	4.2	3.9	4.4
GGACAATCTGTTC__0.39542851223936__12	5.2	4.4	4.2	6.5	3.9	4.5	4.4	4.5	6.5	4.2	3.9	4.4
GCACATCATGTGC__0.394889074998923__17	4.7	6.5	4.2	6.5	4.5	4.4	6.5	4.5	6.5	4.2	6.5	4.7
CAACATCGTGTTC__0.394764301429186__11	6.5	3.9	4.2	6.5	4.5	4.4	5.5	4.2	6.5	4.2	3.9	4.4
TAACAAAATGTTC__0.393976784125041__19	5.5	3.9	4.2	6.5	3.9	3.9	3.9	4.5	6.5	4.2	3.9	4.4
GTACATTAAGTTC__0.393717908782505__22	4.2	5.5	4.2	6.5	4.5	3.9	5.5	3.9	4.5	4.2	3.9	4.4
GGACAAGCTGTTC__0.393510238251494__11	5.2	4.4	4.2	6.5	3.9	4.5	4.7	4.5	6.5	4.2	3.9	4.4
GCACATCATGTCC__0.393479130879494__16	4.7	6.5	4.2	6.5	4.5	4.4	6.5	4.5	6.5	4.2	4.4	5.2
GTACACAACGTCC__0.393478810538232__19	4.2	5.5	4.2	6.5	4.2	6.5	3.9	4.2	5.5	4.2	4.4	5.2
GAACAAGTTGTGC__0.393232123862357__14	4.4	3.9	4.2	6.5	3.9	4.5	4.2	3.9	6.5	4.2	6.5	4.7
GAACATGCTGTGC__0.393112193013971__15	4.4	3.9	4.2	6.5	4.5	6.5	4.7	4.5	6.5	4.2	6.5	4.7
GCACAGAGTGTAC__0.392790883674479__14	4.7	6.5	4.2	6.5	4.5	4.4	4.5	4.2	6.5	4.2	5.5	4.2
GAACTTCGTGTCC__0.392720467435555__14	4.4	3.9	4.2	4.5	3.9	4.4	5.5	4.2	6.5	4.2	4.4	5.2
GAACGTCCTGTCC__0.392712178626188__11	4.4	3.9	4.2	5.5	4.2	4.4	5.2	4.5	6.5	4.2	4.4	5.2
GGACGCCATGTTC__0.392637545216709__13	5.2	4.4	4.2	5.5	4.7	5.2	6.5	4.5	6.5	4.2	3.9	4.4
GAACGCTTTGTAC__0.392516848448707__17	4.4	3.9	4.2	5.5	4.7	4.5	3.9	3.9	6.5	4.2	5.5	4.2
GAAGACGATGTTC__0.392344193463627__9	4.4	3.9	4.5	4.4	4.2	5.5	4.4	4.5	6.5	4.2	3.9	4.4
GAACGCTTTGTTC__0.392308388559884__14	4.4	3.9	4.2	5.5	4.7	4.5	3.9	3.9	6.5	4.2	3.9	4.4
GTACAGCCTGTTC__0.392196670987708__13	4.2	5.5	4.2	6.5	4.5	4.7	5.2	4.5	6.5	4.2	3.9	4.4
GTACACAAAGTTC__0.391841096868652__20	4.2	5.5	4.2	6.5	4.2	6.5	3.9	3.9	4.5	4.2	3.9	4.4
GTACACGGAGTTC__0.391660741524231__14	4.2	5.5	4.2	6.5	4.2	5.5	5.2	4.4	4.5	4.2	3.9	4.4
GAACACGGCGTGC__0.391599480020883__10	4.4	3.9	4.2	6.5	4.2	5.5	5.2	4.7	5.5	4.2	6.5	4.7
GAGCATTATGTTC__0.391552058795255__16	4.4	4.5	4.7	6.5	4.5	3.9	5.5	4.5	6.5	4.2	3.9	4.4
GTACACCGAGTAC__0.391523689220541__15	4.2	5.5	4.2	6.5	4.2	5.2	5.5	4.4	4.5	4.2	5.5	4.2
GAAGACAATGTTC__0.391247193454264__13	4.4	3.9	4.5	4.4	4.2	6.5	3.9	4.5	6.5	4.2	3.9	4.4
GCACATGGTGTCC__0.391218505257998__14	4.7	6.5	4.2	6.5	4.5	6.5	5.2	4.2	6.5	4.2	4.4	5.2
AGACAAAATGTAC__0.391100766188044__25	4.5	4.4	4.2	6.5	3.9	3.9	3.9	4.5	6.5	4.2	5.5	4.2
GAACAATGCGTTC__0.390945368423667__14	4.4	3.9	4.2	6.5	3.9	4.5	6.5	4.7	5.5	4.2	3.9	4.4
AAACATGATGTTC__0.39083936400929__12	3.9	3.9	4.2	6.5	4.5	6.5	4.4	4.5	6.5	4.2	3.9	4.4
GGACACTTTGTGC__0.390808007437684__15	5.2	4.4	4.2	6.5	4.2	4.5	3.9	3.9	6.5	4.2	6.5	4.7
GGACATAATGTTT__0.390493598151066__15	5.2	4.4	4.2	6.5	4.5	5.5	3.9	4.5	6.5	4.2	3.9	3.9
GGACAGACTGTAC__0.390096201879776__14	5.2	4.4	4.2	6.5	4.5	4.4	4.2	4.5	6.5	4.2	5.5	4.2
GTACACGGAGTAC__0.390025778546875__17	4.2	5.5	4.2	6.5	4.2	5.5	5.2	4.4	4.5	4.2	5.5	4.2
GAACACTGCGTCC__0.389974828497517__13	4.4	3.9	4.2	6.5	4.2	4.5	6.5	4.7	5.5	4.2	4.4	5.2
GTACATCGAGTTC__0.389918000211836__13	4.2	5.5	4.2	6.5	4.5	4.4	5.5	4.4	4.5	4.2	3.9	4.4
GAACGCCGTGTGC__0.389532372371727__10	4.4	3.9	4.2	5.5	4.7	5.2	5.5	4.2	6.5	4.2	6.5	4.7
ATACATCGTGTAC__0.388521346513185__14	4.5	5.5	4.2	6.5	4.5	4.4	5.5	4.2	6.5	4.2	5.5	4.2
GTACAGAGCGTTC__0.388267453447124__12	4.2	5.5	4.2	6.5	4.5	4.4	4.5	4.7	5.5	4.2	3.9	4.4
GAACACCAAGTAC__0.388063836767444__17	4.4	3.9	4.2	6.5	4.2	5.2	6.5	3.9	4.5	4.2	5.5	4.2
GTACGTGGTGTAC__0.388060257865217__20	4.2	5.5	4.2	5.5	4.2	6.5	5.2	4.2	6.5	4.2	5.5	4.2
GGACGTCCTGTAC__0.387466944053274__13	5.2	4.4	4.2	5.5	4.2	4.4	5.2	4.5	6.5	4.2	5.5	4.2
AGACACGATGTAC__0.387462358663648__13	4.5	4.4	4.2	6.5	4.2	5.5	4.4	4.5	6.5	4.2	5.5	4.2
GAACATTTTCTTC__0.387321365473643__17	4.4	3.9	4.2	6.5	4.5	3.9	3.9	3.9	4.4	4.5	3.9	4.4
GCACATTCTGTCC__0.386946378090538__15	4.7	6.5	4.2	6.5	4.5	3.9	4.4	4.5	6.5	4.2	4.4	5.2
GAACACCACGTAC__0.386835846043278__17	4.4	3.9	4.2	6.5	4.2	5.2	6.5	4.2	5.5	4.2	5.5	4.2
GAACATTCTGTCT__0.386660418126517__11	4.4	3.9	4.2	6.5	4.5	3.9	4.4	4.5	6.5	4.2	4.4	4.5
GTACAGACTGTCC__0.386598967401093__12	4.2	5.5	4.2	6.5	4.5	4.4	4.2	4.5	6.5	4.2	4.4	5.2
GAACACGCCGTCC__0.386320369587762__10	4.4	3.9	4.2	6.5	4.2	5.5	4.7	5.2	5.5	4.2	4.4	5.2
GAACGGAACGTTC__0.386107837613553__12	4.4	3.9	4.2	5.5	5.2	4.4	3.9	4.2	5.5	4.2	3.9	4.4
GAACGAAGTGTTC__0.385915476623421__12	4.4	3.9	4.2	5.5	4.4	3.9	4.5	4.2	6.5	4.2	3.9	4.4
GCACAGAACGTTC__0.3856132001078__12	4.7	6.5	4.2	6.5	4.5	4.4	3.9	4.2	5.5	4.2	3.9	4.4
GAACATATAGTTC__0.385581873513058__14	4.4	3.9	4.2	6.5	4.5	5.5	4.5	5.5	4.5	4.2	3.9	4.4
GTACATAACGTCC__0.385428711137912__18	4.2	5.5	4.2	6.5	4.5	5.5	3.9	4.2	5.5	4.2	4.4	5.2
GTACGGGATGTAC__0.385275448124511__17	4.2	5.5	4.2	5.5	5.2	5.2	4.4	4.5	6.5	4.2	5.5	4.2
GAACGCCCTGTTC__0.385139907374729__10	4.4	3.9	4.2	5.5	4.7	5.2	5.2	4.5	6.5	4.2	3.9	4.4
GGACAGCCTGTTC__0.385045611668219__10	5.2	4.4	4.2	6.5	4.5	4.7	5.2	4.5	6.5	4.2	3.9	4.4
GTACAGGCTGTTC__0.384844070122045__12	4.2	5.5	4.2	6.5	4.5	5.2	4.7	4.5	6.5	4.2	3.9	4.4
GAACATTATGTAT__0.384566506970742__15	4.4	3.9	4.2	6.5	4.5	3.9	5.5	4.5	6.5	4.2	5.5	4.5
GAACGCACTGTTC__0.384457152885655__12	4.4	3.9	4.2	5.5	4.7	6.5	4.2	4.5	6.5	4.2	3.9	4.4
GAACGGGATGTCC__0.384441172820801__11	4.4	3.9	4.2	5.5	5.2	5.2	4.4	4.5	6.5	4.2	4.4	5.2
GGACAGTACGTTC__0.383556899602492__12	5.2	4.4	4.2	6.5	4.5	4.2	5.5	4.2	5.5	4.2	3.9	4.4
GAACAAGGAGTAC__0.382904980048942__12	4.4	3.9	4.2	6.5	3.9	4.5	5.2	4.4	4.5	4.2	5.5	4.2
GAACAAGAAGTTC__0.382635369921398__13	4.4	3.9	4.2	6.5	3.9	4.5	4.4	3.9	4.5	4.2	3.9	4.4
GTACATAATGTCT__0.38263103206724__15	4.2	5.5	4.2	6.5	4.5	5.5	3.9	4.5	6.5	4.2	4.4	4.5
GAACATCCCGTAC__0.382387811320924__13	4.4	3.9	4.2	6.5	4.5	4.4	5.2	5.2	5.5	4.2	5.5	4.2
GAACATTGTGTAA__0.38232880318832__17	4.4	3.9	4.2	6.5	4.5	3.9	6.5	4.2	6.5	4.2	5.5	3.9
GTACACTACGTAC__0.382012435959723__19	4.2	5.5	4.2	6.5	4.2	4.5	5.5	4.2	5.5	4.2	5.5	4.2
CGACATTATGTTC__0.381778250013725__11	5.5	4.4	4.2	6.5	4.5	3.9	5.5	4.5	6.5	4.2	3.9	4.4
GAACAGAGAGTAC__0.38154426221872__13	4.4	3.9	4.2	6.5	4.5	4.4	4.5	4.4	4.5	4.2	5.5	4.2
AGACACAATGTCC__0.381449921137518__13	4.5	4.4	4.2	6.5	4.2	6.5	3.9	4.5	6.5	4.2	4.4	5.2
GTACAAAACGTCC__0.381391963835281__20	4.2	5.5	4.2	6.5	3.9	3.9	3.9	4.2	5.5	4.2	4.4	5.2
GAACATTATGATC__0.381206578091443__14	4.4	3.9	4.2	6.5	4.5	3.9	5.5	4.5	6.5	4.4	4.5	4.4
GTCCATTATGTTC__0.381114890730778__17	4.2	4.4	5.2	6.5	4.5	3.9	5.5	4.5	6.5	4.2	3.9	4.4
GAACATGGAGTTC__0.380800006268939__10	4.4	3.9	4.2	6.5	4.5	6.5	5.2	4.4	4.5	4.2	3.9	4.4
GAACGCTGTGTAC__0.380703398420153__14	4.4	3.9	4.2	5.5	4.7	4.5	6.5	4.2	6.5	4.2	5.5	4.2
GAACATGGAGTAC__0.380546168071832__12	4.4	3.9	4.2	6.5	4.5	6.5	5.2	4.4	4.5	4.2	5.5	4.2
GCACAAGTTGTTC__0.380524957072883__12	4.7	6.5	4.2	6.5	3.9	4.5	4.2	3.9	6.5	4.2	3.9	4.4
CAACATTTTGTTC__0.380345073235133__17	6.5	3.9	4.2	6.5	4.5	3.9	3.9	3.9	6.5	4.2	3.9	4.4
GTACATTGCGTGC__0.380252548694811__20	4.2	5.5	4.2	6.5	4.5	3.9	6.5	4.7	5.5	4.2	6.5	4.7
GGACAATCTGTAC__0.380162597677266__13	5.2	4.4	4.2	6.5	3.9	4.5	4.4	4.5	6.5	4.2	5.5	4.2
GTACATAATGTTA__0.379744347762084__19	4.2	5.5	4.2	6.5	4.5	5.5	3.9	4.5	6.5	4.2	3.9	5.5
GAACTGTATGTTC__0.379490721819548__13	4.4	3.9	4.2	4.5	6.5	4.2	5.5	4.5	6.5	4.2	3.9	4.4
GGACACCCTGTCC__0.379165635928927__10	5.2	4.4	4.2	6.5	4.2	5.2	5.2	4.5	6.5	4.2	4.4	5.2
GAACGGTATGTTC__0.379110817452133__11	4.4	3.9	4.2	5.5	5.2	4.2	5.5	4.5	6.5	4.2	3.9	4.4
GAACATTGTGTTG__0.379044896980876__13	4.4	3.9	4.2	6.5	4.5	3.9	6.5	4.2	6.5	4.2	3.9	6.5
GAACATAATGTTA__0.379037420932301__16	4.4	3.9	4.2	6.5	4.5	5.5	3.9	4.5	6.5	4.2	3.9	5.5
GTACTCTGTGTTC__0.379034945644993__15	4.2	5.5	4.2	4.5	4.4	4.5	6.5	4.2	6.5	4.2	3.9	4.4
GTACACGTCGTTC__0.378826818913318__10	4.2	5.5	4.2	6.5	4.2	5.5	4.2	4.4	5.5	4.2	3.9	4.4
GGACGCGATGTCC__0.37874704154742__12	5.2	4.4	4.2	5.5	4.7	5.5	4.4	4.5	6.5	4.2	4.4	5.2
TAACATCGTGTAC__0.378047167674655__13	5.5	3.9	4.2	6.5	4.5	4.4	5.5	4.2	6.5	4.2	5.5	4.2
GTACGAAATGTTC__0.378015708756264__16	4.2	5.5	4.2	5.5	4.4	3.9	3.9	4.5	6.5	4.2	3.9	4.4
GAACAAAATGTAT__0.377995701559585__20	4.4	3.9	4.2	6.5	3.9	3.9	3.9	4.5	6.5	4.2	5.5	4.5
GAACAAGACGTCC__0.377928187158807__11	4.4	3.9	4.2	6.5	3.9	4.5	4.4	4.2	5.5	4.2	4.4	5.2
GCACTCAATGTTC__0.37786383889555__13	4.7	6.5	4.2	4.5	4.4	6.5	3.9	4.5	6.5	4.2	3.9	4.4
GAACTGTTTGTTC__0.377354095851093__14	4.4	3.9	4.2	4.5	6.5	4.2	3.9	3.9	6.5	4.2	3.9	4.4
GTACGCCATGTAC__0.377351332547902__18	4.2	5.5	4.2	5.5	4.7	5.2	6.5	4.5	6.5	4.2	5.5	4.2
GAACAGGGTGTGC__0.377229315030725__10	4.4	3.9	4.2	6.5	4.5	5.2	5.2	4.2	6.5	4.2	6.5	4.7
GTACTCGATGTCC__0.377134952488935__11	4.2	5.5	4.2	4.5	4.4	5.5	4.4	4.5	6.5	4.2	4.4	5.2
GGACAATCTGTCC__0.377016184113236__11	5.2	4.4	4.2	6.5	3.9	4.5	4.4	4.5	6.5	4.2	4.4	5.2
GAACATGACGTCC__0.376659577499997__11	4.4	3.9	4.2	6.5	4.5	6.5	4.4	4.2	5.5	4.2	4.4	5.2
GTACATGCCGTTC__0.375478217581569__14	4.2	5.5	4.2	6.5	4.5	6.5	4.7	5.2	5.5	4.2	3.9	4.4
GCACAAAATGTGC__0.375237207684058__19	4.7	6.5	4.2	6.5	3.9	3.9	3.9	4.5	6.5	4.2	6.5	4.7
AAACACAATGTAC__0.375115743812472__17	3.9	3.9	4.2	6.5	4.2	6.5	3.9	4.5	6.5	4.2	5.5	4.2
ATACACGGTGTTC__0.374982439410247__9	4.5	5.5	4.2	6.5	4.2	5.5	5.2	4.2	6.5	4.2	3.9	4.4
GTACTATGTGTTC__0.374798360706798__16	4.2	5.5	4.2	4.5	5.5	4.5	6.5	4.2	6.5	4.2	3.9	4.4
GTACATTCAGTTC__0.374754462185176__18	4.2	5.5	4.2	6.5	4.5	3.9	4.4	6.5	4.5	4.2	3.9	4.4
GAACATTATGTAA__0.374667830632116__17	4.4	3.9	4.2	6.5	4.5	3.9	5.5	4.5	6.5	4.2	5.5	3.9
GTACAAATTGTGC__0.37359759124401__17	4.2	5.5	4.2	6.5	3.9	3.9	4.5	3.9	6.5	4.2	6.5	4.7
GGACATTAAGTAC__0.373408998818589__18	5.2	4.4	4.2	6.5	4.5	3.9	5.5	3.9	4.5	4.2	5.5	4.2
GTACAGCGCGTTC__0.3733517649122__14	4.2	5.5	4.2	6.5	4.5	4.7	5.5	4.7	5.5	4.2	3.9	4.4
GTACTAGATGTTC__0.37295112381523__13	4.2	5.5	4.2	4.5	5.5	4.5	4.4	4.5	6.5	4.2	3.9	4.4
GGACAGAACGTAC__0.372950863600132__15	5.2	4.4	4.2	6.5	4.5	4.4	3.9	4.2	5.5	4.2	5.5	4.2
GGACGCTATGTTC__0.372803848308729__10	5.2	4.4	4.2	5.5	4.7	4.5	5.5	4.5	6.5	4.2	3.9	4.4
GAACGCAGTGTGC__0.372552439143448__13	4.4	3.9	4.2	5.5	4.7	6.5	4.5	4.2	6.5	4.2	6.5	4.7
GCACATACTGTCC__0.372165683084153__12	4.7	6.5	4.2	6.5	4.5	5.5	4.2	4.5	6.5	4.2	4.4	5.2
GAACAATGCGTAC__0.372077676858714__15	4.4	3.9	4.2	6.5	3.9	4.5	6.5	4.7	5.5	4.2	5.5	4.2
GTACACAGAGTAC__0.372076770676866__16	4.2	5.5	4.2	6.5	4.2	6.5	4.5	4.4	4.5	4.2	5.5	4.2
GCACAGATTGTTC__0.372069346762889__10	4.7	6.5	4.2	6.5	4.5	4.4	4.5	3.9	6.5	4.2	3.9	4.4
AAACATATTGTTC__0.372063116293278__11	3.9	3.9	4.2	6.5	4.5	5.5	4.5	3.9	6.5	4.2	3.9	4.4
GCACAAATTGTCC__0.372055265591354__14	4.7	6.5	4.2	6.5	3.9	3.9	4.5	3.9	6.5	4.2	4.4	5.2
GGACACTCCGTTC__0.372001169951978__10	5.2	4.4	4.2	6.5	4.2	4.5	4.4	5.2	5.5	4.2	3.9	4.4
GGACAATATGTGC__0.371963293290568__14	5.2	4.4	4.2	6.5	3.9	4.5	5.5	4.5	6.5	4.2	6.5	4.7
GCACGCGGTGTTC__0.371850253044321__11	4.7	6.5	4.2	5.5	4.7	5.5	5.2	4.2	6.5	4.2	3.9	4.4
GGACAGAGTGTGC__0.371824692805198__10	5.2	4.4	4.2	6.5	4.5	4.4	4.5	4.2	6.5	4.2	6.5	4.7
GGACGTTCTGTAC__0.371661842670329__12	5.2	4.4	4.2	5.5	4.2	3.9	4.4	4.5	6.5	4.2	5.5	4.2
GTGCACGATGTTC__0.371649744381682__11	4.2	6.5	4.7	6.5	4.2	5.5	4.4	4.5	6.5	4.2	3.9	4.4
GTACGTTATGTCC__0.371001129761703__18	4.2	5.5	4.2	5.5	4.2	3.9	5.5	4.5	6.5	4.2	4.4	5.2
GGACATGCTGTCC__0.370472018499696__12	5.2	4.4	4.2	6.5	4.5	6.5	4.7	4.5	6.5	4.2	4.4	5.2
GAACTTCATGTAC__0.370348253034207__14	4.4	3.9	4.2	4.5	3.9	4.4	6.5	4.5	6.5	4.2	5.5	4.2
GAACAGCGCGTTC__0.370318218896652__10	4.4	3.9	4.2	6.5	4.5	4.7	5.5	4.7	5.5	4.2	3.9	4.4
GTACATAGAGTAC__0.370275169936717__15	4.2	5.5	4.2	6.5	4.5	5.5	4.5	4.4	4.5	4.2	5.5	4.2
GAACACCACGTCC__0.370258128775842__11	4.4	3.9	4.2	6.5	4.2	5.2	6.5	4.2	5.5	4.2	4.4	5.2
GGACATTCAGTTC__0.370250201912149__13	5.2	4.4	4.2	6.5	4.5	3.9	4.4	6.5	4.5	4.2	3.9	4.4
GTACATGCCGTAC__0.370235496408062__15	4.2	5.5	4.2	6.5	4.5	6.5	4.7	5.2	5.5	4.2	5.5	4.2
AAACATAATGTCC__0.369986047991083__12	3.9	3.9	4.2	6.5	4.5	5.5	3.9	4.5	6.5	4.2	4.4	5.2
GGACAGGGTGTAC__0.369886264231684__11	5.2	4.4	4.2	6.5	4.5	5.2	5.2	4.2	6.5	4.2	5.5	4.2
GAACTGGATGTTC__0.369718408143858__10	4.4	3.9	4.2	4.5	6.5	5.2	4.4	4.5	6.5	4.2	3.9	4.4
GTACAACCTGTCC__0.369660387919543__12	4.2	5.5	4.2	6.5	3.9	4.2	5.2	4.5	6.5	4.2	4.4	5.2
GTACAACGCGTAC__0.369610999221363__19	4.2	5.5	4.2	6.5	3.9	4.2	5.5	4.7	5.5	4.2	5.5	4.2
GGACATGACGTAC__0.369511052458589__14	5.2	4.4	4.2	6.5	4.5	6.5	4.4	4.2	5.5	4.2	5.5	4.2
GAACGCATTGTAC__0.36939358525103__15	4.4	3.9	4.2	5.5	4.7	6.5	4.5	3.9	6.5	4.2	5.5	4.2
GTACTTTGTGTCC__0.36921708702703__20	4.2	5.5	4.2	4.5	3.9	3.9	6.5	4.2	6.5	4.2	4.4	5.2
GAACAACGAGTTC__0.369211236396182__9	4.4	3.9	4.2	6.5	3.9	4.2	5.5	4.4	4.5	4.2	3.9	4.4
GAACGGTGTGTTC__0.369209836350847__10	4.4	3.9	4.2	5.5	5.2	4.2	6.5	4.2	6.5	4.2	3.9	4.4
GGACAGTGTGTGC__0.369188090584432__12	5.2	4.4	4.2	6.5	4.5	4.2	6.5	4.2	6.5	4.2	6.5	4.7
GGACAAATTGTGC__0.369170230862585__14	5.2	4.4	4.2	6.5	3.9	3.9	4.5	3.9	6.5	4.2	6.5	4.7
GAACGAATTGTTC__0.369061537071746__10	4.4	3.9	4.2	5.5	4.4	3.9	4.5	3.9	6.5	4.2	3.9	4.4
GAACGTGGTGTCC__0.369050013672991__10	4.4	3.9	4.2	5.5	4.2	6.5	5.2	4.2	6.5	4.2	4.4	5.2
ATACACGATGTAC__0.368881057846987__12	4.5	5.5	4.2	6.5	4.2	5.5	4.4	4.5	6.5	4.2	5.5	4.2
GCACAGTTTGTAC__0.368824910481761__15	4.7	6.5	4.2	6.5	4.5	4.2	3.9	3.9	6.5	4.2	5.5	4.2
GGACACAAAGTTC__0.368598714820896__14	5.2	4.4	4.2	6.5	4.2	6.5	3.9	3.9	4.5	4.2	3.9	4.4
GGACAAGATGTGC__0.368491366983321__12	5.2	4.4	4.2	6.5	3.9	4.5	4.4	4.5	6.5	4.2	6.5	4.7
GGACATCGTGTGA__0.368296011976483__10	5.2	4.4	4.2	6.5	4.5	4.4	5.5	4.2	6.5	4.2	6.5	4.4
GTACATTGTGTCT__0.36774408010043__15	4.2	5.5	4.2	6.5	4.5	3.9	6.5	4.2	6.5	4.2	4.4	4.5
GAACAAAATGTCG__0.367559190348481__11	4.4	3.9	4.2	6.5	3.9	3.9	3.9	4.5	6.5	4.2	4.4	5.5
AAACATAGTGTTC__0.367549393723174__9	3.9	3.9	4.2	6.5	4.5	5.5	4.5	4.2	6.5	4.2	3.9	4.4
GGACTTTCTGTTC__0.36746549993647__12	5.2	4.4	4.2	4.5	3.9	3.9	4.4	4.5	6.5	4.2	3.9	4.4
GATCATTATGTTC__0.367442233555825__13	4.4	4.5	4.4	6.5	4.5	3.9	5.5	4.5	6.5	4.2	3.9	4.4
GTACGCCCTGTTC__0.36737743983749__11	4.2	5.5	4.2	5.5	4.7	5.2	5.2	4.5	6.5	4.2	3.9	4.4
GAACTCCATGTAC__0.367373102946481__12	4.4	3.9	4.2	4.5	4.4	5.2	6.5	4.5	6.5	4.2	5.5	4.2
GTACAAGGAGTTC__0.367285402684347__10	4.2	5.5	4.2	6.5	3.9	4.5	5.2	4.4	4.5	4.2	3.9	4.4
GTACATTATGCTC__0.366980269764288__17	4.2	5.5	4.2	6.5	4.5	3.9	5.5	4.5	6.5	4.7	4.5	4.4
GAACAACGAGTAC__0.366735089335188__12	4.4	3.9	4.2	6.5	3.9	4.2	5.5	4.4	4.5	4.2	5.5	4.2
TAACATCATGTTC__0.366714527656286__12	5.5	3.9	4.2	6.5	4.5	4.4	6.5	4.5	6.5	4.2	3.9	4.4
GTACATTATCTTC__0.366533964227697__15	4.2	5.5	4.2	6.5	4.5	3.9	5.5	4.5	4.4	4.5	3.9	4.4
GAACTCGATGTGC__0.365881882894132__9	4.4	3.9	4.2	4.5	4.4	5.5	4.4	4.5	6.5	4.2	6.5	4.7
GTACGCTATGTCC__0.365609505519544__14	4.2	5.5	4.2	5.5	4.7	4.5	5.5	4.5	6.5	4.2	4.4	5.2
GAACATATCGTAC__0.365383942560028__12	4.4	3.9	4.2	6.5	4.5	5.5	4.5	4.4	5.5	4.2	5.5	4.2
GTACTGTATGTTC__0.364910759185725__15	4.2	5.5	4.2	4.5	6.5	4.2	5.5	4.5	6.5	4.2	3.9	4.4
GAACACGCAGTAC__0.364859100515164__13	4.4	3.9	4.2	6.5	4.2	5.5	4.7	6.5	4.5	4.2	5.5	4.2
GTACGTCTTGTTC__0.364798985573203__13	4.2	5.5	4.2	5.5	4.2	4.4	4.5	3.9	6.5	4.2	3.9	4.4
GTACGCAGTGTCC__0.364759593222804__13	4.2	5.5	4.2	5.5	4.7	6.5	4.5	4.2	6.5	4.2	4.4	5.2
GAACTTAGTGTTC__0.364757328842751__10	4.4	3.9	4.2	4.5	3.9	5.5	4.5	4.2	6.5	4.2	3.9	4.4
GAACTAATTGTTC__0.364560356989652__11	4.4	3.9	4.2	4.5	5.5	3.9	4.5	3.9	6.5	4.2	3.9	4.4
GGACGCGGTGTAC__0.363817811174735__12	5.2	4.4	4.2	5.5	4.7	5.5	5.2	4.2	6.5	4.2	5.5	4.2
AGACATAATGTCC__0.363724117994803__11	4.5	4.4	4.2	6.5	4.5	5.5	3.9	4.5	6.5	4.2	4.4	5.2
GCACATGCTGTTC__0.363598438448731__11	4.7	6.5	4.2	6.5	4.5	6.5	4.7	4.5	6.5	4.2	3.9	4.4
GTACGAGGTGTTC__0.362826539130916__9	4.2	5.5	4.2	5.5	4.4	4.5	5.2	4.2	6.5	4.2	3.9	4.4
GAACAGTTCGTTC__0.362815791111133__9	4.4	3.9	4.2	6.5	4.5	4.2	3.9	4.4	5.5	4.2	3.9	4.4
GAACATTGTGTCA__0.362792999711543__11	4.4	3.9	4.2	6.5	4.5	3.9	6.5	4.2	6.5	4.2	4.4	6.5
GAACAAATAGTCC__0.362637011079885__13	4.4	3.9	4.2	6.5	3.9	3.9	4.5	5.5	4.5	4.2	4.4	5.2
GTACGTATTGTTC__0.362483020287719__14	4.2	5.5	4.2	5.5	4.2	5.5	4.5	3.9	6.5	4.2	3.9	4.4
GGACACTACGTAC__0.362407780091259__13	5.2	4.4	4.2	6.5	4.2	4.5	5.5	4.2	5.5	4.2	5.5	4.2
GCACGGAATGTTC__0.362025941947599__10	4.7	6.5	4.2	5.5	5.2	4.4	3.9	4.5	6.5	4.2	3.9	4.4
GGACGTTGTGTCC__0.361944552777071__12	5.2	4.4	4.2	5.5	4.2	3.9	6.5	4.2	6.5	4.2	4.4	5.2
GTACATTCCGTAC__0.361751867234324__15	4.2	5.5	4.2	6.5	4.5	3.9	4.4	5.2	5.5	4.2	5.5	4.2
TGACATTGTGTTC__0.361635252459291__12	6.5	4.4	4.2	6.5	4.5	3.9	6.5	4.2	6.5	4.2	3.9	4.4
GAACATATTGTTT__0.361545831969853__10	4.4	3.9	4.2	6.5	4.5	5.5	4.5	3.9	6.5	4.2	3.9	3.9
TAACATTGTGTAC__0.360904244669347__15	5.5	3.9	4.2	6.5	4.5	3.9	6.5	4.2	6.5	4.2	5.5	4.2
GGACATAATGTTA__0.360817886242269__14	5.2	4.4	4.2	6.5	4.5	5.5	3.9	4.5	6.5	4.2	3.9	5.5
GAACTTGGTGTTC__0.360465421545042__9	4.4	3.9	4.2	4.5	3.9	6.5	5.2	4.2	6.5	4.2	3.9	4.4
GGACATTACGTAC__0.360324167076751__14	5.2	4.4	4.2	6.5	4.5	3.9	5.5	4.2	5.5	4.2	5.5	4.2
GAACTTTCTGTAC__0.35987761411851__12	4.4	3.9	4.2	4.5	3.9	3.9	4.4	4.5	6.5	4.2	5.5	4.2
GAACATGAAGTTC__0.359860031666601__10	4.4	3.9	4.2	6.5	4.5	6.5	4.4	3.9	4.5	4.2	3.9	4.4
GGACTTAATGTTC__0.359643694527724__12	5.2	4.4	4.2	4.5	3.9	5.5	3.9	4.5	6.5	4.2	3.9	4.4
GGACTTTGTGTAC__0.359549716932441__15	5.2	4.4	4.2	4.5	3.9	3.9	6.5	4.2	6.5	4.2	5.5	4.2
AAACACGATGTAC__0.359501586431806__10	3.9	3.9	4.2	6.5	4.2	5.5	4.4	4.5	6.5	4.2	5.5	4.2
GTACGTTGTGTCC__0.359476631276761__16	4.2	5.5	4.2	5.5	4.2	3.9	6.5	4.2	6.5	4.2	4.4	5.2
GGACATATTGTGC__0.359464611186287__12	5.2	4.4	4.2	6.5	4.5	5.5	4.5	3.9	6.5	4.2	6.5	4.7
GGACGGAATGTCC__0.359310387324329__11	5.2	4.4	4.2	5.5	5.2	4.4	3.9	4.5	6.5	4.2	4.4	5.2
GCACAACATGTCC__0.359079065762154__12	4.7	6.5	4.2	6.5	3.9	4.2	6.5	4.5	6.5	4.2	4.4	5.2
GAACATTCCGTCC__0.35891239486206__10	4.4	3.9	4.2	6.5	4.5	3.9	4.4	5.2	5.5	4.2	4.4	5.2
GGACTTTTTGTAC__0.35881450362467__18	5.2	4.4	4.2	4.5	3.9	3.9	3.9	3.9	6.5	4.2	5.5	4.2
GTACATTTCGTAC__0.358552272177245__19	4.2	5.5	4.2	6.5	4.5	3.9	3.9	4.4	5.5	4.2	5.5	4.2
GAACACTATGTAT__0.358295270215106__10	4.4	3.9	4.2	6.5	4.2	4.5	5.5	4.5	6.5	4.2	5.5	4.5
GTACAGCATGTGC__0.358282277911195__13	4.2	5.5	4.2	6.5	4.5	4.7	6.5	4.5	6.5	4.2	6.5	4.7
GTACATTATGTAT__0.357832829481137__15	4.2	5.5	4.2	6.5	4.5	3.9	5.5	4.5	6.5	4.2	5.5	4.5
GGACGTAATGTAC__0.357665843532228__15	5.2	4.4	4.2	5.5	4.2	5.5	3.9	4.5	6.5	4.2	5.5	4.2
GAACATAATGTAG__0.357393912631684__12	4.4	3.9	4.2	6.5	4.5	5.5	3.9	4.5	6.5	4.2	5.5	4.5
GAACTTATTGTTC__0.357327878759381__11	4.4	3.9	4.2	4.5	3.9	5.5	4.5	3.9	6.5	4.2	3.9	4.4
ATACACAGTGTTC__0.357223403844847__9	4.5	5.5	4.2	6.5	4.2	6.5	4.5	4.2	6.5	4.2	3.9	4.4
GAACAAAGCGTAC__0.356847163231497__14	4.4	3.9	4.2	6.5	3.9	3.9	4.5	4.7	5.5	4.2	5.5	4.2
GCACATTGCGTAC__0.356724229870939__15	4.7	6.5	4.2	6.5	4.5	3.9	6.5	4.7	5.5	4.2	5.5	4.2
GCACAACTTGTCC__0.356700834456563__10	4.7	6.5	4.2	6.5	3.9	4.2	4.5	3.9	6.5	4.2	4.4	5.2
GAACATTCTGTAA__0.356554412902495__11	4.4	3.9	4.2	6.5	4.5	3.9	4.4	4.5	6.5	4.2	5.5	3.9
GCACACATTGTCC__0.356474844723078__11	4.7	6.5	4.2	6.5	4.2	6.5	4.5	3.9	6.5	4.2	4.4	5.2
GTACATCGTCTTC__0.356378812768831__9	4.2	5.5	4.2	6.5	4.5	4.4	5.5	4.2	4.4	4.5	3.9	4.4
GAACTCTGTGTAC__0.356107295398259__10	4.4	3.9	4.2	4.5	4.4	4.5	6.5	4.2	6.5	4.2	5.5	4.2
GAACGGTATGTAC__0.355882410732648__11	4.4	3.9	4.2	5.5	5.2	4.2	5.5	4.5	6.5	4.2	5.5	4.2
GGACATGGCGTAC__0.3557946641113__12	5.2	4.4	4.2	6.5	4.5	6.5	5.2	4.7	5.5	4.2	5.5	4.2
GTACGTACTGTAC__0.355745216194519__13	4.2	5.5	4.2	5.5	4.2	5.5	4.2	4.5	6.5	4.2	5.5	4.2
GTACACTGAGTAC__0.355738051551205__13	4.2	5.5	4.2	6.5	4.2	4.5	6.5	4.4	4.5	4.2	5.5	4.2
GCACACTTTGTGC__0.355641806001745__12	4.7	6.5	4.2	6.5	4.2	4.5	3.9	3.9	6.5	4.2	6.5	4.7
GTACATCACGTCC__0.35540843181009__12	4.2	5.5	4.2	6.5	4.5	4.4	6.5	4.2	5.5	4.2	4.4	5.2
GAACATTCAGTCC__0.355214407719503__11	4.4	3.9	4.2	6.5	4.5	3.9	4.4	6.5	4.5	4.2	4.4	5.2
GAACGCTGTGTCC__0.355162618932295__9	4.4	3.9	4.2	5.5	4.7	4.5	6.5	4.2	6.5	4.2	4.4	5.2
GTACATAGTGTTT__0.355143150119144__11	4.2	5.5	4.2	6.5	4.5	5.5	4.5	4.2	6.5	4.2	3.9	3.9
GTACATGCTGTGC__0.354886141516724__13	4.2	5.5	4.2	6.5	4.5	6.5	4.7	4.5	6.5	4.2	6.5	4.7
GTACTCCATGTAC__0.354841733076611__12	4.2	5.5	4.2	4.5	4.4	5.2	6.5	4.5	6.5	4.2	5.5	4.2
GGACATTGTGATC__0.354803766426816__11	5.2	4.4	4.2	6.5	4.5	3.9	6.5	4.2	6.5	4.4	4.5	4.4
GTACTTATTGTTC__0.35461172897922__15	4.2	5.5	4.2	4.5	3.9	5.5	4.5	3.9	6.5	4.2	3.9	4.4
TAACATTTTGTCC__0.354473795603313__16	5.5	3.9	4.2	6.5	4.5	3.9	3.9	3.9	6.5	4.2	4.4	5.2
GTACATAGAGTTC__0.354399526549933__10	4.2	5.5	4.2	6.5	4.5	5.5	4.5	4.4	4.5	4.2	3.9	4.4
GTACTTCATGTAC__0.354395714454876__15	4.2	5.5	4.2	4.5	3.9	4.4	6.5	4.5	6.5	4.2	5.5	4.2
GCACACCCTGTCC__0.354342698171447__9	4.7	6.5	4.2	6.5	4.2	5.2	5.2	4.5	6.5	4.2	4.4	5.2
GGACATTTAGTAC__0.354063524793343__15	5.2	4.4	4.2	6.5	4.5	3.9	3.9	5.5	4.5	4.2	5.5	4.2
GTACTGCATGTTC__0.354038784429004__13	4.2	5.5	4.2	4.5	6.5	4.7	6.5	4.5	6.5	4.2	3.9	4.4
GTACTCGTTGTAC__0.35345575094931__12	4.2	5.5	4.2	4.5	4.4	5.5	4.2	3.9	6.5	4.2	5.5	4.2
GAACACTGAGTAC__0.353163889930966__10	4.4	3.9	4.2	6.5	4.2	4.5	6.5	4.4	4.5	4.2	5.5	4.2
GGACGCTGTGTAC__0.352757182403959__10	5.2	4.4	4.2	5.5	4.7	4.5	6.5	4.2	6.5	4.2	5.5	4.2
GGACGTACTGTAC__0.352648313528938__11	5.2	4.4	4.2	5.5	4.2	5.5	4.2	4.5	6.5	4.2	5.5	4.2
GTACTAAATGTAC__0.352556659909643__19	4.2	5.5	4.2	4.5	5.5	3.9	3.9	4.5	6.5	4.2	5.5	4.2
GAACTGGATGTAC__0.352533491594423__11	4.4	3.9	4.2	4.5	6.5	5.2	4.4	4.5	6.5	4.2	5.5	4.2
TTACATTATGTTC__0.352487440031429__16	3.9	5.5	4.2	6.5	4.5	3.9	5.5	4.5	6.5	4.2	3.9	4.4
GGACAGGATGTGC__0.352199848137674__9	5.2	4.4	4.2	6.5	4.5	5.2	4.4	4.5	6.5	4.2	6.5	4.7
AGACAAAATGTCC__0.351878878471646__12	4.5	4.4	4.2	6.5	3.9	3.9	3.9	4.5	6.5	4.2	4.4	5.2
GAACAACAAGTTC__0.35183205956595__10	4.4	3.9	4.2	6.5	3.9	4.2	6.5	3.9	4.5	4.2	3.9	4.4
GGACTCTGTGTAC__0.351598669540561__9	5.2	4.4	4.2	4.5	4.4	4.5	6.5	4.2	6.5	4.2	5.5	4.2
GTACGTCCTGTCC__0.351415080056141__10	4.2	5.5	4.2	5.5	4.2	4.4	5.2	4.5	6.5	4.2	4.4	5.2
GGACTTTTTGTCC__0.351046501125387__15	5.2	4.4	4.2	4.5	3.9	3.9	3.9	3.9	6.5	4.2	4.4	5.2
GTACATTCCGTCC__0.351038290779742__13	4.2	5.5	4.2	6.5	4.5	3.9	4.4	5.2	5.5	4.2	4.4	5.2
GAACAGAACGTGC__0.350760765613936__9	4.4	3.9	4.2	6.5	4.5	4.4	3.9	4.2	5.5	4.2	6.5	4.7
GAACGTACTGTGC__0.350627844285962__9	4.4	3.9	4.2	5.5	4.2	5.5	4.2	4.5	6.5	4.2	6.5	4.7
GATCATTTTGTTC__0.35058660168767__14	4.4	4.5	4.4	6.5	4.5	3.9	3.9	3.9	6.5	4.2	3.9	4.4
GTACAGTACGTTC__0.350100929935625__10	4.2	5.5	4.2	6.5	4.5	4.2	5.5	4.2	5.5	4.2	3.9	4.4
GAACAAAATGTAA__0.349825420211345__21	4.4	3.9	4.2	6.5	3.9	3.9	3.9	4.5	6.5	4.2	5.5	3.9
GCACAGGATGTAC__0.349823588142359__10	4.7	6.5	4.2	6.5	4.5	5.2	4.4	4.5	6.5	4.2	5.5	4.2
GAACGCGGTGTGC__0.349215389701614__9	4.4	3.9	4.2	5.5	4.7	5.5	5.2	4.2	6.5	4.2	6.5	4.7
GAACATTATGTAG__0.349171306684861__10	4.4	3.9	4.2	6.5	4.5	3.9	5.5	4.5	6.5	4.2	5.5	4.5
GGACGCCATGTAC__0.348940998125315__11	5.2	4.4	4.2	5.5	4.7	5.2	6.5	4.5	6.5	4.2	5.5	4.2
GTCCATTGTGTTC__0.348713456849087__12	4.2	4.4	5.2	6.5	4.5	3.9	6.5	4.2	6.5	4.2	3.9	4.4
GAGCACGATGTAC__0.34870532418207__9	4.4	4.5	4.7	6.5	4.2	5.5	4.4	4.5	6.5	4.2	5.5	4.2
AGACATTTTGTCC__0.348698588819653__10	4.5	4.4	4.2	6.5	4.5	3.9	3.9	3.9	6.5	4.2	4.4	5.2
GTACGGCGTGTAC__0.348609487972202__9	4.2	5.5	4.2	5.5	5.2	4.7	5.5	4.2	6.5	4.2	5.5	4.2
GAACACGTAGTAC__0.34855035526089__10	4.4	3.9	4.2	6.5	4.2	5.5	4.2	5.5	4.5	4.2	5.5	4.2
GTACATTGTGTTA__0.348491535439871__14	4.2	5.5	4.2	6.5	4.5	3.9	6.5	4.2	6.5	4.2	3.9	5.5
GTACATGACGTCC__0.34845168564919__10	4.2	5.5	4.2	6.5	4.5	6.5	4.4	4.2	5.5	4.2	4.4	5.2
GAACATAGTGTGA__0.34843175509642__10	4.4	3.9	4.2	6.5	4.5	5.5	4.5	4.2	6.5	4.2	6.5	4.4
TAACACGGTGTAC__0.348330804708546__9	5.5	3.9	4.2	6.5	4.2	5.5	5.2	4.2	6.5	4.2	5.5	4.2
GAACAGAATGTTA__0.348296748308665__10	4.4	3.9	4.2	6.5	4.5	4.4	3.9	4.5	6.5	4.2	3.9	5.5
GAGCACAATGTAC__0.347990848982197__13	4.4	4.5	4.7	6.5	4.2	6.5	3.9	4.5	6.5	4.2	5.5	4.2
GAACTTTTTGTAC__0.347899341950538__15	4.4	3.9	4.2	4.5	3.9	3.9	3.9	3.9	6.5	4.2	5.5	4.2
GTACAAAACGTAC__0.347846297897411__19	4.2	5.5	4.2	6.5	3.9	3.9	3.9	4.2	5.5	4.2	5.5	4.2
GTACAAAAGGTTC__0.347633648911613__11	4.2	5.5	4.2	6.5	3.9	3.9	3.9	4.5	5.2	4.2	3.9	4.4
GCACACAACGTAC__0.347263919591577__15	4.7	6.5	4.2	6.5	4.2	6.5	3.9	4.2	5.5	4.2	5.5	4.2
GCACACTATGTGC__0.347106847227383__10	4.7	6.5	4.2	6.5	4.2	4.5	5.5	4.5	6.5	4.2	6.5	4.7
GCACATTGAGTTC__0.345658646663535__10	4.7	6.5	4.2	6.5	4.5	3.9	6.5	4.4	4.5	4.2	3.9	4.4
GTACATTCAGTAC__0.345516989643834__15	4.2	5.5	4.2	6.5	4.5	3.9	4.4	6.5	4.5	4.2	5.5	4.2
GTACTTTATGTAC__0.345508525010832__16	4.2	5.5	4.2	4.5	3.9	3.9	5.5	4.5	6.5	4.2	5.5	4.2
GTACTTTCTGTAC__0.345354118359571__14	4.2	5.5	4.2	4.5	3.9	3.9	4.4	4.5	6.5	4.2	5.5	4.2
GAAGATTATGTAC__0.34526805593662__10	4.4	3.9	4.5	4.4	4.5	3.9	5.5	4.5	6.5	4.2	5.5	4.2
GAACAGCGCGTAC__0.345206554253923__10	4.4	3.9	4.2	6.5	4.5	4.7	5.5	4.7	5.5	4.2	5.5	4.2
TAACACTATGTTC__0.344829119361793__9	5.5	3.9	4.2	6.5	4.2	4.5	5.5	4.5	6.5	4.2	3.9	4.4
GAACGCGTTGTCC__0.344763673037364__9	4.4	3.9	4.2	5.5	4.7	5.5	4.2	3.9	6.5	4.2	4.4	5.2
GGACATAGAGTAC__0.344427121415937__10	5.2	4.4	4.2	6.5	4.5	5.5	4.5	4.4	4.5	4.2	5.5	4.2
GCACACAACGTTC__0.344374730862567__10	4.7	6.5	4.2	6.5	4.2	6.5	3.9	4.2	5.5	4.2	3.9	4.4
GTACGGAACGTTC__0.344343423222938__9	4.2	5.5	4.2	5.5	5.2	4.4	3.9	4.2	5.5	4.2	3.9	4.4
TGACATTATGTTC__0.344068317829945__10	6.5	4.4	4.2	6.5	4.5	3.9	5.5	4.5	6.5	4.2	3.9	4.4
GCACGCGGTGTAC__0.34383264772485__10	4.7	6.5	4.2	5.5	4.7	5.5	5.2	4.2	6.5	4.2	5.5	4.2
GGACTTATTGTTC__0.343572205065904__10	5.2	4.4	4.2	4.5	3.9	5.5	4.5	3.9	6.5	4.2	3.9	4.4
GAACATAAAGTGC__0.343527403770244__12	4.4	3.9	4.2	6.5	4.5	5.5	3.9	3.9	4.5	4.2	6.5	4.7
GTACTTCTTGTTC__0.343056106050138__12	4.2	5.5	4.2	4.5	3.9	4.4	4.5	3.9	6.5	4.2	3.9	4.4
CAACATTATGTAC__0.34297631967549__11	6.5	3.9	4.2	6.5	4.5	3.9	5.5	4.5	6.5	4.2	5.5	4.2
TAACATTGTGTCC__0.342605898276018__11	5.5	3.9	4.2	6.5	4.5	3.9	6.5	4.2	6.5	4.2	4.4	5.2
GTACACACCGTTC__0.342274366715744__9	4.2	5.5	4.2	6.5	4.2	6.5	4.2	5.2	5.5	4.2	3.9	4.4
GTACGCCTTGTAC__0.342149325126869__11	4.2	5.5	4.2	5.5	4.7	5.2	4.5	3.9	6.5	4.2	5.5	4.2
GAACATTGTGTAG__0.342067174417675__9	4.4	3.9	4.2	6.5	4.5	3.9	6.5	4.2	6.5	4.2	5.5	4.5
GAACGCACTGTAC__0.342001242374964__11	4.4	3.9	4.2	5.5	4.7	6.5	4.2	4.5	6.5	4.2	5.5	4.2
GGACTTTGTGTCC__0.342000635378367__11	5.2	4.4	4.2	4.5	3.9	3.9	6.5	4.2	6.5	4.2	4.4	5.2
GGACATTAAGTTC__0.341988790182183__10	5.2	4.4	4.2	6.5	4.5	3.9	5.5	3.9	4.5	4.2	3.9	4.4
GTACATTAAGTAC__0.341091847244837__15	4.2	5.5	4.2	6.5	4.5	3.9	5.5	3.9	4.5	4.2	5.5	4.2
GCACACCGCGTAC__0.340993773406121__11	4.7	6.5	4.2	6.5	4.2	5.2	5.5	4.7	5.5	4.2	5.5	4.2
GTCCATTTTGTTC__0.340859648320453__14	4.2	4.4	5.2	6.5	4.5	3.9	3.9	3.9	6.5	4.2	3.9	4.4
GTACAAAGAGTTC__0.340735670077669__9	4.2	5.5	4.2	6.5	3.9	3.9	4.5	4.4	4.5	4.2	3.9	4.4
GTACTTCGTGTAC__0.340702561765152__12	4.2	5.5	4.2	4.5	3.9	4.4	5.5	4.2	6.5	4.2	5.5	4.2
ATACACAGTGTAC__0.340269703841297__10	4.5	5.5	4.2	6.5	4.2	6.5	4.5	4.2	6.5	4.2	5.5	4.2
GTACACGAAGTCC__0.340061165137726__9	4.2	5.5	4.2	6.5	4.2	5.5	4.4	3.9	4.5	4.2	4.4	5.2
GAACATCAAGTAC__0.339955031045128__10	4.4	3.9	4.2	6.5	4.5	4.4	6.5	3.9	4.5	4.2	5.5	4.2
GTACGTGCTGTAC__0.339411970008396__12	4.2	5.5	4.2	5.5	4.2	6.5	4.7	4.5	6.5	4.2	5.5	4.2
GGACAAAAAGTAC__0.339398519740545__18	5.2	4.4	4.2	6.5	3.9	3.9	3.9	3.9	4.5	4.2	5.5	4.2
GAACGTGCTGTAC__0.339243481322803__9	4.4	3.9	4.2	5.5	4.2	6.5	4.7	4.5	6.5	4.2	5.5	4.2
GCACAACTTGTAC__0.339056272414356__10	4.7	6.5	4.2	6.5	3.9	4.2	4.5	3.9	6.5	4.2	5.5	4.2
GAGCACAATGTCC__0.338951420038756__9	4.4	4.5	4.7	6.5	4.2	6.5	3.9	4.5	6.5	4.2	4.4	5.2
GGACGCTATGTAC__0.33872554344582__9	5.2	4.4	4.2	5.5	4.7	4.5	5.5	4.5	6.5	4.2	5.5	4.2
GTACATTGTGTAA__0.338665390774139__14	4.2	5.5	4.2	6.5	4.5	3.9	6.5	4.2	6.5	4.2	5.5	3.9
GAACCAAATGTTC__0.338637434901893__9	4.4	3.9	4.2	5.2	6.5	3.9	3.9	4.5	6.5	4.2	3.9	4.4
GGACTAAATGTAC__0.338489279348812__15	5.2	4.4	4.2	4.5	5.5	3.9	3.9	4.5	6.5	4.2	5.5	4.2
GTACACACAGTTC__0.338420810942023__10	4.2	5.5	4.2	6.5	4.2	6.5	4.2	6.5	4.5	4.2	3.9	4.4
AGACATTTTGTAC__0.338085428757153__10	4.5	4.4	4.2	6.5	4.5	3.9	3.9	3.9	6.5	4.2	5.5	4.2
GTACATGACGTAC__0.337673395074038__11	4.2	5.5	4.2	6.5	4.5	6.5	4.4	4.2	5.5	4.2	5.5	4.2
GTACAGCCTGTAC__0.337466541147162__9	4.2	5.5	4.2	6.5	4.5	4.7	5.2	4.5	6.5	4.2	5.5	4.2
GGACATTGTCTAC__0.337404557052308__9	5.2	4.4	4.2	6.5	4.5	3.9	6.5	4.2	4.4	4.5	5.5	4.2
GGACGCGTTGTTC__0.337235248723202__9	5.2	4.4	4.2	5.5	4.7	5.5	4.2	3.9	6.5	4.2	3.9	4.4
GTACACAATGCTC__0.33704485091372__10	4.2	5.5	4.2	6.5	4.2	6.5	3.9	4.5	6.5	4.7	4.5	4.4
GAACATTGTGAAC__0.337040012269235__11	4.4	3.9	4.2	6.5	4.5	3.9	6.5	4.2	6.5	4.4	3.9	4.2
GTACGCGCTGTCC__0.336954546099322__10	4.2	5.5	4.2	5.5	4.7	5.5	4.7	4.5	6.5	4.2	4.4	5.2
GTACATATAGTTC__0.336635717716201__11	4.2	5.5	4.2	6.5	4.5	5.5	4.5	5.5	4.5	4.2	3.9	4.4
GGACGTGGTGTAC__0.336463700760614__9	5.2	4.4	4.2	5.5	4.2	6.5	5.2	4.2	6.5	4.2	5.5	4.2
GAACGACATGTAC__0.336078956692463__9	4.4	3.9	4.2	5.5	4.4	4.2	6.5	4.5	6.5	4.2	5.5	4.2
GTACATCGTGTGA__0.335977731700291__9	4.2	5.5	4.2	6.5	4.5	4.4	5.5	4.2	6.5	4.2	6.5	4.4
GAACAAAGTGTAG__0.335964834355788__9	4.4	3.9	4.2	6.5	3.9	3.9	4.5	4.2	6.5	4.2	5.5	4.5
GAACATTGTGTGA__0.335454690139553__9	4.4	3.9	4.2	6.5	4.5	3.9	6.5	4.2	6.5	4.2	6.5	4.4
GTACGTTCCGTTC__0.335383425549242__10	4.2	5.5	4.2	5.5	4.2	3.9	4.4	5.2	5.5	4.2	3.9	4.4
GTACACTTAGTTC__0.335336411608299__10	4.2	5.5	4.2	6.5	4.2	4.5	3.9	5.5	4.5	4.2	3.9	4.4
ATACACAATGTCC__0.335290552841392__9	4.5	5.5	4.2	6.5	4.2	6.5	3.9	4.5	6.5	4.2	4.4	5.2
GTACACAATGCAC__0.334604961752227__14	4.2	5.5	4.2	6.5	4.2	6.5	3.9	4.5	6.5	4.7	6.5	4.2
GAACATTTAGTGC__0.33444056711171__10	4.4	3.9	4.2	6.5	4.5	3.9	3.9	5.5	4.5	4.2	6.5	4.7
GTACACTCCGTAC__0.334431349717034__10	4.2	5.5	4.2	6.5	4.2	4.5	4.4	5.2	5.5	4.2	5.5	4.2
CAACAAAATGTTC__0.334398310056338__9	6.5	3.9	4.2	6.5	3.9	3.9	3.9	4.5	6.5	4.2	3.9	4.4
TCACAAAATGTTC__0.333549240729618__10	4.4	6.5	4.2	6.5	3.9	3.9	3.9	4.5	6.5	4.2	3.9	4.4
GAACGAAGTGTAC__0.333355100249145__10	4.4	3.9	4.2	5.5	4.4	3.9	4.5	4.2	6.5	4.2	5.5	4.2
GGACAACATGTGC__0.333338183271633__9	5.2	4.4	4.2	6.5	3.9	4.2	6.5	4.5	6.5	4.2	6.5	4.7
GGACATAATGTAT__0.33327972010938__10	5.2	4.4	4.2	6.5	4.5	5.5	3.9	4.5	6.5	4.2	5.5	4.5
GTACATTGTCTAC__0.332701694878115__11	4.2	5.5	4.2	6.5	4.5	3.9	6.5	4.2	4.4	4.5	5.5	4.2
GAACAAATAGTAC__0.332511077024637__12	4.4	3.9	4.2	6.5	3.9	3.9	4.5	5.5	4.5	4.2	5.5	4.2
GTACATTGTGATC__0.332166969013267__11	4.2	5.5	4.2	6.5	4.5	3.9	6.5	4.2	6.5	4.4	4.5	4.4
ATACATAATGTCC__0.332159142855115__9	4.5	5.5	4.2	6.5	4.5	5.5	3.9	4.5	6.5	4.2	4.4	5.2
GGACATCACGTAC__0.332063032980639__9	5.2	4.4	4.2	6.5	4.5	4.4	6.5	4.2	5.5	4.2	5.5	4.2
GCACATTACGTTC__0.331117910818948__9	4.7	6.5	4.2	6.5	4.5	3.9	5.5	4.2	5.5	4.2	3.9	4.4
GTACACAATGTTG__0.330988930884264__9	4.2	5.5	4.2	6.5	4.2	6.5	3.9	4.5	6.5	4.2	3.9	6.5
AAACAGAATGTAC__0.330857781889662__9	3.9	3.9	4.2	6.5	4.5	4.4	3.9	4.5	6.5	4.2	5.5	4.2
GTACATTATGTAA__0.330414945410905__13	4.2	5.5	4.2	6.5	4.5	3.9	5.5	4.5	6.5	4.2	5.5	3.9
GAACACAAGGTAC__0.330250670634583__9	4.4	3.9	4.2	6.5	4.2	6.5	3.9	4.5	5.2	4.2	5.5	4.2
TAACATAATGTCC__0.329980742786304__9	5.5	3.9	4.2	6.5	4.5	5.5	3.9	4.5	6.5	4.2	4.4	5.2
GTACATCAAGTAC__0.329715460855227__11	4.2	5.5	4.2	6.5	4.5	4.4	6.5	3.9	4.5	4.2	5.5	4.2
GTACAACACGTAC__0.329706705028938__12	4.2	5.5	4.2	6.5	3.9	4.2	6.5	4.2	5.5	4.2	5.5	4.2
GTACTTAGTGTAC__0.329420980765544__11	4.2	5.5	4.2	4.5	3.9	5.5	4.5	4.2	6.5	4.2	5.5	4.2
GAACTAATTGTAC__0.329319323262515__10	4.4	3.9	4.2	4.5	5.5	3.9	4.5	3.9	6.5	4.2	5.5	4.2
GCACAAACTGTAC__0.329296682442299__10	4.7	6.5	4.2	6.5	3.9	3.9	4.2	4.5	6.5	4.2	5.5	4.2
GCACTTAATGTTC__0.328866260183487__9	4.7	6.5	4.2	4.5	3.9	5.5	3.9	4.5	6.5	4.2	3.9	4.4
GTACATTATGTTA__0.328669708542175__11	4.2	5.5	4.2	6.5	4.5	3.9	5.5	4.5	6.5	4.2	3.9	5.5
GTACAAAAAGTAC__0.328481057264631__17	4.2	5.5	4.2	6.5	3.9	3.9	3.9	3.9	4.5	4.2	5.5	4.2
GAATACAATGTAC__0.327961144258141__10	4.4	3.9	4.5	5.5	4.2	6.5	3.9	4.5	6.5	4.2	5.5	4.2
GAACGATATGTAC__0.327850436455547__9	4.4	3.9	4.2	5.5	4.4	4.5	5.5	4.5	6.5	4.2	5.5	4.2
TCACATAATGTCC__0.32756915989339__9	4.4	6.5	4.2	6.5	4.5	5.5	3.9	4.5	6.5	4.2	4.4	5.2
GTACATCTAGTTC__0.327456258691994__9	4.2	5.5	4.2	6.5	4.5	4.4	4.5	5.5	4.5	4.2	3.9	4.4
TAACAAAATGTCC__0.327333140917129__10	5.5	3.9	4.2	6.5	3.9	3.9	3.9	4.5	6.5	4.2	4.4	5.2
GTACACCAAGTAC__0.327253904996755__10	4.2	5.5	4.2	6.5	4.2	5.2	6.5	3.9	4.5	4.2	5.5	4.2
GTTCATCGTGTTC__0.326749901120345__9	4.2	3.9	4.4	6.5	4.5	4.4	5.5	4.2	6.5	4.2	3.9	4.4
ATACAAAATGTTC__0.326011616931929__9	4.5	5.5	4.2	6.5	3.9	3.9	3.9	4.5	6.5	4.2	3.9	4.4
GAACATTGTGCAC__0.325665121337467__9	4.4	3.9	4.2	6.5	4.5	3.9	6.5	4.2	6.5	4.7	6.5	4.2
GTACTAATTGTTC__0.325380966589654__9	4.2	5.5	4.2	4.5	5.5	3.9	4.5	3.9	6.5	4.2	3.9	4.4
GGACTTTATGTCC__0.325244578552618__9	5.2	4.4	4.2	4.5	3.9	3.9	5.5	4.5	6.5	4.2	4.4	5.2
TAACACTATGTAC__0.32512097896227__9	5.5	3.9	4.2	6.5	4.2	4.5	5.5	4.5	6.5	4.2	5.5	4.2
GTACATTTCGTCC__0.324897012058962__12	4.2	5.5	4.2	6.5	4.5	3.9	3.9	4.4	5.5	4.2	4.4	5.2
TTACATTGTGTAC__0.324852543322267__13	3.9	5.5	4.2	6.5	4.5	3.9	6.5	4.2	6.5	4.2	5.5	4.2
GTACATTTTCTTC__0.324841218815926__13	4.2	5.5	4.2	6.5	4.5	3.9	3.9	3.9	4.4	4.5	3.9	4.4
GAACAAAATGTCA__0.324293873440167__10	4.4	3.9	4.2	6.5	3.9	3.9	3.9	4.5	6.5	4.2	4.4	6.5
GAACACAATGCAC__0.323982095037955__11	4.4	3.9	4.2	6.5	4.2	6.5	3.9	4.5	6.5	4.7	6.5	4.2
TGACATTGTGTAC__0.323859080559219__9	6.5	4.4	4.2	6.5	4.5	3.9	6.5	4.2	6.5	4.2	5.5	4.2
TCACATTATGTTC__0.323646605873313__9	4.4	6.5	4.2	6.5	4.5	3.9	5.5	4.5	6.5	4.2	3.9	4.4
GTACAATAAGTTC__0.323283826353179__9	4.2	5.5	4.2	6.5	3.9	4.5	5.5	3.9	4.5	4.2	3.9	4.4
GTGCATTATGTTC__0.323138713720419__11	4.2	6.5	4.7	6.5	4.5	3.9	5.5	4.5	6.5	4.2	3.9	4.4
CAACATTTTGTCC__0.322835097047534__9	6.5	3.9	4.2	6.5	4.5	3.9	3.9	3.9	6.5	4.2	4.4	5.2
TAACATTTTGTAC__0.322536054982975__12	5.5	3.9	4.2	6.5	4.5	3.9	3.9	3.9	6.5	4.2	5.5	4.2
GTACAAATAGTTC__0.321278026509035__9	4.2	5.5	4.2	6.5	3.9	3.9	4.5	5.5	4.5	4.2	3.9	4.4
GGACAAAACGTCC__0.320970020723443__9	5.2	4.4	4.2	6.5	3.9	3.9	3.9	4.2	5.5	4.2	4.4	5.2
GAACTAAATGTGC__0.320934622741418__10	4.4	3.9	4.2	4.5	5.5	3.9	3.9	4.5	6.5	4.2	6.5	4.7
GTACTTTATGTCC__0.320325278956951__11	4.2	5.5	4.2	4.5	3.9	3.9	5.5	4.5	6.5	4.2	4.4	5.2
GTTCATTTTGTTC__0.31833702628545__16	4.2	3.9	4.4	6.5	4.5	3.9	3.9	3.9	6.5	4.2	3.9	4.4
GAACAAAATGTGA__0.317999507484968__11	4.4	3.9	4.2	6.5	3.9	3.9	3.9	4.5	6.5	4.2	6.5	4.4
GTACAAAATGTAT__0.31722425820532__11	4.2	5.5	4.2	6.5	3.9	3.9	3.9	4.5	6.5	4.2	5.5	4.5
GAACAAACAGTAC__0.316095031143487__10	4.4	3.9	4.2	6.5	3.9	3.9	4.2	6.5	4.5	4.2	5.5	4.2
GTACACTTCGTAC__0.315723124366649__9	4.2	5.5	4.2	6.5	4.2	4.5	3.9	4.4	5.5	4.2	5.5	4.2
TTACAAAATGTTC__0.315099888325421__9	3.9	5.5	4.2	6.5	3.9	3.9	3.9	4.5	6.5	4.2	3.9	4.4
GTACGCACTGTAC__0.314445520227437__9	4.2	5.5	4.2	5.5	4.7	6.5	4.2	4.5	6.5	4.2	5.5	4.2
GAACAACAAGTAC__0.313092198277851__9	4.4	3.9	4.2	6.5	3.9	4.2	6.5	3.9	4.5	4.2	5.5	4.2
GTTCATTGTGTTC__0.312741676636421__11	4.2	3.9	4.4	6.5	4.5	3.9	6.5	4.2	6.5	4.2	3.9	4.4
GTACTGCATGTAC__0.312690133202369__10	4.2	5.5	4.2	4.5	6.5	4.7	6.5	4.5	6.5	4.2	5.5	4.2
GAACTTTTTGTGC__0.311721708572591__9	4.4	3.9	4.2	4.5	3.9	3.9	3.9	3.9	6.5	4.2	6.5	4.7
GTACATTGTGCAC__0.310585226659863__10	4.2	5.5	4.2	6.5	4.5	3.9	6.5	4.2	6.5	4.7	6.5	4.2
TCACACAATGTAC__0.309139952724783__9	4.4	6.5	4.2	6.5	4.2	6.5	3.9	4.5	6.5	4.2	5.5	4.2
GGACAAAATGTAT__0.308654368182349__9	5.2	4.4	4.2	6.5	3.9	3.9	3.9	4.5	6.5	4.2	5.5	4.5
GTACAAAGCGTAC__0.308505133669943__9	4.2	5.5	4.2	6.5	3.9	3.9	4.5	4.7	5.5	4.2	5.5	4.2
GAACAAAAAGTGC__0.30509238126761__10	4.4	3.9	4.2	6.5	3.9	3.9	3.9	3.9	4.5	4.2	6.5	4.7
GTACAAAATGTAG__0.304432283140427__9	4.2	5.5	4.2	6.5	3.9	3.9	3.9	4.5	6.5	4.2	5.5	4.5
GAACATAATGAAC__0.29971282309137__9	4.4	3.9	4.2	6.5	4.5	5.5	3.9	4.5	6.5	4.4	3.9	4.2
GTACAAATAGTAC__0.2987961136899__9	4.2	5.5	4.2	6.5	3.9	3.9	4.5	5.5	4.5	4.2	5.5	4.2
GTACTTTGTGTGC__0.297242873390061__9	4.2	5.5	4.2	4.5	3.9	3.9	6.5	4.2	6.5	4.2	6.5	4.7
TAACAAAATGTAC__0.296923324025894__9	5.5	3.9	4.2	6.5	3.9	3.9	3.9	4.5	6.5	4.2	5.5	4.2
ATACAAAATGTAC__0.295977435198338__9	4.5	5.5	4.2	6.5	3.9	3.9	3.9	4.5	6.5	4.2	5.5	4.2
